code,yahoo,name_en,status,rows,latest_date,error
130,130.T,Veritas In Silico Inc.,error,0,,HTTPError('404 Client Error: Not Found for url: https://query1.finance.yahoo.com/v8/finance/chart/130.T?range=10y&interval=1d&includePrePost=false&events=div%2Csplits')
135,135.T,"VRAIN Solution,Inc.",error,0,,HTTPError('404 Client Error: Not Found for url: https://query1.finance.yahoo.com/v8/finance/chart/135.T?range=10y&interval=1d&includePrePost=false&events=div%2Csplits')
137,137.T,"Cocolive,Inc.",error,0,,HTTPError('404 Client Error: Not Found for url: https://query1.finance.yahoo.com/v8/finance/chart/137.T?range=10y&interval=1d&includePrePost=false&events=div%2Csplits')
138,138.T,"Hikari Food Service Co.,Ltd.",error,0,,HTTPError('404 Client Error: Not Found for url: https://query1.finance.yahoo.com/v8/finance/chart/138.T?range=10y&interval=1d&includePrePost=false&events=div%2Csplits')
141,141.T,"TRIAL Holdings,Inc.",error,0,,HTTPError('404 Client Error: Not Found for url: https://query1.finance.yahoo.com/v8/finance/chart/141.T?range=10y&interval=1d&includePrePost=false&events=div%2Csplits')
142,142.T,"JINJIB Co.,Ltd.",error,0,,HTTPError('404 Client Error: Not Found for url: https://query1.finance.yahoo.com/v8/finance/chart/142.T?range=10y&interval=1d&includePrePost=false&events=div%2Csplits')
143,143.T,"Ishin Co.,Ltd.",error,0,,HTTPError('404 Client Error: Not Found for url: https://query1.finance.yahoo.com/v8/finance/chart/143.T?range=10y&interval=1d&includePrePost=false&events=div%2Csplits')
145,145.T,L is B Corp.,error,0,,HTTPError('404 Client Error: Not Found for url: https://query1.finance.yahoo.com/v8/finance/chart/145.T?range=10y&interval=1d&includePrePost=false&events=div%2Csplits')
146,146.T,Columbia Works Inc.,error,0,,HTTPError('404 Client Error: Not Found for url: https://query1.finance.yahoo.com/v8/finance/chart/146.T?range=10y&interval=1d&includePrePost=false&events=div%2Csplits')
147,147.T,"SORACOM,INC.",error,0,,HTTPError('404 Client Error: Not Found for url: https://query1.finance.yahoo.com/v8/finance/chart/147.T?range=10y&interval=1d&includePrePost=false&events=div%2Csplits')
148,148.T,"HATCH WORK CO.,LTD.",error,0,,HTTPError('404 Client Error: Not Found for url: https://query1.finance.yahoo.com/v8/finance/chart/148.T?range=10y&interval=1d&includePrePost=false&events=div%2Csplits')
149,149.T,"Thinca Co.,Ltd.",error,0,,HTTPError('404 Client Error: Not Found for url: https://query1.finance.yahoo.com/v8/finance/chart/149.T?range=10y&interval=1d&includePrePost=false&events=div%2Csplits')
150,150.T,"JSH Co.,Ltd.",error,0,,HTTPError('404 Client Error: Not Found for url: https://query1.finance.yahoo.com/v8/finance/chart/150.T?range=10y&interval=1d&includePrePost=false&events=div%2Csplits')
151,151.T,Dive Group Inc.,error,0,,HTTPError('404 Client Error: Not Found for url: https://query1.finance.yahoo.com/v8/finance/chart/151.T?range=10y&interval=1d&includePrePost=false&events=div%2Csplits')
153,153.T,Caulis Inc.,error,0,,HTTPError('404 Client Error: Not Found for url: https://query1.finance.yahoo.com/v8/finance/chart/153.T?range=10y&interval=1d&includePrePost=false&events=div%2Csplits')
155,155.T,"Information Strategy and Technology Co.,Ltd.",error,0,,HTTPError('404 Client Error: Not Found for url: https://query1.finance.yahoo.com/v8/finance/chart/155.T?range=10y&interval=1d&includePrePost=false&events=div%2Csplits')
156,156.T,Material Group Inc.,error,0,,HTTPError('404 Client Error: Not Found for url: https://query1.finance.yahoo.com/v8/finance/chart/156.T?range=10y&interval=1d&includePrePost=false&events=div%2Csplits')
157,157.T,Green Monster Inc.,error,0,,HTTPError('404 Client Error: Not Found for url: https://query1.finance.yahoo.com/v8/finance/chart/157.T?range=10y&interval=1d&includePrePost=false&events=div%2Csplits')
160,160.T,"As Partners CO.,LTD.",error,0,,HTTPError('404 Client Error: Not Found for url: https://query1.finance.yahoo.com/v8/finance/chart/160.T?range=10y&interval=1d&includePrePost=false&events=div%2Csplits')
166,166.T,TASUKI Holdings Inc.,error,0,,HTTPError('404 Client Error: Not Found for url: https://query1.finance.yahoo.com/v8/finance/chart/166.T?range=10y&interval=1d&includePrePost=false&events=div%2Csplits')
167,167.T,"Ryoyo Ryosan Holdings,Inc.",error,0,,HTTPError('404 Client Error: Not Found for url: https://query1.finance.yahoo.com/v8/finance/chart/167.T?range=10y&interval=1d&includePrePost=false&events=div%2Csplits')
168,168.T,itamiarts inc.,error,0,,HTTPError('404 Client Error: Not Found for url: https://query1.finance.yahoo.com/v8/finance/chart/168.T?range=10y&interval=1d&includePrePost=false&events=div%2Csplits')
173,173.T,Hammock Inc.,error,0,,HTTPError('404 Client Error: Not Found for url: https://query1.finance.yahoo.com/v8/finance/chart/173.T?range=10y&interval=1d&includePrePost=false&events=div%2Csplits')
175,175.T,"Will Smart Co.,LTD.",error,0,,HTTPError('404 Client Error: Not Found for url: https://query1.finance.yahoo.com/v8/finance/chart/175.T?range=10y&interval=1d&includePrePost=false&events=div%2Csplits')
177,177.T,"Kohjin Bio Co.,Ltd.",error,0,,HTTPError('404 Client Error: Not Found for url: https://query1.finance.yahoo.com/v8/finance/chart/177.T?range=10y&interval=1d&includePrePost=false&events=div%2Csplits')
184,184.T,"Manabi-aid Co.,Ltd.",error,0,,HTTPError('404 Client Error: Not Found for url: https://query1.finance.yahoo.com/v8/finance/chart/184.T?range=10y&interval=1d&includePrePost=false&events=div%2Csplits')
186,186.T,Astroscale Holdings Inc.,error,0,,HTTPError('404 Client Error: Not Found for url: https://query1.finance.yahoo.com/v8/finance/chart/186.T?range=10y&interval=1d&includePrePost=false&events=div%2Csplits')
189,189.T,"D&M COMPANY CO.,LTD",error,0,,HTTPError('404 Client Error: Not Found for url: https://query1.finance.yahoo.com/v8/finance/chart/189.T?range=10y&interval=1d&includePrePost=false&events=div%2Csplits')
190,190.T,Chordia Therapeutics Inc.,error,0,,HTTPError('404 Client Error: Not Found for url: https://query1.finance.yahoo.com/v8/finance/chart/190.T?range=10y&interval=1d&includePrePost=false&events=div%2Csplits')
192,192.T,Integroup Inc.,error,0,,HTTPError('404 Client Error: Not Found for url: https://query1.finance.yahoo.com/v8/finance/chart/192.T?range=10y&interval=1d&includePrePost=false&events=div%2Csplits')
194,194.T,"WOLVES HAND Co.,Ltd.",error,0,,HTTPError('404 Client Error: Not Found for url: https://query1.finance.yahoo.com/v8/finance/chart/194.T?range=10y&interval=1d&includePrePost=false&events=div%2Csplits')
195,195.T,MUSCAT GROUP Inc.,error,0,,HTTPError('404 Client Error: Not Found for url: https://query1.finance.yahoo.com/v8/finance/chart/195.T?range=10y&interval=1d&includePrePost=false&events=div%2Csplits')
196,196.T,"MFS,Inc.",error,0,,HTTPError('404 Client Error: Not Found for url: https://query1.finance.yahoo.com/v8/finance/chart/196.T?range=10y&interval=1d&includePrePost=false&events=div%2Csplits')
197,197.T,"TAUNS Laboratories,Inc.",error,0,,HTTPError('404 Client Error: Not Found for url: https://query1.finance.yahoo.com/v8/finance/chart/197.T?range=10y&interval=1d&includePrePost=false&events=div%2Csplits')
198,198.T,PostPrime Inc.,error,0,,HTTPError('404 Client Error: Not Found for url: https://query1.finance.yahoo.com/v8/finance/chart/198.T?range=10y&interval=1d&includePrePost=false&events=div%2Csplits')
205,205.T,LOGOS HOLDINGS INC.,error,0,,HTTPError('404 Client Error: Not Found for url: https://query1.finance.yahoo.com/v8/finance/chart/205.T?range=10y&interval=1d&includePrePost=false&events=div%2Csplits')
206,206.T,"PRISM BioLab Co.,LTD",error,0,,HTTPError('404 Client Error: Not Found for url: https://query1.finance.yahoo.com/v8/finance/chart/206.T?range=10y&interval=1d&includePrePost=false&events=div%2Csplits')
208,208.T,KOZO KEIKAKU ENGINEERING HOLDINGS Inc.,error,0,,HTTPError('404 Client Error: Not Found for url: https://query1.finance.yahoo.com/v8/finance/chart/208.T?range=10y&interval=1d&includePrePost=false&events=div%2Csplits')
211,211.T,Cados Corporation,error,0,,HTTPError('404 Client Error: Not Found for url: https://query1.finance.yahoo.com/v8/finance/chart/211.T?range=10y&interval=1d&includePrePost=false&events=div%2Csplits')
212,212.T,FIT EASY Inc.,error,0,,HTTPError('404 Client Error: Not Found for url: https://query1.finance.yahoo.com/v8/finance/chart/212.T?range=10y&interval=1d&includePrePost=false&events=div%2Csplits')
215,215.T,"Timee,Inc.",error,0,,HTTPError('404 Client Error: Not Found for url: https://query1.finance.yahoo.com/v8/finance/chart/215.T?range=10y&interval=1d&includePrePost=false&events=div%2Csplits')
218,218.T,"Liberaware Co.,Ltd.",error,0,,HTTPError('404 Client Error: Not Found for url: https://query1.finance.yahoo.com/v8/finance/chart/218.T?range=10y&interval=1d&includePrePost=false&events=div%2Csplits')
219,219.T,Heartseed Inc.,error,0,,HTTPError('404 Client Error: Not Found for url: https://query1.finance.yahoo.com/v8/finance/chart/219.T?range=10y&interval=1d&includePrePost=false&events=div%2Csplits')
220,220.T,Faber Company Inc.,error,0,,HTTPError('404 Client Error: Not Found for url: https://query1.finance.yahoo.com/v8/finance/chart/220.T?range=10y&interval=1d&includePrePost=false&events=div%2Csplits')
228,228.T,"OPRO Co.,Ltd.",error,0,,HTTPError('404 Client Error: Not Found for url: https://query1.finance.yahoo.com/v8/finance/chart/228.T?range=10y&interval=1d&includePrePost=false&events=div%2Csplits')
241,241.T,"ROXX,inc.",error,0,,HTTPError('404 Client Error: Not Found for url: https://query1.finance.yahoo.com/v8/finance/chart/241.T?range=10y&interval=1d&includePrePost=false&events=div%2Csplits')
244,244.T,"Growth xPartners,Inc.",error,0,,HTTPError('404 Client Error: Not Found for url: https://query1.finance.yahoo.com/v8/finance/chart/244.T?range=10y&interval=1d&includePrePost=false&events=div%2Csplits')
245,245.T,INGS inc.,error,0,,HTTPError('404 Client Error: Not Found for url: https://query1.finance.yahoo.com/v8/finance/chart/245.T?range=10y&interval=1d&includePrePost=false&events=div%2Csplits')
246,246.T,ASUA Inc.,error,0,,HTTPError('404 Client Error: Not Found for url: https://query1.finance.yahoo.com/v8/finance/chart/246.T?range=10y&interval=1d&includePrePost=false&events=div%2Csplits')
247,247.T,Ai ROBOTICS INC.,error,0,,HTTPError('404 Client Error: Not Found for url: https://query1.finance.yahoo.com/v8/finance/chart/247.T?range=10y&interval=1d&includePrePost=false&events=div%2Csplits')
248,248.T,KIDS STAR Inc.,error,0,,HTTPError('404 Client Error: Not Found for url: https://query1.finance.yahoo.com/v8/finance/chart/248.T?range=10y&interval=1d&includePrePost=false&events=div%2Csplits')
250,250.T,Shimadaya Corporation,error,0,,HTTPError('404 Client Error: Not Found for url: https://query1.finance.yahoo.com/v8/finance/chart/250.T?range=10y&interval=1d&includePrePost=false&events=div%2Csplits')
253,253.T,"ETS Group Co.,Ltd.",error,0,,HTTPError('404 Client Error: Not Found for url: https://query1.finance.yahoo.com/v8/finance/chart/253.T?range=10y&interval=1d&includePrePost=false&events=div%2Csplits')
254,254.T,AI FUSION CAPITAL GROUP CORP.,error,0,,HTTPError('404 Client Error: Not Found for url: https://query1.finance.yahoo.com/v8/finance/chart/254.T?range=10y&interval=1d&includePrePost=false&events=div%2Csplits')
255,255.T,"GLTECHNO HOLDINGS,INC.",error,0,,HTTPError('404 Client Error: Not Found for url: https://query1.finance.yahoo.com/v8/finance/chart/255.T?range=10y&interval=1d&includePrePost=false&events=div%2Csplits')
256,256.T,TOBISHIMA HOLDINGS Inc.,error,0,,HTTPError('404 Client Error: Not Found for url: https://query1.finance.yahoo.com/v8/finance/chart/256.T?range=10y&interval=1d&includePrePost=false&events=div%2Csplits')
261,261.T,"Nihon Suido Consultants Co.,Ltd.",error,0,,HTTPError('404 Client Error: Not Found for url: https://query1.finance.yahoo.com/v8/finance/chart/261.T?range=10y&interval=1d&includePrePost=false&events=div%2Csplits')
262,262.T,INTERMESTIC INC.,error,0,,HTTPError('404 Client Error: Not Found for url: https://query1.finance.yahoo.com/v8/finance/chart/262.T?range=10y&interval=1d&includePrePost=false&events=div%2Csplits')
264,264.T,"Schoo,inc.",error,0,,HTTPError('404 Client Error: Not Found for url: https://query1.finance.yahoo.com/v8/finance/chart/264.T?range=10y&interval=1d&includePrePost=false&events=div%2Csplits')
265,265.T,Hmcomm Inc.,error,0,,HTTPError('404 Client Error: Not Found for url: https://query1.finance.yahoo.com/v8/finance/chart/265.T?range=10y&interval=1d&includePrePost=false&events=div%2Csplits')
268,268.T,Rigaku Holdings Corporation,error,0,,HTTPError('404 Client Error: Not Found for url: https://query1.finance.yahoo.com/v8/finance/chart/268.T?range=10y&interval=1d&includePrePost=false&events=div%2Csplits')
269,269.T,Sapeet Inc.,error,0,,HTTPError('404 Client Error: Not Found for url: https://query1.finance.yahoo.com/v8/finance/chart/269.T?range=10y&interval=1d&includePrePost=false&events=div%2Csplits')
274,274.T,"Garden Co.,Ltd.",error,0,,HTTPError('404 Client Error: Not Found for url: https://query1.finance.yahoo.com/v8/finance/chart/274.T?range=10y&interval=1d&includePrePost=false&events=div%2Csplits')
276,276.T,CCReB Advisors Inc.,error,0,,HTTPError('404 Client Error: Not Found for url: https://query1.finance.yahoo.com/v8/finance/chart/276.T?range=10y&interval=1d&includePrePost=false&events=div%2Csplits')
277,277.T,Globe-ing Inc.,error,0,,HTTPError('404 Client Error: Not Found for url: https://query1.finance.yahoo.com/v8/finance/chart/277.T?range=10y&interval=1d&includePrePost=false&events=div%2Csplits')
278,278.T,Terra Drone Corporation,error,0,,HTTPError('404 Client Error: Not Found for url: https://query1.finance.yahoo.com/v8/finance/chart/278.T?range=10y&interval=1d&includePrePost=false&events=div%2Csplits')
280,280.T,TMH Inc.,error,0,,HTTPError('404 Client Error: Not Found for url: https://query1.finance.yahoo.com/v8/finance/chart/280.T?range=10y&interval=1d&includePrePost=false&events=div%2Csplits')
281,281.T,"Informetis Co.,Ltd.",error,0,,HTTPError('404 Client Error: Not Found for url: https://query1.finance.yahoo.com/v8/finance/chart/281.T?range=10y&interval=1d&includePrePost=false&events=div%2Csplits')
285,285.T,Kioxia Holdings Corporation,error,0,,HTTPError('404 Client Error: Not Found for url: https://query1.finance.yahoo.com/v8/finance/chart/285.T?range=10y&interval=1d&includePrePost=false&events=div%2Csplits')
286,286.T,EUCALIA Inc.,error,0,,HTTPError('404 Client Error: Not Found for url: https://query1.finance.yahoo.com/v8/finance/chart/286.T?range=10y&interval=1d&includePrePost=false&events=div%2Csplits')
287,287.T,"Kuroda Group Co.,Ltd.",error,0,,HTTPError('404 Client Error: Not Found for url: https://query1.finance.yahoo.com/v8/finance/chart/287.T?range=10y&interval=1d&includePrePost=false&events=div%2Csplits')
288,288.T,Laxus Technologies Inc.,error,0,,HTTPError('404 Client Error: Not Found for url: https://query1.finance.yahoo.com/v8/finance/chart/288.T?range=10y&interval=1d&includePrePost=false&events=div%2Csplits')
290,290.T,Synspective Inc.,error,0,,HTTPError('404 Client Error: Not Found for url: https://query1.finance.yahoo.com/v8/finance/chart/290.T?range=10y&interval=1d&includePrePost=false&events=div%2Csplits')
291,291.T,Reskill Corp.,error,0,,HTTPError('404 Client Error: Not Found for url: https://query1.finance.yahoo.com/v8/finance/chart/291.T?range=10y&interval=1d&includePrePost=false&events=div%2Csplits')
296,296.T,"Reiwa Accounting Holdings Co.,Ltd.",error,0,,HTTPError('404 Client Error: Not Found for url: https://query1.finance.yahoo.com/v8/finance/chart/296.T?range=10y&interval=1d&includePrePost=false&events=div%2Csplits')
297,297.T,"ALPICO HOLDINGS CO.,LTD.",error,0,,HTTPError('404 Client Error: Not Found for url: https://query1.finance.yahoo.com/v8/finance/chart/297.T?range=10y&interval=1d&includePrePost=false&events=div%2Csplits')
298,298.T,"GVA TECH,Inc.",error,0,,HTTPError('404 Client Error: Not Found for url: https://query1.finance.yahoo.com/v8/finance/chart/298.T?range=10y&interval=1d&includePrePost=false&events=div%2Csplits')
299,299.T,"Kurashiru,Inc.",error,0,,HTTPError('404 Client Error: Not Found for url: https://query1.finance.yahoo.com/v8/finance/chart/299.T?range=10y&interval=1d&includePrePost=false&events=div%2Csplits')
300,300.T,"MIC Co.,Ltd.",error,0,,HTTPError('404 Client Error: Not Found for url: https://query1.finance.yahoo.com/v8/finance/chart/300.T?range=10y&interval=1d&includePrePost=false&events=div%2Csplits')
302,302.T,"b-style holdings,Inc.",error,0,,HTTPError('404 Client Error: Not Found for url: https://query1.finance.yahoo.com/v8/finance/chart/302.T?range=10y&interval=1d&includePrePost=false&events=div%2Csplits')
303,303.T,visumo Inc.,error,0,,HTTPError('404 Client Error: Not Found for url: https://query1.finance.yahoo.com/v8/finance/chart/303.T?range=10y&interval=1d&includePrePost=false&events=div%2Csplits')
304,304.T,"FORCIA,Inc.",error,0,,HTTPError('404 Client Error: Not Found for url: https://query1.finance.yahoo.com/v8/finance/chart/304.T?range=10y&interval=1d&includePrePost=false&events=div%2Csplits')
319,319.T,Next Generation Technology Group Inc.,error,0,,HTTPError('404 Client Error: Not Found for url: https://query1.finance.yahoo.com/v8/finance/chart/319.T?range=10y&interval=1d&includePrePost=false&events=div%2Csplits')
323,323.T,Flier Inc.,error,0,,HTTPError('404 Client Error: Not Found for url: https://query1.finance.yahoo.com/v8/finance/chart/323.T?range=10y&interval=1d&includePrePost=false&events=div%2Csplits')
324,324.T,"Booking Resort Co.,Ltd.",error,0,,HTTPError('404 Client Error: Not Found for url: https://query1.finance.yahoo.com/v8/finance/chart/324.T?range=10y&interval=1d&includePrePost=false&events=div%2Csplits')
325,325.T,TENTIAL Inc.,error,0,,HTTPError('404 Client Error: Not Found for url: https://query1.finance.yahoo.com/v8/finance/chart/325.T?range=10y&interval=1d&includePrePost=false&events=div%2Csplits')
330,330.T,TalentX Inc.,error,0,,HTTPError('404 Client Error: Not Found for url: https://query1.finance.yahoo.com/v8/finance/chart/330.T?range=10y&interval=1d&includePrePost=false&events=div%2Csplits')
331,331.T,Medix Inc.,error,0,,HTTPError('404 Client Error: Not Found for url: https://query1.finance.yahoo.com/v8/finance/chart/331.T?range=10y&interval=1d&includePrePost=false&events=div%2Csplits')
332,332.T,MEEQ Inc.,error,0,,HTTPError('404 Client Error: Not Found for url: https://query1.finance.yahoo.com/v8/finance/chart/332.T?range=10y&interval=1d&includePrePost=false&events=div%2Csplits')
334,334.T,"Visual Processing Japan Co.,Ltd.",error,0,,HTTPError('404 Client Error: Not Found for url: https://query1.finance.yahoo.com/v8/finance/chart/334.T?range=10y&interval=1d&includePrePost=false&events=div%2Csplits')
335,335.T,Mirairo Inc.,error,0,,HTTPError('404 Client Error: Not Found for url: https://query1.finance.yahoo.com/v8/finance/chart/335.T?range=10y&interval=1d&includePrePost=false&events=div%2Csplits')
336,336.T,"Dynamic Map Platform Co.,Ltd.",error,0,,HTTPError('404 Client Error: Not Found for url: https://query1.finance.yahoo.com/v8/finance/chart/336.T?range=10y&interval=1d&includePrePost=false&events=div%2Csplits')
338,338.T,"ZenmuTech,Inc.",error,0,,HTTPError('404 Client Error: Not Found for url: https://query1.finance.yahoo.com/v8/finance/chart/338.T?range=10y&interval=1d&includePrePost=false&events=div%2Csplits')
339,339.T,"PROGRESS TECHNOLOGIES GROUP,Inc.",error,0,,HTTPError('404 Client Error: Not Found for url: https://query1.finance.yahoo.com/v8/finance/chart/339.T?range=10y&interval=1d&includePrePost=false&events=div%2Csplits')
340,340.T,"zig-zag,Inc.",error,0,,HTTPError('404 Client Error: Not Found for url: https://query1.finance.yahoo.com/v8/finance/chart/340.T?range=10y&interval=1d&includePrePost=false&events=div%2Csplits')
341,341.T,TOYOKOH Inc.,error,0,,HTTPError('404 Client Error: Not Found for url: https://query1.finance.yahoo.com/v8/finance/chart/341.T?range=10y&interval=1d&includePrePost=false&events=div%2Csplits')
343,343.T,IACE TRAVEL Corporation.,error,0,,HTTPError('404 Client Error: Not Found for url: https://query1.finance.yahoo.com/v8/finance/chart/343.T?range=10y&interval=1d&includePrePost=false&events=div%2Csplits')
350,350.T,DIGITAL GRID Corporation,error,0,,HTTPError('404 Client Error: Not Found for url: https://query1.finance.yahoo.com/v8/finance/chart/350.T?range=10y&interval=1d&includePrePost=false&events=div%2Csplits')
352,352.T,"LOIVE Co.,Ltd.",error,0,,HTTPError('404 Client Error: Not Found for url: https://query1.finance.yahoo.com/v8/finance/chart/352.T?range=10y&interval=1d&includePrePost=false&events=div%2Csplits')
365,365.T,"IZAWA TOWEL CO.,LTD.",error,0,,HTTPError('404 Client Error: Not Found for url: https://query1.finance.yahoo.com/v8/finance/chart/365.T?range=10y&interval=1d&includePrePost=false&events=div%2Csplits')
366,366.T,Wellness Communications Corporation,error,0,,HTTPError('404 Client Error: Not Found for url: https://query1.finance.yahoo.com/v8/finance/chart/366.T?range=10y&interval=1d&includePrePost=false&events=div%2Csplits')
367,367.T,"Primo Global Holdings Co.,Ltd.",error,0,,HTTPError('404 Client Error: Not Found for url: https://query1.finance.yahoo.com/v8/finance/chart/367.T?range=10y&interval=1d&includePrePost=false&events=div%2Csplits')
368,368.T,Kitazato Corporation,error,0,,HTTPError('404 Client Error: Not Found for url: https://query1.finance.yahoo.com/v8/finance/chart/368.T?range=10y&interval=1d&includePrePost=false&events=div%2Csplits')
369,369.T,"A-tie Co.,Ltd.",error,0,,HTTPError('404 Client Error: Not Found for url: https://query1.finance.yahoo.com/v8/finance/chart/369.T?range=10y&interval=1d&includePrePost=false&events=div%2Csplits')
372,372.T,RENT CORPORATION,error,0,,HTTPError('404 Client Error: Not Found for url: https://query1.finance.yahoo.com/v8/finance/chart/372.T?range=10y&interval=1d&includePrePost=false&events=div%2Csplits')
373,373.T,"LIPPS CO.,LTD",error,0,,HTTPError('404 Client Error: Not Found for url: https://query1.finance.yahoo.com/v8/finance/chart/373.T?range=10y&interval=1d&includePrePost=false&events=div%2Csplits')
378,378.T,"Hit Co.,Ltd.",error,0,,HTTPError('404 Client Error: Not Found for url: https://query1.finance.yahoo.com/v8/finance/chart/378.T?range=10y&interval=1d&includePrePost=false&events=div%2Csplits')
386,386.T,"MINOYA CO.,LTD.",error,0,,HTTPError('404 Client Error: Not Found for url: https://query1.finance.yahoo.com/v8/finance/chart/386.T?range=10y&interval=1d&includePrePost=false&events=div%2Csplits')
387,387.T,"Fuller,Inc.",error,0,,HTTPError('404 Client Error: Not Found for url: https://query1.finance.yahoo.com/v8/finance/chart/387.T?range=10y&interval=1d&includePrePost=false&events=div%2Csplits')
402,402.T,Axelspace Holdings Corporation,error,0,,HTTPError('404 Client Error: Not Found for url: https://query1.finance.yahoo.com/v8/finance/chart/402.T?range=10y&interval=1d&includePrePost=false&events=div%2Csplits')
407,407.T,"UNICON Holdings Co.,Ltd.",error,0,,HTTPError('404 Client Error: Not Found for url: https://query1.finance.yahoo.com/v8/finance/chart/407.T?range=10y&interval=1d&includePrePost=false&events=div%2Csplits')
409,409.T,"ORION BREWERIES,LTD.",error,0,,HTTPError('404 Client Error: Not Found for url: https://query1.finance.yahoo.com/v8/finance/chart/409.T?range=10y&interval=1d&includePrePost=false&events=div%2Csplits')
410,410.T,"GMO Commerce,Inc.",error,0,,HTTPError('404 Client Error: Not Found for url: https://query1.finance.yahoo.com/v8/finance/chart/410.T?range=10y&interval=1d&includePrePost=false&events=div%2Csplits')
414,414.T,"OVERLAP Holdings,Inc.",error,0,,HTTPError('404 Client Error: Not Found for url: https://query1.finance.yahoo.com/v8/finance/chart/414.T?range=10y&interval=1d&includePrePost=false&events=div%2Csplits')
415,415.T,"GMO TECH Holdings,Inc.",error,0,,HTTPError('404 Client Error: Not Found for url: https://query1.finance.yahoo.com/v8/finance/chart/415.T?range=10y&interval=1d&includePrePost=false&events=div%2Csplits')
416,416.T,"FUJI UNITED HOLDINGS COMPANY,LTD.",error,0,,HTTPError('404 Client Error: Not Found for url: https://query1.finance.yahoo.com/v8/finance/chart/416.T?range=10y&interval=1d&includePrePost=false&events=div%2Csplits')
417,417.T,"BLUE ZONES HOLDINGS CO.,LTD.",error,0,,HTTPError('404 Client Error: Not Found for url: https://query1.finance.yahoo.com/v8/finance/chart/417.T?range=10y&interval=1d&includePrePost=false&events=div%2Csplits')
421,421.T,"Movin' Strategic Career CO.,LTD.",error,0,,HTTPError('404 Client Error: Not Found for url: https://query1.finance.yahoo.com/v8/finance/chart/421.T?range=10y&interval=1d&includePrePost=false&events=div%2Csplits')
423,423.T,LION OFFICE PRODUCTS CORP.,error,0,,HTTPError('404 Client Error: Not Found for url: https://query1.finance.yahoo.com/v8/finance/chart/423.T?range=10y&interval=1d&includePrePost=false&events=div%2Csplits')
428,428.T,"Cypress Holdings Co.,Ltd.",error,0,,HTTPError('404 Client Error: Not Found for url: https://query1.finance.yahoo.com/v8/finance/chart/428.T?range=10y&interval=1d&includePrePost=false&events=div%2Csplits')
429,429.T,Tekscend Photomask Corp.,error,0,,HTTPError('404 Client Error: Not Found for url: https://query1.finance.yahoo.com/v8/finance/chart/429.T?range=10y&interval=1d&includePrePost=false&events=div%2Csplits')
431,431.T,"uSonar Co.,Ltd.",error,0,,HTTPError('404 Client Error: Not Found for url: https://query1.finance.yahoo.com/v8/finance/chart/431.T?range=10y&interval=1d&includePrePost=false&events=div%2Csplits')
436,436.T,CyberSolutions Inc.,error,0,,HTTPError('404 Client Error: Not Found for url: https://query1.finance.yahoo.com/v8/finance/chart/436.T?range=10y&interval=1d&includePrePost=false&events=div%2Csplits')
438,438.T,"Infcurion,Inc.",error,0,,HTTPError('404 Client Error: Not Found for url: https://query1.finance.yahoo.com/v8/finance/chart/438.T?range=10y&interval=1d&includePrePost=false&events=div%2Csplits')
441,441.T,NE Inc.,error,0,,HTTPError('404 Client Error: Not Found for url: https://query1.finance.yahoo.com/v8/finance/chart/441.T?range=10y&interval=1d&includePrePost=false&events=div%2Csplits')
442,442.T,"Classico,Inc.",error,0,,HTTPError('404 Client Error: Not Found for url: https://query1.finance.yahoo.com/v8/finance/chart/442.T?range=10y&interval=1d&includePrePost=false&events=div%2Csplits')
446,446.T,"Northsand,Inc.",error,0,,HTTPError('404 Client Error: Not Found for url: https://query1.finance.yahoo.com/v8/finance/chart/446.T?range=10y&interval=1d&includePrePost=false&events=div%2Csplits')
456,456.T,HUMAN MADE Inc.,error,0,,HTTPError('404 Client Error: Not Found for url: https://query1.finance.yahoo.com/v8/finance/chart/456.T?range=10y&interval=1d&includePrePost=false&events=div%2Csplits')
460,460.T,BRANU Inc.,error,0,,HTTPError('404 Client Error: Not Found for url: https://query1.finance.yahoo.com/v8/finance/chart/460.T?range=10y&interval=1d&includePrePost=false&events=div%2Csplits')
462,462.T,"FUNDINNO,INC.",error,0,,HTTPError('404 Client Error: Not Found for url: https://query1.finance.yahoo.com/v8/finance/chart/462.T?range=10y&interval=1d&includePrePost=false&events=div%2Csplits')
463,463.T,"INTELLEX HOLDINGS Co.,Ltd.",error,0,,HTTPError('404 Client Error: Not Found for url: https://query1.finance.yahoo.com/v8/finance/chart/463.T?range=10y&interval=1d&includePrePost=false&events=div%2Csplits')
464,464.T,QPS Holdings Inc.,error,0,,HTTPError('404 Client Error: Not Found for url: https://query1.finance.yahoo.com/v8/finance/chart/464.T?range=10y&interval=1d&includePrePost=false&events=div%2Csplits')
469,469.T,Fitcrew Inc.,error,0,,HTTPError('404 Client Error: Not Found for url: https://query1.finance.yahoo.com/v8/finance/chart/469.T?range=10y&interval=1d&includePrePost=false&events=div%2Csplits')
471,471.T,"NS Group,Inc.",error,0,,HTTPError('404 Client Error: Not Found for url: https://query1.finance.yahoo.com/v8/finance/chart/471.T?range=10y&interval=1d&includePrePost=false&events=div%2Csplits')
472,472.T,"Mirrativ,Inc.",error,0,,HTTPError('404 Client Error: Not Found for url: https://query1.finance.yahoo.com/v8/finance/chart/472.T?range=10y&interval=1d&includePrePost=false&events=div%2Csplits')
475,475.T,"GIMIC Co.,Ltd.",error,0,,HTTPError('404 Client Error: Not Found for url: https://query1.finance.yahoo.com/v8/finance/chart/475.T?range=10y&interval=1d&includePrePost=false&events=div%2Csplits')
476,476.T,"Tsuji Hongo IT Consulting Co.,Ltd.",error,0,,HTTPError('404 Client Error: Not Found for url: https://query1.finance.yahoo.com/v8/finance/chart/476.T?range=10y&interval=1d&includePrePost=false&events=div%2Csplits')
477,477.T,"Startline CO.,LTD.",error,0,,HTTPError('404 Client Error: Not Found for url: https://query1.finance.yahoo.com/v8/finance/chart/477.T?range=10y&interval=1d&includePrePost=false&events=div%2Csplits')
478,478.T,Hutzper Inc.,error,0,,HTTPError('404 Client Error: Not Found for url: https://query1.finance.yahoo.com/v8/finance/chart/478.T?range=10y&interval=1d&includePrePost=false&events=div%2Csplits')
479,479.T,PRONI Inc.,error,0,,HTTPError('404 Client Error: Not Found for url: https://query1.finance.yahoo.com/v8/finance/chart/479.T?range=10y&interval=1d&includePrePost=false&events=div%2Csplits')
480,480.T,"LiB Consulting Co.,Ltd.",error,0,,HTTPError('404 Client Error: Not Found for url: https://query1.finance.yahoo.com/v8/finance/chart/480.T?range=10y&interval=1d&includePrePost=false&events=div%2Csplits')
483,483.T,"Tera Technology,Inc.",error,0,,HTTPError('404 Client Error: Not Found for url: https://query1.finance.yahoo.com/v8/finance/chart/483.T?range=10y&interval=1d&includePrePost=false&events=div%2Csplits')
485,485.T,"PowerX,Inc.",error,0,,HTTPError('404 Client Error: Not Found for url: https://query1.finance.yahoo.com/v8/finance/chart/485.T?range=10y&interval=1d&includePrePost=false&events=div%2Csplits')
500,500.T,"TO Books,Inc.",error,0,,HTTPError('404 Client Error: Not Found for url: https://query1.finance.yahoo.com/v8/finance/chart/500.T?range=10y&interval=1d&includePrePost=false&events=div%2Csplits')
504,504.T,Innovacell Inc.,error,0,,HTTPError('404 Client Error: Not Found for url: https://query1.finance.yahoo.com/v8/finance/chart/504.T?range=10y&interval=1d&includePrePost=false&events=div%2Csplits')
505,505.T,"Geekly,Inc.",error,0,,HTTPError('404 Client Error: Not Found for url: https://query1.finance.yahoo.com/v8/finance/chart/505.T?range=10y&interval=1d&includePrePost=false&events=div%2Csplits')
519,519.T,Basic Inc.,error,0,,HTTPError('404 Client Error: Not Found for url: https://query1.finance.yahoo.com/v8/finance/chart/519.T?range=10y&interval=1d&includePrePost=false&events=div%2Csplits')
520,520.T,"J-Pharma Co.,Ltd.",error,0,,HTTPError('404 Client Error: Not Found for url: https://query1.finance.yahoo.com/v8/finance/chart/520.T?range=10y&interval=1d&includePrePost=false&events=div%2Csplits')
523,523.T,"SEIWA HOLDINGS Co.,Ltd.",error,0,,HTTPError('404 Client Error: Not Found for url: https://query1.finance.yahoo.com/v8/finance/chart/523.T?range=10y&interval=1d&includePrePost=false&events=div%2Csplits')
542,542.T,Vitabrid Japan Inc.,error,0,,HTTPError('404 Client Error: Not Found for url: https://query1.finance.yahoo.com/v8/finance/chart/542.T?range=10y&interval=1d&includePrePost=false&events=div%2Csplits')
543,543.T,ARCHION Corporation,error,0,,HTTPError('404 Client Error: Not Found for url: https://query1.finance.yahoo.com/v8/finance/chart/543.T?range=10y&interval=1d&includePrePost=false&events=div%2Csplits')
544,544.T,"GMS Group Co.,Ltd.",error,0,,HTTPError('404 Client Error: Not Found for url: https://query1.finance.yahoo.com/v8/finance/chart/544.T?range=10y&interval=1d&includePrePost=false&events=div%2Csplits')
545,545.T,"Toranvia Co.,Ltd.",error,0,,HTTPError('404 Client Error: Not Found for url: https://query1.finance.yahoo.com/v8/finance/chart/545.T?range=10y&interval=1d&includePrePost=false&events=div%2Csplits')
546,546.T,"MIRAINI HOLDINGS CO.,LTD.",error,0,,HTTPError('404 Client Error: Not Found for url: https://query1.finance.yahoo.com/v8/finance/chart/546.T?range=10y&interval=1d&includePrePost=false&events=div%2Csplits')
547,547.T,Muninova Holdings Inc.,error,0,,HTTPError('404 Client Error: Not Found for url: https://query1.finance.yahoo.com/v8/finance/chart/547.T?range=10y&interval=1d&includePrePost=false&events=div%2Csplits')
548,548.T,"SystemEXE,Inc.",error,0,,HTTPError('404 Client Error: Not Found for url: https://query1.finance.yahoo.com/v8/finance/chart/548.T?range=10y&interval=1d&includePrePost=false&events=div%2Csplits')
549,549.T,"HITO-TO-HITO Holdings Co.,Ltd.",error,0,,HTTPError('404 Client Error: Not Found for url: https://query1.finance.yahoo.com/v8/finance/chart/549.T?range=10y&interval=1d&includePrePost=false&events=div%2Csplits')
550,550.T,"SOFTTEX Co.,Ltd.",error,0,,HTTPError('404 Client Error: Not Found for url: https://query1.finance.yahoo.com/v8/finance/chart/550.T?range=10y&interval=1d&includePrePost=false&events=div%2Csplits')
554,554.T,"Batonz.Co.,Ltd.",error,0,,HTTPError('404 Client Error: Not Found for url: https://query1.finance.yahoo.com/v8/finance/chart/554.T?range=10y&interval=1d&includePrePost=false&events=div%2Csplits')
556,556.T,"INUNEKO-SEIKATSU Co.,Ltd.",error,0,,HTTPError('404 Client Error: Not Found for url: https://query1.finance.yahoo.com/v8/finance/chart/556.T?range=10y&interval=1d&includePrePost=false&events=div%2Csplits')
558,558.T,SQUEEZE Inc.,error,0,,HTTPError('404 Client Error: Not Found for url: https://query1.finance.yahoo.com/v8/finance/chart/558.T?range=10y&interval=1d&includePrePost=false&events=div%2Csplits')
559,559.T,"UMENOYADO BREWERY CO.,LTD.",error,0,,HTTPError('404 Client Error: Not Found for url: https://query1.finance.yahoo.com/v8/finance/chart/559.T?range=10y&interval=1d&includePrePost=false&events=div%2Csplits')
575,575.T,"MAEZAWA Holdings CO.,LTD.",error,0,,HTTPError('404 Client Error: Not Found for url: https://query1.finance.yahoo.com/v8/finance/chart/575.T?range=10y&interval=1d&includePrePost=false&events=div%2Csplits')
581,581.T,GO Inc.,error,0,,HTTPError('404 Client Error: Not Found for url: https://query1.finance.yahoo.com/v8/finance/chart/581.T?range=10y&interval=1d&includePrePost=false&events=div%2Csplits')
584,584.T,"LiNKX,Inc.",error,0,,HTTPError('404 Client Error: Not Found for url: https://query1.finance.yahoo.com/v8/finance/chart/584.T?range=10y&interval=1d&includePrePost=false&events=div%2Csplits')
589,589.T,"NEIS Co.,Ltd.",error,0,,HTTPError('404 Client Error: Not Found for url: https://query1.finance.yahoo.com/v8/finance/chart/589.T?range=10y&interval=1d&includePrePost=false&events=div%2Csplits')
590,590.T,"giftee Group,Inc.",error,0,,HTTPError('404 Client Error: Not Found for url: https://query1.finance.yahoo.com/v8/finance/chart/590.T?range=10y&interval=1d&includePrePost=false&events=div%2Csplits')
593,593.T,"TIER IV,Inc.",error,0,,HTTPError('404 Client Error: Not Found for url: https://query1.finance.yahoo.com/v8/finance/chart/593.T?range=10y&interval=1d&includePrePost=false&events=div%2Csplits')
598,598.T,"ChatPlus Co.,Ltd.",error,0,,HTTPError('404 Client Error: Not Found for url: https://query1.finance.yahoo.com/v8/finance/chart/598.T?range=10y&interval=1d&includePrePost=false&events=div%2Csplits')
603,603.T,i GRID SOLUTIONS Inc.,error,0,,HTTPError('404 Client Error: Not Found for url: https://query1.finance.yahoo.com/v8/finance/chart/603.T?range=10y&interval=1d&includePrePost=false&events=div%2Csplits')
604,604.T,"beABLE CO.,LTD.",error,0,,HTTPError('404 Client Error: Not Found for url: https://query1.finance.yahoo.com/v8/finance/chart/604.T?range=10y&interval=1d&includePrePost=false&events=div%2Csplits')
607,607.T,"every,Inc.",error,0,,HTTPError('404 Client Error: Not Found for url: https://query1.finance.yahoo.com/v8/finance/chart/607.T?range=10y&interval=1d&includePrePost=false&events=div%2Csplits')
618,618.T,KOMPEITO Inc.,error,0,,HTTPError('404 Client Error: Not Found for url: https://query1.finance.yahoo.com/v8/finance/chart/618.T?range=10y&interval=1d&includePrePost=false&events=div%2Csplits')
619,619.T,OLIVER CORPORATION,error,0,,HTTPError('404 Client Error: Not Found for url: https://query1.finance.yahoo.com/v8/finance/chart/619.T?range=10y&interval=1d&includePrePost=false&events=div%2Csplits')
621,621.T,Audiostock Inc.,error,0,,HTTPError('404 Client Error: Not Found for url: https://query1.finance.yahoo.com/v8/finance/chart/621.T?range=10y&interval=1d&includePrePost=false&events=div%2Csplits')
622,622.T,Techno Craft Corporation,error,0,,HTTPError('404 Client Error: Not Found for url: https://query1.finance.yahoo.com/v8/finance/chart/622.T?range=10y&interval=1d&includePrePost=false&events=div%2Csplits')
623,623.T,"Vertex co.,Ltd",error,0,,HTTPError('404 Client Error: Not Found for url: https://query1.finance.yahoo.com/v8/finance/chart/623.T?range=10y&interval=1d&includePrePost=false&events=div%2Csplits')
625,625.T,Skyfall Inc.,error,0,,HTTPError('404 Client Error: Not Found for url: https://query1.finance.yahoo.com/v8/finance/chart/625.T?range=10y&interval=1d&includePrePost=false&events=div%2Csplits')
627,627.T,akippa Inc.,error,0,,HTTPError('404 Client Error: Not Found for url: https://query1.finance.yahoo.com/v8/finance/chart/627.T?range=10y&interval=1d&includePrePost=false&events=div%2Csplits')
634,634.T,LAYERED Inc.,error,0,,HTTPError('404 Client Error: Not Found for url: https://query1.finance.yahoo.com/v8/finance/chart/634.T?range=10y&interval=1d&includePrePost=false&events=div%2Csplits')
646,646.T,Crasus Chemical Inc.,error,0,,HTTPError('404 Client Error: Not Found for url: https://query1.finance.yahoo.com/v8/finance/chart/646.T?range=10y&interval=1d&includePrePost=false&events=div%2Csplits')
1301,1301.T,"KYOKUYO CO.,LTD.",ok,2461,2026-10-05,
1332,1332.T,Nissui Corporation,ok,2461,2026-10-05,
1333,1333.T,Umios Corporation,ok,2461,2026-10-05,
1375,1375.T,"YUKIGUNI FACTORY CO.,LTD.",ok,1476,2026-10-05,
1376,1376.T,"KANEKO SEEDS CO.,LTD.",ok,2461,2026-10-05,
1377,1377.T,SAKATA SEED CORPORATION,ok,2461,2026-10-05,
1379,1379.T,HOKUTO CORPORATION,ok,2461,2026-10-05,
1380,1380.T,"AKIKAWA FOODS & FARMS CO.,LTD.",ok,2461,2026-10-05,
1381,1381.T,"AXYZ CO.,Ltd.",ok,2461,2026-10-05,
1382,1382.T,"HOB Co.,Ltd.",ok,2461,2026-10-05,
1383,1383.T,"Berg Earth co.,ltd.",ok,2461,2026-10-05,
1384,1384.T,"Hokuryo Co.,Ltd.",ok,2461,2026-10-05,
1401,1401.T,"mbs,inc.",ok,2461,2026-10-05,
1407,1407.T,West Holdings Corporation,ok,2461,2026-10-05,
1414,1414.T,"SHO-BOND Holdings Co.,Ltd.",ok,2461,2026-10-05,
1417,1417.T,MIRAIT ONE Corporation,ok,2461,2026-10-05,
1418,1418.T,"INTERLIFE HOLDINGS CO.,LTD.",ok,2461,2026-10-05,
1419,1419.T,"Tama Home Co.,Ltd.",ok,2461,2026-10-05,
1420,1420.T,Sanyo Homes Corporation,ok,2461,2026-10-05,
1429,1429.T,"Nippon Aqua Co.,Ltd.",ok,2461,2026-10-05,
1430,1430.T,First-corporation Inc.,ok,2461,2026-10-05,
1431,1431.T,"Lib Work Co.,Ltd.",ok,1781,2026-10-05,
1433,1433.T,"BESTERRA CO.,LTD",ok,2461,2026-10-05,
1434,1434.T,"JESCO Holdings,Inc.",ok,2461,2026-10-05,
1435,1435.T,robot home Inc.,ok,2461,2026-10-05,
1436,1436.T,GreenEnergy & Company Inc.,ok,2461,2026-10-05,
1438,1438.T,"Gifu landscape architect Co.,Ltd.",ok,982,2026-10-05,
1443,1443.T,"Giken Holdings Co.,Ltd.",ok,2144,2026-10-05,
1444,1444.T,"Nissou Co.,Ltd.",ok,904,2026-10-05,
1446,1446.T,"CANDEAL Co.,Ltd.",ok,2017,2026-10-05,
1447,1447.T,"SAAF Holdings Co.,Ltd.",ok,1955,2026-10-05,
1450,1450.T,TANAKEN Inc.,ok,1899,2026-10-05,
1491,1491.T,"Chugai Mining Co.,Ltd.",ok,2461,2026-10-05,
1514,1514.T,"Sumiseki Holdings,Inc.",ok,2461,2026-10-05,
1515,1515.T,"Nittetsu Mining Co.,Ltd.",ok,2461,2026-10-05,
1518,1518.T,"MITSUI MATSUSHIMA HOLDINGS CO.,LTD.",ok,2461,2026-10-05,
1605,1605.T,INPEX CORPORATION,ok,2461,2026-10-05,
1662,1662.T,"Japan Petroleum Exploration Co.,Ltd.",ok,2461,2026-10-05,
1663,1663.T,K&O Energy Group Inc.,ok,2461,2026-10-05,
1711,1711.T,"SDS HOLDINGS Co.,Ltd.",ok,2461,2026-10-05,
1716,1716.T,DAI-ICHI CUTTER KOGYO K.K.,ok,2461,2026-10-05,
1717,1717.T,Meiho Facility Works Ltd.,ok,2461,2026-10-05,
1718,1718.T,"MIKIKOGYO CO.,LTD.",ok,2461,2026-10-05,
1719,1719.T,HAZAMA ANDO CORPORATION,ok,2461,2026-10-05,
1720,1720.T,"TOKYU CONSTRUCTION CO., LTD.",ok,2461,2026-10-05,
1721,1721.T,COMSYS Holdings Corporation,ok,2461,2026-10-05,
1723,1723.T,"NIHON DENGI CO.,LTD.",ok,2461,2026-10-05,
1724,1724.T,SYNCLAYER INC.,ok,2461,2026-10-05,
1736,1736.T,OTEC CORPORATION,ok,2461,2026-10-05,
1758,1758.T,"Taiyo Kisokogyo Co.,Ltd.",ok,2461,2026-10-05,
1762,1762.T,"TAKAMATSU CONSTRUCTION GROUP CO.,LTD.",ok,2461,2026-10-05,
1764,1764.T,KUDO CORPORATION,ok,2461,2026-10-05,
1766,1766.T,TOKEN CORPORATION,ok,2461,2026-10-05,
1768,1768.T,SONEC CORPORATION,ok,2461,2026-10-05,
1770,1770.T,"FUJITA ENGINEERING CO.,LTD.",ok,2461,2026-10-05,
1773,1773.T,YTL Corporation Berhad,ok,2461,2026-10-05,
1780,1780.T,YAMAURA CORPORATION,ok,2461,2026-10-05,
1783,1783.T,"Fantasista Co.,Ltd.",ok,2461,2026-10-05,
1786,1786.T,Oriental Shiraishi Corporation,ok,1346,2026-10-05,
1787,1787.T,"Nakabohtec Corrosion Protecting Co.,Ltd.",ok,2461,2026-10-05,
1788,1788.T,SANTO CORPORATION,ok,2461,2026-10-05,
1793,1793.T,"OHMOTO GUMI CO.,LTD.",ok,2461,2026-10-05,
1795,1795.T,MASARU CORPORATION,ok,2461,2026-10-05,
1798,1798.T,MORIYA CORPORATION,ok,2461,2026-10-05,
1799,1799.T,DAIICHI KENSETSU CORPORATION,ok,2461,2026-10-05,
1801,1801.T,TAISEI CORPORATION,ok,2461,2026-10-05,
1802,1802.T,OBAYASHI CORPORATION,ok,2461,2026-10-05,
1803,1803.T,SHIMIZU CORPORATION,ok,2461,2026-10-05,
1807,1807.T,"WATANABE SATO CO.,LTD.",ok,2461,2026-10-05,
1808,1808.T,HASEKO Corporation,ok,2461,2026-10-05,
1810,1810.T,"MATSUI CONSTRUCTION CO.,LTD.",ok,2461,2026-10-05,
1811,1811.T,THE ZENITAKA CORPORATION,ok,2461,2026-10-05,
1812,1812.T,KAJIMA CORPORATION,ok,2461,2026-10-05,
1813,1813.T,Fudo Tetra Corporation,ok,2461,2026-10-05,
1814,1814.T,"DAISUE CONSTRUCTION CO.,LTD.",ok,2461,2026-10-05,
1815,1815.T,TEKKEN CORPORATION,ok,2461,2026-10-05,
1820,1820.T,"Nishimatsu Construction Co.,Ltd.",ok,2461,2026-10-05,
1822,1822.T,DAIHO CORPORATION,ok,2461,2026-10-05,
1826,1826.T,"Sata Construction Co.,Ltd.",ok,2461,2026-10-05,
1827,1827.T,NAKANO CORPORATION,ok,2461,2026-10-05,
1828,1828.T,TANABE ENGINEERING CORPORATION,ok,2461,2026-10-05,
1833,1833.T,OKUMURA CORPORATION,ok,2461,2026-10-05,
1835,1835.T,"TOTETSU KOGYO CO.,LTD.",ok,2461,2026-10-05,
1840,1840.T,"TSUCHIYA HOLDINGS CO.,LTD.",ok,2461,2026-10-05,
1844,1844.T,"OHMORI CO.,LTD.",ok,2461,2026-10-05,
1847,1847.T,"ICHIKEN Co.,Ltd.",ok,2461,2026-10-05,
1848,1848.T,FUJI P.S CORPORATION,ok,2461,2026-10-05,
1850,1850.T,"Nankai Tatsumura Construction Co.,Ltd.",ok,2461,2026-10-05,
1852,1852.T,ASANUMA CORPORATION,ok,2461,2026-10-05,
1853,1853.T,"Mori-Gumi Co.,Ltd.",ok,2461,2026-10-05,
1860,1860.T,TODA CORPORATION,ok,2461,2026-10-05,
1861,1861.T,"Kumagai Gumi Co.,Ltd.",ok,2461,2026-10-05,
1866,1866.T,KITANO CONSTRUCTION CORP.,ok,2461,2026-10-05,
1867,1867.T,UEKI CORPORATION,ok,2461,2026-10-05,
1870,1870.T,"YAHAGI CONSTRUCTION CO.,LTD.",ok,2461,2026-10-05,
1871,1871.T,"PS Construction Co.,Ltd.",ok,2461,2026-10-05,
1873,1873.T,"NIHON HOUSE HOLDINGS CO.,LTD.",ok,2461,2026-10-05,
1878,1878.T,"DAITO TRUST CONSTRUCTION CO.,LTD.",ok,2461,2026-10-05,
1879,1879.T,SHINNIHON CORPORATION,ok,2461,2026-10-05,
1882,1882.T,TOA ROAD CORPORATION,ok,2461,2026-10-05,
1885,1885.T,TOA CORPORATION,ok,2461,2026-10-05,
1887,1887.T,JDC CORPORATION,ok,1849,2026-10-05,
1888,1888.T,"WAKACHIKU CONSTRUCTION CO.,LTD.",ok,2461,2026-10-05,
1893,1893.T,"PENTA-OCEAN CONSTRUCTION CO.,LTD.",ok,2461,2026-10-05,
1897,1897.T,"The Kaneshita Construction Co.,Ltd.",ok,2461,2026-10-05,
1898,1898.T,"SEIKITOKYU KOGYO CO.,LTD.",ok,2461,2026-10-05,
1899,1899.T,FUKUDA CORPORATION,ok,2461,2026-10-05,
1904,1904.T,"TAISEI ONCHO CO.,LTD.",ok,2461,2026-10-05,
1905,1905.T,TENOX CORPORATION,ok,2461,2026-10-05,
1911,1911.T,"Sumitomo Forestry Co.,Ltd.",ok,2461,2026-10-05,
1914,1914.T,"JAPAN FOUNDATION ENGINEERING CO.,LTD.",ok,2461,2026-10-05,
1921,1921.T,TOMOE CORPORATION,ok,2461,2026-10-05,
1925,1925.T,"DAIWA HOUSE INDUSTRY CO.,LTD.",ok,2461,2026-10-05,
1926,1926.T,"RAITO KOGYO CO.,LTD.",ok,2461,2026-10-05,
1928,1928.T,"Sekisui House,Ltd.",ok,2461,2026-10-05,
1929,1929.T,"NITTOC CONSTRUCTION CO.,LTD.",ok,2461,2026-10-05,
1930,1930.T,"HOKURIKU ELECTRICAL CONSTRUCTION CO.,LTD.",ok,2461,2026-10-05,
1934,1934.T,YURTEC CORPORATION,ok,2461,2026-10-05,
1938,1938.T,"NIPPON RIETEC CO.,LTD.",ok,2461,2026-10-05,
1939,1939.T,YONDENKO CORPORATION,ok,2461,2026-10-05,
1941,1941.T,CHUDENKO CORPORATION,ok,2461,2026-10-05,
1942,1942.T,"KANDENKO CO.,LTD.",ok,2461,2026-10-05,
1944,1944.T,KINDEN CORPORATION,ok,2461,2026-10-05,
1945,1945.T,TOKYO ENERGY & SYSTEMS INC.,ok,2461,2026-10-05,
1946,1946.T,TOENEC CORPORATION,ok,2461,2026-10-05,
1950,1950.T,"NIPPON DENSETSU KOGYO CO.,LTD.",ok,2461,2026-10-05,
1951,1951.T,"EXEO Group,Inc.",ok,2461,2026-10-05,
1952,1952.T,"Shin Nippon Air Technologies Co.,Ltd.",ok,2461,2026-10-05,
1959,1959.T,KRAFTIA CORPORATION,ok,2461,2026-10-05,
1960,1960.T,Sanyo Engineering & Construction Inc.,ok,2461,2026-10-05,
1961,1961.T,"SANKI ENGINEERING CO.,LTD.",ok,2461,2026-10-05,
1963,1963.T,JGC HOLDINGS CORPORATION,ok,2461,2026-10-05,
1964,1964.T,"Chugai Ro Co.,Ltd.",ok,2461,2026-10-05,
1965,1965.T,TECHNO RYOWA LTD.,ok,2461,2026-10-05,
1966,1966.T,TAKADA CORPORATION,ok,2461,2026-10-05,
1967,1967.T,YAMATO CORPORATION,ok,2461,2026-10-05,
1968,1968.T,"TAIHEI DENGYO KAISHA,LTD.",ok,2461,2026-10-05,
1969,1969.T,"Takasago Thermal Engineering Co.,Ltd.",ok,2461,2026-10-05,
1972,1972.T,"SANKO METAL INDUSTRIAL CO.,LTD.",ok,2461,2026-10-05,
1975,1975.T,"ASAHI KOGYOSHA CO.,LTD.",ok,2461,2026-10-05,
1976,1976.T,"MEISEI INDUSTRIAL Co.,Ltd.",ok,2461,2026-10-05,
1979,1979.T,Taikisha Ltd.,ok,2461,2026-10-05,
1980,1980.T,"DAI-DAN CO.,LTD.",ok,2461,2026-10-05,
1981,1981.T,"KYOWANISSEI CO.,LTD.",ok,2461,2026-10-05,
1982,1982.T,"Hibiya Engineering,Ltd.",ok,2461,2026-10-05,
1992,1992.T,"KANDA TSUSHINKI CO.,LTD.",ok,2461,2026-10-05,
1994,1994.T,TAKAHASHI CURTAIN WALL CORPORATION,ok,2461,2026-10-05,
1997,1997.T,"AKATSUKI EAZIMA CO.,LTD.",ok,2461,2026-10-05,
2001,2001.T,NIPPN CORPORATION,ok,2461,2026-10-05,
2002,2002.T,NISSHIN SEIFUN GROUP INC.,ok,2461,2026-10-05,
2003,2003.T,"NITTO FUJI FLOUR MILLING CO.,LTD.",ok,2461,2026-10-05,
2004,2004.T,"Showa Sangyo Co.,Ltd.",ok,2461,2026-10-05,
2009,2009.T,"THE TORIGOE CO.,LTD.",ok,2461,2026-10-05,
2053,2053.T,"CHUBU SHIRYO CO.,LTD.",ok,2461,2026-10-05,
2055,2055.T,"NICHIWA SANGYO CO.,LTD.",ok,2461,2026-10-05,
2060,2060.T,"FEED ONE CO.,LTD.",ok,2461,2026-10-05,
2108,2108.T,"Nippon Beet Sugar Manufacturing Co.,Ltd.",ok,2461,2026-10-05,
2109,2109.T,"Mitsui DM Sugar Co.,Ltd.",ok,2461,2026-10-05,
2112,2112.T,"Ensuiko Sugar Refining Co.,Ltd.",ok,2461,2026-10-05,
2114,2114.T,Fuji Nihon Corporation,ok,2461,2026-10-05,
2117,2117.T,"WELLNEO SUGAR Co.,Ltd.",ok,2461,2026-10-05,
2120,2120.T,"LIFULL Co.,Ltd.",ok,2461,2026-10-05,
2121,2121.T,"MIXI,Inc.",ok,2461,2026-10-05,
2122,2122.T,"Interspace Co.,Ltd.",ok,2461,2026-10-05,
2124,2124.T,"JAC Recruitment Co.,Ltd.",ok,2461,2026-10-05,
2127,2127.T,Nihon M&A Center Holdings Inc.,ok,2461,2026-10-05,
2130,2130.T,"Members Co.,Ltd.",ok,2461,2026-10-05,
2134,2134.T,"Kitahama Capital Partners Co.,Ltd.",ok,2461,2026-10-05,
2136,2136.T,HIP CORPORATION,ok,2461,2026-10-05,
2138,2138.T,"CROOZ,Inc.",ok,2461,2026-10-05,
2139,2139.T,"CHUCO CO.,LTD.",ok,2461,2026-10-05,
2146,2146.T,"UT Group Co.,Ltd.",ok,2461,2026-10-05,
2148,2148.T,ITmedia Inc.,ok,2461,2026-10-05,
2152,2152.T,Youji Corporation,ok,2461,2026-10-05,
2153,2153.T,E・J Holdings Inc.,ok,2461,2026-10-05,
2154,2154.T,Open Up Group Inc.,ok,2461,2026-10-05,
2156,2156.T,SAYLOR ADVERTISING INC.,ok,2461,2026-10-05,
2157,2157.T,"KOSHIDAKA HOLDINGS Co.,LTD.",ok,2461,2026-10-05,
2158,2158.T,"FRONTEO,Inc.",ok,2461,2026-10-05,
2160,2160.T,GNI Group Ltd.,ok,2461,2026-10-05,
2163,2163.T,"ARTNER CO.,LTD.",ok,2461,2026-10-05,
2164,2164.T,"CHIIKISHINBUNSHA CO.,LTD.",ok,2461,2026-10-05,
2168,2168.T,Pasona Group Inc.,ok,2461,2026-10-05,
2169,2169.T,"CDS Co.,Ltd.",ok,2461,2026-10-05,
2170,2170.T,Link and Motivation Inc.,ok,2461,2026-10-05,
2173,2173.T,Hakuten Corporation,ok,2461,2026-10-05,
2175,2175.T,"SMS CO.,LTD.",ok,2461,2026-10-05,
2179,2179.T,"SEIGAKUSHA CO.,LTD.",ok,2461,2026-10-05,
2181,2181.T,"PERSOL HOLDINGS CO.,LTD.",ok,2461,2026-10-05,
2183,2183.T,"Linical Co.,Ltd.",ok,2461,2026-10-05,
2185,2185.T,CMC CORPORATION,ok,2461,2026-10-05,
2186,2186.T,Sobal Corporation,ok,2461,2026-10-05,
2193,2193.T,Cookpad Inc.,ok,2461,2026-10-05,
2195,2195.T,"AMITA HOLDINGS CO.,LTD.",ok,2461,2026-10-05,
2198,2198.T,IKK Holdings Inc.,ok,2461,2026-10-05,
2201,2201.T,"Morinaga & Co.,Ltd.",ok,2461,2026-10-05,
2204,2204.T,"NAKAMURAYA CO.,LTD.",ok,2461,2026-10-05,
2206,2206.T,"Ezaki Glico Co.,Ltd.",ok,2461,2026-10-05,
2207,2207.T,"MEITO CO.,LTD.",ok,2461,2026-10-05,
2208,2208.T,BOURBON CORPORATION,ok,2461,2026-10-05,
2209,2209.T,"IMURAYA GROUP CO.,LTD.",ok,2461,2026-10-05,
2211,2211.T,"Fujiya Co.,Ltd.",ok,2461,2026-10-05,
2212,2212.T,"YAMAZAKI BAKING CO.,LTD.",ok,2461,2026-10-05,
2215,2215.T,"FIRST BAKING CO.,LTD.",ok,2461,2026-10-05,
2216,2216.T,Kanro Inc.,ok,2461,2026-10-05,
2217,2217.T,Morozoff Limited,ok,2461,2026-10-05,
2220,2220.T,"KAMEDA SEIKA CO.,LTD.",ok,2461,2026-10-05,
2221,2221.T,"IWATSUKA CONFECTIONERY CO.,LTD.",ok,2461,2026-10-05,
2222,2222.T,"Kotobuki Spirits Co.,Ltd.",ok,2461,2026-10-05,
2224,2224.T,"COMO CO.,LTD.",ok,2461,2026-10-05,
2226,2226.T,KOIKE-YA Inc.,ok,2461,2026-10-05,
2229,2229.T,"CALBEE,Inc.",ok,2461,2026-10-05,
2264,2264.T,"MORINAGA MILK INDUSTRY CO.,LTD.",ok,2461,2026-10-05,
2266,2266.T,"ROKKO BUTTER CO.,LTD.",ok,2461,2026-10-05,
2267,2267.T,"YAKULT HONSHA CO.,LTD.",ok,2461,2026-10-05,
2268,2268.T,"B-R 31 ICE CREAM CO.,LTD.",ok,2461,2026-10-05,
2269,2269.T,"Meiji Holdings Co.,Ltd.",ok,2461,2026-10-05,
2270,2270.T,"MEGMILK SNOW BRAND Co.,Ltd.",ok,2461,2026-10-05,
2281,2281.T,"Prima Meat Packers,Ltd.",ok,2461,2026-10-05,
2282,2282.T,NH Foods Ltd.,ok,2461,2026-10-05,
2286,2286.T,"Hayashikane Sangyo Co.,Ltd.",ok,2461,2026-10-05,
2288,2288.T,"MARUDAI FOOD CO.,LTD.",ok,2461,2026-10-05,
2291,2291.T,"FUKUTOME MEAT PACKERS,LTD.",ok,2461,2026-10-05,
2292,2292.T,S Foods Inc.,ok,2461,2026-10-05,
2293,2293.T,"TAKIZAWA HAM CO.,LTD.",ok,2461,2026-10-05,
2294,2294.T,"Kakiyasu Honten Co.,Ltd.",ok,2461,2026-10-05,
2296,2296.T,ITOHAM YONEKYU HOLDINGS INC.,ok,2461,2026-10-05,
2300,2300.T,"Kyokuto Co.,Ltd.",ok,2461,2026-10-05,
2301,2301.T,"GAKUJO CO.,Ltd.",ok,2461,2026-10-05,
2303,2303.T,Dawn Corporation,ok,2461,2026-10-05,
2304,2304.T,"CSS HOLDINGS,LTD.",ok,2461,2026-10-05,
2305,2305.T,"STUDIO ALICE Co.,Ltd.",ok,2461,2026-10-05,
2307,2307.T,"CROSS CAT CO.,LTD.",ok,2461,2026-10-05,
2311,2311.T,"EPCO Co.,Ltd.",ok,2461,2026-10-05,
2315,2315.T,CAICA DIGITAL Inc.,ok,2461,2026-10-05,
2317,2317.T,Systena Corporation,ok,2461,2026-10-05,
2321,2321.T,Softfront Holdings,ok,2461,2026-10-05,
2323,2323.T,fonfun corporation,ok,2461,2026-10-05,
2325,2325.T,"NJS Co.,Ltd.",ok,2461,2026-10-05,
2326,2326.T,Digital Arts Inc.,ok,2461,2026-10-05,
2327,2327.T,NS Solutions Corporation,ok,2461,2026-10-05,
2329,2329.T,TOHOKUSHINSHA FILM CORPORATION,ok,2461,2026-10-05,
2330,2330.T,"Forside Co.,Ltd.",ok,2461,2026-10-05,
2331,2331.T,"ALSOK CO.,LTD.",ok,2461,2026-10-05,
2332,2332.T,"Quest Co.,Ltd.",ok,2461,2026-10-05,
2334,2334.T,eole Inc.,ok,2160,2026-10-05,
2335,2335.T,CUBE SYSTEM INC.,ok,2461,2026-10-05,
2337,2337.T,Ichigo Inc.,ok,2461,2026-10-05,
2338,2338.T,"Quantum Solutions Co.,Ltd.",ok,2461,2026-10-05,
2340,2340.T,"GOKURAKUYU HOLDINGS CO.,LTD.",ok,2461,2026-10-05,
2341,2341.T,"ARBEIT-TIMES CO.,LTD.",ok,2461,2026-10-05,
2342,2342.T,TRANSGENIC GROUP INC.,ok,2461,2026-10-05,
2345,2345.T,"HODL1,inc.",ok,2461,2026-10-05,
2349,2349.T,"Nippon Information Development Co.,Ltd.",ok,2461,2026-10-05,
2351,2351.T,ASJ INC.,ok,2461,2026-10-05,
2353,2353.T,"NIPPON PARKING DEVELOPMENT Co.,Ltd.",ok,2461,2026-10-05,
2354,2354.T,YE DIGITAL Corporation,ok,2461,2026-10-05,
2359,2359.T,CORE CORPORATION,ok,2461,2026-10-05,
2370,2370.T,"MEDINET Co.,Ltd.",ok,2461,2026-10-05,
2371,2371.T,"Kakaku.com,Inc.",ok,2461,2026-10-05,
2373,2373.T,CARE TWENTYONE CORPORATION,ok,2461,2026-10-05,
2375,2375.T,GiG Works Inc.,ok,2461,2026-10-05,
2376,2376.T,SCINEX CORPORATION,ok,2461,2026-10-05,
2378,2378.T,"RENAISSANCE,INCORPORATED",ok,2461,2026-10-05,
2379,2379.T,dip Corporation,ok,2461,2026-10-05,
2384,2384.T,"SBS Holdings,Inc.",ok,2461,2026-10-05,
2385,2385.T,Soiken Holdings Inc.,ok,2461,2026-10-05,
2388,2388.T,"Wedge Holdings CO.,LTD.",ok,2461,2026-10-05,
2391,2391.T,"PLANET,INC.",ok,2461,2026-10-05,
2393,2393.T,"Nippon Care Supply Co.,Ltd.",ok,2461,2026-10-05,
2395,2395.T,"SHIN NIPPON BIOMEDICAL LABORATORIES,LTD.",ok,2461,2026-10-05,
2404,2404.T,"TETSUJIN Holdings,Inc.",ok,2461,2026-10-05,
2408,2408.T,"KG Intelligence CO.,LTD.",ok,2461,2026-10-05,
2410,2410.T,"CAREER DESIGN CENTER CO.,LTD.",ok,2461,2026-10-05,
2411,2411.T,GENDAI AGENCY INC.,ok,2461,2026-10-05,
2413,2413.T,"M3,Inc.",ok,2461,2026-10-05,
2415,2415.T,"Human Holdings Co.,Ltd.",ok,2461,2026-10-05,
2418,2418.T,TSUKADA GLOBAL HOLDINGS Inc.,ok,2461,2026-10-05,
2424,2424.T,Brass Corporation,ok,2461,2026-10-05,
2425,2425.T,"Care Service Co.,Ltd.",ok,2461,2026-10-05,
2428,2428.T,WELLNET CORPORATION,ok,2461,2026-10-05,
2429,2429.T,"WORLD HOLDINGS CO.,LTD.",ok,2461,2026-10-05,
2432,2432.T,"DeNA Co.,Ltd.",ok,2461,2026-10-05,
2433,2433.T,HAKUHODO DY HOLDINGS INCORPORATED,ok,2461,2026-10-05,
2435,2435.T,"CEDAR.Co.,Ltd",ok,2461,2026-10-05,
2436,2436.T,"KYODO PUBLIC RELATIONS CO.,LTD.",ok,2461,2026-10-05,
2437,2437.T,"SHINWA WISE HOLDINGS CO.,LTD.",ok,2461,2026-10-05,
2438,2438.T,"Asukanet Company,Limited",ok,2461,2026-10-05,
2440,2440.T,"Gurunavi,Inc.",ok,2461,2026-10-05,
2445,2445.T,"Takamiya Co.,Ltd.",ok,2461,2026-10-05,
2449,2449.T,"PRAP Japan,Inc.",ok,2461,2026-10-05,
2454,2454.T,"All About,Inc.",ok,2461,2026-10-05,
2459,2459.T,"AUN CONSULTING,Inc.",ok,2461,2026-10-05,
2461,2461.T,"FAN Communications,Inc.",ok,2461,2026-10-05,
2462,2462.T,"LIKE,Inc.",ok,2461,2026-10-05,
2464,2464.T,"Aoba-BBT,Inc.",ok,2461,2026-10-05,
2469,2469.T,Hibino Corporation,ok,2461,2026-10-05,
2471,2471.T,"S-Pool,Inc.",ok,2461,2026-10-05,
2475,2475.T,"WDB HOLDINGS CO.,LTD.",ok,2461,2026-10-05,
2477,2477.T,"Temairazu,Inc.",ok,2461,2026-10-05,
2479,2479.T,JTEC CORPORATION,ok,2461,2026-10-05,
2480,2480.T,"System Location Co.,Ltd.",ok,2461,2026-10-05,
2481,2481.T,"TOWNNEWS-SHA CO.,LTD.",ok,2461,2026-10-05,
2483,2483.T,HONYAKU Center Inc.,ok,2461,2026-10-05,
2484,2484.T,"DEMAE-CAN CO.,LTD",ok,2461,2026-10-05,
2485,2485.T,TEAR Corporation,ok,2461,2026-10-05,
2488,2488.T,"JTP CO.,LTD.",ok,2461,2026-10-05,
2489,2489.T,Adways Inc.,ok,2461,2026-10-05,
2491,2491.T,"ValueCommerce Co.,Ltd.",ok,2461,2026-10-05,
2492,2492.T,Infomart Corporation,ok,2461,2026-10-05,
2493,2493.T,"E-SUPPORTLINK,Ltd.",ok,2461,2026-10-05,
2497,2497.T,"UNITED,Inc.",ok,2461,2026-10-05,
2498,2498.T,Oriental Consultants Holdings Company Limited,ok,2461,2026-10-05,
2499,2499.T,"NIHONWASOU HOLDINGS,INC.",ok,2461,2026-10-05,
2501,2501.T,SAPPORO BREWERIES LIMITED,ok,2461,2026-10-05,
2502,2502.T,"Asahi Group Holdings,Ltd.",ok,2461,2026-10-05,
2503,2503.T,"Kirin Holdings Company,Limited",ok,2461,2026-10-05,
2531,2531.T,TAKARA HOLDINGS INC.,ok,2461,2026-10-05,
2533,2533.T,"Oenon Holdings,Inc.",ok,2461,2026-10-05,
2573,2573.T,"HOKKAIDO COCA-COLA BOTTLING CO.,LTD.",ok,2461,2026-10-05,
2579,2579.T,Coca-Cola Bottlers Japan Holdings Inc.,ok,2461,2026-10-05,
2585,2585.T,"LIFEDRINK COMPANY,INC.",ok,1169,2026-10-05,
2586,2586.T,FRUTA FRUTA INC.,ok,2461,2026-10-05,
2587,2587.T,Suntory Beverage & Food Limited,ok,2461,2026-10-05,
2588,2588.T,"Premium Water Holdings,Inc.",ok,2461,2026-10-05,
2590,2590.T,"DyDo GROUP HOLDINGS,INC.",ok,2461,2026-10-05,
2593,2593.T,"ITO EN,LTD.",ok,2461,2026-10-05,
25935,25935.T,"Class-A Preferred Stock of ITO EN,LTD.",ok,2461,2026-10-05,
2594,2594.T,KEY COFFEE INC,ok,2461,2026-10-05,
2597,2597.T,UNICAFE INC.,ok,2461,2026-10-05,
2602,2602.T,"The Nisshin OilliO Group,Ltd.",ok,2461,2026-10-05,
2607,2607.T,"FUJI OIL CO.,LTD.",ok,2461,2026-10-05,
2612,2612.T,KADOYA SESAME MILLS INCORPORATED,ok,2461,2026-10-05,
2613,2613.T,"J-OIL MILLS, INC.",ok,2461,2026-10-05,
2652,2652.T,MANDARAKE INC.,ok,2461,2026-10-05,
2653,2653.T,"AEON KYUSHU CO.,LTD.",ok,2461,2026-10-05,
2654,2654.T,ASMO CORPORATION,ok,2461,2026-10-05,
2656,2656.T,Vector HOLDINGS Inc.,ok,2461,2026-10-05,
2659,2659.T,"SAN-A CO.,LTD.",ok,2461,2026-10-05,
2664,2664.T,CAWACHI LIMITED,ok,2461,2026-10-05,
2666,2666.T,"AUTOWAVE Co.,Ltd.",ok,2461,2026-10-05,
2667,2667.T,"ImageONE Co.,Ltd.",ok,2461,2026-10-05,
2668,2668.T,Tabio Corporation,ok,2461,2026-10-05,
2669,2669.T,"Kanemi Co.,Ltd.",ok,2461,2026-10-05,
2670,2670.T,"ABC-MART,INC.",ok,2461,2026-10-05,
2673,2673.T,"YUMEMITSUKETAI Co.,Ltd.",ok,2461,2026-10-05,
2674,2674.T,"HARD OFF CORPORATION Co.,Ltd.",ok,2461,2026-10-05,
2676,2676.T,"TAKACHIHO KOHEKI CO.,LTD.",ok,2461,2026-10-05,
2678,2678.T,ASKUL Corporation,ok,2461,2026-10-05,
2681,2681.T,GEO HOLDINGS CORPORATION,ok,2461,2026-10-05,
2683,2683.T,"UOGroup CO.,LTD.",ok,2461,2026-10-05,
2685,2685.T,"and ST HD Co.,Ltd.",ok,2461,2026-10-05,
2687,2687.T,CVS Bay Area Inc.,ok,2461,2026-10-05,
2689,2689.T,"OLBA DVx HEALTHCARE,Inc.",ok,2461,2026-10-05,
2693,2693.T,YKT CORPORATION,ok,2461,2026-10-05,
2694,2694.T,Yakiniku Sakai Holdings Inc.,ok,2461,2026-10-05,
2695,2695.T,"Kura Sushi,Inc.",ok,2461,2026-10-05,
2698,2698.T,"CAN DO CO.,LTD.",ok,2461,2026-10-05,
2700,2700.T,"KITOKU SHINRYO CO.,LTD.",ok,2461,2026-10-05,
2702,2702.T,"McDonald's Holdings Company(Japan),Ltd.",ok,2461,2026-10-05,
2705,2705.T,"OOTOYA Holdings Co.,Ltd.",ok,2461,2026-10-05,
2708,2708.T,"KUZE CO.,LTD.",ok,2461,2026-10-05,
2721,2721.T,J-Holdings Corp.,ok,2461,2026-10-05,
2722,2722.T,"IK HOLDINGS Co.,Ltd.",ok,2461,2026-10-05,
2726,2726.T,"PAL GROUP Holdings CO.,LTD",ok,2461,2026-10-05,
2730,2730.T,EDION Corporation,ok,2461,2026-10-05,
2733,2733.T,ARATA CORPORATION,ok,2461,2026-10-05,
2734,2734.T,SALA CORPORATION,ok,2461,2026-10-05,
2735,2735.T,"WATTS CO.,LTD.",ok,2461,2026-10-05,
2736,2736.T,"Festaria Holdings Co.,Ltd.",ok,2461,2026-10-05,
2737,2737.T,TOMEN DEVICES CORPORATION,ok,2461,2026-10-05,
2742,2742.T,"HALOWS CO.,LTD.",ok,2461,2026-10-05,
2747,2747.T,"Hokuyu Lucky Co.,Ltd.",ok,2461,2026-10-05,
2749,2749.T,"JP-HOLDINGS,INC.",ok,2461,2026-10-05,
2750,2750.T,"S.ISHIMITSU&CO.,LTD.",ok,2461,2026-10-05,
2751,2751.T,"TENPOS HOLDINGS Co.,Ltd.",ok,2461,2026-10-05,
2752,2752.T,FUJIO FOOD GROUP INC.,ok,2461,2026-10-05,
2753,2753.T,"AMIYAKI TEI CO.,LTD.",ok,2461,2026-10-05,
2760,2760.T,TOKYO ELECTRON DEVICE LIMITED,ok,2461,2026-10-05,
2762,2762.T,"SANKO MARKETING FOODS CO.,LTD.",ok,2461,2026-10-05,
2764,2764.T,Hiramatsu Inc.,ok,2461,2026-10-05,
2767,2767.T,TSUBURAYA FIELDS HOLDINGS INC.,ok,2461,2026-10-05,
2768,2768.T,Sojitz Corporation,ok,2461,2026-10-05,
2769,2769.T,"Village Vanguard CO.,LTD.",ok,2461,2026-10-05,
2776,2776.T,"SHINTO Holdings,Inc.",ok,2461,2026-10-05,
2778,2778.T,"PALEMO HOLDINGS CO.,LTD.",ok,2461,2026-10-05,
2780,2780.T,"Komehyo Holdings Co.,Ltd.",ok,2461,2026-10-05,
2782,2782.T,"Seria Co.,Ltd.",ok,2461,2026-10-05,
2784,2784.T,Alfresa Holdings Corporation,ok,2461,2026-10-05,
2788,2788.T,"APPLE INTERNATIONAL CO.,LTD.",ok,2461,2026-10-05,
2789,2789.T,"Karula Co.,LTD.",ok,2461,2026-10-05,
2790,2790.T,"NAFCO Co.,Ltd.",ok,2461,2026-10-05,
2791,2791.T,"DAIKOKUTENBUSSAN CO.,LTD.",ok,2461,2026-10-05,
2792,2792.T,"HONEYS HOLDINGS CO.,LTD.",ok,2461,2026-10-05,
2795,2795.T,NIPPON PRIMEX INC.,ok,2461,2026-10-05,
2796,2796.T,Pharmarise Holdings Corporation,ok,2461,2026-10-05,
2798,2798.T,Y's table corporation,ok,2461,2026-10-05,
2801,2801.T,KIKKOMAN CORPORATION,ok,2461,2026-10-05,
2802,2802.T,"Ajinomoto Co.,Inc.",ok,2461,2026-10-05,
2804,2804.T,"BULL-DOG SAUCE CO.,LTD.",ok,2461,2026-10-05,
2805,2805.T,S&B FOODS INC.,ok,2461,2026-10-05,
2806,2806.T,YUTAKA FOODS CORPORATION,ok,2461,2026-10-05,
2809,2809.T,Kewpie Corporation,ok,2461,2026-10-05,
2810,2810.T,House Foods Group Inc.,ok,2461,2026-10-05,
2811,2811.T,"KAGOME CO.,LTD.",ok,2461,2026-10-05,
2813,2813.T,"Wakou Shokuhin Co.,Ltd.",ok,2461,2026-10-05,
2814,2814.T,"SATO FOODS INDUSTRIES CO.,LTD.",ok,2461,2026-10-05,
2815,2815.T,"ARIAKE JAPAN Co.,Ltd.",ok,2461,2026-10-05,
2816,2816.T,"DAISHO CO.,LTD.",ok,2461,2026-10-05,
2818,2818.T,"PIETRO Co.,Ltd.",ok,2461,2026-10-05,
2819,2819.T,"EBARA Foods Industry,Inc.",ok,2461,2026-10-05,
2820,2820.T,Yamami Company,ok,2461,2026-10-05,
2831,2831.T,HAGOROMO FOODS CORPORATION,ok,2461,2026-10-05,
2871,2871.T,NICHIREI CORPORATION,ok,2461,2026-10-05,
2872,2872.T,"SEIHYO CO.,LTD.",ok,2461,2026-10-05,
2874,2874.T,"YOKOREI CO.,LTD.",ok,2461,2026-10-05,
2875,2875.T,"TOYO SUISAN KAISHA,LTD.",ok,2461,2026-10-05,
2876,2876.T,Delsole Corporation,ok,2461,2026-10-05,
2877,2877.T,NittoBest Corporation,ok,2461,2026-10-05,
2882,2882.T,"EAT&HOLDINGS Co.,Ltd",ok,2461,2026-10-05,
2883,2883.T,"DAIREI CO.,LTD.",ok,2461,2026-10-05,
2884,2884.T,Yoshimura Food Holdings K.K.,ok,2461,2026-10-05,
2892,2892.T,"NIHON SHOKUHIN KAKO CO.,LTD.",ok,2461,2026-10-05,
2894,2894.T,"Ishii Food Co.,Ltd.",ok,2461,2026-10-05,
2897,2897.T,"NISSIN FOODS HOLDINGS CO.,LTD.",ok,2461,2026-10-05,
2901,2901.T,Wel-Dish.Incorporated,ok,2461,2026-10-05,
2903,2903.T,"SHINOBU FOODS PRODUCTS CO.,LTD.",ok,2461,2026-10-05,
2904,2904.T,"ICHIMASA KAMABOKO CO.,LTD.",ok,2461,2026-10-05,
2907,2907.T,"AHJIKAN CO.,LTD.",ok,2461,2026-10-05,
2908,2908.T,"FUJICCO CO.,LTD.",ok,2461,2026-10-05,
2910,2910.T,"ROCK FIELD CO.,LTD.",ok,2461,2026-10-05,
2911,2911.T,"ASAHIMATSU FOODS CO.,LTD.",ok,2461,2026-10-05,
2914,2914.T,JAPAN TOBACCO INC.,ok,2461,2026-10-05,
2915,2915.T,"KENKO Mayonnaise Co.,Ltd.",ok,2461,2026-10-05,
2916,2916.T,"Semba Tohka Industries Co.,Ltd",ok,2461,2026-10-05,
2917,2917.T,"OHMORIYA Co.,LTD.",ok,2461,2026-10-05,
2918,2918.T,"WARABEYA NICHIYO HOLDINGS CO.,LTD.",ok,2461,2026-10-05,
2922,2922.T,"NATORI CO.,LTD.",ok,2461,2026-10-05,
2923,2923.T,"SATO FOODS CO.,LTD.",ok,2461,2026-10-05,
2924,2924.T,"Ifuji Sangyo Co.,Ltd.",ok,2461,2026-10-05,
2926,2926.T,"SHINOZAKIYA,INC.",ok,2461,2026-10-05,
2927,2927.T,"AFC-HD AMS Life Science Co.,Ltd.",ok,2461,2026-10-05,
2929,2929.T,"Pharma Foods International Co.,Ltd.",ok,2461,2026-10-05,
2930,2930.T,Kitanotatsujin Corporation,ok,2461,2026-10-05,
2931,2931.T,"Euglena Co.,Ltd.",ok,2461,2026-10-05,
2932,2932.T,"STI Foods Holdings,Inc.",ok,1472,2026-10-05,
2933,2933.T,KIBUN FOODS INC.,ok,1338,2026-10-05,
2934,2934.T,"J Frontier Co.,Ltd.",ok,1247,2026-10-05,
2935,2935.T,"PICKLES HOLDINGS CO.,LTD.",ok,999,2026-10-05,
2936,2936.T,"BASE FOOD,Inc.",ok,950,2026-10-05,
2937,2937.T,"St.Cousair CO.,LTD.",ok,925,2026-10-05,
2938,2938.T,"Okamura Foods Co.,Ltd.",ok,736,2026-10-05,
2961,2961.T,NITCHO CORPORATION,ok,1198,2026-10-05,
2962,2962.T,"TECNISCO,LTD.",ok,779,2026-10-05,
2970,2970.T,"GLC GROUP,INC.",ok,1900,2026-10-05,
2975,2975.T,"Star Mica Holdings Co.,Ltd.",ok,1792,2026-10-05,
2978,2978.T,TSUKURUBA Inc.,ok,1751,2026-10-05,
2980,2980.T,SRE Holdings Corporation,ok,1656,2026-10-05,
2981,2981.T,Landix Inc.,ok,1656,2026-10-05,
2982,2982.T,"A.D.Works Group Co.,Ltd.",ok,1590,2026-10-05,
2983,2983.T,"Arr Planner Co.,Ltd.",ok,1380,2026-10-05,
2984,2984.T,"Yamaichi Real Estate Co.,Ltd",ok,1050,2026-10-05,
2986,2986.T,"LA Holdings Co.,Ltd.",ok,1529,2026-10-05,
2991,2991.T,LANDNET Inc.,ok,1271,2026-10-05,
2993,2993.T,Choei Inc.,ok,1166,2026-10-05,
2997,2997.T,"STORAGE-OH Co.,Ltd.",ok,1084,2026-10-05,
2998,2998.T,CREAL Inc.,ok,1083,2026-10-05,
2999,2999.T,"Home Position Co.,Ltd.",ok,1047,2026-10-05,
3001,3001.T,"Katakura Industries Co.,Ltd.",ok,2461,2026-10-05,
3002,3002.T,GUNZE LIMITED,ok,2461,2026-10-05,
3003,3003.T,"Hulic Co.,Ltd.",ok,2461,2026-10-05,
3004,3004.T,SHINYEI KAISHA,ok,2461,2026-10-05,
3010,3010.T,"Polaris Holdings Co.,Ltd.",ok,2461,2026-10-05,
3011,3011.T,"BANNERS CO.,LTD.",ok,2461,2026-10-05,
3020,3020.T,"Applied Co.,Ltd.",ok,2461,2026-10-05,
3021,3021.T,"Pacific Net Co.,Ltd.",ok,2461,2026-10-05,
3023,3023.T,Rasa Corporation,ok,2461,2026-10-05,
3024,3024.T,CREATE CORPORATION,ok,2461,2026-10-05,
3028,3028.T,"Alpen Co.,Ltd.",ok,2461,2026-10-05,
3030,3030.T,"HUB CO.,LTD.",ok,2461,2026-10-05,
3031,3031.T,"RACCOON HOLDINGS,Inc.",ok,2461,2026-10-05,
3034,3034.T,"Qol Holdings Co.,Ltd.",ok,2461,2026-10-05,
3035,3035.T,ktk INC.,ok,2461,2026-10-05,
3036,3036.T,ALCONIX CORPORATION,ok,2461,2026-10-05,
3038,3038.T,"KOBE BUSSAN CO.,LTD.",ok,2461,2026-10-05,
3040,3040.T,SOLITON SYSTEMS K.K.,ok,2461,2026-10-05,
3041,3041.T,"Beauty Kadan Holdings Co.,Ltd.",ok,2461,2026-10-05,
3042,3042.T,SecuAvail Inc.,ok,2461,2026-10-05,
3045,3045.T,"Kawasaki & Co.,Ltd.",ok,2461,2026-10-05,
3046,3046.T,JINS HOLDINGS Inc.,ok,2461,2026-10-05,
3048,3048.T,BIC CAMERA INC.,ok,2461,2026-10-05,
3050,3050.T,"DCM Holdings Co.,Ltd.",ok,2461,2026-10-05,
3053,3053.T,"PEPPER FOOD SERVICE CO.,LTD.",ok,2461,2026-10-05,
3054,3054.T,HYPER Inc.,ok,2461,2026-10-05,
3058,3058.T,Sanyodo Holdings Inc.,ok,2461,2026-10-05,
3059,3059.T,"HIRAKI CO.,LTD.",ok,2461,2026-10-05,
3063,3063.T,j-Group Holdings Corp.,ok,2461,2026-10-05,
3064,3064.T,"MonotaRO Co.,Ltd.",ok,2461,2026-10-05,
3065,3065.T,"Life Foods Co.,Ltd.",ok,2461,2026-10-05,
3067,3067.T,"TOKYO ICHIBAN FOODS CO.,LTD.",ok,2461,2026-10-05,
3068,3068.T,WDI Corporation,ok,2461,2026-10-05,
3069,3069.T,JFLA Holdings Inc.,ok,2461,2026-10-05,
3070,3070.T,"JELLY BEANS GROUP Co.,Ltd.",ok,2461,2026-10-05,
3071,3071.T,"Stream Co.,Ltd.",ok,2461,2026-10-05,
3075,3075.T,"Choushimaru Co.,Ltd.",ok,2461,2026-10-05,
3076,3076.T,Ai Holdings Corporation,ok,2461,2026-10-05,
3077,3077.T,"Horiifoodservice Co.,Ltd.",ok,2461,2026-10-05,
3080,3080.T,"JASON CO.,LTD.",ok,2461,2026-10-05,
3082,3082.T,"KICHIRI HOLDINGS & Co.,Ltd.",ok,2461,2026-10-05,
3083,3083.T,"Star seeds Co.,Ltd.",ok,2461,2026-10-05,
3086,3086.T,"J.FRONT RETAILING Co.,Ltd.",ok,2461,2026-10-05,
3087,3087.T,"DOUTOR・NICHIRES Holdings Co.,Ltd.",ok,2461,2026-10-05,
3088,3088.T,MatsukiyoCocokara & Co.,ok,2461,2026-10-05,
3089,3089.T,"Techno Alpha Co.,Ltd.",ok,2461,2026-10-05,
3091,3091.T,"BRONCO BILLY Co.,LTD.",ok,2461,2026-10-05,
3092,3092.T,"ZOZO,Inc.",ok,2461,2026-10-05,
3093,3093.T,"Treasure Factory Co.,LTD.",ok,2461,2026-10-05,
3096,3096.T,OCEAN SYSTEM CORPORATION,ok,2461,2026-10-05,
3097,3097.T,The Monogatari Corporation,ok,2461,2026-10-05,
3099,3099.T,Isetan Mitsukoshi Holdings Ltd.,ok,2461,2026-10-05,
3101,3101.T,"TOYOBO CO.,LTD.",ok,2461,2026-10-05,
3103,3103.T,UNITIKA LTD.,ok,2461,2026-10-05,
3104,3104.T,"Fujibo Holdings,Inc.",ok,2461,2026-10-05,
3105,3105.T,Nisshinbo Holdings Inc.,ok,2461,2026-10-05,
3106,3106.T,KURABO INDUSTRIES LTD.,ok,2461,2026-10-05,
3107,3107.T,"Daiwabo Holdings Co.,Ltd.",ok,2461,2026-10-05,
3109,3109.T,SHIKIBO LTD.,ok,2461,2026-10-05,
3110,3110.T,"NITTO BOSEKI CO.,LTD.",ok,2461,2026-10-05,
3111,3111.T,"OMIKENSHI CO.,LTD.",ok,2461,2026-10-05,
3113,3113.T,UNIVA Oak Holdings Limited,ok,2461,2026-10-05,
3116,3116.T,TOYOTA BOSHOKU CORPORATION,ok,2461,2026-10-05,
3121,3121.T,"MBK Co.,Ltd.",ok,2461,2026-10-05,
3123,3123.T,"SAIBO Co.,Ltd.",ok,2461,2026-10-05,
3131,3131.T,SHINDEN HIGHTEX CORPORATION,ok,2461,2026-10-05,
3132,3132.T,"MACNICA HOLDINGS,INC.",ok,2461,2026-10-05,
3133,3133.T,"kaihan co.,Ltd.",ok,2461,2026-10-05,
3134,3134.T,Hamee Corp.,ok,2461,2026-10-05,
3135,3135.T,"MarketEnterprise Co.,Ltd",ok,2461,2026-10-05,
3137,3137.T,"Fundely Co.,Ltd.",ok,2461,2026-10-05,
3138,3138.T,"Fujisan Magazine Service Co.,Ltd.",ok,2461,2026-10-05,
3139,3139.T,"Lacto Japan Co.,Ltd.",ok,2461,2026-10-05,
3140,3140.T,"BRUNO,Inc.",ok,2461,2026-10-05,
3143,3143.T,O'will Corporation,ok,2461,2026-10-05,
3148,3148.T,"CREATE SD HOLDINGS CO.,LTD.",ok,2461,2026-10-05,
3150,3150.T,"grems,Inc.",ok,2461,2026-10-05,
3151,3151.T,"VITAL KSK HOLDINGS,INC.",ok,2461,2026-10-05,
3153,3153.T,"Yashima Denki Co.,Ltd.",ok,2461,2026-10-05,
3154,3154.T,"MEDIUS HOLDINGS Co.,Ltd.",ok,2461,2026-10-05,
3156,3156.T,Restar Corporation,ok,2461,2026-10-05,
3157,3157.T,GEOLIVE Group Corporation,ok,2461,2026-10-05,
3159,3159.T,"Maruzen CHI Holdings Co.,Ltd.",ok,2461,2026-10-05,
3160,3160.T,"OOMITSU CO.,LTD.",ok,2461,2026-10-05,
3161,3161.T,AZEARTH Corporation,ok,2461,2026-10-05,
3166,3166.T,"OCHI HOLDINGS CO.,LTD.",ok,2461,2026-10-05,
3167,3167.T,TOKAI Holdings Corporation,ok,2461,2026-10-05,
3168,3168.T,MERF Inc.,ok,2461,2026-10-05,
3169,3169.T,"Misawa & Co.,Ltd.",ok,2461,2026-10-05,
3172,3172.T,"Tea Life Co.,Ltd.",ok,2461,2026-10-05,
3173,3173.T,"Cominix Co.,Ltd.",ok,2461,2026-10-05,
3174,3174.T,"Happiness and D Co.,Ltd.",ok,2461,2026-10-05,
3175,3175.T,"AP HOLDINGS CO.,LTD.",ok,2461,2026-10-05,
3176,3176.T,"Sanyo Trading Co.,Ltd.",ok,2461,2026-10-05,
3177,3177.T,"ARIGATOU SERVICES COMPANY,LIMITED",ok,2461,2026-10-05,
3178,3178.T,"CHIMNEY CO.,LTD.",ok,2461,2026-10-05,
3179,3179.T,"Syuppin Co.,Ltd.",ok,2461,2026-10-05,
3180,3180.T,BEAUTY GARAGE Inc.,ok,2461,2026-10-05,
3181,3181.T,"KAITORI OKOKU CO.,LTD.",ok,2461,2026-10-05,
3182,3182.T,Oisix Inc.,ok,2461,2026-10-05,
3183,3183.T,"WIN-Partners Co.,Ltd.",ok,2461,2026-10-05,
3184,3184.T,"International Conglomerate of Distribution for Automobile Holdings Co.,Ltd.",ok,2461,2026-10-05,
3185,3185.T,"DREAM VISION CO.,LTD.",ok,2461,2026-10-05,
3186,3186.T,"NEXTAGE Co.,Ltd.",ok,2461,2026-10-05,
3187,3187.T,miratap inc.,ok,2461,2026-10-05,
3189,3189.T,ANAP HOLDINGS INC.,ok,2461,2026-10-05,
3190,3190.T,"HOTMAN Co.,Ltd.",ok,2461,2026-10-05,
3191,3191.T,"JOYFUL HONDA CO.,LTD.",ok,2461,2026-10-05,
3192,3192.T,"Shirohato Co.,Ltd.",ok,2461,2026-10-05,
3193,3193.T,"Eternal Hospitality Group Co.,Ltd.",ok,2461,2026-10-05,
3195,3195.T,"GENERATION PASS CO.,LTD.",ok,2461,2026-10-05,
3196,3196.T,"HOTLAND HOLDINGS Co.,Ltd.",ok,2461,2026-10-05,
3197,3197.T,"SKYLARK HOLDINGS CO.,LTD.",ok,2461,2026-10-05,
3199,3199.T,"Watahan & Co.,Ltd.",ok,2461,2026-10-05,
3201,3201.T,"THE JAPAN WOOL TEXTILE CO.,LTD.",ok,2461,2026-10-05,
3202,3202.T,"Daitobo Co.,Ltd.",ok,2461,2026-10-05,
3204,3204.T,Toabo Corporation,ok,2461,2026-10-05,
3205,3205.T,DAIDOH LIMITED,ok,2461,2026-10-05,
3221,3221.T,"Yossix Holdings Co.,Ltd.",ok,2461,2026-10-05,
3222,3222.T,United Super Markets Holdings Inc.,ok,2461,2026-10-05,
3223,3223.T,SLD Entertainment Inc.,ok,2461,2026-10-05,
3224,3224.T,"General Oyster,Inc.",ok,2461,2026-10-05,
3231,3231.T,"Nomura Real Estate Holdings,Inc.",ok,2461,2026-10-05,
3232,3232.T,"Mie Kotsu Group Holdings,Inc.",ok,2461,2026-10-05,
3236,3236.T,"PROPERST CO.,LTD.",ok,2461,2026-10-05,
3237,3237.T,"INTRANCE CO.,LTD.",ok,2461,2026-10-05,
3238,3238.T,"CENTRAL GENERAL DEVELOPMENT CO.,LTD.",ok,2461,2026-10-05,
3241,3241.T,"WILL,Co.,Ltd.",ok,2461,2026-10-05,
3242,3242.T,"URBANET CORPORATION CO.,LTD.",ok,2461,2026-10-05,
3245,3245.T,"DEAR LIFE CO.,LTD.",ok,2461,2026-10-05,
3246,3246.T,"KOSE R.E. Co.,Ltd.",ok,2461,2026-10-05,
3248,3248.T,"EARLY AGE CO.,Ltd.",ok,2461,2026-10-05,
3252,3252.T,"JINUSHI Co.,Ltd.",ok,2461,2026-10-05,
3261,3261.T,"GRANDES,Inc.",ok,2461,2026-10-05,
3266,3266.T,"Fund Creation Group Co.,Ltd.",ok,2461,2026-10-05,
3267,3267.T,"Phil Company,Inc.",ok,2430,2026-10-05,
3276,3276.T,"Japan Property Management Center Co.,Ltd.",ok,2461,2026-10-05,
3277,3277.T,"Sansei Landic Co.,Ltd",ok,2461,2026-10-05,
3280,3280.T,"STrust Co.,Ltd.",ok,2461,2026-10-05,
3284,3284.T,"Hoosiers Holdings Co.,Ltd.",ok,2461,2026-10-05,
3286,3286.T,TRUST Holdings Inc.,ok,2461,2026-10-05,
3288,3288.T,"Open House Group Co.,Ltd.",ok,2461,2026-10-05,
3289,3289.T,Tokyu Fudosan Holdings Corporation,ok,2461,2026-10-05,
3291,3291.T,"Iida Group Holdings Co.,Ltd.",ok,2461,2026-10-05,
3293,3293.T,"AZUMA HOUSE Co.,Ltd.",ok,2461,2026-10-05,
3297,3297.T,"Toubujyuhan Co.,Ltd.",ok,2461,2026-10-05,
3299,3299.T,"MUGEN ESTATE Co.,Ltd.",ok,2461,2026-10-05,
3300,3300.T,"AMBITION DX HOLDINGS Co.,Ltd.",ok,2461,2026-10-05,
3302,3302.T,"TEIKOKU SEN-I Co.,Ltd.",ok,2461,2026-10-05,
3306,3306.T,"THE NIHON SEIMA CO.,LTD.",ok,2461,2026-10-05,
3315,3315.T,"NIPPON COKE & ENGINEERING COMPANY,LIMITED",ok,2461,2026-10-05,
3317,3317.T,"FLYING GARDEN CO.,LTD.",ok,2461,2026-10-05,
3320,3320.T,CROSS PLUS INC.,ok,2461,2026-10-05,
3321,3321.T,"MITACHI CO.,LTD.",ok,2461,2026-10-05,
3323,3323.T,"RECOMM CO.,LTD.",ok,2461,2026-10-05,
3326,3326.T,"RUNSYSTEM CO.,LTD.",ok,2461,2026-10-05,
3329,3329.T,"TOWA FOOD SERVICE CO.,LTD.",ok,2461,2026-10-05,
3333,3333.T,"ASAHI CO.,LTD.",ok,2461,2026-10-05,
3349,3349.T,COSMOS Pharmaceutical Corporation,ok,2461,2026-10-05,
3350,3350.T,Metaplanet Inc.,ok,2461,2026-10-05,
3352,3352.T,"BUFFALO CO.,LTD.",ok,2461,2026-10-05,
3353,3353.T,"Medical Ikkou Group Co.,Ltd.",ok,2461,2026-10-05,
3355,3355.T,KURIYAMA HOLDINGS CORPORATION,ok,2461,2026-10-05,
3358,3358.T,"Trailhead Global Holdings,Inc.",ok,2461,2026-10-05,
3359,3359.T,"cotta CO.,LTD",ok,2461,2026-10-05,
3360,3360.T,"SHIP HEALTHCARE HOLDINGS,INC.",ok,2461,2026-10-05,
3361,3361.T,"Toell Co.,Ltd.",ok,2461,2026-10-05,
3370,3370.T,"FUJITA CORPORATION Co.,Ltd.",ok,2461,2026-10-05,
3371,3371.T,SOFTCREATE HOLDINGS CORP.,ok,2461,2026-10-05,
3372,3372.T,"KANMONKAI Co.,Ltd.",ok,2461,2026-10-05,
3374,3374.T,Naigai Tec Corporation,ok,2461,2026-10-05,
3375,3375.T,ZOA CORPORATION,ok,2461,2026-10-05,
3377,3377.T,BIKE O & COMPANY Ltd.,ok,2461,2026-10-05,
3382,3382.T,"Seven & i Holdings Co.,Ltd.",ok,2461,2026-10-05,
3386,3386.T,"COSMO BIO COMPANY,LIMITED",ok,2461,2026-10-05,
3387,3387.T,create restaurants holdings inc.,ok,2461,2026-10-05,
3388,3388.T,"MEIJI ELECTRIC INDUSTRIES CO.,LTD.",ok,2461,2026-10-05,
3391,3391.T,TSURUHA HOLDINGS INC.,ok,2461,2026-10-05,
3392,3392.T,"DELICA FOODS HOLDINGS CO.,LTD.",ok,2461,2026-10-05,
3393,3393.T,"Startia Holdings,Inc.",ok,2461,2026-10-05,
3395,3395.T,"Saint Marc Holdings Co.,Ltd.",ok,2461,2026-10-05,
3396,3396.T,FELISSIMO CORPORATION,ok,2461,2026-10-05,
3397,3397.T,TORIDOLL Holdings Corporation,ok,2461,2026-10-05,
3399,3399.T,Maruchiyo Yamaokaya Corporation,ok,2461,2026-10-05,
3401,3401.T,TEIJIN LIMITED,ok,2461,2026-10-05,
3402,3402.T,"TORAY INDUSTRIES,INC.",ok,2461,2026-10-05,
3405,3405.T,"KURARAY CO.,LTD.",ok,2461,2026-10-05,
3407,3407.T,ASAHI KASEI CORPORATION,ok,2461,2026-10-05,
3409,3409.T,"KITABO CO.,LTD",ok,2461,2026-10-05,
3415,3415.T,"TOKYO BASE Co.,Ltd.",ok,2461,2026-10-05,
3416,3416.T,PIXTA Inc.,ok,2461,2026-10-05,
3417,3417.T,"OHKI HEALTHCARE HOLDINGS CO.,LTD.",ok,2461,2026-10-05,
3418,3418.T,"BALNIBARBI Co.,Ltd.",ok,2461,2026-10-05,
3420,3420.T,KFC Ltd,ok,2461,2026-10-05,
3421,3421.T,"INABA SEISAKUSHO Co.,Ltd.",ok,2461,2026-10-05,
3422,3422.T,"J-MAX Co.,Ltd.",ok,1360,2026-10-05,
3423,3423.T,S E Corporation,ok,2461,2026-10-05,
3426,3426.T,"ATOM LIVIN TECH Co.,Ltd.",ok,2461,2026-10-05,
3431,3431.T,"MIYAJI ENGINEERING GROUP,INC.",ok,2461,2026-10-05,
3433,3433.T,"TOCALO Co.,Ltd.",ok,2461,2026-10-05,
3434,3434.T,ALPHA Corporation,ok,2461,2026-10-05,
3435,3435.T,"SANKO TECHNO CO.,LTD.",ok,2461,2026-10-05,
3436,3436.T,SUMCO CORPORATION,ok,2461,2026-10-05,
3437,3437.T,"TOKUDEN CO.,LTD.",ok,2461,2026-10-05,
3439,3439.T,Mitsuchi Corporation,ok,2461,2026-10-05,
3440,3440.T,"NISSO GROUP Co.,Ltd.",ok,1761,2026-10-05,
3441,3441.T,"SANNO Co.,Ltd.",ok,2461,2026-10-05,
3443,3443.T,"KAWADA TECHNOLOGIES,INC.",ok,2461,2026-10-05,
3444,3444.T,"KIKUCHI SEISAKUSHO CO.,LTD.",ok,2461,2026-10-05,
3445,3445.T,"RS Technologies Co.,Ltd.",ok,2461,2026-10-05,
3446,3446.T,JTEC CORPORATION,ok,2107,2026-10-05,
3447,3447.T,"Shinwa Co.,Ltd.",ok,2094,2026-10-05,
3449,3449.T,TECHNOFLEX CORPORATION,ok,1663,2026-10-05,
3452,3452.T,B-Lot Company Limited,ok,2461,2026-10-05,
3454,3454.T,"First Brothers Co.,Ltd.",ok,2461,2026-10-05,
3457,3457.T,"&Do Holdings Co.,Ltd.",ok,2461,2026-10-05,
3461,3461.T,"Palma Co.,Ltd.",ok,2461,2026-10-05,
3465,3465.T,"KI-STAR REAL ESTATE CO.,LTD",ok,2461,2026-10-05,
3467,3467.T,Agratio urban design Inc.,ok,2461,2026-10-05,
3469,3469.T,"Dualtap Co.,Ltd.",ok,2461,2026-10-05,
3474,3474.T,"G-FACTORY CO.,LTD.",ok,2461,2026-10-05,
3475,3475.T,"Good Com Asset Co.,Ltd.",ok,2419,2026-10-05,
3477,3477.T,"FORLIFE Co.,Ltd.",ok,2408,2026-10-05,
3479,3479.T,TKP Corporation,ok,2346,2026-10-05,
3482,3482.T,Loadstar Capital K.K.,ok,2217,2026-10-05,
3484,3484.T,"Innovation Holdings CO.,LTD.",ok,2198,2026-10-05,
3486,3486.T,GLOBAL LINK MANAGEMENT INC.,ok,2163,2026-10-05,
3489,3489.T,"FaithNetwork Co.,Ltd",ok,2096,2026-10-05,
3490,3490.T,"Azplanning Co.,Ltd.",ok,2087,2026-10-05,
3491,3491.T,"GAtechnologies Co.,Ltd.",ok,2003,2026-10-05,
3494,3494.T,"Mullion Co.,Ltd.",ok,1967,2026-10-05,
3495,3495.T,"Koryojyuhan Co.,Ltd.",ok,1967,2026-10-05,
3496,3496.T,"AZOOM CO.,LTD",ok,1962,2026-10-05,
3498,3498.T,"Kasumigaseki Capital Co.,Ltd.",ok,1913,2026-10-05,
3501,3501.T,"SUMINOE Co.,Ltd.",ok,2461,2026-10-05,
3512,3512.T,Nippon Felt Company Limited,ok,2461,2026-10-05,
3513,3513.T,"ICHIKAWA CO.,LTD.",ok,2461,2026-10-05,
3521,3521.T,"THERMAE-YU HOLDINGS CO.,LTD.",ok,2461,2026-10-05,
3524,3524.T,"NITTO SEIMO CO.,LTD.",ok,2461,2026-10-05,
3529,3529.T,"ATSUGI CO.,LTD.",ok,2461,2026-10-05,
3536,3536.T,"AXAS HOLDINGS CO.,LTD.",ok,2461,2026-10-05,
3537,3537.T,"SHOEI YAKUHIN CO.,LTD.",ok,2461,2026-10-05,
3538,3538.T,WILLPLUS Holdings Corporation,ok,2461,2026-10-05,
3539,3539.T,"JM HOLDINGS CO.,LTD.",ok,2461,2026-10-05,
3542,3542.T,"Vega corporation Co.,Ltd.",ok,2461,2026-10-05,
3543,3543.T,"KOMEDA Holdings Co.,Ltd.",ok,2461,2026-10-05,
3544,3544.T,"SATUDORA HOLDINGS CO.,LTD.",ok,2461,2026-10-05,
3547,3547.T,UNISIA HOLDINGS CO.,ok,2461,2026-10-05,
3548,3548.T,BAROQUE JAPAN LIMITED,ok,2445,2026-10-05,
3549,3549.T,"KUSURI NO AOKI HOLDINGS CO.,LTD.",ok,2461,2026-10-05,
3550,3550.T,"STUDIO ATAO Co.,Ltd.",ok,2426,2026-10-05,
3551,3551.T,DYNIC CORPORATION,ok,2461,2026-10-05,
3553,3553.T,"KYOWA LEATHER CLOTH CO.,LTD.",ok,2461,2026-10-05,
3556,3556.T,"RenetJapanGroup,Inc.",ok,2411,2026-10-05,
3557,3557.T,UNITED&COLLECTIVE CO.LTD.,ok,2367,2026-10-05,
3558,3558.T,"JADE GROUP,Inc.",ok,2360,2026-10-05,
3559,3559.T,p-ban.com Corp.,ok,2358,2026-10-05,
3560,3560.T,"Hobonichi Co.,Ltd.",ok,2352,2026-10-05,
3561,3561.T,"CHIKARANOMOTO HOLDINGS Co.,Ltd.",ok,2350,2026-10-05,
3562,3562.T,"No.1 Co.,Ltd",ok,2344,2026-10-05,
3563,3563.T,FOOD & LIFE COMPANIES LTD.,ok,2343,2026-10-05,
3565,3565.T,Ascentech K.K.,ok,2325,2026-10-05,
3566,3566.T,"UNIFORM NEXT CO.,LTD.",ok,2267,2026-10-05,
3569,3569.T,"SEIREN CO.,LTD.",ok,2461,2026-10-05,
3571,3571.T,"SOTOH CO.,LTD.",ok,2461,2026-10-05,
3577,3577.T,Tokai Senko K.K.,ok,2461,2026-10-05,
3580,3580.T,"KOMATSU MATERE Co.,Ltd.",ok,2461,2026-10-05,
3583,3583.T,AuBEX CORPORATION,ok,2461,2026-10-05,
3591,3591.T,WACOAL HOLDINGS CORP.,ok,2461,2026-10-05,
3597,3597.T,"JICHODO Co.,Ltd.",ok,2461,2026-10-05,
3598,3598.T,"YAMAKI CO.,LTD.",ok,2461,2026-10-05,
3600,3600.T,FUJIX Ltd.,ok,2461,2026-10-05,
3607,3607.T,"KURAUDIA HOLDINGS CO.,LTD.",ok,2461,2026-10-05,
3608,3608.T,"TSI HOLDINGS CO.,LTD.",ok,2461,2026-10-05,
3611,3611.T,MATSUOKA CORPORATION,ok,2163,2026-10-05,
3612,3612.T,"WORLD CO.,LTD.",ok,1956,2026-10-05,
3622,3622.T,Netyear Group Corporation,ok,2461,2026-10-05,
3623,3623.T,Billing System Corporation,ok,2461,2026-10-05,
3624,3624.T,AXEL MARK INC.,ok,2461,2026-10-05,
3625,3625.T,Techfirm Holdings Inc.,ok,2461,2026-10-05,
3626,3626.T,TISI Inc.,ok,2461,2026-10-05,
3627,3627.T,TECMIRA HOLDINGS INC.,ok,2461,2026-10-05,
3628,3628.T,"DATA HORIZON CO.,LTD.",ok,2461,2026-10-05,
3632,3632.T,"GREE Holdings,Inc.",ok,2461,2026-10-05,
3633,3633.T,"GMO Pepabo,Inc.",ok,2461,2026-10-05,
3634,3634.T,Sockets Inc.,ok,2461,2026-10-05,
3635,3635.T,"KOEI TECMO HOLDINGS CO.,LTD.",ok,2461,2026-10-05,
3636,3636.T,"Mitsubishi Research Institute,Inc.",ok,2461,2026-10-05,
3639,3639.T,Voltage Incorporation,ok,2461,2026-10-05,
3640,3640.T,"DENSAN CO.,LTD.",ok,2461,2026-10-05,
3641,3641.T,"PAPYLESS CO.,LTD.",ok,2461,2026-10-05,
3645,3645.T,"Medical Net,Inc.",ok,2461,2026-10-05,
3646,3646.T,"Ekitan & Co.,Ltd.",ok,2461,2026-10-05,
3647,3647.T,"ASULINA Co.,Ltd.",ok,2461,2026-10-05,
3648,3648.T,AGS Corporation,ok,2461,2026-10-05,
3649,3649.T,FINDEX Inc.,ok,2461,2026-10-05,
3652,3652.T,Digital Media Professionals Inc.,ok,2461,2026-10-05,
3653,3653.T,"Morpho,Inc.",ok,2461,2026-10-05,
3656,3656.T,KLab Inc.,ok,2461,2026-10-05,
3657,3657.T,"Pole To Win Holdings,Inc.",ok,2461,2026-10-05,
3659,3659.T,"NEXON Co.,Ltd.",ok,2461,2026-10-05,
3660,3660.T,istyle Inc.,ok,2461,2026-10-05,
3661,3661.T,"m-up holdings,Inc.",ok,2461,2026-10-05,
3662,3662.T,"Ateam Holdings Co.,Ltd.",ok,2461,2026-10-05,
3663,3663.T,"CELSYS,Inc.",ok,2461,2026-10-05,
3664,3664.T,WIZE INC.,ok,2461,2026-10-05,
3665,3665.T,Enigmo Inc.,ok,2461,2026-10-05,
3667,3667.T,"enish,inc.",ok,2461,2026-10-05,
3668,3668.T,"COLOPL,Inc.",ok,2461,2026-10-05,
3670,3670.T,"Kyoritsu Computer & Communication Co.,Ltd.",ok,1,2026-09-30,
3671,3671.T,"SOFTMAX CO.,LTD",ok,2461,2026-10-05,
3672,3672.T,AltPlusInc.,ok,2461,2026-10-05,
3673,3673.T,"Broadleaf Co.,Ltd.",ok,2461,2026-10-05,
3674,3674.T,"Aucfan Co.,Ltd.",ok,2461,2026-10-05,
3675,3675.T,Cross Marketing Group Inc.,ok,2461,2026-10-05,
3676,3676.T,"DIGITAL HEARTS HOLDINGS Co.,Ltd.",ok,2461,2026-10-05,
3678,3678.T,"MEDIA DO Co.,Ltd.",ok,2461,2026-10-05,
3679,3679.T,"ZIGExN Co.,Ltd.",ok,2461,2026-10-05,
3680,3680.T,Hotto Link Inc.,ok,2461,2026-10-05,
3682,3682.T,"Encourage Technologies Co.,Ltd.",ok,2461,2026-10-05,
3683,3683.T,"CYBERLINKS CO.,LTD.",ok,2461,2026-10-05,
3686,3686.T,DLE Inc.,ok,2461,2026-10-05,
3687,3687.T,Fixstars Corporation,ok,2461,2026-10-05,
3690,3690.T,YRGLM Inc.,ok,2461,2026-10-05,
3691,3691.T,"DIGITAL PLUS,Inc.",ok,2461,2026-10-05,
3692,3692.T,"FFRI Security,Inc.",ok,2461,2026-10-05,
3694,3694.T,OPTiM CORPORATION,ok,2461,2026-10-05,
3695,3695.T,"GMO Product Platform,Inc.",ok,2461,2026-10-05,
3696,3696.T,CERES INC.,ok,2461,2026-10-05,
3697,3697.T,SHIFT Inc.,ok,2461,2026-10-05,
3698,3698.T,"CRI Middleware Co.,Ltd.",ok,2461,2026-10-05,
3708,3708.T,"Tokushu Tokai Paper Co.,Ltd.",ok,2461,2026-10-05,
3710,3710.T,"Jorudan Co.,Ltd.",ok,2461,2026-10-05,
3712,3712.T,"Information Planning CO.,LTD.",ok,2461,2026-10-05,
3719,3719.T,"AI storm Co.,Ltd.",ok,2461,2026-10-05,
3723,3723.T,NIHON FALCOM CORPORATION,ok,2461,2026-10-05,
3726,3726.T,"4Cs HD Co.,Ltd.",ok,2461,2026-10-05,
3727,3727.T,Aplix Corporation,ok,2461,2026-10-05,
3733,3733.T,"Software Service,Inc.",ok,2461,2026-10-05,
3741,3741.T,"Systems Engineering Consultants Co.,LTD.",ok,2461,2026-10-05,
3744,3744.T,SIOS Corporation,ok,2461,2026-10-05,
3747,3747.T,"INTERTRADE Co.,Ltd.",ok,2461,2026-10-05,
3750,3750.T,ADR Biomedical Holdings Inc.,ok,2461,2026-10-05,
3753,3753.T,FLIGHT SOLUTIONS Inc.,ok,2461,2026-10-05,
3758,3758.T,Aeria Inc.,ok,2461,2026-10-05,
3760,3760.T,"CAVE Interactive CO.,LTD.",ok,2461,2026-10-05,
3762,3762.T,TECHMATRIX CORPORATION,ok,2461,2026-10-05,
3763,3763.T,Pro-Ship Incorporated,ok,2461,2026-10-05,
3765,3765.T,"GungHo Online Entertainment,Inc.",ok,2461,2026-10-05,
3766,3766.T,"SYSTEMS DESIGN Co.,Ltd.",ok,2461,2026-10-05,
3768,3768.T,Riskmonster.com,ok,2461,2026-10-05,
3769,3769.T,"GMO Payment Gateway,Inc.",ok,2461,2026-10-05,
3771,3771.T,"SYSTEM RESEARCH CO.,LTD.",ok,2461,2026-10-05,
3772,3772.T,"Wealth Management,Inc.",ok,2461,2026-10-05,
3773,3773.T,"Advanced Media,Inc.",ok,2461,2026-10-05,
3774,3774.T,Internet Initiative Japan Inc.,ok,2461,2026-10-05,
3776,3776.T,"BroadBand Tower,Inc.",ok,2461,2026-10-05,
3777,3777.T,Environment Friendly Holdings Corp.,ok,2461,2026-10-05,
3778,3778.T,SAKURA internet Inc.,ok,2461,2026-10-05,
3779,3779.T,"J ESCOM HOLDINGS,INC.",ok,2461,2026-10-05,
3787,3787.T,"Techno Mathematical Co.,Ltd.",ok,2458,2026-09-30,
3788,3788.T,GMO GlobalSign Holdings K.K.,ok,2461,2026-10-05,
3791,3791.T,"IG Port,Inc.",ok,2461,2026-10-05,
3793,3793.T,"Drecom Co.,Ltd.",ok,2461,2026-10-05,
3796,3796.T,"e-Seikatsu Co.,Ltd.",ok,2461,2026-10-05,
3798,3798.T,"ULS Group,Inc.",ok,2461,2026-10-05,
3799,3799.T,Keyware Solutions Inc.,ok,2461,2026-10-05,
3800,3800.T,UNIRITA Inc.,ok,2461,2026-10-05,
3802,3802.T,"ECOMIC CO.,LTD",ok,1571,2026-10-05,
3803,3803.T,Image Information Inc.,ok,2461,2026-10-05,
3804,3804.T,System D Inc.,ok,2461,2026-10-05,
3807,3807.T,FISCO Ltd.,ok,2461,2026-10-05,
3810,3810.T,"CyberStep Holdings,Inc.",ok,2461,2026-10-05,
3815,3815.T,"Media Kobo,Inc.",ok,2461,2026-10-05,
3816,3816.T,"DAIWA COMPUTER CO.,LTD.",ok,2461,2026-10-05,
3817,3817.T,"SRA Holdings,Inc.",ok,2461,2026-10-05,
3823,3823.T,"THE WHY HOW DO COMPANY,Inc.",ok,2461,2026-10-05,
3825,3825.T,"Remixpoint,inc.",ok,2461,2026-10-05,
3826,3826.T,System Integrator Corp.,ok,2461,2026-10-05,
3834,3834.T,"Asahi Net,Inc.",ok,2461,2026-10-05,
3835,3835.T,"eBASE Co.,Ltd.",ok,2461,2026-10-05,
3836,3836.T,AVANT GROUP CORPORATION,ok,2461,2026-10-05,
3837,3837.T,Ad-Sol Nissin Corporation,ok,2461,2026-10-05,
3839,3839.T,"ODK Solutions Company,Ltd.",ok,2461,2026-10-05,
3840,3840.T,VIXTON corporation,ok,2461,2026-10-05,
3841,3841.T,Jedat Inc.,ok,2461,2026-10-05,
3842,3842.T,"Nextgen,Inc.",ok,2461,2026-10-05,
3843,3843.T,"FreeBit Co.,Ltd.",ok,2461,2026-10-05,
3844,3844.T,COMTURE CORPORATION,ok,2461,2026-10-05,
3845,3845.T,I-FREEK MOBILE INC.,ok,2461,2026-10-05,
3848,3848.T,"Data Applications Company,Limited",ok,2461,2026-10-05,
3850,3850.T,NTT DATA INTRAMART CORPORATION,ok,2461,2026-10-05,
3851,3851.T,"Nippon Ichi Software,Inc.",ok,2461,2026-10-05,
3853,3853.T,ASTERIA Corporation,ok,2461,2026-10-05,
3854,3854.T,I'LL INC,ok,2461,2026-10-05,
3858,3858.T,Ubiquitous AI Corporation,ok,2461,2026-10-05,
3861,3861.T,Oji Holdings Corporation,ok,2461,2026-10-05,
3863,3863.T,"Nippon Paper Industries Co.,Ltd.",ok,2461,2026-10-05,
3864,3864.T,Mitsubishi Paper Mills Limited,ok,2461,2026-10-05,
3865,3865.T,Hokuetsu Corporation,ok,2461,2026-10-05,
3877,3877.T,"Chuetsu Pulp & Paper Co.,Ltd.",ok,2461,2026-10-05,
3878,3878.T,TOMOEGAWA CORPORATION,ok,2461,2026-10-05,
3880,3880.T,Daio Paper Corporation,ok,2461,2026-10-05,
3891,3891.T,NIPPON KODOSHI CORPORATION,ok,2461,2026-10-05,
3892,3892.T,"Okayama Paper Industries Co.,Ltd.",ok,2461,2026-10-05,
3895,3895.T,HAVIX CORPORATION,ok,2461,2026-10-05,
3896,3896.T,"AWA PAPER & TECHNOLOGICAL COMPANY,Inc.",ok,2461,2026-10-05,
3900,3900.T,CrowdWorks Inc.,ok,2461,2026-10-05,
3901,3901.T,"MarkLines Co.,Ltd.",ok,2461,2026-10-05,
3903,3903.T,gumi Inc.,ok,2461,2026-10-05,
3904,3904.T,KAYAC Inc.,ok,2461,2026-10-05,
3905,3905.T,Datasection Inc.,ok,2461,2026-10-05,
3907,3907.T,Silicon Studio Corp.,ok,2461,2026-10-05,
3908,3908.T,Collabos Corporation,ok,2461,2026-10-05,
3909,3909.T,Showcase Inc.,ok,2461,2026-10-05,
3910,3910.T,MKSystem Corporation,ok,2461,2026-10-05,
3911,3911.T,Aiming Inc.,ok,2461,2026-10-05,
3912,3912.T,"Mobile Factory,Inc.",ok,2461,2026-10-05,
3913,3913.T,"GreenBee,Inc.",ok,2461,2026-10-05,
3914,3914.T,JIG-SAW INC.,ok,2461,2026-10-05,
3915,3915.T,"TerraSky Co.,Ltd",ok,2461,2026-10-05,
3916,3916.T,Digital Information Technologies Corporation,ok,2461,2026-10-05,
3917,3917.T,"iRidge,Inc.",ok,2461,2026-10-05,
3918,3918.T,"PCI Holdings,INC.",ok,2461,2026-10-05,
3920,3920.T,"Internetworking and Broadband Consulting Co.,Ltd.",ok,2461,2026-10-05,
3921,3921.T,NEOJAPAN Inc.,ok,2461,2026-10-05,
3922,3922.T,PR TIMES Corporation,ok,2461,2026-10-05,
3923,3923.T,"RAKUS Co.,Ltd.",ok,2461,2026-10-05,
3925,3925.T,Double Standard Inc.,ok,2461,2026-10-05,
3926,3926.T,Open Door Inc.,ok,2461,2026-10-05,
3927,3927.T,Fuva Brain Limited,ok,2461,2026-10-05,
3928,3928.T,Mynet Inc.,ok,2461,2026-10-05,
3929,3929.T,"SOCIALWIRE CO.,LTD.",ok,2461,2026-10-05,
3930,3930.T,"Hatena Co.,Ltd.",ok,2461,2026-10-05,
3931,3931.T,VALUE GOLF Inc.,ok,2461,2026-10-05,
3932,3932.T,Akatsuki Inc.,ok,2461,2026-10-05,
3933,3933.T,"CHIeru Co.,Ltd.",ok,2461,2026-10-05,
3934,3934.T,"BENEFIT JAPAN Co.,LTD.",ok,2461,2026-10-05,
3935,3935.T,"Edia Co.,Ltd.",ok,2461,2026-10-05,
3936,3936.T,"Globalway,Inc.",ok,2461,2026-10-05,
3937,3937.T,"Ubicom Holdings,Inc.",ok,2461,2026-10-05,
3939,3939.T,"Kanamic Network Co.,LTD",ok,2461,2026-10-05,
3940,3940.T,"Nomura System Corporation Co,Ltd.",ok,2461,2026-10-05,
3941,3941.T,"Rengo Co.,Ltd.",ok,2461,2026-10-05,
3943,3943.T,"OHISHI SANGYO CO.,LTD.",ok,1126,2026-10-05,
3944,3944.T,"Furubayashi Shiko Co.,Ltd.",ok,2461,2026-10-05,
3945,3945.T,"Superbag Company,Limited",ok,2461,2026-10-05,
3946,3946.T,"TOMOKU CO.,LTD.",ok,2461,2026-10-05,
3947,3947.T,"Dynapac Co.,Ltd.",ok,2461,2026-10-05,
3948,3948.T,"HIKARI BUSINESS FORM CO.,LTD.",ok,2461,2026-10-05,
3950,3950.T,THE PACK CORPORATION,ok,2461,2026-10-05,
3951,3951.T,"ASAHI PRINTING CO.,LTD.",ok,2461,2026-10-05,
3953,3953.T,"OHMURA SHIGYO CO.,LTD.",ok,2461,2026-10-05,
3954,3954.T,SHOWA PAXXS CORPORATION,ok,2461,2026-10-05,
3955,3955.T,"IMURA & Co.,Ltd.",ok,2461,2026-10-05,
3958,3958.T,"Sasatoku Printing Co.,Ltd.",ok,739,2026-10-05,
3962,3962.T,"CHANGE Holdings,Inc.",ok,2461,2026-10-05,
3963,3963.T,"Synchro Food Co.,Ltd.",ok,2461,2026-10-05,
3964,3964.T,AUCNET INC.,ok,2345,2026-10-05,
3965,3965.T,"Capital Asset Planning,Inc.",ok,2459,2026-10-05,
3967,3967.T,"Eltes Co.,Ltd.",ok,2425,2026-10-05,
3968,3968.T,"Segue Group Co.,Ltd.",ok,2409,2026-10-05,
3969,3969.T,ATLED CORP.,ok,2408,2026-10-05,
3970,3970.T,Innovation Inc.,ok,2409,2026-10-05,
3974,3974.T,SCAT Inc.,ok,2406,2026-10-05,
3976,3976.T,SHANON Inc.,ok,2386,2026-10-05,
3979,3979.T,"ULURU.CO.,LTD.",ok,2353,2026-10-05,
3981,3981.T,Beaglee Inc.,ok,2351,2026-10-05,
3983,3983.T,"ORO Co.,Ltd.",ok,2348,2026-10-05,
3984,3984.T,"User Local,Inc.",ok,2343,2026-10-05,
3985,3985.T,TEMONA.inc.,ok,2338,2026-10-05,
3986,3986.T,"bBreak Systems Company,Limited",ok,2291,2026-10-05,
3987,3987.T,Ecomott Inc.,ok,2288,2026-10-05,
3988,3988.T,"SYS Holdings Co.,Ltd.",ok,2281,2026-10-05,
3989,3989.T,SHARINGTECHNOLOGY INC.,ok,2256,2026-10-05,
3991,3991.T,"Wantedly,Inc",ok,2226,2026-10-05,
3992,3992.T,Needs Well Inc.,ok,2223,2026-10-05,
3993,3993.T,PKSHA Technology Inc.,ok,2221,2026-10-05,
3994,3994.T,"Money Forward,Inc.",ok,2216,2026-10-05,
3996,3996.T,Signpost Corporation,ok,2178,2026-10-05,
3997,3997.T,"TRADE WORKS Co.,Ltd",ok,2172,2026-10-05,
3998,3998.T,"SuRaLa Net Co.,Ltd.",ok,2159,2026-10-05,
4004,4004.T,Resonac Holdings Corporation,ok,2461,2026-10-05,
4005,4005.T,"SUMITOMO CHEMICAL COMPANY,LIMITED",ok,2461,2026-10-05,
4008,4008.T,"Sumitomo Seika Chemicals Company,Limited.",ok,2461,2026-10-05,
4011,4011.T,"Headwaters Co.,Ltd",ok,1468,2026-10-05,
4012,4012.T,"AXIS CO.,LTD.",ok,1468,2026-10-05,
4013,4013.T,"Kinjiro Co.,Ltd.",ok,1461,2026-10-05,
4014,4014.T,"KARADANOTE,INC.",ok,1450,2026-10-05,
4015,4015.T,Paycloud Holdings Inc.,ok,1434,2026-10-05,
4016,4016.T,"MIT Holdings CO.,LTD.",ok,1430,2026-10-05,
4017,4017.T,CREEMA LTD.,ok,1430,2026-10-05,
4019,4019.T,"Stmn,Inc.",ok,1418,2026-10-05,
4020,4020.T,BETREND CORPORATION,ok,1415,2026-10-05,
4021,4021.T,Nissan Chemical Corporation,ok,2461,2026-10-05,
4022,4022.T,"Rasa Industries,Ltd.",ok,2461,2026-10-05,
4023,4023.T,KUREHA CORPORATION,ok,2461,2026-10-05,
4025,4025.T,"TAKI CHEMICAL CO.,LTD.",ok,2461,2026-10-05,
4026,4026.T,"Konoshima Chemical Co.,Ltd.",ok,2461,2026-10-05,
4027,4027.T,TAYCA CORPORATION,ok,2461,2026-10-05,
4028,4028.T,"ISHIHARA SANGYO KAISHA,LTD.",ok,2461,2026-10-05,
4031,4031.T,Katakura & Co-op Agri Corporation,ok,2461,2026-10-05,
4040,4040.T,"NANKAI CHEMICAL COMPANY,LIMITED",ok,844,2026-10-05,
4041,4041.T,"Nippon Soda Co.,Ltd.",ok,2461,2026-10-05,
4042,4042.T,TOSOH CORPORATION,ok,2461,2026-10-05,
4043,4043.T,Tokuyama Corporation,ok,2461,2026-10-05,
4044,4044.T,"Central Glass Co.,Ltd.",ok,2461,2026-10-05,
4045,4045.T,"TOAGOSEI CO.,LTD.",ok,2461,2026-10-05,
4046,4046.T,"OSAKA SODA CO.,LTD.",ok,2461,2026-10-05,
4047,4047.T,"KANTO DENKA KOGYO CO.,LTD.",ok,2461,2026-10-05,
4051,4051.T,"GMO Financial Gate,Inc.",ok,1518,2026-10-05,
4052,4052.T,Ficha Inc.,ok,1532,2026-10-05,
4053,4053.T,Sun* Inc.,ok,1509,2026-10-05,
4054,4054.T,"Japan PropTech Co.,Ltd.",ok,1509,2026-10-05,
4055,4055.T,T&S Group Inc.,ok,1503,2026-10-05,
4056,4056.T,Neural Group Inc.,ok,1494,2026-10-05,
4057,4057.T,"Interfactory,Inc.",ok,1491,2026-10-05,
4058,4058.T,"Toyokumo,Inc.",ok,1472,2026-10-05,
4059,4059.T,"Magmag,Inc.",ok,1472,2026-10-05,
4060,4060.T,rakumo Inc.,ok,1470,2026-10-05,
4061,4061.T,Denka Company Limited,ok,2461,2026-10-05,
4062,4062.T,"IBIDEN CO.,LTD.",ok,2461,2026-10-05,
4063,4063.T,"Shin-Etsu Chemical Co.,Ltd.",ok,2461,2026-10-05,
4064,4064.T,"Nippon Carbide Industries Company,Incorporated",ok,2461,2026-10-05,
4068,4068.T,Basis Corporation,ok,1289,2026-10-05,
4069,4069.T,BlueMeme Inc.,ok,1287,2026-10-05,
4071,4071.T,"Plus Alpha Consulting Co.,LTD.",ok,1286,2026-10-05,
4072,4072.T,"Densan System Holdings Co.,Ltd.",ok,1285,2026-10-05,
4073,4073.T,"Global Communication Planning Co.,Ltd.",ok,1227,2026-10-05,
4074,4074.T,"LaKeel,Inc.",ok,1274,2026-10-05,
4075,4075.T,"Brains Technology,Inc.",ok,1268,2026-10-05,
4076,4076.T,"CNS Co.,Ltd.",ok,1252,2026-10-05,
4078,4078.T,"Sakai Chemical Industry Co.,Ltd.",ok,2461,2026-10-05,
4082,4082.T,"DAIICHI KIGENSO KAGAKU-KOGYO CO.,LTD",ok,2461,2026-10-05,
4088,4088.T,AIR WATER INC.,ok,2461,2026-10-05,
4091,4091.T,NIPPON SANSO HOLDINGS CORPORATION,ok,2461,2026-10-05,
4092,4092.T,"Nippon Chemical Industrial Co.,Ltd.",ok,2461,2026-10-05,
4093,4093.T,"Toho Acetylene Co.,Ltd.",ok,2461,2026-10-05,
4094,4094.T,"NIHON KAGAKU SANGYO CO.,LTD.",ok,2461,2026-10-05,
4095,4095.T,"NIHON PARKERIZING CO.,LTD.",ok,2461,2026-10-05,
4097,4097.T,"KOATSU GAS KOGYO CO.,LTD.",ok,2461,2026-10-05,
4098,4098.T,"Titan Kogyo ,Ltd.",ok,2461,2026-10-05,
4099,4099.T,SHIKOKU KASEI HOLDINGS CORPORATION,ok,2461,2026-10-05,
4100,4100.T,TODA KOGYO CORP.,ok,2461,2026-10-05,
4102,4102.T,"Maruo Calcium Co.,Ltd.",ok,2461,2026-10-05,
4107,4107.T,ISE CHEMICALS CORPORATION,ok,2461,2026-10-05,
4109,4109.T,STELLA CHEMIFA CORPORATION,ok,2461,2026-10-05,
4112,4112.T,"Hodogaya Chemical Co.,Ltd.",ok,2461,2026-10-05,
4113,4113.T,"TAOKA CHEMICAL COMPANY,LIMITED",ok,2461,2026-10-05,
4114,4114.T,"NIPPON SHOKUBAI CO.,LTD.",ok,2461,2026-10-05,
4116,4116.T,"Dainichiseika Color & Chemicals Mfg.Co.,Ltd.",ok,2461,2026-10-05,
4118,4118.T,KANEKA CORPORATION,ok,2461,2026-10-05,
4119,4119.T,Nippon Pigment Holdings Company Limited,ok,2461,2026-10-05,
4120,4120.T,"SUGAI CHEMICAL INDUSTRY CO.,LTD.",ok,2461,2026-10-05,
4124,4124.T,OSAKA YUKA INDUSTRY LTD.,ok,2212,2026-10-05,
4125,4125.T,SANWAYUKA INDUSTRY CORPORATION,ok,1167,2026-10-05,
4151,4151.T,"Kyowa Kirin Co.,Ltd.",ok,2461,2026-10-05,
4165,4165.T,"PLAID,Inc.",ok,1415,2026-10-05,
4166,4166.T,Cacco Inc.,ok,1415,2026-10-05,
4167,4167.T,Kokopelli Inc.,ok,1414,2026-10-05,
4168,4168.T,"Yappli,Inc.",ok,1413,2026-10-05,
4169,4169.T,ENECHANGE Ltd.,ok,1411,2026-10-05,
4170,4170.T,"Kaizen Platform,Inc.",ok,1413,2026-10-05,
4172,4172.T,"Hi-CRATES CO.,LTD.",ok,1410,2026-10-05,
4174,4174.T,Appirits Inc.,ok,1370,2026-10-05,
4175,4175.T,coly Inc.,ok,1370,2026-10-05,
4176,4176.T,coconala Inc.,ok,1355,2026-10-05,
4177,4177.T,"i-plug,Inc.",ok,1355,2026-10-05,
4178,4178.T,Sharing Innovations Inc.,ok,1352,2026-10-05,
4179,4179.T,G-NEXT Inc.,ok,1351,2026-10-05,
4180,4180.T,"Appier Group,Inc.",ok,1348,2026-10-05,
4182,4182.T,"Mitsubishi Gas Chemical Company,Inc.",ok,2461,2026-10-05,
4183,4183.T,"Mitsui Chemicals,Inc.",ok,2461,2026-10-05,
4186,4186.T,"TOKYO OHKA KOGYO CO.,LTD.",ok,2461,2026-10-05,
4187,4187.T,OSAKA ORGANIC CHEMICAL INDUSTRY LTD.,ok,2461,2026-10-05,
4188,4188.T,Mitsubishi Chemical Group Corporation,ok,2461,2026-10-05,
4189,4189.T,"KH Neochem Co.,Ltd.",ok,2458,2026-10-05,
4192,4192.T,SpiderPlus & Co.,ok,1348,2026-10-05,
4193,4193.T,"Fabrica Holdings Co.,Ltd.",ok,1342,2026-10-05,
4194,4194.T,"Visional,Inc.",ok,1331,2026-10-05,
4196,4196.T,NEO MARKETING Inc.,ok,1331,2026-10-05,
4197,4197.T,"ASMARQ Co.,Ltd.",ok,1143,2026-10-05,
4198,4198.T,"TENDA Co.,LTD.",ok,1300,2026-10-05,
4199,4199.T,WonderPlanet Inc.,ok,1300,2026-10-05,
4202,4202.T,Daicel Corporation,ok,2461,2026-10-05,
4203,4203.T,"Sumitomo Bakelite Company,Limited",ok,2461,2026-10-05,
4204,4204.T,"Sekisui Chemical Co.,Ltd.",ok,2461,2026-10-05,
4205,4205.T,ZEON CORPORATION,ok,2461,2026-10-05,
4206,4206.T,"Aica Kogyo Company,Limited",ok,2461,2026-10-05,
4208,4208.T,UBE Corporation,ok,2461,2026-10-05,
4212,4212.T,Sekisui Jushi Corporation,ok,2461,2026-10-05,
4216,4216.T,ASAHI YUKIZAI CORPORATION,ok,2461,2026-10-05,
4218,4218.T,"NICHIBAN CO.,LTD.",ok,2461,2026-10-05,
4220,4220.T,RIKEN TECHNOS CORPORATION,ok,2461,2026-10-05,
4221,4221.T,"Okura Industrial Co.,Ltd.",ok,2461,2026-10-05,
4222,4222.T,"KODAMA CHEMICAL INDUSTRY CO.,LTD.",ok,2461,2026-10-05,
4224,4224.T,LONSEAL CORPORATION,ok,2461,2026-10-05,
4228,4228.T,"Sekisui Kasei Co.,Ltd.",ok,2461,2026-10-05,
4229,4229.T,"Gun Ei Chemical Industry Co.,Ltd.",ok,2461,2026-10-05,
4231,4231.T,TIGERS POLYMER CORPORATION,ok,2461,2026-10-05,
4234,4234.T,"Sun A.Kaken Company,Limited",ok,2461,2026-10-05,
4235,4235.T,"Ultrafabrics Holdings Co.,Ltd.",ok,2461,2026-10-05,
4237,4237.T,Fujipream Corporation,ok,2461,2026-10-05,
4238,4238.T,"Miraial Co.,Ltd.",ok,2461,2026-10-05,
4240,4240.T,"CLUSTER TECHNOLOGY CO.,LTD.",ok,2461,2026-10-05,
4241,4241.T,atect corporation,ok,2461,2026-10-05,
4242,4242.T,TAKAGI SEIKO CORPORATION,ok,2461,2026-10-05,
4243,4243.T,"NIX,INC.",ok,2461,2026-10-05,
4245,4245.T,"Daiki Axis Co.,Ltd.",ok,2461,2026-10-05,
4246,4246.T,DaikyoNishikawa Corporation,ok,2461,2026-10-05,
4247,4247.T,"POVAL KOGYO CO.,LTD.",ok,1117,2026-10-05,
4248,4248.T,"Takemoto Yohki Co.,Ltd.",ok,2461,2026-10-05,
4249,4249.T,"MORIROKU COMPANY,LTD.",ok,2158,2026-10-05,
4251,4251.T,KEIWA Incorporated,ok,1691,2026-10-05,
4255,4255.T,THECOO Inc.,ok,1168,2026-10-05,
4256,4256.T,"CYND Co.,Ltd.",ok,1168,2026-10-05,
4258,4258.T,AMIYA Corporation,ok,1168,2026-10-05,
4259,4259.T,ExaWizards Inc.,ok,1167,2026-10-05,
4260,4260.T,"Hybrid Technologies Co.,Ltd.",ok,1167,2026-10-05,
4261,4261.T,"AsiaQuest Co.,Ltd.",ok,1165,2026-10-05,
4262,4262.T,"NIFTY Lifestyle Co.,Ltd.",ok,1166,2026-10-05,
4263,4263.T,"SUSMED,Inc.",ok,1166,2026-10-05,
4264,4264.T,"SECURE,INC.",ok,1164,2026-10-05,
4265,4265.T,Institution for a Global Society Corporation,ok,1163,2026-10-05,
4270,4270.T,BeeX Inc.,ok,1127,2026-10-05,
4272,4272.T,"NIPPON KAYAKU CO.,LTD.",ok,2461,2026-10-05,
4274,4274.T,"HOSOYA PYRO-ENGINEERING CO.,LTD.",ok,2461,2026-10-05,
4275,4275.T,"Carlit Co.,Ltd.",ok,2461,2026-10-05,
4284,4284.T,"SOLXYZ Co.,Ltd.",ok,2461,2026-10-05,
4286,4286.T,CL Holdings Inc.,ok,2461,2026-10-05,
4287,4287.T,JUST PLANNING INC.,ok,2461,2026-10-05,
4288,4288.T,"Asgent,Inc.",ok,2461,2026-10-05,
4290,4290.T,Prestige International Inc.,ok,2461,2026-10-05,
4293,4293.T,"SEPTENI HOLDINGS CO.,LTD.",ok,2461,2026-10-05,
4299,4299.T,"HIMACS,Ltd.",ok,2461,2026-10-05,
4301,4301.T,AMUSE INC.,ok,2461,2026-10-05,
4307,4307.T,"Nomura Research Institute,Ltd.",ok,2461,2026-10-05,
4308,4308.T,J-Stream Inc.,ok,2461,2026-10-05,
4310,4310.T,Dream Incubator Inc.,ok,2461,2026-10-05,
4316,4316.T,"BeMap,Inc.",ok,2458,2026-09-30,
4317,4317.T,Ray Corporation,ok,2461,2026-10-05,
4318,4318.T,"QUICK CO.,LTD.",ok,2461,2026-10-05,
4320,4320.T,"CE Holdings Co.,Ltd.",ok,2461,2026-10-05,
4323,4323.T,"Japan System Techniques Co.,Ltd.",ok,2461,2026-10-05,
4324,4324.T,DENTSU GROUP INC.,ok,2461,2026-10-05,
4326,4326.T,INTAGE HOLDINGS Inc.,ok,2461,2026-10-05,
4331,4331.T,"TAKE AND GIVE. NEEDS Co.,Ltd.",ok,2461,2026-10-05,
4334,4334.T,"YUKE'S Co.,Ltd.",ok,2461,2026-10-05,
4335,4335.T,"IPS HOLDINGS CO.,LTD.",ok,2461,2026-10-05,
4337,4337.T,PIA CORPORATION,ok,2461,2026-10-05,
4341,4341.T,SEIRYO ELECTRIC CORPORATION,ok,2461,2026-10-05,
4343,4343.T,"AEON Fantasy Co.,LTD.",ok,2461,2026-10-05,
4344,4344.T,SOURCENEXT CORPORATION,ok,2461,2026-10-05,
4345,4345.T,"CTS Co.,Ltd.",ok,2461,2026-10-05,
4346,4346.T,NEXYZ.Group Corporation,ok,2461,2026-10-05,
4347,4347.T,Broadmedia Corporation,ok,2461,2026-10-05,
4350,4350.T,"MEDICAL SYSTEM NETWORK Co.,Ltd.",ok,2461,2026-10-05,
4351,4351.T,YAMADA SERVICER SYNTHETIC OFFICE,ok,2461,2026-10-05,
4356,4356.T,"APPLIED TECHNOLOGY CO.,LTD.",ok,2461,2026-10-05,
4360,4360.T,"MANAC Chemical Partners Co.,Ltd",ok,1224,2026-10-05,
4361,4361.T,"KAWAGUCHI CHEMICAL INDUSTRY CO.,LTD.",ok,2461,2026-10-05,
4362,4362.T,"Nippon Fine Chemical Co.,Ltd.",ok,2461,2026-10-05,
4365,4365.T,"MATSUMOTO YUSHI-SEIYAKU CO.,LTD.",ok,2461,2026-10-05,
4366,4366.T,Daito Chemix Corporation,ok,2461,2026-10-05,
4368,4368.T,"FUSO CHEMICAL CO.,LTD.",ok,2461,2026-10-05,
4369,4369.T,Tri Chemical Laboratories Inc.,ok,2461,2026-10-05,
4370,4370.T,Mobilus Corporation,ok,1243,2026-10-05,
4371,4371.T,Core Concept Technologies Inc.,ok,1230,2026-10-05,
4372,4372.T,"YMIRLINK,Inc.",ok,1230,2026-10-05,
4373,4373.T,"Simplex Holdings,Inc.",ok,1230,2026-10-05,
4374,4374.T,ROBOT PAYMENT INC.,ok,1227,2026-10-05,
4375,4375.T,Safie Inc.,ok,1226,2026-10-05,
4376,4376.T,Kufu Company Holdings Inc.,ok,1224,2026-10-05,
4377,4377.T,ONE CAREER Inc.,ok,1220,2026-10-05,
4378,4378.T,CINC Corp.,ok,1207,2026-10-05,
4379,4379.T,Photosynth inc.,ok,1200,2026-10-05,
4380,4380.T,M - mart Inc.,ok,2110,2026-10-05,
4381,4381.T,"BPLATS,Inc.",ok,2082,2026-10-05,
4382,4382.T,"HEROZ,Inc.",ok,2069,2026-10-05,
4385,4385.T,"Mercari,Inc.",ok,2029,2026-10-05,
4386,4386.T,"SIG Group Co.,Ltd.",ok,2026,2026-10-05,
4387,4387.T,"ZUU Co.,Ltd.",ok,2026,2026-10-05,
4388,4388.T,"AI,Inc.",ok,2022,2026-10-05,
4389,4389.T,"Property Data Bank,Inc.",ok,2023,2026-10-05,
4390,4390.T,"IPS,Inc.",ok,2023,2026-10-05,
4391,4391.T,"Logizard Co.,Ltd.",ok,2017,2026-10-05,
4392,4392.T,"Future Innovation Group,Inc.",ok,2020,2026-10-05,
4393,4393.T,"Bank of Innovation,Inc.",ok,2004,2026-10-05,
4394,4394.T,"eXmotion Co.,Ltd.",ok,2002,2026-10-05,
4395,4395.T,Accrete Inc.,ok,2002,2026-10-05,
4396,4396.T,System Support Holdings Inc.,ok,1997,2026-10-05,
4397,4397.T,TeamSpirit Inc.,ok,1983,2026-10-05,
4398,4398.T,"BroadBand Security,Inc.",ok,1957,2026-10-05,
4401,4401.T,ADEKA CORPORATION,ok,2461,2026-10-05,
4403,4403.T,NOF CORPORATION,ok,2461,2026-10-05,
4404,4404.T,"Miyoshi Oil & Fat Co.,Ltd.",ok,2461,2026-10-05,
4406,4406.T,"New Japan Chemical Co.,Ltd.",ok,2461,2026-10-05,
4409,4409.T,"TOHO CHEMICAL INDUSTRY COMPANY,LIMITED",ok,2461,2026-10-05,
4410,4410.T,"HARIMA CHEMICALS GROUP,INC.",ok,2461,2026-10-05,
4412,4412.T,"Science Arts,Inc.",ok,1187,2026-10-05,
4413,4413.T,"baudroie,inc.",ok,1184,2026-10-05,
4414,4414.T,"FLECT Co.,Ltd.",ok,1176,2026-10-05,
4415,4415.T,"BROAD ENTERPRISE CO.,LTD.",ok,1172,2026-10-05,
4416,4416.T,True Data Inc.,ok,1172,2026-10-05,
4417,4417.T,Global Security Experts Inc.,ok,1170,2026-10-05,
4418,4418.T,Japan Data Science Consortium Co.Ltd.,ok,1170,2026-10-05,
4419,4419.T,Finatext Holdings Ltd.,ok,1168,2026-10-05,
4420,4420.T,"eSOL Co.,Ltd.",ok,1945,2026-10-05,
4421,4421.T,"D.I.System Co.,Ltd.",ok,1940,2026-10-05,
4422,4422.T,VALUENEX Japan Inc.,ok,1934,2026-10-05,
4424,4424.T,"Amazia,inc.",ok,1897,2026-10-05,
4425,4425.T,Kudan Inc.,ok,1897,2026-10-05,
4427,4427.T,"EduLab,Inc.",ok,1896,2026-10-05,
4428,4428.T,sinops Inc.,ok,1894,2026-10-05,
4429,4429.T,"Ricksoft Co.,Ltd.",ok,1853,2026-10-05,
4430,4430.T,"TOKAI SOFT CO.,LTD.",ok,1853,2026-10-05,
4431,4431.T,"Smaregi,Inc.",ok,1852,2026-10-05,
4432,4432.T,WingArc1st Inc.,ok,1358,2026-10-05,
4433,4433.T,"HITO-Communications Holdings,Inc.",ok,2461,2026-10-05,
4434,4434.T,"Serverworks Co.,Ltd.",ok,1842,2026-10-05,
4436,4436.T,"MINKABU THE INFONOID,Inc.",ok,1839,2026-10-05,
4437,4437.T,"gooddays holdings,Inc.",ok,1835,2026-10-05,
4438,4438.T,Welby Inc.,ok,1831,2026-10-05,
4439,4439.T,"TOUMEI CO.,LTD.",ok,1829,2026-10-05,
4440,4440.T,WITZ Corporation,ok,1825,2026-10-05,
4441,4441.T,Tobila Systems Inc.,ok,1812,2026-10-05,
4442,4442.T,"VALTES HOLDINGS CO.,LTD.",ok,1793,2026-10-05,
4443,4443.T,"Sansan,Inc.",ok,1780,2026-10-05,
4444,4444.T,INFONET inc.,ok,1776,2026-10-05,
4445,4445.T,Living Technologies Inc.,ok,1773,2026-10-05,
4446,4446.T,Link-U Group Inc.,ok,1760,2026-10-05,
4447,4447.T,"PBsystems,Inc.",ok,976,2026-10-05,
4448,4448.T,"kubell Co.,Ltd.",ok,1715,2026-10-05,
4450,4450.T,"Power Solutions,Ltd.",ok,1709,2026-10-05,
4452,4452.T,Kao Corporation,ok,2461,2026-10-05,
4461,4461.T,DKS Co.Ltd.,ok,2461,2026-10-05,
4462,4462.T,"ISHIHARA CHEMICAL CO.,LTD.",ok,2461,2026-10-05,
4463,4463.T,"NICCA CHEMICAL CO.,LTD.",ok,2461,2026-10-05,
4464,4464.T,SOFT99corporation,ok,2461,2026-10-05,
4465,4465.T,"Niitaka Co., Ltd.",ok,2461,2026-10-05,
4471,4471.T,"SANYO CHEMICAL INDUSTRIES,LTD.",ok,2461,2026-10-05,
4475,4475.T,HENNGE K.K.,ok,1705,2026-10-05,
4476,4476.T,AI CROSS Inc.,ok,1705,2026-10-05,
4477,4477.T,"BASE,Inc.",ok,1694,2026-10-05,
4478,4478.T,freee K.K.,ok,1658,2026-10-05,
4479,4479.T,"Makuake,Inc.",ok,1662,2026-10-05,
4480,4480.T,"MEDLEY,INC.",ok,1661,2026-10-05,
4481,4481.T,"BASE CO.,LTD.",ok,1659,2026-10-05,
4482,4482.T,WILLs Inc.,ok,1657,2026-10-05,
4483,4483.T,JMDC Inc.,ok,1659,2026-10-05,
4484,4484.T,"LANCERS,INC.",ok,1659,2026-10-05,
4486,4486.T,Unite and Grow Inc.,ok,1656,2026-10-05,
4487,4487.T,"Spacemarket,Inc.",ok,1655,2026-10-05,
4488,4488.T,AI inside Inc.,ok,1651,2026-10-05,
4490,4490.T,VisasQ Inc.,ok,1605,2026-10-05,
4491,4491.T,"Computer Management Co.,Ltd.",ok,1604,2026-10-05,
4492,4492.T,GENETEC CORPORATION,ok,1598,2026-10-05,
4493,4493.T,"Cyber Security Cloud,Inc.",ok,1594,2026-10-05,
4495,4495.T,"i Cubed Systems,Inc.",ok,1518,2026-10-05,
4496,4496.T,Commerce One Holdings Inc.,ok,1531,2026-10-05,
4498,4498.T,"Cybertrust Japan Co.,Ltd.",ok,1335,2026-10-05,
4499,4499.T,"Speee,Inc.",ok,1522,2026-10-05,
4502,4502.T,Takeda Pharmaceutical Company Limited,ok,2461,2026-10-05,
4503,4503.T,Astellas Pharma Inc.,ok,2461,2026-10-05,
4506,4506.T,"Sumitomo Pharma Co.,Ltd.",ok,2461,2026-10-05,
4507,4507.T,"Shionogi & Co.,Ltd.",ok,2461,2026-10-05,
4512,4512.T,"WAKAMOTO PHARMACEUTICAL CO.,LTD.",ok,2461,2026-10-05,
4516,4516.T,"Nippon Shinyaku Co.,Ltd.",ok,2461,2026-10-05,
4519,4519.T,"CHUGAI PHARMACEUTICAL CO.,LTD.",ok,2461,2026-10-05,
4521,4521.T,"KAKEN PHARMACEUTICAL CO.,LTD.",ok,2461,2026-10-05,
4523,4523.T,"Eisai Co.,Ltd.",ok,2461,2026-10-05,
4524,4524.T,"MORISHITA JINTAN CO.,LTD.",ok,2461,2026-10-05,
4526,4526.T,"RIKEN VITAMIN CO.,LTD.",ok,2461,2026-10-05,
4527,4527.T,"ROHTO PHARMACEUTICAL CO.,LTD.",ok,2461,2026-10-05,
4528,4528.T,"ONO PHARMACEUTICAL CO.,LTD.",ok,2461,2026-10-05,
4531,4531.T,"Yuki Gosei Kogyo Co.,Ltd.",ok,2461,2026-10-05,
4534,4534.T,"Mochida Pharmaceutical Co.,Ltd.",ok,2461,2026-10-05,
4536,4536.T,"SANTEN PHARMACEUTICAL CO.,LTD.",ok,2461,2026-10-05,
4538,4538.T,"Fuso Pharmaceutical Industries,Ltd.",ok,2461,2026-10-05,
4539,4539.T,"NIPPON CHEMIPHAR CO.,LTD.",ok,2461,2026-10-05,
4540,4540.T,TSUMURA & CO.,ok,2461,2026-10-05,
4543,4543.T,TERUMO CORPORATION,ok,2461,2026-10-05,
4544,4544.T,"H.U. Group Holdings,Inc.",ok,2461,2026-10-05,
4547,4547.T,"KISSEI PHARMACEUTICAL CO.,LTD.",ok,2461,2026-10-05,
4548,4548.T,SEIKAGAKU CORPORATION,ok,2461,2026-10-05,
4549,4549.T,"EIKEN CHEMICAL CO.,LTD.",ok,2461,2026-10-05,
4552,4552.T,"JCR Pharmaceuticals Co.,Ltd.",ok,2461,2026-10-05,
4553,4553.T,"TOWA PHARMACEUTICAL CO.,LTD.",ok,2461,2026-10-05,
4554,4554.T,"Fuji Pharma Co.,Ltd.",ok,2461,2026-10-05,
4558,4558.T,"CHUKYO IYAKUHIN CO.,LTD.",ok,2461,2026-10-05,
4559,4559.T,"ZERIA PHARMACEUTICAL CO.,LTD.",ok,2461,2026-10-05,
4563,4563.T,"AnGes,Inc.",ok,2461,2026-10-05,
4564,4564.T,"OncoTherapy Science,Inc.",ok,2461,2026-10-05,
4565,4565.T,"Nxera Pharma Co.,Ltd.",ok,2461,2026-10-05,
4568,4568.T,"DAIICHI SANKYO COMPANY,LIMITED",ok,2461,2026-10-05,
4569,4569.T,"KYORIN Pharmaceutical Co.,Ltd.",ok,2461,2026-10-05,
4570,4570.T,"Immuno-Biological Laboratories Co.,Ltd.",ok,2461,2026-10-05,
4571,4571.T,"Nano Holdings,Inc.",ok,2461,2026-10-05,
4572,4572.T,"Carna Biosciences,Inc.",ok,2461,2026-10-05,
4574,4574.T,"TAIKO PHARMACEUTICAL CO.,LTD.",ok,2461,2026-10-05,
4575,4575.T,"CanBas Co.,Ltd.",ok,2461,2026-10-05,
4576,4576.T,"D.Western Therapeutics Institute, Inc.",ok,2461,2026-10-05,
4577,4577.T,"Daito Pharmaceutical Co.,Ltd.",ok,2461,2026-10-05,
4578,4578.T,"Otsuka Holdings Co.,Ltd.",ok,2461,2026-10-05,
4579,4579.T,RaQualia Pharma Inc.,ok,2461,2026-10-05,
4582,4582.T,SymBio Pharmaceuticals Limited,ok,2461,2026-10-05,
4583,4583.T,Chiome Bioscience Inc.,ok,2461,2026-10-05,
4584,4584.T,Kidswell Bio Corporation,ok,2461,2026-10-05,
4586,4586.T,"Medrx Co.,Ltd.",ok,2461,2026-10-05,
4587,4587.T,PeptiDream Inc.,ok,2461,2026-10-05,
4588,4588.T,Oncolys BioPharma Inc.,ok,2461,2026-10-05,
4591,4591.T,RIBOMIC Inc.,ok,2461,2026-10-05,
4592,4592.T,SanBio Company Limited,ok,2461,2026-10-05,
4593,4593.T,HEALIOS K.K.,ok,2461,2026-10-05,
4594,4594.T,"BrightPath Biotherapeutics Co.,Ltd.",ok,2461,2026-10-05,
4595,4595.T,"MIZUHO MEDY CO.,LTD.",ok,2461,2026-10-05,
4596,4596.T,"Kubota Pharmaceutical Holdings Co.,Ltd.",ok,2421,2026-10-05,
4597,4597.T,Solasia Pharma K.K.,ok,2347,2026-10-05,
4598,4598.T,"Delta-Fly Pharma,Inc.",ok,1946,2026-10-05,
4599,4599.T,StemRIM Inc.,ok,1744,2026-10-05,
4611,4611.T,"Dai Nippon Toryo Company,Limited",ok,2461,2026-10-05,
4612,4612.T,"NIPPON PAINT HOLDINGS CO.,LTD.",ok,2461,2026-10-05,
4613,4613.T,"KANSAI PAINT CO.,LTD.",ok,2461,2026-10-05,
4615,4615.T,"SHINTO PAINT COMPANY,LIMITED",ok,2461,2026-10-05,
4616,4616.T,"KAWAKAMI PAINT MANUFACTURING CO.,LTD.",ok,2461,2026-10-05,
4617,4617.T,"Chugoku Marine Paints,Ltd.",ok,2461,2026-10-05,
4619,4619.T,"Nihon Tokushu Toryo Co.,Ltd.",ok,2461,2026-10-05,
4620,4620.T,"FUJIKURA KASEI CO.,LTD.",ok,2461,2026-10-05,
4623,4623.T,ASAHIPEN CORPORATION,ok,2461,2026-10-05,
4624,4624.T,"Isamu Paint Co.,Ltd.",ok,2461,2026-10-05,
4625,4625.T,"ATOMIX CO.,LTD.",ok,2461,2026-10-05,
4626,4626.T,"TAIYO HOLDINGS CO.,LTD.",ok,2461,2026-10-05,
4627,4627.T,"NATOCO CO.,LTD.",ok,2461,2026-10-05,
4628,4628.T,"SK KAKEN CO.,LTD.",ok,2461,2026-10-05,
4629,4629.T,"DAISHIN CHEMICAL CO.,LTD.",ok,2461,2026-10-05,
4631,4631.T,DIC Corporation,ok,2461,2026-10-05,
4633,4633.T,SAKATA INX CORPORATION,ok,2461,2026-10-05,
4634,4634.T,"artience Co.,Ltd.",ok,2461,2026-10-05,
4635,4635.T,"TOKYO PRINTING INK MFG.CO.,LTD.",ok,2461,2026-10-05,
4641,4641.T,Altech Corporation,ok,2461,2026-10-05,
4642,4642.T,"ORIGINAL ENGINEERING CONSULTANTS CO.,LTD.",ok,2461,2026-10-05,
4644,4644.T,"Imagineer Co.,Ltd.",ok,2461,2026-10-05,
4645,4645.T,"ICHISHIN HOLDINGS CO.,LTD.",ok,2461,2026-10-05,
4650,4650.T,"SD ENTERTAINMENT,Inc.",ok,2461,2026-10-05,
4651,4651.T,SANIX HOLDINGS INCORPORATED,ok,2461,2026-10-05,
4657,4657.T,"ENVIRONMENTAL CONTROL CENTER CO.,LTD.",ok,2461,2026-10-05,
4658,4658.T,"Nippon Air Conditioning Services Co.,Ltd.",ok,2461,2026-10-05,
4661,4661.T,"ORIENTAL LAND CO.,LTD.",ok,2461,2026-10-05,
4662,4662.T,Focus Systems Corporation,ok,2461,2026-10-05,
4664,4664.T,JAPAN RELIANCE SERVICE CORPORATION,ok,2461,2026-10-05,
4665,4665.T,"DUSKIN CO.,LTD.",ok,2461,2026-10-05,
4666,4666.T,"PARK24 Co.,Ltd.",ok,2461,2026-10-05,
4667,4667.T,"AISAN TECHNOLOGY CO.,LTD.",ok,2461,2026-10-05,
4668,4668.T,"MEIKO NETWORK JAPAN CO.,LTD.",ok,2461,2026-10-05,
4671,4671.T,"FALCO HOLDINGS Co.,Ltd.",ok,2461,2026-10-05,
4673,4673.T,"Kawasaki Geological Engineering Co.,Ltd.",ok,2461,2026-10-05,
4674,4674.T,CRESCO LTD.,ok,2461,2026-10-05,
4676,4676.T,"FUJI MEDIA HOLDINGS,INC.",ok,2461,2026-10-05,
4678,4678.T,"SHUEI YOBIKO Co.,Ltd.",ok,2461,2026-10-05,
4679,4679.T,"TAYA Co.,Ltd.",ok,2461,2026-10-05,
4680,4680.T,ROUND ONE Corporation,ok,2461,2026-10-05,
4681,4681.T,"RESORTTRUST,INC.",ok,2461,2026-10-05,
4684,4684.T,"OBIC Co.,Ltd.",ok,2461,2026-10-05,
4685,4685.T,"Ryoyu Systems Co.,Ltd.",ok,2461,2026-10-05,
4686,4686.T,JUSTSYSTEMS CORPORATION,ok,2461,2026-10-05,
4687,4687.T,TDC SOFT Inc.,ok,2461,2026-10-05,
4689,4689.T,LY Corporation,ok,2461,2026-10-05,
4691,4691.T,WASHINGTON HOTEL CORPORATION,ok,1698,2026-10-05,
4694,4694.T,"BML,INC.",ok,2461,2026-10-05,
4704,4704.T,Trend Micro Incorporated,ok,2461,2026-10-05,
4705,4705.T,CLIP Corporation,ok,2461,2026-10-05,
4707,4707.T,KITAC CORPORATION,ok,2461,2026-10-05,
4709,4709.T,ID Holdings Corporation,ok,2461,2026-10-05,
4712,4712.T,"KeyHolder,Inc.",ok,2461,2026-10-05,
4714,4714.T,RISO KYOIKU GROUP CORPORATION,ok,2461,2026-10-05,
4716,4716.T,ORACLE CORPORATION JAPAN,ok,2461,2026-10-05,
4718,4718.T,"WASEDA ACADEMY CO.,LTD.",ok,2461,2026-10-05,
4719,4719.T,ALPHA SYSTEMS INC.,ok,2461,2026-10-05,
4720,4720.T,"JOHNAN ACADEMIC PREPARATORY INSTITUTE,INC.",ok,2461,2026-10-05,
4722,4722.T,Future Corporation,ok,2461,2026-10-05,
4725,4725.T,CAC Holdings Corporation,ok,2461,2026-10-05,
4728,4728.T,"TOSE CO.,LTD.",ok,2461,2026-10-05,
4732,4732.T,"USS Co.,Ltd.",ok,2461,2026-10-05,
4733,4733.T,"OBIC BUSINESS CONSULTANTS CO.,LTD.",ok,2461,2026-10-05,
4735,4735.T,"KYOSHIN CO.,LTD.",ok,2461,2026-10-05,
4736,4736.T,Nippon RAD Inc.,ok,2461,2026-10-05,
4743,4743.T,ITFOR Inc.,ok,2461,2026-10-05,
4746,4746.T,"Toukei Computer Co.,Ltd.",ok,2461,2026-10-05,
4750,4750.T,"DAISAN CO.,LTD.",ok,2461,2026-10-05,
4751,4751.T,"CyberAgent,Inc.",ok,2461,2026-10-05,
4752,4752.T,SHOWA SYSTEM ENGINEERING CORPORATION,ok,2461,2026-10-05,
4754,4754.T,TOSNET CORPORATION,ok,2461,2026-10-05,
4755,4755.T,"Rakuten Group,Inc.",ok,2461,2026-10-05,
4760,4760.T,"ALPHA CO.,LTD.",ok,2461,2026-10-05,
4761,4761.T,SAKURA KCS Corporation,ok,2461,2026-10-05,
4762,4762.T,XNET Corporation,ok,2461,2026-10-05,
4763,4763.T,"CREEK & RIVER Co.,Ltd.",ok,2461,2026-10-05,
4765,4765.T,"SBI Global Asset Management Co.,Ltd.",ok,2461,2026-10-05,
4766,4766.T,"PA Co.,Ltd.",ok,2461,2026-10-05,
4767,4767.T,"TOW CO.,LTD.",ok,2461,2026-10-05,
4768,4768.T,OTSUKA CORPORATION,ok,2461,2026-10-05,
4769,4769.T,"IC CO.,LTD.",ok,2461,2026-10-05,
4771,4771.T,"F&M CO.,LTD.",ok,2461,2026-10-05,
4772,4772.T,"SM ENTERTAINMENT JAPAN Co.,Ltd.",ok,2461,2026-10-05,
4776,4776.T,"Cybozu,Inc.",ok,2461,2026-10-05,
4777,4777.T,GALA INCORPORATED,ok,2461,2026-10-05,
4783,4783.T,"NCD Co.,Ltd.",ok,2461,2026-10-05,
4784,4784.T,"GMO internet,Inc.",ok,2461,2026-10-05,
4792,4792.T,"YAMADA Consulting Group Co.,Ltd.",ok,2461,2026-10-05,
4801,4801.T,"CENTRAL SPORTS CO.,LTD.",ok,2461,2026-10-05,
4809,4809.T,Paraca Inc.,ok,2461,2026-10-05,
4811,4811.T,DreamArts Corporation,ok,715,2026-10-05,
4812,4812.T,DENTSU SOKEN INC.,ok,2461,2026-10-05,
4813,4813.T,"ACCESS CO.,LTD.",ok,2461,2026-10-05,
4814,4814.T,Nextware Ltd.,ok,2461,2026-10-05,
4816,4816.T,"TOEI ANIMATION CO.,LTD.",ok,2461,2026-10-05,
4819,4819.T,"Digital Garage,Inc.",ok,2461,2026-10-05,
4820,4820.T,"EM SYSTEMS CO.,LTD.",ok,2461,2026-10-05,
4825,4825.T,WEATHERNEWS INC.,ok,2461,2026-10-05,
4826,4826.T,"Computer Institute of Japan, Ltd.",ok,2461,2026-10-05,
4828,4828.T,Business Engineering Corporation,ok,2461,2026-10-05,
4829,4829.T,"Nihon Enterprise Co.,Ltd.",ok,2461,2026-10-05,
4832,4832.T,"JFE Systems, Inc.",ok,2461,2026-10-05,
4833,4833.T,"Def consulting,inc.",ok,2461,2026-10-05,
4838,4838.T,SPACE SHOWER SKIYAKI HOLDINGS INC.,ok,2461,2026-10-05,
4839,4839.T,WOWOW INC.,ok,2461,2026-10-05,
4840,4840.T,TriIs Incorporated,ok,2461,2026-10-05,
4845,4845.T,"Scala,Inc.",ok,2461,2026-10-05,
4847,4847.T,INTELLIGENT WAVE INC.,ok,2461,2026-10-05,
4848,4848.T,"FULLCAST HOLDINGS CO.,LTD.",ok,2461,2026-10-05,
4849,4849.T,en Inc.,ok,2461,2026-10-05,
4875,4875.T,"MediciNova,Inc.",ok,2461,2026-10-05,
4880,4880.T,"CellSource Co.,Ltd.",ok,1692,2026-10-05,
4881,4881.T,FunPep Company Limited,ok,1410,2026-10-05,
4882,4882.T,Perseus Proteomics Inc.,ok,1292,2026-10-05,
4883,4883.T,Modalis Therapeutics Corporation,ok,1508,2026-10-05,
4884,4884.T,"Kringle Pharma,Inc.",ok,1409,2026-10-05,
4885,4885.T,MUROMACHI CHEMICALS INC.,ok,1370,2026-10-05,
4886,4886.T,"ASKA Pharmaceutical Holdings Co.,Ltd.",ok,1346,2026-10-05,
4887,4887.T,"SAWAI GROUP HOLDINGS Co.,Ltd.",ok,1346,2026-10-05,
4888,4888.T,STELLA PHARMA CORPORATION,ok,1331,2026-10-05,
4889,4889.T,Renascience Inc.,ok,1229,2026-10-05,
4890,4890.T,Tsubota Laboratory Incorporated,ok,1047,2026-10-05,
4891,4891.T,"TMS Co.,Ltd.",ok,945,2026-10-05,
4892,4892.T,Cyfuse Biomedical K.K.,ok,939,2026-10-05,
4893,4893.T,Noile-Immune Biotech Inc.,ok,798,2026-10-05,
4894,4894.T,Cuorips Inc.,ok,799,2026-10-05,
4896,4896.T,"K Pharma,Inc.",ok,723,2026-10-05,
4901,4901.T,FUJIFILM Holdings Corporation,ok,2461,2026-10-05,
4902,4902.T,"KONICA MINOLTA,INC.",ok,2461,2026-10-05,
4911,4911.T,"Shiseido Company,Limited",ok,2461,2026-10-05,
4912,4912.T,Lion Corporation,ok,2461,2026-10-05,
4914,4914.T,TAKASAGO INTERNATIONAL CORPORATION,ok,2461,2026-10-05,
4918,4918.T,IVY COSMETICS CORPORATION,ok,2461,2026-10-05,
4919,4919.T,"Milbon Co.,Ltd.",ok,2461,2026-10-05,
4920,4920.T,"Nippon Shikizai,Inc.",ok,2461,2026-10-05,
4922,4922.T,KOSE Holdings Corporation,ok,2461,2026-10-05,
4923,4923.T,"COTA CO.,LTD.",ok,2461,2026-10-05,
4925,4925.T,"HABA LABORATORIES,INC.",ok,2461,2026-10-05,
4926,4926.T,"C'BON COSMETICS Co.,Ltd.",ok,2461,2026-10-05,
4927,4927.T,POLA ORBIS HOLDINGS INC.,ok,2461,2026-10-05,
4928,4928.T,"Noevir Holdings Co.,Ltd.",ok,2461,2026-10-05,
4929,4929.T,"ADJUVANT HOLDINGS CO.,LTD.",ok,2461,2026-10-05,
4931,4931.T,"Shinnihonseiyaku Co.,Ltd.",ok,1774,2026-10-05,
4932,4932.T,"ALMADO,INC.",ok,1290,2026-10-05,
4933,4933.T,"I-ne CO.,LTD.",ok,1472,2026-10-05,
4934,4934.T,"Premier Anti-Aging Co.,Ltd.",ok,1450,2026-10-05,
4935,4935.T,"LIBERTA CO.,LTD.",ok,1416,2026-10-05,
4936,4936.T,AXXZIA Inc.,ok,1375,2026-10-05,
4937,4937.T,Waqoo Inc.,ok,1287,2026-10-05,
4951,4951.T,S.T.CORPORATION,ok,2461,2026-10-05,
4956,4956.T,"KONISHI CO.,LTD.",ok,2461,2026-10-05,
4958,4958.T,"T.HASEGAWA CO.,LTD.",ok,2461,2026-10-05,
4960,4960.T,"CHEMIPRO KASEI KAISHA,LTD.",ok,2461,2026-10-05,
4966,4966.T,"C.Uyemura & Co.,Ltd.",ok,2461,2026-10-05,
4967,4967.T,"KOBAYASHI PHARMACEUTICAL CO.,LTD.",ok,2461,2026-10-05,
4968,4968.T,"ARAKAWA CHEMICAL INDUSTRIES,LTD.",ok,2461,2026-10-05,
4970,4970.T,"Toyo Gosei Co.,Ltd.",ok,2461,2026-10-05,
4971,4971.T,MEC COMPANY LTD.,ok,2461,2026-10-05,
4972,4972.T,"Soken Chemical & Engineering Co.,Ltd.",ok,2461,2026-10-05,
4973,4973.T,"JAPAN PURE CHEMICAL CO.,LTD.",ok,2461,2026-10-05,
4975,4975.T,JCU CORPORATION,ok,2461,2026-10-05,
4976,4976.T,"TOYO DRILUBE CO.,LTD.",ok,2461,2026-10-05,
4977,4977.T,Nitta Gelatin Inc.,ok,2461,2026-10-05,
4978,4978.T,ReproCELL Incorporated,ok,2461,2026-10-05,
4979,4979.T,"OAT Agrio Co.,Ltd.",ok,2461,2026-10-05,
4980,4980.T,Dexerials Corporation,ok,2461,2026-10-05,
4985,4985.T,Earth Corporation,ok,2461,2026-10-05,
4990,4990.T,"Showa Chemical Industry Co.,Ltd.",ok,2461,2026-10-05,
4992,4992.T,"HOKKO CHEMICAL INDUSTRY CO.,LTD.",ok,2461,2026-10-05,
4994,4994.T,"Taisei Lamick Group Head Quarter & Innovation Co.,Ltd.",ok,2461,2026-10-05,
4996,4996.T,"KUMIAI CHEMICAL INDUSTRY CO.,LTD.",ok,2461,2026-10-05,
4997,4997.T,"NIHON NOHYAKU CO.,LTD.",ok,2461,2026-10-05,
4998,4998.T,FUMAKILLA LIMITED,ok,2461,2026-10-05,
5010,5010.T,"NIPPON SEIRO CO.,LTD.",ok,2461,2026-10-05,
5011,5011.T,"NICHIREKI GROUP CO.,LTD.",ok,2461,2026-10-05,
5013,5013.T,Yushiro Inc.,ok,2461,2026-10-05,
5015,5015.T,BP Castrol K.K.,ok,2461,2026-10-05,
5016,5016.T,JX Advanced Metals Corporation,ok,377,2026-10-05,
5018,5018.T,MORESCO Corporation,ok,2461,2026-10-05,
5019,5019.T,"Idemitsu Kosan Co.,Ltd.",ok,2461,2026-10-05,
5020,5020.T,"ENEOS Holdings,Inc.",ok,2461,2026-10-05,
5021,5021.T,"COSMO ENERGY HOLDINGS COMPANY,LIMITED",ok,2461,2026-10-05,
5025,5025.T,MERCURY Inc.,ok,1126,2026-10-05,
5026,5026.T,"TRIPLEIZE CO.,LTD.",ok,1063,2026-10-05,
5027,5027.T,AnyMind Group Inc.,ok,860,2026-10-05,
5028,5028.T,"SecondXight Analytica,Inc.",ok,1100,2026-10-05,
5029,5029.T,circlace Inc,ok,1094,2026-10-05,
5031,5031.T,Moi Corporation,ok,1084,2026-10-05,
5032,5032.T,ANYCOLOR Inc.,ok,1057,2026-10-05,
5033,5033.T,Nulab Inc.,ok,1044,2026-10-05,
5034,5034.T,"unerry,Inc.",ok,1023,2026-10-05,
5035,5035.T,HOUSEI Inc.,ok,1023,2026-10-05,
5036,5036.T,"Japan Business Systems,Inc.",ok,1020,2026-10-05,
5038,5038.T,"eWeLL Co.,Ltd.",ok,987,2026-10-05,
5071,5071.T,VIS co.ltd.,ok,1595,2026-10-05,
5074,5074.T,"TESS Holdings Co.,Ltd.",ok,1328,2026-10-05,
5076,5076.T,INFRONEER Holdings Inc.,ok,1224,2026-10-05,
50765,50765.T,Series 1 Bond-Type Class Shares of INFRONEER Holdings Inc.,ok,528,2026-10-05,
5078,5078.T,CEL Corporation,ok,1116,2026-10-05,
5079,5079.T,"NOVAC CO.,LTD.",ok,1103,2026-10-05,
5101,5101.T,"The Yokohama Rubber Company,Limited",ok,2461,2026-10-05,
5105,5105.T,Toyo Tire Corporation,ok,2461,2026-10-05,
5108,5108.T,BRIDGESTONE CORPORATION,ok,2461,2026-10-05,
5110,5110.T,"Sumitomo Rubber Industries,Ltd.",ok,2461,2026-10-05,
5121,5121.T,FUJIKURA COMPOSITES Inc.,ok,2461,2026-10-05,
5122,5122.T,"OKAMOTO INDUSTRIES,INC.",ok,2461,2026-10-05,
5125,5125.T,Fines inc.,ok,982,2026-10-05,
5126,5126.T,PORTERS CORPORATION,ok,980,2026-10-05,
5129,5129.T,FIXER Inc.,ok,976,2026-10-05,
5131,5131.T,Linkers Corporation,ok,963,2026-10-05,
5132,5132.T,"pluszero,Inc.",ok,960,2026-10-05,
5133,5133.T,Terilogy Holdings Corporation,ok,959,2026-10-05,
5134,5134.T,"POPER Co.,Ltd.",ok,950,2026-10-05,
5136,5136.T,"tripla Co.,Ltd.",ok,943,2026-10-05,
5137,5137.T,SmartDrive inc.,ok,929,2026-10-05,
5138,5138.T,"Rebase,Inc.",ok,928,2026-10-05,
5139,5139.T,OpenWork Inc.,ok,928,2026-10-05,
5142,5142.T,Achilles Corporation,ok,2461,2026-10-05,
5161,5161.T,"NISHIKAWA RUBBER CO.,LTD.",ok,2461,2026-10-05,
5162,5162.T,ASAHI RUBBER INC.,ok,2461,2026-10-05,
5184,5184.T,"NICHIRIN CO.,LTD.",ok,2461,2026-10-05,
5185,5185.T,"Fukoku Co.,Ltd.",ok,2461,2026-10-05,
5186,5186.T,Nitta Corporation,ok,2461,2026-10-05,
5187,5187.T,"CREATE MEDIC CO.,LTD.",ok,2461,2026-10-05,
5189,5189.T,"SAKURA RUBBER CO.,LTD.",ok,2461,2026-10-05,
5192,5192.T,Mitsuboshi Belting Ltd.,ok,2461,2026-10-05,
5194,5194.T,"SAGAMI RUBBER INDUSTRIES CO.,LTD.",ok,2461,2026-10-05,
5195,5195.T,"Bando Chemical Industries,Ltd.",ok,2461,2026-10-05,
5199,5199.T,"FUJI LATEX CO.,LTD.",ok,2461,2026-10-05,
5201,5201.T,AGC Inc.,ok,2461,2026-10-05,
5204,5204.T,"ISHIZUKA GLASS CO.,LTD.",ok,2461,2026-10-05,
5208,5208.T,"Arisawa Mfg.Co.,Ltd.",ok,2461,2026-10-05,
5210,5210.T,"Nihon Yamamura Glass Co.,Ltd.",ok,2461,2026-10-05,
5214,5214.T,"Nippon Electric Glass Co.,Ltd.",ok,2461,2026-10-05,
5216,5216.T,"KURAMOTO CO.,LTD.",ok,2461,2026-10-05,
5218,5218.T,OHARA INC.,ok,2461,2026-10-05,
5232,5232.T,"Sumitomo Osaka Cement Co.,Ltd.",ok,2461,2026-10-05,
5233,5233.T,TAIHEIYO CEMENT CORPORATION,ok,2461,2026-10-05,
5237,5237.T,NOZAWA CORPORATION,ok,2461,2026-10-05,
5240,5240.T,"monoAI technology Co.,Ltd.",ok,926,2026-10-05,
5242,5242.T,"EYEZ,INC.",ok,925,2026-10-05,
5243,5243.T,note inc.,ok,925,2026-10-05,
5244,5244.T,"jig.jp co.,ltd.",ok,924,2026-10-05,
5246,5246.T,"ELEMENTS,Inc.",ok,921,2026-10-05,
5247,5247.T,"BTM,Inc.",ok,921,2026-10-05,
5248,5248.T,"TECHNOLOGIES,Inc.",ok,901,2026-10-05,
5250,5250.T,"GMO PRIME STRATEGY CO.,LTD.",ok,882,2026-10-05,
5252,5252.T,"Nihon Knowledge Co,Ltd.",ok,863,2026-10-05,
5253,5253.T,COVER Corporation,ok,862,2026-10-05,
5254,5254.T,Arent Inc.,ok,861,2026-10-05,
5255,5255.T,Monstarlab Inc.,ok,861,2026-10-05,
5256,5256.T,"Fusic Co.,Ltd.",ok,857,2026-10-05,
5257,5257.T,"NOVA SYSTEM CO.,LTD.",ok,859,2026-10-05,
5258,5258.T,Transaction Media Networks Inc.,ok,856,2026-10-05,
5261,5261.T,"RESOL HOLDINGS Co.,Ltd.",ok,2461,2026-10-05,
5262,5262.T,Nippon Hume Corporation,ok,2461,2026-10-05,
5268,5268.T,"ASAHI CONCRETE WORKS CO.,LTD.",ok,2461,2026-10-05,
5269,5269.T,"NIPPON CONCRETE INDUSTRIES CO.,LTD.",ok,2461,2026-10-05,
5271,5271.T,"TOYO ASANO FOUNDATION CO.,LTD.",ok,2214,2026-10-05,
5273,5273.T,"MITANI SEKISAN CO.,LTD.",ok,2461,2026-10-05,
5279,5279.T,"NIHON KOGYO CO.,LTD.",ok,2461,2026-10-05,
5280,5280.T,"Yoshicon Co.,Ltd.",ok,2461,2026-10-05,
5282,5282.T,GEOSTR Corporation,ok,2461,2026-10-05,
5283,5283.T,"TAKAMISAWA CO.,LTD.",ok,2461,2026-10-05,
5284,5284.T,"YAMAU HOLDINGS CO.,LTD.",ok,2461,2026-10-05,
5285,5285.T,YAMAX Corp.,ok,2461,2026-10-05,
5287,5287.T,"ITO YOGYO CO.,LTD.",ok,2461,2026-10-05,
5288,5288.T,ASIA PILE HOLDINGS CORPORATION,ok,2461,2026-10-05,
5290,5290.T,Vertex Corporation,ok,1955,2026-10-05,
5301,5301.T,"TOKAI CARBON CO.,LTD.",ok,2461,2026-10-05,
5302,5302.T,"Nippon Carbon Co.,Ltd.",ok,2461,2026-10-05,
5304,5304.T,"SEC CARBON,LIMITED",ok,2461,2026-10-05,
5310,5310.T,"TOYO TANSO CO.,LTD.",ok,2461,2026-10-05,
5331,5331.T,"NORITAKE CO.,LIMITED",ok,2461,2026-10-05,
5332,5332.T,TOTO LTD.,ok,2461,2026-10-05,
5333,5333.T,NGK Corporation,ok,2461,2026-10-05,
5334,5334.T,"Niterra Co.,Ltd.",ok,2461,2026-10-05,
5337,5337.T,DANTO HOLDINGS CORPORATION,ok,2461,2026-10-05,
5341,5341.T,"ASAHI EITO HOLDINGS CO.,LTD.",ok,2461,2026-10-05,
5344,5344.T,"MARUWA CO.,LTD.",ok,2461,2026-10-05,
5351,5351.T,"SHINAGAWA REFRA CO.,LTD.",ok,2461,2026-10-05,
5355,5355.T,"Nippon Crucible Co.,Ltd.",ok,2461,2026-10-05,
5356,5356.T,"MINO CERAMIC CO.,LTD.",ok,622,2026-10-05,
5357,5357.T,"YOTAI REFRACTORIES CO.,LTD.",ok,2461,2026-10-05,
5363,5363.T,TYK CORPORATION,ok,2461,2026-10-05,
5367,5367.T,NIKKATO CORPORATION,ok,2461,2026-10-05,
5368,5368.T,"JAPAN INSULATION CO.,LTD.",ok,1598,2026-10-05,
5380,5380.T,SHINTO COMPANY LIMITED,ok,2461,2026-10-05,
5381,5381.T,Mipox Corporation,ok,2461,2026-10-05,
5384,5384.T,FUJIMI INCORPORATED,ok,2461,2026-10-05,
5388,5388.T,"KUNIMINE INDUSTRIES CO.,LTD.",ok,2461,2026-10-05,
5391,5391.T,A&A Material Corporation,ok,2461,2026-10-05,
5393,5393.T,NICHIAS CORPORATION,ok,2461,2026-10-05,
5401,5401.T,NIPPON STEEL CORPORATION,ok,2461,2026-10-05,
5406,5406.T,"Kobe Steel,Ltd.",ok,2461,2026-10-05,
5408,5408.T,"NAKAYAMA STEEL WORKS,LTD.",ok,2461,2026-10-05,
5410,5410.T,"Godo Steel,Ltd.",ok,2461,2026-10-05,
5411,5411.T,"JFE Holdings,Inc.",ok,2461,2026-10-05,
5423,5423.T,"TOKYO STEEL MANUFACTURING CO.,LTD.",ok,2461,2026-10-05,
5440,5440.T,KYOEI STEEL LTD.,ok,2461,2026-10-05,
5444,5444.T,"YAMATO KOGYO CO.,LTD.",ok,2461,2026-10-05,
5445,5445.T,"TOKYO TEKKO CO.,LTD.",ok,2461,2026-10-05,
5446,5446.T,"HOKUETSU METAL Co.,Ltd.",ok,2461,2026-10-05,
5449,5449.T,"OSAKA STEEL CO.,LTD.",ok,2461,2026-10-05,
5451,5451.T,"YODOKO,Ltd.",ok,2461,2026-10-05,
5458,5458.T,TAKASAGO TEKKO K.K.,ok,2461,2026-10-05,
5461,5461.T,"Chubu Steel Plate Co.,Ltd.",ok,920,2026-10-05,
5463,5463.T,Maruichi Steel Tube Ltd.,ok,2461,2026-10-05,
5464,5464.T,MORY INDUSTRIES INC.,ok,2461,2026-10-05,
5471,5471.T,"Daido Steel Co.,Ltd.",ok,2461,2026-10-05,
5480,5480.T,"Nippon Yakin kogyo Co.,Ltd.",ok,2461,2026-10-05,
5482,5482.T,AICHI STEEL CORPORATION,ok,2461,2026-10-05,
5484,5484.T,"Tohoku Steel Co.,Ltd.",ok,2461,2026-10-05,
5491,5491.T,"NIPPON KINZOKU CO.,LTD.",ok,2461,2026-10-05,
5527,5527.T,property technologies Inc.,ok,931,2026-10-05,
5532,5532.T,REALGATE INC.,ok,802,2026-10-05,
5533,5533.T,"Elitz Holdings Co.,Ltd.",ok,799,2026-10-05,
5535,5535.T,MIGALO HOLDINGS Inc.,ok,733,2026-10-05,
5537,5537.T,"AlbaLink Co.,Ltd.",ok,694,2026-10-05,
5541,5541.T,"PACIFIC METALS CO.,LTD.",ok,2461,2026-10-05,
5542,5542.T,Shinhokoku Material Corp.,ok,2461,2026-10-05,
5563,5563.T,"Nippon Denko Co.,Ltd.",ok,2461,2026-10-05,
5570,5570.T,"JENOBA CO.,LTD.",ok,845,2026-10-05,
5571,5571.T,"Excite Holdings Co.,Ltd.",ok,845,2026-10-05,
5572,5572.T,Ridge-i Inc.,ok,839,2026-10-05,
5574,5574.T,"ABEJA,Inc.",ok,808,2026-10-05,
5575,5575.T,Globee Inc.,ok,808,2026-10-05,
5576,5576.T,O.B.System Inc.,ok,803,2026-10-05,
5578,5578.T,"AR advanced technology,Inc.",ok,800,2026-10-05,
5580,5580.T,"Prodelight Co.,Ltd.",ok,798,2026-10-05,
5582,5582.T,GRID Inc.,ok,790,2026-10-05,
5586,5586.T,Laboro.AI Inc.,ok,776,2026-10-05,
5587,5587.T,Inbound Platform Corp.,ok,755,2026-10-05,
5588,5588.T,"Fast Accounting Co.,Ltd.",ok,739,2026-10-05,
5589,5589.T,"AUTOSERVER CO.,LTD.",ok,737,2026-10-05,
5590,5590.T,"NETSTARS Co.,Ltd.",ok,737,2026-10-05,
5591,5591.T,AVILEN Inc.,ok,736,2026-10-05,
5592,5592.T,"Kusurinomadoguchi,Inc.",ok,731,2026-10-05,
5597,5597.T,"Blue innovation Co.,Ltd.",ok,685,2026-10-05,
5599,5599.T,S&J Corporation,ok,682,2026-10-05,
5602,5602.T,"Kurimoto,Ltd.",ok,2461,2026-10-05,
5603,5603.T,KOGI CORPORATION,ok,2461,2026-10-05,
5609,5609.T,NIPPON CHUZO K.K.,ok,2461,2026-10-05,
5612,5612.T,NIPPON CHUTETSUKAN K.K.,ok,2461,2026-10-05,
5616,5616.T,"Ame Kaze Taiyo,Inc.",ok,681,2026-10-05,
5618,5618.T,Nyle Inc.,ok,679,2026-10-05,
5619,5619.T,"MRSO.,Inc",ok,678,2026-10-05,
5621,5621.T,"Human Technologies,Inc.",ok,677,2026-10-05,
5631,5631.T,"The Japan Steel Works,Ltd.",ok,2461,2026-10-05,
5632,5632.T,"Mitsubishi Steel Mfg.Co.,Ltd.",ok,2461,2026-10-05,
5644,5644.T,METALART CORPORATION,ok,2461,2026-10-05,
5658,5658.T,"NICHIA STEEL WORKS,LTD.",ok,2461,2026-10-05,
5659,5659.T,"Nippon Seisen Co.,Ltd.",ok,2461,2026-10-05,
5695,5695.T,"Powdertech Co.,Ltd.",ok,2461,2026-10-05,
5697,5697.T,"SANYU CO.,LTD.",ok,2461,2026-10-05,
5698,5698.T,ENVIPRO HOLDINGS Inc.,ok,2461,2026-10-05,
5699,5699.T,"IBOKIN Co.,Ltd.",ok,1997,2026-10-05,
5702,5702.T,"DAIKI ALUMINIUM INDUSTRY CO.,LTD.",ok,2461,2026-10-05,
5703,5703.T,"Nippon Light Metal Holdings Company,Ltd.",ok,2461,2026-10-05,
5704,5704.T,JMC Corporation,ok,2426,2026-10-05,
5706,5706.T,"Mitsui Kinzoku Company,Limited",ok,2461,2026-10-05,
5707,5707.T,"Toho Zinc Co.,Ltd.",ok,2461,2026-10-05,
5711,5711.T,Mitsubishi Materials Corporation,ok,2461,2026-10-05,
5713,5713.T,"Sumitomo Metal Mining Co.,Ltd.",ok,2461,2026-10-05,
5714,5714.T,"DOWA HOLDINGS CO.,LTD.",ok,2461,2026-10-05,
5715,5715.T,"FURUKAWA CO.,LTD.",ok,2461,2026-10-05,
5721,5721.T,S Crypto Energy Inc.,ok,2461,2026-10-05,
5724,5724.T,"Asaka Riken Co.,Ltd.",ok,2461,2026-10-05,
5726,5726.T,"OSAKA Titanium technologies Co.,Ltd.",ok,2461,2026-10-05,
5729,5729.T,"NIHON SEIKO CO.,LTD",ok,2461,2026-10-05,
5741,5741.T,UACJ Corporation,ok,2461,2026-10-05,
5742,5742.T,"NIC Autotec,Inc.",ok,2461,2026-10-05,
5753,5753.T,"NIPPON SHINDO CO.,LTD.",ok,2461,2026-10-05,
5757,5757.T,"CK SAN-ETSU Co.,Ltd.",ok,2351,2026-10-05,
5801,5801.T,"Furukawa Electric Co.,Ltd.",ok,2461,2026-10-05,
5802,5802.T,"Sumitomo Electric Industries,Ltd.",ok,2461,2026-10-05,
5803,5803.T,Fujikura Ltd.,ok,2461,2026-10-05,
5805,5805.T,SWCC Corporation,ok,2461,2026-10-05,
5816,5816.T,"Onamba Co.,Ltd.",ok,2461,2026-10-05,
5817,5817.T,"JMACS Japan Co.,Ltd.",ok,2461,2026-10-05,
5819,5819.T,"Canare Electric Co.,Ltd.",ok,2461,2026-10-05,
5820,5820.T,"MITSUBOSHI CO.,LTD.",ok,2461,2026-10-05,
5821,5821.T,HIRAKAWA HEWTECH CORP.,ok,2461,2026-10-05,
5830,5830.T,"Iyogin Holdings,Inc.",ok,979,2026-10-05,
5831,5831.T,"Shizuoka Financial Group,Inc.",ok,979,2026-10-05,
5832,5832.T,"Chugin Financial Group,Inc.",ok,979,2026-10-05,
5834,5834.T,"SBI Leasing Services Co.,Ltd.",ok,968,2026-10-05,
5838,5838.T,"Rakuten Bank,Ltd.",ok,843,2026-10-05,
5842,5842.T,Integral Corporation,ok,741,2026-10-05,
5843,5843.T,"Nippon Insure Co.,Ltd.",ok,732,2026-10-05,
5844,5844.T,"Kyoto Financial Group,Inc.",ok,2461,2026-10-05,
5845,5845.T,"ZENHOREN CO.,LTD.",ok,717,2026-10-05,
5851,5851.T,RYOBI LIMITED,ok,2461,2026-10-05,
5852,5852.T,AHRESTY CORPORATION,ok,2461,2026-10-05,
5857,5857.T,"ARE Holdings,Inc.",ok,2461,2026-10-05,
5858,5858.T,"STG CO.,LTD.",ok,1775,2026-10-05,
5867,5867.T,"ES NETWORKS CO.,LTD.",ok,679,2026-10-05,
5868,5868.T,Rococo Co.Ltd.,ok,679,2026-10-05,
5869,5869.T,"WASEDA GAKUSHUKENKYUKAI CO.,LTD.",ok,677,2026-10-05,
5870,5870.T,Nalnet Communications Inc.,ok,676,2026-10-05,
5871,5871.T,SOLIZE Holdings Corporation,ok,648,2026-10-05,
5884,5884.T,"KURADASHI.Co.,Ltd.",ok,796,2026-10-05,
5885,5885.T,"GDEP ADVANCE,Inc.",ok,796,2026-10-05,
5888,5888.T,"DAIWA CYCLE CO.,LTD.",ok,708,2026-10-05,
5889,5889.T,"Japan Eyewear Holdings Co.,Ltd.",ok,702,2026-10-05,
5891,5891.T,"SAKIGAKE Holdings Co.,Ltd.",ok,682,2026-10-05,
5892,5892.T,"yutori,Inc.",ok,674,2026-10-05,
5900,5900.T,"DAIKEN CO.,LTD.",ok,2461,2026-10-05,
5901,5901.T,"Toyo Seikan Group Holdings,Ltd.",ok,2461,2026-10-05,
5902,5902.T,HOKKAN HOLDINGS LIMITED,ok,2461,2026-10-05,
5905,5905.T,NIHON SEIKAN K.K.,ok,2461,2026-10-05,
5906,5906.T,"MK SEIKO CO.,LTD.",ok,2461,2026-10-05,
5909,5909.T,CORONA CORPORATION,ok,2461,2026-10-05,
5911,5911.T,Yokogawa Bridge Holdings Corp.,ok,2461,2026-10-05,
5915,5915.T,KOMAIHALTEC Inc.,ok,2461,2026-10-05,
5918,5918.T,"The Takigami Steel Construction Co.,Ltd.",ok,2461,2026-10-05,
5921,5921.T,"Kawagishi Bridge Works Co.,Ltd.",ok,2461,2026-10-05,
5922,5922.T,"NASU DENKI-TEKKO CO.,LTD.",ok,2461,2026-10-05,
5923,5923.T,"TAKADAKIKO(Steel Construction)CO.,LTD.",ok,2461,2026-10-05,
5928,5928.T,"ALMETAX MANUFACTURING CO,LTD.",ok,2461,2026-10-05,
5929,5929.T,Sanwa Holdings Corporation,ok,2461,2026-10-05,
5930,5930.T,"Bunka Shutter Co.,Ltd.",ok,2461,2026-10-05,
5932,5932.T,"Sankyo Tateyama,Inc.",ok,2461,2026-10-05,
5933,5933.T,ALINCO INCORPORATED,ok,2461,2026-10-05,
5936,5936.T,"TOYO SHUTTER CO.,LTD.",ok,2461,2026-10-05,
5938,5938.T,LIXIL Corporation,ok,2461,2026-10-05,
5939,5939.T,"OTANI KOGYO CO.,LTD.",ok,2461,2026-10-05,
5940,5940.T,"FUJISASH CO.,LTD.",ok,2461,2026-10-05,
5941,5941.T,"NAKANISHI MFG. CO.,LTD.",ok,2461,2026-10-05,
5942,5942.T,"NIPPON FILCON CO.,LTD.",ok,2461,2026-10-05,
5943,5943.T,NORITZ CORPORATION,ok,2461,2026-10-05,
5945,5945.T,"Tenryu Saw Mfg.Co.,Ltd.",ok,2461,2026-10-05,
5946,5946.T,"CHOFU SEISAKUSHO CO.,LTD.",ok,2461,2026-10-05,
5947,5947.T,RINNAI CORPORATION,ok,2461,2026-10-05,
5949,5949.T,UNIPRES CORPORATION,ok,2461,2026-10-05,
5950,5950.T,"JAPAN POWER FASTENING CO.,LTD.",ok,2461,2026-10-05,
5951,5951.T,"Dainichi Co.,Ltd.",ok,2461,2026-10-05,
5952,5952.T,Amatei Incorporated,ok,2461,2026-10-05,
5955,5955.T,"WISE HOLDINGS CO.,LTD.",ok,2461,2026-10-05,
5956,5956.T,"TOSO CO.,LTD.",ok,2461,2026-10-05,
5957,5957.T,"NITTOSEIKO CO.,LTD.",ok,2461,2026-10-05,
5958,5958.T,"SANYO INDUSTRIES,LTD.",ok,2461,2026-10-05,
5959,5959.T,"OKABE CO.,LTD.",ok,2461,2026-10-05,
5962,5962.T,"ASAKA INDUSTRIAL CO.,LTD.",ok,2461,2026-10-05,
5965,5965.T,FUJIMAK CORPORATION,ok,2461,2026-10-05,
5966,5966.T,"KYOTO TOOL CO.,LTD.",ok,2461,2026-10-05,
5967,5967.T,"TONE CO.,LTD.",ok,2461,2026-10-05,
5969,5969.T,"LOBTEX Co.,Ltd.",ok,2461,2026-10-05,
5970,5970.T,G-TEKT CORPORATION,ok,2461,2026-10-05,
5971,5971.T,"KYOWAKOGYOSYO CO.,LTD.",ok,2461,2026-10-05,
5973,5973.T,TOAMI CORPORATION,ok,2461,2026-10-05,
5974,5974.T,"CHUGOKUKOGYO CO.,LTD.",ok,2461,2026-10-05,
5975,5975.T,Topre Corporation,ok,2461,2026-10-05,
5976,5976.T,"Neturen Co.,Ltd.",ok,2461,2026-10-05,
5981,5981.T,"TOKYO ROPE MFG.CO.,LTD",ok,2461,2026-10-05,
5982,5982.T,"MARUZEN CO.,LTD.",ok,2461,2026-10-05,
5983,5983.T,IWABUCHI CORPORATION,ok,2461,2026-10-05,
5984,5984.T,KANEFUSA CORPORATION,ok,2461,2026-10-05,
5985,5985.T,SUNCALL CORPORATION,ok,2461,2026-10-05,
5986,5986.T,"MOLITEC STEEL CO.,LTD.",ok,2461,2026-10-05,
5987,5987.T,ONEX Corporation,ok,2461,2026-10-05,
5988,5988.T,"PIOLAX,INC.",ok,2461,2026-10-05,
5989,5989.T,"H-ONE CO.,LTD.",ok,2461,2026-10-05,
5990,5990.T,"SUPER TOOL CO.,LTD.",ok,2461,2026-10-05,
5991,5991.T,"NHK SPRING CO.,LTD.",ok,2461,2026-10-05,
5992,5992.T,"CHUO SPRING CO.,LTD.",ok,2461,2026-10-05,
5994,5994.T,"FINE SINTER CO.,LTD.",ok,2461,2026-10-05,
5997,5997.T,KYORITSU AIR TECH INC.,ok,2461,2026-10-05,
5998,5998.T,Advanex Inc.,ok,2461,2026-10-05,
6005,6005.T,"MIURA CO.,LTD.",ok,2461,2026-10-05,
6013,6013.T,"TAKUMA CO.,LTD.",ok,2461,2026-10-05,
6016,6016.T,Japan Engine Corporation,ok,2461,2026-10-05,
6018,6018.T,"THE HANSHIN DIESEL WORKS,LTD.",ok,2461,2026-10-05,
6022,6022.T,Akasaka Diesels Ltd.,ok,2461,2026-10-05,
6023,6023.T,"DAIHATSU INFINEARTH MFG.CO.,LTD.",ok,2461,2026-10-05,
6027,6027.T,"Bengo4.com,Inc.",ok,2461,2026-10-05,
6029,6029.T,Artra Group Corporation,ok,2461,2026-10-05,
6030,6030.T,"Adventure,Inc.",ok,2461,2026-10-05,
6031,6031.T,ZETA INC.,ok,2461,2026-10-05,
6033,6033.T,"EXTREME CO.,LTD.",ok,2461,2026-10-05,
6034,6034.T,MRT Inc.,ok,2461,2026-10-05,
6035,6035.T,"IR Japan Holdings,Ltd.",ok,2461,2026-10-05,
6036,6036.T,"KeePer Technical Laboratory Co.,Ltd.",ok,2461,2026-10-05,
6037,6037.T,"RAKUMACHI,INC.",ok,2461,2026-10-05,
6038,6038.T,"IID,Inc.",ok,2461,2026-10-05,
6039,6039.T,"Japan Animal Referral Medical Center Co.,Ltd.",ok,2461,2026-10-05,
6040,6040.T,"Nippon Ski Resort Development Co.,Ltd.",ok,2461,2026-10-05,
6042,6042.T,"NIKKI CO.,LTD.",ok,2461,2026-10-05,
6044,6044.T,SANKI SERVICE CORPORATION,ok,2461,2026-10-05,
6045,6045.T,"Rentracks CO.,LTD.",ok,2461,2026-10-05,
6046,6046.T,LINKBAL INC.,ok,2461,2026-10-05,
6047,6047.T,Gunosy Inc.,ok,2461,2026-10-05,
6049,6049.T,ItoKuro Inc.,ok,2461,2026-10-05,
6050,6050.T,E-Guardian Inc.,ok,2461,2026-10-05,
6054,6054.T,Livesense Inc.,ok,2461,2026-10-05,
6055,6055.T,"JAPAN MATERIAL Co.,Ltd.",ok,2461,2026-10-05,
6058,6058.T,VECTOR INC.,ok,2461,2026-10-05,
6059,6059.T,"UCHIYAMA HOLDINGS Co.,Ltd.",ok,2461,2026-10-05,
6061,6061.T,"UNIVERSAL ENGEISHA CO.,LTD",ok,2461,2026-10-05,
6062,6062.T,CHARM CARE CORPORATION,ok,2461,2026-10-05,
6063,6063.T,"Emergency Assistance Japan Co., Ltd.",ok,2461,2026-10-05,
6069,6069.T,"Trenders,Inc.",ok,2461,2026-10-05,
6070,6070.T,"CAREERLINK CO.,LTD.",ok,2461,2026-10-05,
6071,6071.T,"IBJ,Inc.",ok,2461,2026-10-05,
6072,6072.T,"Jibannet Holdings Co.,Ltd.",ok,2461,2026-10-05,
6073,6073.T,ASANTE INCORPORATED,ok,2461,2026-10-05,
6074,6074.T,JSS CORPORATION,ok,2461,2026-10-05,
6078,6078.T,"Value HR Co.,Ltd.",ok,2461,2026-10-05,
6080,6080.T,"M&A Capital Partners Co.,Ltd.",ok,2461,2026-10-05,
6081,6081.T,"Allied Architects,Inc.",ok,2461,2026-10-05,
6082,6082.T,"RIDE ON EXPRESS HOLDINGS Co.,Ltd.",ok,2461,2026-10-05,
6083,6083.T,"ERI HOLDINGS CO.,LTD.",ok,2461,2026-10-05,
6085,6085.T,ARCHITECTS STUDIO JAPAN INC.,ok,2461,2026-10-05,
6086,6086.T,"Shin Maint Holdings Co.,Ltd.",ok,2461,2026-10-05,
6087,6087.T,"ABIST Co.,Ltd.",ok,2461,2026-10-05,
6088,6088.T,SIGMAXYZ Holdings Inc.,ok,2461,2026-10-05,
6089,6089.T,"WILL GROUP,INC.",ok,2461,2026-10-05,
6090,6090.T,"Human Metabolome Technologies,Inc.",ok,2461,2026-10-05,
6091,6091.T,Wesco Holdings Inc.,ok,2461,2026-10-05,
6092,6092.T,"EnBio Holdings,Inc",ok,2460,2026-10-05,
6093,6093.T,"MITRA Group,Inc.",ok,2461,2026-10-05,
6094,6094.T,"FreakOut Holdings,inc.",ok,2461,2026-10-05,
6098,6098.T,"Recruit Holdings Co.,Ltd.",ok,2461,2026-10-05,
6099,6099.T,ELAN Corporation,ok,2461,2026-10-05,
6101,6101.T,TSUGAMI CORPORATION,ok,2461,2026-10-05,
6103,6103.T,OKUMA Corporation,ok,2461,2026-10-05,
6104,6104.T,"SHIBAURA MACHINE CO.,LTD.",ok,2461,2026-10-05,
6113,6113.T,"AMADA CO.,LTD.",ok,2461,2026-10-05,
6118,6118.T,"AIDA ENGINEERING,LTD.",ok,2461,2026-10-05,
6125,6125.T,"OKAMOTO MACHINE TOOL WORKS,LTD.",ok,2461,2026-10-05,
6134,6134.T,FUJI CORPORATION,ok,2461,2026-10-05,
6135,6135.T,"Makino Milling Machine Co.,Ltd.",ok,2461,2026-10-05,
6136,6136.T,OSG Corporation,ok,2461,2026-10-05,
6137,6137.T,"KOIKE SANSO KOGYO CO.,LTD.",ok,2461,2026-10-05,
6138,6138.T,"DIJET INDUSTRIAL CO.,LTD.",ok,2461,2026-10-05,
6140,6140.T,"Asahi Diamond Industrial Co.,Ltd.",ok,2461,2026-10-05,
6141,6141.T,"DMG MORI CO.,LTD.",ok,2461,2026-10-05,
6143,6143.T,"Sodick Co.,Ltd.",ok,2461,2026-10-05,
6144,6144.T,"Seibu Electric & Machinery Co.,Ltd.",ok,2461,2026-10-05,
6145,6145.T,"NITTOKU CO.,LTD.",ok,2461,2026-10-05,
6146,6146.T,DISCO CORPORATION,ok,2461,2026-10-05,
6147,6147.T,"YAMAZAKI CO.,LTD.",ok,2458,2026-09-30,
6149,6149.T,"Odawara Engineering Co.,Ltd.",ok,2461,2026-10-05,
6150,6150.T,"TAKEDA MACHINERY CO.,LTD.",ok,2461,2026-10-05,
6151,6151.T,"NITTO KOHKI CO.,LTD.",ok,2461,2026-10-05,
6155,6155.T,"TAKAMATSU MACHINERY CO.,LTD.",ok,2461,2026-10-05,
6156,6156.T,A-ONE SEIMITSU INC.,ok,2461,2026-10-05,
6157,6157.T,"NS TOOL CO.,LTD.",ok,2461,2026-10-05,
6158,6158.T,"WAIDA MFG.CO.,LTD.",ok,2461,2026-10-05,
6159,6159.T,"MICRON MACHINERY CO.,LTD.",ok,2461,2026-10-05,
6161,6161.T,ESTIC CORPORATION,ok,2461,2026-10-05,
6165,6165.T,"PUNCH INDUSTRY CO.,LTD.",ok,2461,2026-10-05,
6166,6166.T,"NAKAMURA CHOUKOU CO.,LTD.",ok,2461,2026-10-05,
6167,6167.T,"Fuji Die Co.,Ltd.",ok,2461,2026-10-05,
6171,6171.T,C.E.Management Integrated Laboratory Co.Ltd,ok,2461,2026-10-05,
6176,6176.T,Brangista Inc.,ok,2461,2026-10-05,
6177,6177.T,AppBank Inc.,ok,2461,2026-10-05,
6178,6178.T,"JAPAN POST HOLDINGS Co.,Ltd.",ok,2461,2026-10-05,
6180,6180.T,"GMO Media,Inc.",ok,2461,2026-10-05,
6181,6181.T,Tameny Inc.,ok,2461,2026-10-05,
6182,6182.T,MetaReal Corporation,ok,2461,2026-10-05,
6183,6183.T,"BELLSYSTEM24 HOLDINGS,INC.",ok,2461,2026-10-05,
6184,6184.T,"Kamakura Shinsho,Ltd.",ok,2461,2026-10-05,
6185,6185.T,SMN Corporation,ok,2461,2026-10-05,
6186,6186.T,"ICHIKURA CO.,LTD.",ok,2461,2026-10-05,
6189,6189.T,Global Kids Company Corp.,ok,2461,2026-10-05,
6190,6190.T,"PhoenixBio Co.,Ltd.",ok,2461,2026-10-05,
6191,6191.T,AirTrip Corp.,ok,2461,2026-10-05,
6193,6193.T,"Virtualex Holdings,Inc.",ok,2461,2026-10-05,
6194,6194.T,"Atrae,Inc.",ok,2461,2026-10-05,
6195,6195.T,"HOPE,INC.",ok,2461,2026-10-05,
6196,6196.T,"Strike Group Co.,Ltd.",ok,2461,2026-10-05,
6198,6198.T,"CAREER CO.,LTD.",ok,2461,2026-10-05,
6199,6199.T,"SERAKU Co.,Ltd.",ok,2461,2026-10-05,
6200,6200.T,"Insource Co.,Ltd.",ok,2461,2026-10-05,
6203,6203.T,"Howa Machinery,Ltd.",ok,2461,2026-10-05,
6208,6208.T,"Ishikawa Seisakusho,Ltd.",ok,2461,2026-10-05,
6209,6209.T,NPR-RIKEN CORPORATION,ok,733,2026-10-05,
6217,6217.T,TSUDAKOMA Corp.,ok,2461,2026-10-05,
6218,6218.T,ENSHU Limited,ok,2461,2026-10-05,
6222,6222.T,"SHIMA SEIKI MFG.,LTD.",ok,2461,2026-10-05,
6223,6223.T,"Seibu Giken Co.,Ltd.",ok,732,2026-10-05,
6224,6224.T,"JRC Co.,Ltd.",ok,769,2026-10-05,
6226,6226.T,"Moriya Transportation Engineering and Manufacturing Co.,Ltd.",ok,1112,2026-10-05,
6227,6227.T,"AIMECHATEC,Ltd.",ok,1266,2026-10-05,
6228,6228.T,"J.E.T.Co.,LTD.",ok,1349,2026-10-05,
6229,6229.T,OKUMURA ENGINEERING corp.,ok,1416,2026-10-05,
6230,6230.T,SANEI LTD.,ok,1410,2026-10-05,
6231,6231.T,"KIMURA KOHKI Co.,Ltd.",ok,1602,2026-10-05,
6232,6232.T,ACSL Ltd.,ok,1896,2026-10-05,
6233,6233.T,KLASS Corporation,ok,1957,2026-10-05,
6235,6235.T,"OPTORUN CO.,LTD.",ok,2158,2026-10-05,
6237,6237.T,"IWAKI CO.,LTD.",ok,2461,2026-10-05,
6238,6238.T,FURYU CORPORATION,ok,2461,2026-10-05,
6239,6239.T,NAGAOKA INTERNATIONAL CORPORATION,ok,2461,2026-10-05,
6240,6240.T,YAMASHIN-FILTER CORP.,ok,2461,2026-10-05,
6245,6245.T,"HIRANO TECSEED CO.,LTD.",ok,2461,2026-10-05,
6246,6246.T,Techno Smart Corp.,ok,2461,2026-10-05,
6247,6247.T,"HISAKA WORKS,LTD.",ok,2461,2026-10-05,
6248,6248.T,"Yokota Manufacturing Co., Ltd.",ok,2461,2026-10-05,
6249,6249.T,"Gamecard Holdings,Inc.",ok,2461,2026-10-05,
6250,6250.T,YAMABIKO CORPORATION,ok,2461,2026-10-05,
6254,6254.T,"Nomura Micro Science Co.,Ltd.",ok,2461,2026-10-05,
6255,6255.T,NPC Incorporated,ok,2461,2026-10-05,
6257,6257.T,"FUJISHOJI CO.,LTD.",ok,2461,2026-10-05,
6258,6258.T,HIRATA Corporation,ok,2461,2026-10-05,
6262,6262.T,"PEGASUS CO.,LTD.",ok,2461,2026-10-05,
6264,6264.T,"Marumae Co.,Ltd.",ok,2461,2026-10-05,
6265,6265.T,CONVUM Ltd.,ok,2461,2026-10-05,
6266,6266.T,"TAZMO CO.,LTD.",ok,2461,2026-10-05,
6267,6267.T,"GENERAL PACKER CO.,LTD.",ok,2461,2026-10-05,
6268,6268.T,Nabtesco Corporation,ok,2461,2026-10-05,
6269,6269.T,"MODEC,INC.",ok,2461,2026-10-05,
6272,6272.T,"RHEON AUTOMATIC MACHINERY CO.,LTD.",ok,2461,2026-10-05,
6273,6273.T,SMC CORPORATION,ok,2461,2026-10-05,
6276,6276.T,"SiriusVision CO.,LTD.",ok,2461,2026-10-05,
6277,6277.T,HOSOKAWA MICRON CORPORATION,ok,2461,2026-10-05,
6278,6278.T,UNION TOOL CO.,ok,2461,2026-10-05,
6279,6279.T,ZUIKO CORPORATION,ok,2461,2026-10-05,
6282,6282.T,OILES CORPORATION,ok,2461,2026-10-05,
6284,6284.T,"NISSEI ASB MACHINE CO.,LTD.",ok,2461,2026-10-05,
6286,6286.T,SEIKO CORPORATION,ok,2461,2026-10-05,
6287,6287.T,SATO CORPORATION,ok,2461,2026-10-05,
6289,6289.T,GIKEN LTD.,ok,2461,2026-10-05,
6291,6291.T,"AIRTECH JAPAN,LTD.",ok,2461,2026-10-05,
6292,6292.T,"KAWATA MFG. CO.,LTD.",ok,2461,2026-10-05,
6294,6294.T,OKADA AIYON CORPORATION,ok,2461,2026-10-05,
6298,6298.T,"Y.A.C.HOLDINGS CO.,LTD.",ok,2461,2026-10-05,
6301,6301.T,KOMATSU LTD.,ok,2461,2026-10-05,
6302,6302.T,"SUMITOMO HEAVY INDUSTRIES,LTD.",ok,2461,2026-10-05,
6305,6305.T,"Hitachi Construction Machinery Co.,Ltd.",ok,2461,2026-10-05,
6306,6306.T,"NIKKO CO.,LTD.",ok,2461,2026-10-05,
6307,6307.T,"SANSEI CO.,LTD.",ok,2461,2026-10-05,
6309,6309.T,"TOMOE ENGINEERING CO.,LTD.(TOMOE KOGYO CO.,LTD.)",ok,2461,2026-10-05,
6310,6310.T,"ISEKI & CO.,LTD.",ok,2461,2026-10-05,
6315,6315.T,TOWA CORPORATION,ok,2461,2026-10-05,
6316,6316.T,"MARUYAMA MFG.CO.,INC.",ok,2461,2026-10-05,
6317,6317.T,Kitagawa Corporation,ok,2461,2026-10-05,
6322,6322.T,TACMINA CORPORATION,ok,2461,2026-10-05,
6323,6323.T,RORZE CORPORATION,ok,2461,2026-10-05,
6324,6324.T,Harmonic Drive Systems Inc.,ok,2461,2026-10-05,
6325,6325.T,"TAKAKITA CO.,LTD.",ok,2461,2026-10-05,
6326,6326.T,KUBOTA CORPORATION,ok,2461,2026-10-05,
6327,6327.T,"KITAGAWA SEIKI CO.,LTD.",ok,2461,2026-10-05,
6328,6328.T,"EBARA JITSUGYO CO.,LTD.",ok,2461,2026-10-05,
6330,6330.T,TOYO ENGINEERING CORPORATION,ok,2461,2026-10-05,
6331,6331.T,"Mitsubishi Kakoki Kaisha,Ltd.",ok,2461,2026-10-05,
6332,6332.T,"TSUKISHIMA HOLDINGS CO.,LTD.",ok,2461,2026-10-05,
6333,6333.T,TEIKOKU CORPORATION,ok,2461,2026-10-05,
6334,6334.T,"Meiji Machine Co.,Ltd.",ok,2461,2026-10-05,
6335,6335.T,"TOKYO KIKAI SEISAKUSHO,LTD.",ok,2461,2026-10-05,
6336,6336.T,"ISHII HYOKI CO.,LTD.",ok,2461,2026-10-05,
6337,6337.T,TESEC Corporation,ok,2461,2026-10-05,
6338,6338.T,Takatori Corporation,ok,2461,2026-10-05,
6339,6339.T,"Sintokogio,Ltd.",ok,2461,2026-10-05,
6340,6340.T,SHIBUYA CORPORATION,ok,2461,2026-10-05,
6342,6342.T,"Taihei Machinery Works,Limited",ok,2461,2026-10-05,
6343,6343.T,FREESIA MACROSS CORPORATION,ok,2461,2026-10-05,
6345,6345.T,AICHI CORPORATION,ok,2461,2026-10-05,
6346,6346.T,"KIKUKAWA ENTERPRISE,INC.",ok,2461,2026-10-05,
6347,6347.T,"PLACO CO.,LTD.",ok,2461,2026-10-05,
6349,6349.T,KOMORI CORPORATION,ok,2461,2026-10-05,
6351,6351.T,"TSURUMI MANUFACTURING CO.,LTD.",ok,2461,2026-10-05,
6356,6356.T,"NIPPON GEAR CO.,LTD.",ok,2461,2026-10-05,
6357,6357.T,"Sansei Technologies,Inc.",ok,2461,2026-10-05,
6358,6358.T,"SAKAI HEAVY INDUSTRIES,LTD.",ok,2461,2026-10-05,
6360,6360.T,"TOKYO AUTOMATIC MACHINERY WORKS,LTD.",ok,2461,2026-10-05,
6361,6361.T,EBARA CORPORATION,ok,2461,2026-10-05,
6363,6363.T,"Torishima Pump Mfg.Co.,Ltd.",ok,2461,2026-10-05,
6364,6364.T,AIRMAN CORPORATION,ok,2461,2026-10-05,
6365,6365.T,DMW CORPORATION,ok,2461,2026-10-05,
6366,6366.T,Chiyoda Corporation,ok,2461,2026-10-05,
6367,6367.T,"DAIKIN INDUSTRIES,LTD.",ok,2461,2026-10-05,
6368,6368.T,ORGANO CORPORATION,ok,2461,2026-10-05,
6369,6369.T,TOYO KANETSU K.K.,ok,2461,2026-10-05,
6370,6370.T,Kurita Water Industries Ltd.,ok,2461,2026-10-05,
6371,6371.T,TSUBAKIMOTO CHAIN CO.,ok,2461,2026-10-05,
6376,6376.T,"NIKKISO CO.,LTD.",ok,2461,2026-10-05,
6378,6378.T,"KIMURA CHEMICAL PLANTS CO.,LTD.",ok,2461,2026-10-05,
6379,6379.T,RAIZNEXT Corporation,ok,2461,2026-10-05,
6380,6380.T,"ORIENTAL CHAIN MFG. CO.,LTD.",ok,2461,2026-10-05,
6381,6381.T,ANEST IWATA Corporation,ok,2461,2026-10-05,
6382,6382.T,TRINITY INDUSTRIAL CORPORATION,ok,2461,2026-10-05,
6383,6383.T,"DAIFUKU CO.,LTD.",ok,2461,2026-10-05,
6384,6384.T,"SHOWA SHINKU CO.,LTD.",ok,2461,2026-10-05,
6387,6387.T,SAMCO INC.,ok,2461,2026-10-05,
6390,6390.T,"KATO WORKS CO.,LTD.",ok,2461,2026-10-05,
6391,6391.T,KAJI TECHNOLOGY CORPORATION,ok,2461,2026-10-05,
6392,6392.T,YAMADA CORPORATION,ok,2461,2026-10-05,
6393,6393.T,"YUKEN KOGYO CO.,LTD.",ok,2461,2026-10-05,
6395,6395.T,TADANO LTD.,ok,2461,2026-10-05,
6396,6396.T,"Unozawa-gumi Iron Works,Limited",ok,2461,2026-10-05,
6400,6400.T,"FUJI SEIKI CO.,LTD.",ok,2461,2026-10-05,
6402,6402.T,"KANEMATSU ENGINEERING CO.,LTD.",ok,2461,2026-10-05,
6405,6405.T,"Suzumo Machinery Co.,Ltd.",ok,2461,2026-10-05,
6407,6407.T,CKD Corporation,ok,2461,2026-10-05,
6408,6408.T,"OGURA CLUTCH CO.,LTD.",ok,2461,2026-10-05,
6412,6412.T,Heiwa Corporation,ok,2461,2026-10-05,
6413,6413.T,RISO KAGAKU CORPORATION,ok,2461,2026-10-05,
6417,6417.T,"SANKYO CO.,LTD.",ok,2461,2026-10-05,
6418,6418.T,"JAPAN CASH MACHINE CO.,LTD.",ok,2461,2026-10-05,
6419,6419.T,Mars Group Holdings Corporation,ok,2461,2026-10-05,
6420,6420.T,GALILEI HOLDINGS CO.LTD.,ok,2461,2026-10-05,
6424,6424.T,"TAKAMISAWA CYBERNETICS COMPANY,LTD.",ok,2461,2026-10-05,
6425,6425.T,Universal Entertainment Corporation,ok,2461,2026-10-05,
6428,6428.T,OIZUMI Corporation,ok,2461,2026-10-05,
6430,6430.T,"DAIKOKU DENKI CO.,LTD.",ok,2461,2026-10-05,
6432,6432.T,"TAKEUCHI MFG.CO.,LTD.",ok,2461,2026-10-05,
6433,6433.T,"HEPHAIST CO.,LTD.",ok,2461,2026-10-05,
6436,6436.T,Amano Corporation,ok,2461,2026-10-05,
6440,6440.T,JUKI CORPORATION,ok,2461,2026-10-05,
6444,6444.T,SANDEN CORPORATION,ok,2461,2026-10-05,
6445,6445.T,JANOME Corporation,ok,2461,2026-10-05,
6448,6448.T,"BROTHER INDUSTRIES,LTD.",ok,2461,2026-10-05,
6454,6454.T,"MAX CO.,LTD.",ok,2461,2026-10-05,
6455,6455.T,MORITA HOLDINGS CORPORATION,ok,2461,2026-10-05,
6457,6457.T,GLORY LTD.,ok,2461,2026-10-05,
6458,6458.T,SINKO INDUSTRIES LTD.,ok,2461,2026-10-05,
6459,6459.T,DAIWA LTD.,ok,2461,2026-10-05,
6460,6460.T,SEGA SAMMY HOLDINGS INC.,ok,2461,2026-10-05,
6463,6463.T,"TPR CO.,LTD.",ok,2461,2026-10-05,
6464,6464.T,"TSUBAKI NAKASHIMA CO.,LTD.",ok,2461,2026-10-05,
6465,6465.T,HOSHIZAKI CORPORATION,ok,2461,2026-10-05,
6466,6466.T,"TVE Co.,Ltd.",ok,2461,2026-10-05,
6467,6467.T,NICHIDAI CORPORATION,ok,2461,2026-10-05,
6469,6469.T,"HODEN SEIMITSU KAKO KENKYUSHO CO.,LTD.",ok,2461,2026-10-05,
6470,6470.T,"TAIHO KOGYO CO.,LTD.",ok,2461,2026-10-05,
6471,6471.T,NSK Ltd.,ok,2461,2026-10-05,
6472,6472.T,NTN CORPORATION,ok,2461,2026-10-05,
6473,6473.T,JTEKT Corporation,ok,2461,2026-10-05,
6474,6474.T,NACHI-FUJIKOSHI CORP.,ok,2461,2026-10-05,
6479,6479.T,MINEBEA MITSUMI Inc.,ok,2461,2026-10-05,
6480,6480.T,"NIPPON THOMPSON CO.,LTD.",ok,2461,2026-10-05,
6481,6481.T,"THK CO.,LTD.",ok,2461,2026-10-05,
6482,6482.T,Yushin Company,ok,2461,2026-10-05,
6484,6484.T,KVK CORPORATION,ok,2461,2026-10-05,
6485,6485.T,"MAEZAWA KYUSO INDUSTRIES CO.,LTD.",ok,2461,2026-10-05,
6488,6488.T,Yoshitake Inc.,ok,2461,2026-10-05,
6490,6490.T,PILLAR Corporation,ok,2461,2026-10-05,
6492,6492.T,OKANO VALVE MFG.CO.LTD.,ok,2461,2026-10-05,
6493,6493.T,NITTAN Corporation,ok,2461,2026-10-05,
6494,6494.T,"NFK HOLDINGS CO.,Ltd",ok,2461,2026-10-05,
6495,6495.T,"MIYAIRI VALVE MFG.CO.,LTD.",ok,2461,2026-10-05,
6496,6496.T,"NAKAKITA SEISAKUSHO CO.,LTD.",ok,2461,2026-10-05,
6497,6497.T,HAMAI INDUSTRIES LTD,ok,2461,2026-10-05,
6498,6498.T,KITZ CORPORATION,ok,2461,2026-10-05,
6501,6501.T,"Hitachi,Ltd.",ok,2461,2026-10-05,
6503,6503.T,Mitsubishi Electric Corporation,ok,2461,2026-10-05,
6504,6504.T,"FUJI ELECTRIC CO.,LTD.",ok,2461,2026-10-05,
6505,6505.T,"TOYO DENKI SEIZO K.K.(TOYO ELECTRIC MFG.CO.,LTD.)",ok,2461,2026-10-05,
6506,6506.T,YASKAWA Electric Corporation,ok,2461,2026-10-05,
6507,6507.T,"SINFONIA TECHNOLOGY CO.,LTD.",ok,2461,2026-10-05,
6508,6508.T,MEIDENSHA CORPORATION,ok,2461,2026-10-05,
6513,6513.T,"Origin Company,Limited",ok,2461,2026-10-05,
6516,6516.T,"SANYO DENKI CO.,LTD.",ok,2461,2026-10-05,
6517,6517.T,"Denyo Co.,Ltd.",ok,2461,2026-10-05,
6518,6518.T,"SANSO ELECTRIC CO.,LTD.",ok,2461,2026-10-05,
6521,6521.T,OXIDE Corporation,ok,1344,2026-10-05,
6522,6522.T,Asterisk Inc.,ok,1225,2026-10-05,
6523,6523.T,PHC Holdings Corporation,ok,1215,2026-10-05,
6524,6524.T,"KOHOKU KOGYO CO.,LTD.",ok,1169,2026-10-05,
6525,6525.T,KOKUSAI ELECTRIC CORPORATION,ok,717,2026-10-05,
6526,6526.T,Socionext Inc.,ok,973,2026-10-05,
6532,6532.T,"BayCurrent,Inc.",ok,2461,2026-10-05,
6533,6533.T,Orchestra Holdings Inc.,ok,2461,2026-10-05,
6535,6535.T,"i-mobile Co.,Ltd.",ok,2447,2026-10-05,
6537,6537.T,"WASHHOUSE CO.,LTD.",ok,2429,2026-10-05,
6538,6538.T,Disruptors Inc.,ok,2415,2026-10-05,
6539,6539.T,"MATCHING SERVICE JAPAN CO.,LTD.",ok,2414,2026-10-05,
6540,6540.T,SEMBA CORPORATION,ok,2411,2026-10-05,
6543,6543.T,NISSEN INC.,ok,2372,2026-10-05,
6544,6544.T,"JAPAN ELEVATOR SERVICE HOLDINGS CO.,LTD.",ok,2351,2026-10-05,
6545,6545.T,internet infinity INC.,ok,2350,2026-10-05,
6546,6546.T,Fulltech Co.Ltd.,ok,2350,2026-10-05,
6547,6547.T,"GREENS CO.,LTD.",ok,2349,2026-10-05,
6548,6548.T,TABIKOBO Co.Ltd.,ok,2330,2026-10-05,
6549,6549.T,"DM Solutions Co.,Ltd",ok,2288,2026-10-05,
6551,6551.T,TSUNAGU GROUP HOLDINGS Inc.,ok,2281,2026-10-05,
6552,6552.T,"GameWith,Inc.",ok,2280,2026-10-05,
6554,6554.T,"SUS Co.,Ltd.",ok,2228,2026-10-05,
6555,6555.T,"MS&Consulting Co.,Ltd.",ok,2212,2026-10-05,
6557,6557.T,AIAI Group Corporation,ok,2194,2026-10-05,
6558,6558.T,"Cookbiz Co.,Ltd.",ok,2174,2026-10-05,
6560,6560.T,"LTS,Inc.",ok,2161,2026-10-05,
6561,6561.T,"HANATOUR JAPAN CO.,LTD.",ok,2161,2026-10-05,
6562,6562.T,"Geniee,Inc.",ok,2160,2026-10-05,
6563,6563.T,Mirai Works Inc.,ok,2158,2026-10-05,
6564,6564.T,"MIDAC HOLDINGS CO.,LTD.",ok,2151,2026-10-05,
6566,6566.T,"KANAME KOGYO CO.,LTD.",ok,2155,2026-10-05,
6568,6568.T,"KNC Laboratories Co.,Ltd.",ok,2097,2026-10-05,
6570,6570.T,Kyowa Corporation,ok,2095,2026-10-05,
6571,6571.T,"QB Net Holdings Co.,Ltd.",ok,2091,2026-10-05,
6572,6572.T,"OPEN Group,Inc.",ok,2088,2026-10-05,
6573,6573.T,CRAVIA Inc.,ok,2086,2026-10-05,
6574,6574.T,Convano Inc.,ok,2078,2026-10-05,
6577,6577.T,"Bestone.Com Co.,Ltd",ok,2067,2026-10-05,
6578,6578.T,CORREC HOLDINGS Inc.,ok,2066,2026-10-05,
6579,6579.T,"logly,Inc.",ok,2027,2026-10-05,
6580,6580.T,"Writeup Co.,Ltd.",ok,2026,2026-10-05,
6584,6584.T,"Sanoh Industrial Co.,Ltd.",ok,2461,2026-10-05,
6586,6586.T,Makita Corporation,ok,2461,2026-10-05,
6588,6588.T,TOSHIBA TEC CORPORATION,ok,2461,2026-10-05,
6590,6590.T,SHIBAURA MECHATRONICS CORPORATION,ok,2461,2026-10-05,
6592,6592.T,"MABUCHI MOTOR CO.,LTD.",ok,2461,2026-10-05,
6594,6594.T,NIDEC CORPORATION,ok,2461,2026-10-05,
6597,6597.T,HPC SYSTEMS Inc.,ok,1713,2026-10-05,
6599,6599.T,"EBRAINS,INC.",ok,1530,2026-10-05,
6612,6612.T,BALMUDA Inc.,ok,1417,2026-10-05,
6613,6613.T,"QD Laser,Inc.",ok,1383,2026-10-05,
6614,6614.T,"Shikino High-Tech CO.,LTD.",ok,1351,2026-10-05,
6615,6615.T,"UMC Electronics Co.,Ltd.",ok,2461,2026-10-05,
6616,6616.T,TOREX SEMICONDUCTOR LTD.,ok,2461,2026-10-05,
6617,6617.T,"TAKAOKA TOKO CO.,LTD.",ok,2461,2026-10-05,
6619,6619.T,W-SCOPE Corporation,ok,2461,2026-10-05,
6620,6620.T,"Miyakoshi Holdings,Inc.",ok,2461,2026-10-05,
6622,6622.T,DAIHEN CORPORATION,ok,2461,2026-10-05,
6625,6625.T,JALCO Holdings Inc.,ok,2461,2026-10-05,
6626,6626.T,SEMITEC Corporation,ok,2461,2026-10-05,
6627,6627.T,"Tera Probe,Inc.",ok,2461,2026-10-05,
6629,6629.T,"TECHNO HORIZON CO.,LTD.",ok,2461,2026-10-05,
6630,6630.T,YA-MAN LTD.,ok,2461,2026-10-05,
6632,6632.T,JVCKENWOOD Corporation,ok,2461,2026-10-05,
6633,6633.T,CGS HOLDINGS INC.,ok,2461,2026-10-05,
6634,6634.T,JN Group Inc.,ok,2461,2026-10-05,
6635,6635.T,KK DI-NIKKO ENGINEERING,ok,2461,2026-10-05,
6637,6637.T,"TERASAKI ELECTRIC CO.,LTD.",ok,2461,2026-10-05,
6638,6638.T,"MIMAKI ENGINEERING CO.,LTD.",ok,2461,2026-10-05,
6643,6643.T,"Togami Electric Mfg.Co.,Ltd.",ok,2461,2026-10-05,
6644,6644.T,"Osaki Electric Co.,Ltd.",ok,2461,2026-10-05,
6645,6645.T,OMRON Corporation,ok,2461,2026-10-05,
6647,6647.T,"MORIO DENKI CO.,LTD.",ok,2461,2026-10-05,
6648,6648.T,KAWADEN CORPORATION,ok,2461,2026-10-05,
6651,6651.T,NITTO KOGYO CORPORATION,ok,2461,2026-10-05,
6652,6652.T,IDEC CORPORATION,ok,2461,2026-10-05,
6653,6653.T,"SEIKO ELECTRIC CO.,LTD.",ok,2174,2026-10-05,
6654,6654.T,"FUJI ELECTRIC INDUSTRY CO.,LTD.",ok,2461,2026-10-05,
6656,6656.T,inspec Inc.,ok,2461,2026-10-05,
6658,6658.T,"Shirai Electronics Industrial Co.,Ltd.",ok,2461,2026-10-05,
6659,6659.T,"MEDIA LINKS CO.,LTD.",ok,2461,2026-10-05,
6662,6662.T,"Ubiteq,INC.",ok,2461,2026-10-05,
6663,6663.T,"TAIYO TECHNOLEX CO.,LTD.",ok,2461,2026-10-05,
6664,6664.T,"OPTOELECTRONICS CO.,LTD.",ok,2461,2026-10-05,
6666,6666.T,RIVER ELETEC CORPORATION,ok,2461,2026-10-05,
6668,6668.T,"ADTEC PLASMA TECHNOLOGY CO.,LTD.",ok,2461,2026-10-05,
6674,6674.T,GS Yuasa Corporation,ok,2461,2026-10-05,
6675,6675.T,"SAXA,Inc.",ok,2461,2026-10-05,
6676,6676.T,BUFFALO INC.,ok,2461,2026-10-05,
6677,6677.T,"SK-Electronics CO.,LTD.",ok,2461,2026-10-05,
6678,6678.T,"Techno Medica Co.,Ltd.",ok,2461,2026-10-05,
6694,6694.T,ZOOM CORPORATION,ok,2344,2026-10-05,
6696,6696.T,TRaaS On Product Inc.,ok,2252,2026-10-05,
6699,6699.T,"DIAMOND ELECTRIC HOLDINGS Co.,Ltd.",ok,1955,2026-10-05,
6701,6701.T,NEC Corporation,ok,2461,2026-10-05,
6702,6702.T,Fujitsu Limited,ok,2461,2026-10-05,
6703,6703.T,"Oki Electric Industry Company,Limited",ok,2461,2026-10-05,
6706,6706.T,"DKK Co.,Ltd.",ok,2461,2026-10-05,
6707,6707.T,"Sanken Electric Co.,Ltd.",ok,2461,2026-10-05,
6718,6718.T,"AIPHONE CO.,LTD.",ok,2461,2026-10-05,
6721,6721.T,Wintest Corp.,ok,2461,2026-10-05,
6723,6723.T,Renesas Electronics Corporation,ok,2461,2026-10-05,
6724,6724.T,SEIKO EPSON CORPORATION,ok,2461,2026-10-05,
6727,6727.T,"Wacom Co.,Ltd.",ok,2461,2026-10-05,
6728,6728.T,"ULVAC, Inc.",ok,2461,2026-10-05,
6730,6730.T,AXELL CORPORATION,ok,2461,2026-10-05,
6731,6731.T,PIXELA CORPORATION,ok,2461,2026-10-05,
6736,6736.T,SUNCORPORATION,ok,2461,2026-10-05,
6737,6737.T,EIZO Corporation,ok,2461,2026-10-05,
6740,6740.T,Japan Display Inc.,ok,2461,2026-10-05,
6741,6741.T,"Nippon Signal Company,Limited",ok,2461,2026-10-05,
6742,6742.T,"Kyosan Electric Manufacturing Co.,Ltd.",ok,2461,2026-10-05,
6743,6743.T,"Daido Signal Co.,Ltd.",ok,2461,2026-10-05,
6744,6744.T,NOHMI BOSAI LTD.,ok,2461,2026-10-05,
6745,6745.T,HOCHIKI CORPORATION,ok,2461,2026-10-05,
6748,6748.T,"SEIWA ELECTRIC MFG. CO.,LTD.",ok,2461,2026-10-05,
6750,6750.T,"ELECOM CO.,LTD.",ok,2461,2026-10-05,
6752,6752.T,Panasonic Holdings Corporation,ok,2461,2026-10-05,
6753,6753.T,Sharp Corporation,ok,2461,2026-10-05,
6754,6754.T,ANRITSU CORPORATION,ok,2461,2026-10-05,
6757,6757.T,"OSG CORPORATION CO.,LTD.",ok,2461,2026-10-05,
6758,6758.T,SONY GROUP CORPORATION,ok,2461,2026-10-05,
6762,6762.T,TDK Corporation,ok,2461,2026-10-05,
6763,6763.T,"Teikoku Tsushin Kogyo Co.,Ltd.",ok,2461,2026-10-05,
6768,6768.T,TAMURA CORPORATION,ok,2461,2026-10-05,
6769,6769.T,"THine Electronics,Inc.",ok,2461,2026-10-05,
6770,6770.T,"ALPS ALPINE CO.,LTD.",ok,2461,2026-10-05,
6771,6771.T,"IKEGAMI TSUSHINKI CO.,LTD.",ok,2461,2026-10-05,
6772,6772.T,"Tokyo Cosmos Electric Co.,Ltd.",ok,2461,2026-10-05,
6775,6775.T,TB GROUP INC.,ok,2461,2026-10-05,
6776,6776.T,"Tensho Electric Industries Co.,Ltd.",ok,2461,2026-10-05,
6777,6777.T,santec Holdings Corporation,ok,2461,2026-10-05,
6778,6778.T,"Artiza Networks,Inc.",ok,2461,2026-10-05,
6779,6779.T,"NIHON DEMPA KOGYO CO.,LTD.",ok,2461,2026-10-05,
6785,6785.T,"SUZUKI CO.,LTD.",ok,2461,2026-10-05,
6786,6786.T,RVH Inc.,ok,2461,2026-10-05,
6787,6787.T,"Meiko Electronics Co.,Ltd.",ok,2461,2026-10-05,
6788,6788.T,"NIHON TRIM CO.,LTD.",ok,2461,2026-10-05,
6794,6794.T,"Foster Electric Company,Limited",ok,2461,2026-10-05,
6797,6797.T,"NAGOYA ELECTRIC WORKS CO.,LTD.",ok,570,2026-10-05,
6798,6798.T,SMK Corporation,ok,2461,2026-10-05,
6800,6800.T,"YOKOWO CO.,LTD.",ok,2461,2026-10-05,
6803,6803.T,TEAC CORPORATION,ok,2461,2026-10-05,
6804,6804.T,Hosiden Corporation,ok,2461,2026-10-05,
6806,6806.T,"HIROSE ELECTRIC CO.,LTD.",ok,2461,2026-10-05,
6807,6807.T,"Japan Aviation Electronics Industry,Limited",ok,2461,2026-10-05,
6809,6809.T,TOA CORPORATION,ok,2461,2026-10-05,
6810,6810.T,"Maxell,Ltd.",ok,2461,2026-10-05,
6814,6814.T,"FURUNO ELECTRIC CO.,LTD.",ok,2461,2026-10-05,
6817,6817.T,SUMIDA CORPORATION,ok,2461,2026-10-05,
6819,6819.T,"Izu Shaboten Resort Co.,Ltd",ok,2461,2026-10-05,
6820,6820.T,ICOM INCORPORATED,ok,2461,2026-10-05,
6822,6822.T,"Oi Electric Co.,Ltd.",ok,2461,2026-10-05,
6823,6823.T,"RION CO.,LTD.",ok,2461,2026-10-05,
6824,6824.T,"NEW COSMOS ELECTRIC CO.,LTD.",ok,2461,2026-10-05,
6832,6832.T,"AOI ELECTRONICS CO.,LTD.",ok,2461,2026-10-05,
6834,6834.T,"SEIKOH GIKEN Co.,Ltd.",ok,2461,2026-10-05,
6835,6835.T,ALLIED TELESIS HOLDINGS K.K.,ok,2461,2026-10-05,
6836,6836.T,"PLAT'HOME CO.,LTD.",ok,2461,2026-10-05,
6837,6837.T,"KYOSHA CO.,LTD.",ok,2461,2026-10-05,
6838,6838.T,"TAMAGAWA HOLDINGS CO.,LTD.",ok,2461,2026-10-05,
6840,6840.T,"AKIBA Holdings Co.,Ltd.",ok,2461,2026-10-05,
6841,6841.T,YOKOGAWA ELECTRIC CORPORATION,ok,2461,2026-10-05,
6844,6844.T,"Shindengen Electric Manufacturing Co.,Ltd.",ok,2461,2026-10-05,
6845,6845.T,Azbil Corporation,ok,2461,2026-10-05,
6848,6848.T,DKK-TOA CORPORATION,ok,2461,2026-10-05,
6849,6849.T,NIHON KOHDEN CORPORATION,ok,2461,2026-10-05,
6850,6850.T,Chino Corporation,ok,2461,2026-10-05,
6853,6853.T,"KYOWA ELECTRONIC INSTRUMENTS CO.,LTD.",ok,2461,2026-10-05,
6855,6855.T,JAPAN ELECTRONIC MATERIALS CORPORATION,ok,2461,2026-10-05,
6856,6856.T,"HORIBA,Ltd.",ok,2461,2026-10-05,
6857,6857.T,ADVANTEST CORPORATION,ok,2461,2026-10-05,
6858,6858.T,"ONO SOKKI Co.,Ltd.",ok,2461,2026-10-05,
6859,6859.T,ESPEC CORP.,ok,2461,2026-10-05,
6861,6861.T,KEYENCE CORPORATION,ok,2461,2026-10-05,
6862,6862.T,MINATO HOLDINGS INC.,ok,2461,2026-10-05,
6863,6863.T,NIRECO CORPORATION,ok,2461,2026-10-05,
6864,6864.T,NF HOLDINGS CORPORATION,ok,2461,2026-10-05,
6866,6866.T,HIOKI E.E.CORPORATION,ok,2461,2026-10-05,
6867,6867.T,LEADER ELECTRONICS CORPORATION,ok,2461,2026-10-05,
6869,6869.T,SYSMEX CORPORATION,ok,2461,2026-10-05,
6870,6870.T,"Fenwal Controls of Japan,Ltd.",ok,2461,2026-10-05,
6871,6871.T,"MICRONICS JAPAN CO.,LTD.",ok,2461,2026-10-05,
6874,6874.T,KYORITSU ELECTRIC CORPORATION,ok,2461,2026-10-05,
6875,6875.T,MegaChips Corporation,ok,2461,2026-10-05,
6877,6877.T,Obara Group Incorporated,ok,2461,2026-10-05,
6882,6882.T,"Sansha Electric Manufacturing Co.,Ltd.",ok,2461,2026-10-05,
6888,6888.T,ACMOS INC.,ok,2461,2026-10-05,
6890,6890.T,Ferrotec Corporation,ok,2461,2026-10-05,
6894,6894.T,"PULSTEC INDUSTRIAL CO.,LTD.",ok,2461,2026-10-05,
6897,6897.T,TWINBIRD CORPORATION,ok,2461,2026-10-05,
6898,6898.T,"TOMITA ELECTRIC CO.,LTD.",ok,2461,2026-10-05,
6899,6899.T,ASTI CORPORATION,ok,2461,2026-10-05,
6902,6902.T,DENSO CORPORATION,ok,2461,2026-10-05,
6904,6904.T,"HARADA INDUSTRY CO.,LTD.",ok,2461,2026-10-05,
6905,6905.T,"COSEL CO.,LTD.",ok,2461,2026-10-05,
6907,6907.T,"GEOMATEC CO.,LTD.",ok,2461,2026-10-05,
6908,6908.T,"IRISO ELECTRONICS CO.,LTD.",ok,2461,2026-10-05,
6912,6912.T,KIKUSUI HOLDINGS CORPORATION,ok,2461,2026-10-05,
6914,6914.T,"OPTEX GROUP Company,Limited",ok,2461,2026-10-05,
6915,6915.T,"CHIYODA INTEGRE CO.,LTD.",ok,2461,2026-10-05,
6918,6918.T,AVAL DATA CORPORATION,ok,2461,2026-10-05,
6919,6919.T,KEL CORPORATION,ok,2461,2026-10-05,
6920,6920.T,Lasertec Corporation,ok,2461,2026-10-05,
6923,6923.T,"Stanley Electric Co.,Ltd.",ok,2461,2026-10-05,
6925,6925.T,USHIO INC.,ok,2461,2026-10-05,
6926,6926.T,"OKAYA ELECTRIC INDUSTRIES CO.,LTD.",ok,2461,2026-10-05,
6927,6927.T,"Helios Techno Holding Co.,Ltd.",ok,2461,2026-10-05,
6928,6928.T,"ENOMOTO Co.,Ltd.",ok,2461,2026-10-05,
6929,6929.T,"NIPPON CERAMIC CO.,LTD.",ok,2461,2026-10-05,
6932,6932.T,ENDO Lighting Corporation,ok,2461,2026-10-05,
6941,6941.T,"YAMAICHI ELECTRONICS CO.,LTD.",ok,2461,2026-10-05,
6942,6942.T,"SOPHIA HOLDINGS CO.,LTD.",ok,2461,2026-10-05,
6943,6943.T,"NKK SWITCHES CO.,LTD.",ok,2461,2026-10-05,
6946,6946.T,"Nippon Avionics Co.,Ltd.",ok,2461,2026-10-05,
6947,6947.T,ZUKEN INC.,ok,2461,2026-10-05,
6951,6951.T,JEOL Ltd.,ok,2461,2026-10-05,
6952,6952.T,"CASIO COMPUTER CO.,LTD.",ok,2461,2026-10-05,
6954,6954.T,FANUC CORPORATION,ok,2461,2026-10-05,
6955,6955.T,FDK CORPORATION,ok,2461,2026-10-05,
6958,6958.T,CMK CORPORATION,ok,2461,2026-10-05,
6960,6960.T,"FUKUDA DENSHI CO.,LTD.",ok,2461,2026-10-05,
6961,6961.T,ENPLAS CORPORATION,ok,2461,2026-10-05,
6962,6962.T,DAISHINKU CORP.,ok,2461,2026-10-05,
6963,6963.T,ROHM COMPANY LIMITED,ok,2461,2026-10-05,
6964,6964.T,"SANKO CO.,LTD.",ok,2461,2026-10-05,
6965,6965.T,HAMAMATSU PHOTONICS K.K.,ok,2461,2026-10-05,
6966,6966.T,"Mitsui High-tec,Inc.",ok,2461,2026-10-05,
6969,6969.T,"MATSUO ELECTRIC CO.,LTD.",ok,2461,2026-10-05,
6971,6971.T,KYOCERA CORPORATION,ok,2461,2026-10-05,
6976,6976.T,"TAIYO YUDEN CO.,LTD.",ok,2461,2026-10-05,
6977,6977.T,"JAPAN RESISTOR MFG. CO.,LTD.",ok,2461,2026-10-05,
6981,6981.T,"Murata Manufacturing Co.,Ltd.",ok,2461,2026-10-05,
6982,6982.T,"The Lead Co.,Inc.",ok,2461,2026-10-05,
6986,6986.T,FUTABA CORPORATION,ok,2461,2026-10-05,
6988,6988.T,NITTO DENKO CORPORATION,ok,2461,2026-10-05,
6989,6989.T,"HOKURIKU ELECTRIC INDUSTRY CO.,LTD.",ok,2461,2026-10-05,
6993,6993.T,"Daikokuya Holdings Co.,Ltd.",ok,2461,2026-10-05,
6994,6994.T,SHIZUKI ELECTRIC COMPANY INC.,ok,2461,2026-10-05,
6995,6995.T,"TOKAI RIKA CO.,LTD.",ok,2461,2026-10-05,
6996,6996.T,NICHICON CORPORATION,ok,2461,2026-10-05,
6997,6997.T,NIPPON CHEMI-CON CORPORATION,ok,2461,2026-10-05,
6998,6998.T,"Nippon Tungsten Co.,Ltd.",ok,2461,2026-10-05,
6999,6999.T,KOA CORPORATION,ok,2461,2026-10-05,
7003,7003.T,"MITSUI E&S Co.,Ltd.",ok,2461,2026-10-05,
7004,7004.T,Kanadevia Corporation,ok,2461,2026-10-05,
7011,7011.T,"Mitsubishi Heavy Industries,Ltd.",ok,2461,2026-10-05,
7012,7012.T,"Kawasaki Heavy Industries,Ltd.",ok,2461,2026-10-05,
7013,7013.T,IHI Corporation,ok,2461,2026-10-05,
7014,7014.T,"Namura Shipbuilding Co.,Ltd.",ok,2461,2026-10-05,
7018,7018.T,Naikai Zosen Corporation,ok,2461,2026-10-05,
7021,7021.T,"NITCHITSU CO.,LTD.",ok,2461,2026-10-05,
7022,7022.T,Sanoyas Holdings Corporation,ok,2461,2026-10-05,
7030,7030.T,SPRIX Inc.,ok,2021,2026-10-05,
7031,7031.T,Inbound Tech Inc.,ok,1415,2026-10-05,
7033,7033.T,"Management Solutions Co.,Ltd.",ok,2005,2026-10-05,
7034,7034.T,"Prored Partners CO.,LTD.",ok,2001,2026-10-05,
7035,7035.T,"and factory,inc",ok,1972,2026-10-05,
7036,7036.T,eMnet Japan.co.ltd.,ok,1961,2026-10-05,
7037,7037.T,teno.Holdings Company Limited,ok,1896,2026-10-05,
7038,7038.T,Frontier Management Inc.,ok,1956,2026-10-05,
7039,7039.T,BRIDGE International Group Corp.,ok,1952,2026-10-05,
7040,7040.T,"SUN-LIFE HOLDING CO.,LTD.",ok,1955,2026-10-05,
7041,7041.T,"CRG HOLDINGS CO.,LTD.",ok,1948,2026-10-05,
7042,7042.T,"ACCESS GROUP HOLDINGS CO.,LTD.",ok,1928,2026-10-05,
7043,7043.T,"Alue Co.,Ltd.",ok,1904,2026-10-05,
7044,7044.T,PIALA INC.,ok,1904,2026-10-05,
7046,7046.T,TDSE Inc.,ok,1899,2026-10-05,
7047,7047.T,PORT INC.,ok,1894,2026-10-05,
7048,7048.T,VELTRA Corporation,ok,1894,2026-10-05,
7049,7049.T,"SHIKIGAKU.Co.,Ltd.",ok,1855,2026-10-05,
7050,7050.T,FRONTIER INTERNATIONAL INC.,ok,1852,2026-10-05,
7057,7057.T,"New Constructor's Network Co.,Ltd.",ok,1842,2026-10-05,
7058,7058.T,"Kyoei Security Service Co.,Ltd.",ok,1840,2026-10-05,
7059,7059.T,"COPRO-HOLDINGS.Co.,Ltd.",ok,1839,2026-10-05,
7060,7060.T,geechs inc.,ok,1838,2026-10-05,
7061,7061.T,Japan Hospice Holdings Inc.,ok,1834,2026-10-05,
7062,7062.T,"Fureasu Co.,Ltd.",ok,1833,2026-10-05,
7063,7063.T,Birdman Inc.,ok,1831,2026-10-05,
7064,7064.T,"Howtelevision,Inc.",ok,1813,2026-10-05,
7065,7065.T,UPR Corporation,ok,1785,2026-10-05,
7066,7066.T,"Peers Co.,Ltd.",ok,1779,2026-10-05,
7067,7067.T,Branding Technology Inc.,ok,1777,2026-10-05,
7068,7068.T,Feedforce Group Inc.,ok,1767,2026-10-05,
7069,7069.T,"CyberBuzz,Inc.",ok,1717,2026-10-05,
7071,7071.T,"Amvis Holdings,Inc.",ok,1704,2026-10-05,
7072,7072.T,"Intimate Merger,Inc.",ok,1694,2026-10-05,
7073,7073.T,"JAIC Co.,Ltd.",ok,1692,2026-10-05,
7074,7074.T,Twenty-four seven Holdings Inc.,ok,1676,2026-10-05,
7075,7075.T,"QLS Holdings Co.,Ltd",ok,1322,2026-10-05,
7077,7077.T,"ALiNK Internet,INC.",ok,1662,2026-10-05,
7078,7078.T,INCLUSIVE Holdings Inc.,ok,1655,2026-10-05,
7079,7079.T,"WDB coco CO.,LTD.",ok,1651,2026-10-05,
7080,7080.T,"Sportsfield Co.,Ltd.",ok,1650,2026-10-05,
7081,7081.T,"Koyou Rentia Co.,Ltd.",ok,1625,2026-10-05,
7083,7083.T,AHC GROUP INC.,ok,1615,2026-10-05,
7084,7084.T,Smile Holdings Inc.,ok,1609,2026-10-05,
7085,7085.T,"CURVES HOLDINGS Co.,Ltd.",ok,1611,2026-10-05,
7087,7087.T,"WILLTEC Co.,Ltd.",ok,1607,2026-10-05,
7089,7089.T,"for Startups,Inc.",ok,1602,2026-10-05,
7090,7090.T,Ligua Inc.,ok,1602,2026-10-05,
7091,7091.T,"Living Platform,Ltd.",ok,1600,2026-10-05,
7093,7093.T,"adish Co.,Ltd.",ok,1594,2026-10-05,
7094,7094.T,NexTone Inc.,ok,1592,2026-10-05,
7095,7095.T,"Macbee Planet,Inc.",ok,1591,2026-10-05,
7096,7096.T,StemCell Institute,ok,1289,2026-10-05,
7097,7097.T,"SAKURASAKU PLUS,Co.,Ltd.",ok,1450,2026-10-05,
7102,7102.T,"NIPPON SHARYO,LTD.",ok,2461,2026-10-05,
7110,7110.T,Kurashicom Inc.,ok,1017,2026-10-05,
7111,7111.T,"INEST,Inc.",ok,979,2026-10-05,
7112,7112.T,"CUBE CO.,LTD.",ok,975,2026-10-05,
7114,7114.T,"Foodison,Inc.",ok,928,2026-10-05,
7115,7115.T,AlphaPurchase Corporation,ok,922,2026-10-05,
7119,7119.T,"halmek holdings Co.,Ltd.",ok,864,2026-10-05,
7120,7120.T,SHINKO Inc.,ok,865,2026-10-05,
7122,7122.T,"THE KINKI SHARYO CO.,LTD.",ok,2461,2026-10-05,
7126,7126.T,"Global Style Co.,Ltd.",ok,1250,2026-10-05,
7127,7127.T,"Ikka Holdings Co.,Ltd.",ok,1224,2026-10-05,
7128,7128.T,UNISOL Holdings Corporation,ok,1224,2026-10-05,
7129,7129.T,Miahelsa Holdings Corporation,ok,1224,2026-10-05,
7130,7130.T,"YAMAE GROUP HOLDINGS CO.,LTD.",ok,1224,2026-10-05,
7131,7131.T,NOMURA CORPORATION,ok,1182,2026-10-05,
7133,7133.T,"HYUGA PRIMARY CARE Co.,Ltd.",ok,1170,2026-10-05,
7134,7134.T,"UP GARAGE GROUP Co.,Ltd.",ok,1167,2026-10-05,
7135,7135.T,"JAPAN CRAFT HOLDINGS CO.,LTD.",ok,1161,2026-10-05,
7138,7138.T,"TORICO Co.,Ltd.",ok,1109,2026-10-05,
7140,7140.T,Petgo Corporation,ok,1083,2026-10-05,
7148,7148.T,"Financial Partners Group Co.,Ltd.",ok,2461,2026-10-05,
7150,7150.T,"THE SHIMANE BANK,LTD.",ok,2461,2026-10-05,
7157,7157.T,LIFENET INSURANCE COMPANY,ok,2461,2026-10-05,
7161,7161.T,"Jimoto Holdings,Inc.",ok,2461,2026-10-05,
7162,7162.T,"ASTMAX Co.,Ltd.",ok,2461,2026-10-05,
7164,7164.T,"ZENKOKU HOSHO Co.,Ltd.",ok,2461,2026-10-05,
7167,7167.T,"Mebuki Financial Group,Inc.",ok,2461,2026-10-05,
7172,7172.T,"Japan Investment Adviser Co.,Ltd.",ok,2461,2026-10-05,
7173,7173.T,"Tokyo Kiraboshi Financial Group,Inc.",ok,2461,2026-10-05,
7175,7175.T,"The Imamura Securities Co.,Ltd.",ok,2461,2026-10-05,
7177,7177.T,"GMO Financial Holdings,Inc.",ok,2461,2026-10-05,
7180,7180.T,"Kyushu Financial Group,Inc.",ok,2461,2026-10-05,
7181,7181.T,"JAPAN POST INSURANCE Co.,Ltd.",ok,2461,2026-10-05,
7182,7182.T,"JAPAN POST BANK Co.,Ltd.",ok,2461,2026-10-05,
7183,7183.T,"Anshin Guarantor Service Co.,Ltd.",ok,2461,2026-10-05,
7184,7184.T,"THE FIRST BANK OF TOYAMA,LTD.",ok,2461,2026-10-05,
7185,7185.T,Hirose Tusyo Inc.,ok,2461,2026-10-05,
7186,7186.T,"Yokohama Financial Group,Inc.",ok,2461,2026-10-05,
7187,7187.T,"J-LEASE CO.,LTD.",ok,2461,2026-10-05,
7189,7189.T,"Nishi-Nippon Financial Holdings,Inc.",ok,2461,2026-10-05,
7191,7191.T,Entrust Inc.,ok,2419,2026-10-05,
7192,7192.T,Mortgage Service Japan Limited,ok,2411,2026-10-05,
7196,7196.T,Casa Inc.,ok,2194,2026-10-05,
7198,7198.T,SBI ARUHI Corporation,ok,2162,2026-10-05,
7199,7199.T,"Premium Group Co.,Ltd.",ok,2157,2026-10-05,
7201,7201.T,"NISSAN MOTOR CO.,LTD.",ok,2461,2026-10-05,
7202,7202.T,ISUZU MOTORS LIMITED,ok,2461,2026-10-05,
7203,7203.T,TOYOTA MOTOR CORPORATION,ok,2461,2026-10-05,
7208,7208.T,KANEMITSU CORPORATION,ok,2461,2026-10-05,
7211,7211.T,MITSUBISHI MOTORS CORPORATION,ok,2461,2026-10-05,
7212,7212.T,F-TECH INC.,ok,2461,2026-10-05,
7213,7213.T,LECIP HOLDINGS CORPORATION,ok,2461,2026-10-05,
7214,7214.T,GMB CORPORATION,ok,2461,2026-10-05,
7215,7215.T,"FALTEC Co.,Ltd.",ok,2461,2026-10-05,
7217,7217.T,"TEIN,INC.",ok,2461,2026-10-05,
7218,7218.T,"TANAKA SEIMITSU KOGYO CO.,LTD.",ok,2461,2026-10-05,
7219,7219.T,"HKS CO.,LTD.",ok,2461,2026-10-05,
7220,7220.T,"MUSASHI SEIMITSU INDUSTRY CO.,LTD.",ok,2461,2026-10-05,
7222,7222.T,"NISSAN SHATAI CO.,LTD.",ok,2461,2026-10-05,
7224,7224.T,"ShinMaywa Industries,LTD.",ok,2461,2026-10-05,
7226,7226.T,"KYOKUTO KAIHATSU KOGYO CO.,LTD.",ok,2461,2026-10-05,
7228,7228.T,DAYTONA CORPORATION,ok,2461,2026-10-05,
7231,7231.T,"TOPY INDUSTRIES,LIMITED",ok,2461,2026-10-05,
7235,7235.T,"TOKYO RADIATOR MFG.CO.,LTD.",ok,2461,2026-10-05,
7236,7236.T,"T.RAD Co., Ltd.",ok,2461,2026-10-05,
7238,7238.T,"AKEBONO BRAKE INDUSTRY CO.,LTD.",ok,2461,2026-10-05,
7239,7239.T,"TACHI-S CO.,LTD.",ok,2461,2026-10-05,
7241,7241.T,"FUTABA INDUSTRIAL CO.,LTD.",ok,2461,2026-10-05,
7242,7242.T,KYB Corporation,ok,2461,2026-10-05,
7244,7244.T,"ICHIKOH INDUSTRIES,LTD.",ok,2461,2026-10-05,
7245,7245.T,"DAIDO METAL CO.,LTD.",ok,2461,2026-10-05,
7246,7246.T,"PRESS KOGYO CO.,LTD.",ok,2461,2026-10-05,
7247,7247.T,MIKUNI CORPORATION,ok,2461,2026-10-05,
7254,7254.T,UNIVANCE CORPORATION,ok,2461,2026-10-05,
7255,7255.T,SAKURAI LTD.,ok,2458,2026-09-30,
7256,7256.T,"KASAI KOGYO CO.,LTD.",ok,2461,2026-10-05,
7259,7259.T,AISIN CORPORATION,ok,2461,2026-10-05,
7261,7261.T,Mazda Motor Corporation,ok,2461,2026-10-05,
7264,7264.T,MURO CORPORATION,ok,2461,2026-10-05,
7265,7265.T,"EIKEN INDUSTRIES CO.,LTD",ok,2461,2026-10-05,
7266,7266.T,"Imasen Electric Industrial Co.,Ltd.",ok,2461,2026-10-05,
7267,7267.T,"HONDA MOTOR CO.,LTD.",ok,2461,2026-10-05,
7269,7269.T,SUZUKI MOTOR CORPORATION,ok,2461,2026-10-05,
7270,7270.T,SUBARU CORPORATION,ok,2461,2026-10-05,
7271,7271.T,YASUNAGA CORPORATION,ok,2461,2026-10-05,
7272,7272.T,"Yamaha Motor Co.,Ltd.",ok,2461,2026-10-05,
7273,7273.T,"IKUYO CO.,LTD.",ok,2461,2026-10-05,
7276,7276.T,"KOITO MANUFACTURING CO.,LTD.",ok,2461,2026-10-05,
7277,7277.T,"TBK Co.,Ltd.",ok,2461,2026-10-05,
7278,7278.T,EXEDY Corporation,ok,2461,2026-10-05,
7279,7279.T,HI-LEX CORPORATION,ok,2461,2026-10-05,
7280,7280.T,MITSUBA Corporation,ok,2461,2026-10-05,
7282,7282.T,"TOYODA GOSEI CO.,LTD.",ok,2461,2026-10-05,
7283,7283.T,"AISAN INDUSTRY CO.,LTD.",ok,2461,2026-10-05,
7284,7284.T,"MEIWA INDUSTRY CO.,LTD.",ok,2461,2026-10-05,
7287,7287.T,"NIPPON SEIKI CO.,LTD.",ok,2461,2026-10-05,
7291,7291.T,"NIHON PLAST CO.,LTD.",ok,2461,2026-10-05,
7292,7292.T,MURAKAMI CORPORATION,ok,2461,2026-10-05,
7294,7294.T,YOROZU CORPORATION,ok,2461,2026-10-05,
7296,7296.T,"F.C.C.CO.,LTD.",ok,2461,2026-10-05,
7297,7297.T,"CAR MATE MFG. CO.,LTD.",ok,2461,2026-10-05,
7299,7299.T,FUJI OOZX Inc.,ok,2461,2026-10-05,
7305,7305.T,"ARAYA INDUSTRIAL CO.,LTD.",ok,2461,2026-10-05,
7309,7309.T,SHIMANO INC.,ok,2461,2026-10-05,
7313,7313.T,"TS TECH CO.,LTD.",ok,2461,2026-10-05,
7314,7314.T,"ODAWARA AUTO-MACHINE MFG.CO.,LTD.",ok,2461,2026-10-05,
7318,7318.T,"SERENDIP HOLDINGS Co.,Ltd.",ok,1290,2026-10-05,
7320,7320.T,Solvvy Inc.,ok,2085,2026-10-05,
7322,7322.T,"San ju San Financial Group,Inc.",ok,2085,2026-10-05,
7325,7325.T,IRRC Corporation,ok,1959,2026-10-05,
7326,7326.T,"SBI Insurance Group Co.,Ltd.",ok,1957,2026-10-05,
7327,7327.T,"Daishi Hokuetsu Financial Group,Inc.",ok,1955,2026-10-05,
7337,7337.T,"Hirogin Holdings,Inc.",ok,1468,2026-10-05,
7343,7343.T,"Broad-Minded Co.,Ltd.",ok,1350,2026-10-05,
7345,7345.T,Ai Partners Financial Inc.,ok,1290,2026-10-05,
7347,7347.T,"Mercuria Holdings Co.,Ltd.",ok,1285,2026-10-05,
7350,7350.T,"Okinawa Financial Group,Inc.",ok,1224,2026-10-05,
7351,7351.T,Goodpatch Inc.,ok,1529,2026-10-05,
7352,7352.T,TWOSTONE&Sons Inc.,ok,1523,2026-10-05,
7353,7353.T,"KIYO Learning Co.,Ltd.",ok,1519,2026-10-05,
7354,7354.T,Direct Marketing MiX Inc.,ok,1467,2026-10-05,
7356,7356.T,Retty Inc.,ok,1448,2026-10-05,
7357,7357.T,"GEOCODE CO.,Ltd.",ok,1430,2026-10-05,
7358,7358.T,Poppins Corporation,ok,1414,2026-10-05,
7359,7359.T,"Tokyo Communications Group,Inc.",ok,1411,2026-10-05,
7360,7360.T,"ONDECK Co.,Ltd.",ok,1407,2026-10-05,
7361,7361.T,"Human Creation Holdings,Inc.",ok,1358,2026-10-05,
7362,7362.T,Terminalcare Support Institute Inc.,ok,1355,2026-10-05,
7363,7363.T,baby calendar Inc.,ok,1351,2026-10-05,
7366,7366.T,LITALICO Inc.,ok,1346,2026-10-05,
7367,7367.T,"CELM,Inc.",ok,1343,2026-10-05,
7368,7368.T,"HYOJITO Co.,Ltd.",ok,1342,2026-10-05,
7369,7369.T,"Meiho Holdings,Inc.",ok,1306,2026-10-05,
7370,7370.T,"Enjin Co.,Ltd.",ok,1294,2026-10-05,
7371,7371.T,Zenken Corporation,ok,1296,2026-10-05,
7372,7372.T,Decollte Holdings Corporation,ok,1292,2026-10-05,
7373,7373.T,"Aidma Holdings,Inc.",ok,1291,2026-10-05,
7374,7374.T,Interworks Confidence Inc.,ok,1288,2026-10-05,
7375,7375.T,"REFINVERSE Group,Inc.",ok,1285,2026-10-05,
7376,7376.T,"BCC Co.,Ltd.",ok,1281,2026-10-05,
7377,7377.T,"DN HOLDINGS CO.,LTD.",ok,1276,2026-10-05,
7378,7378.T,ASIRO Inc.,ok,1272,2026-10-05,
7380,7380.T,"Juroku Financial Group,Inc.",ok,1224,2026-10-05,
7381,7381.T,"CCI Group,Inc.",ok,1224,2026-10-05,
7383,7383.T,"Net Protections Holdings,Inc.",ok,1173,2026-10-05,
7384,7384.T,"Procrea Holdings,Inc.",ok,1102,2026-10-05,
7388,7388.T,FP Partner Inc.,ok,985,2026-10-05,
7389,7389.T,"Aichi Financial Group,Inc.",ok,979,2026-10-05,
7399,7399.T,"NANSIN CO.,LTD.",ok,2461,2026-10-05,
7409,7409.T,"AeroEdge Co.,Ltd",ok,793,2026-10-05,
7412,7412.T,ATOM CORPORATION,ok,2461,2026-10-05,
7413,7413.T,"Sokensha Co.,Ltd.",ok,2461,2026-10-05,
7414,7414.T,"ONOKEN CO.,LTD.",ok,2461,2026-10-05,
7416,7416.T,Haruyama Holdings Inc.,ok,2461,2026-10-05,
7417,7417.T,NANYO CORPORATION,ok,2164,2026-10-05,
7419,7419.T,"Nojima Co.,Ltd.",ok,2461,2026-10-05,
7421,7421.T,"KAPPA・CREATE CO.,LTD.",ok,2461,2026-10-05,
7422,7422.T,"TOHO LAMAC CO.,LTD.",ok,2461,2026-10-05,
7425,7425.T,"HATSUHO SHOUJI CO.,LTD.",ok,2461,2026-10-05,
7427,7427.T,"ECHO TRADING CO.,LTD.",ok,2461,2026-10-05,
7433,7433.T,"Hakuto Co.,Ltd.",ok,2461,2026-10-05,
7434,7434.T,OTAKE CORPORATION,ok,2461,2026-10-05,
7435,7435.T,"NADEX CO.,LTD.",ok,2461,2026-10-05,
7438,7438.T,KONDOTEC INC.,ok,2461,2026-10-05,
7442,7442.T,"NAKAYAMAFUKU CO.,LTD.",ok,2461,2026-10-05,
7443,7443.T,"YOKOHAMA GYORUI CO.,LTD.",ok,2461,2026-10-05,
7444,7444.T,"Harima-Kyowa Co.,LTD.",ok,2461,2026-10-05,
7446,7446.T,"TOHOKU CHEMICAL Co.,LTD.",ok,2461,2026-10-05,
7447,7447.T,"NAGAILEBEN Co.,Ltd.",ok,2461,2026-10-05,
7453,7453.T,"RYOHIN KEIKAKU CO.,LTD.",ok,2461,2026-10-05,
7456,7456.T,"MATSUDA SANGYO Co.,Ltd.",ok,2461,2026-10-05,
7458,7458.T,"DAIICHIKOSHO CO.,LTD.",ok,2461,2026-10-05,
7459,7459.T,MEDIPAL HOLDINGS CORPORATION,ok,2461,2026-10-05,
7460,7460.T,"YAGI & CO.,LTD.",ok,2461,2026-10-05,
7461,7461.T,"KIMURA CO.,LTD.",ok,2461,2026-10-05,
7462,7462.T,CAPITA Inc.,ok,2461,2026-10-05,
7463,7463.T,"ADVAN GROUP CO.,LTD.",ok,2461,2026-10-05,
7464,7464.T,"SAFTEC CO.,LTD.",ok,2461,2026-10-05,
7466,7466.T,SPK CORPORATION,ok,2461,2026-10-05,
7472,7472.T,"TOBA,INC.",ok,2461,2026-10-05,
7475,7475.T,"ALBIS Co.,Ltd.",ok,2461,2026-10-05,
7476,7476.T,AS ONE CORPORATION,ok,2461,2026-10-05,
7477,7477.T,MURAKI CORPORATION,ok,2461,2026-10-05,
7480,7480.T,SUZUDEN CORPORATION,ok,2461,2026-10-05,
7481,7481.T,"OIE SANGYO CO.,LTD.",ok,2461,2026-10-05,
7482,7482.T,"SHIMOJIMA Co.,Ltd.",ok,2461,2026-10-05,
7483,7483.T,"DOSHISHA CO.,LTD.",ok,2461,2026-10-05,
7486,7486.T,"SANRIN CO.,LTD.",ok,2461,2026-10-05,
7487,7487.T,OZU CORPORATION,ok,2461,2026-10-05,
7490,7490.T,"NISSIN SHOJI CO.,LTD.",ok,2461,2026-10-05,
7494,7494.T,"KONAKA CO.,LTD.",ok,2461,2026-10-05,
7500,7500.T,"NISHIKAWA KEISOKU Co.,Ltd.",ok,2461,2026-10-05,
7501,7501.T,TIEMCO LTD.,ok,2461,2026-10-05,
7502,7502.T,"PLAZA HOLDINGS CO.,LTD.",ok,2461,2026-10-05,
7504,7504.T,KOHSOKU CORPORATION,ok,2461,2026-10-05,
7505,7505.T,"FUSO DENTSU CO.,LTD.",ok,2461,2026-10-05,
7506,7506.T,"HOUSE OF ROSE Co.,Ltd.",ok,2461,2026-10-05,
7508,7508.T,G-7 HOLDINGS Inc.,ok,2461,2026-10-05,
7509,7509.T,I.A GROUP CORPORATION,ok,2461,2026-10-05,
7510,7510.T,TAKEBISHI CORPORATION,ok,2461,2026-10-05,
7512,7512.T,Aeon Hokkaido Corporation,ok,2461,2026-10-05,
7513,7513.T,"Kojima Co.,Ltd.",ok,2461,2026-10-05,
7514,7514.T,"HIMARAYA Co.,Ltd.",ok,2461,2026-10-05,
7515,7515.T,Maruyoshi Center Inc.,ok,2461,2026-10-05,
7516,7516.T,"KOHNAN SHOJI CO.,LTD.",ok,2461,2026-10-05,
7520,7520.T,"Eco's Co.,Ltd.",ok,2461,2026-10-05,
7521,7521.T,"MUSASHI CO.,LTD.",ok,2461,2026-10-05,
7522,7522.T,"WATAMI CO.,LTD.",ok,2461,2026-10-05,
7523,7523.T,"ART VIVANT CO.,LTD.",ok,2461,2026-10-05,
7524,7524.T,MARCHE CORPORATION,ok,2461,2026-10-05,
7525,7525.T,RIX CORPORATION,ok,2461,2026-10-05,
7527,7527.T,SystemSoft Corporation,ok,2461,2026-10-05,
7531,7531.T,SEIWA CHUO HOLDINGS CORPORATION,ok,2461,2026-10-05,
7532,7532.T,Pan Pacific International Holdings Corporation,ok,2461,2026-10-05,
7537,7537.T,MARUBUN CORPORATION,ok,2461,2026-10-05,
7538,7538.T,"DAISUI CO.,LTD.",ok,2461,2026-10-05,
7539,7539.T,"AINAVO HOLDINGS Co.,Ltd.",ok,2461,2026-10-05,
7544,7544.T,"Three F Co.,Ltd.",ok,2461,2026-10-05,
7545,7545.T,"NISHIMATSUYA CHAIN Co.,Ltd.",ok,2461,2026-10-05,
7550,7550.T,"ZENSHO HOLDINGS CO.,LTD.",ok,2461,2026-10-05,
75505,75505.T,"Series 1 Bond-Type Class Shares of ZENSHO HOLDINGS CO.,LTD.",ok,228,2026-10-06,
7551,7551.T,"WEDS CO.,LTD.",ok,2461,2026-10-05,
7552,7552.T,HAPPINET CORPORATION,ok,2461,2026-10-05,
7554,7554.T,KOURAKUEN CORPORATION,ok,2461,2026-10-05,
7555,7555.T,"Ota Floriculture Auction Co.,Ltd.",ok,2461,2026-10-05,
7561,7561.T,HURXLEY HOLDINGS CORPORATION,ok,2461,2026-10-05,
7562,7562.T,"ANRAKUTEI Co.,Ltd",ok,2461,2026-10-05,
7564,7564.T,"WORKMAN CO.,LTD.",ok,2461,2026-10-05,
7565,7565.T,MANSEI CORPORATION,ok,2461,2026-10-05,
7567,7567.T,SAKAE ELECTRONICS CORPORATION,ok,2461,2026-10-05,
7570,7570.T,"HASHIMOTO SOGYO HOLDINGS CO.,LTD.",ok,2461,2026-10-05,
7571,7571.T,YAMANO HOLDINGS CORPORATION,ok,2461,2026-10-05,
7575,7575.T,"Japan Lifeline Co.,Ltd.",ok,2461,2026-10-05,
7578,7578.T,"NICHIRYOKU CO.,LTD.",ok,2461,2026-10-05,
7581,7581.T,"SAIZERIYA CO.,LTD.",ok,2461,2026-10-05,
7585,7585.T,KAN-NANMARU CORPORATION,ok,2461,2026-10-05,
7590,7590.T,"TAKASHO CO.,LTD.",ok,2461,2026-10-05,
7593,7593.T,"VT HOLDINGS CO.,LTD.",ok,2461,2026-10-05,
7595,7595.T,ARGO GRAPHICS Inc.,ok,2461,2026-10-05,
7596,7596.T,"UORIKI CO.,LTD.",ok,2461,2026-10-05,
7599,7599.T,IDOM Inc.,ok,2461,2026-10-05,
7600,7600.T,"Japan Medical Dynamic Marketing,INC.",ok,2461,2026-10-05,
7601,7601.T,"POPLAR CO.,Ltd.",ok,2461,2026-10-05,
7602,7602.T,"Ledax Co.,Ltd.",ok,2461,2026-10-05,
7603,7603.T,"Gyet Co.,Ltd.",ok,2461,2026-10-05,
7604,7604.T,"UMENOHANA GROUP CO.,LTD.",ok,2461,2026-10-05,
7606,7606.T,UNITED ARROWS LTD.,ok,2461,2026-10-05,
7607,7607.T,"Shinwa Co.,Ltd.",ok,2461,2026-10-05,
7608,7608.T,"SK JAPAN CO.,LTD.",ok,2461,2026-10-05,
7609,7609.T,"Daitron Co.,Ltd.",ok,2461,2026-10-05,
7610,7610.T,"TAY TWO CO.,LTD.",ok,2461,2026-10-05,
7611,7611.T,HIDAY HIDAKA Corp.,ok,2461,2026-10-05,
7613,7613.T,SIIX CORPORATION,ok,2461,2026-10-05,
7614,7614.T,"OM2Network Co.,Ltd.",ok,2461,2026-10-05,
7615,7615.T,"KYOTO KIMONO YUZEN HOLDINGS Co.,Ltd.",ok,2461,2026-10-05,
7616,7616.T,"COLOWIDE CO.,LTD.",ok,2461,2026-10-05,
7619,7619.T,"TANAKA CO.,LTD.",ok,2461,2026-10-05,
7621,7621.T,"UKAI CO.,LTD.",ok,2461,2026-10-05,
7624,7624.T,"Naito & Co.,Ltd.",ok,2461,2026-10-05,
7625,7625.T,"GLOBAL-DINING,INC.",ok,2461,2026-10-05,
7628,7628.T,OHASHI TECHNICA INC.,ok,2461,2026-10-05,
7630,7630.T,"ICHIBANYA CO.,LTD.",ok,2461,2026-10-05,
7634,7634.T,"HOSHIIRYO-SANKI CO.,LTD.",ok,2461,2026-10-05,
7636,7636.T,"HANDSMAN CO.,LTD",ok,2461,2026-10-05,
7637,7637.T,"Hakudo Co.,Ltd.",ok,2461,2026-10-05,
7638,7638.T,"NEW ART HOLDINGS Co.,Ltd.",ok,2461,2026-10-05,
7640,7640.T,"TOP CULTURE Co.,Ltd.",ok,2461,2026-10-05,
7643,7643.T,"DAIICHI CO.,LTD.",ok,2461,2026-10-05,
7646,7646.T,"PLANT Co.,Ltd.",ok,2461,2026-10-05,
7649,7649.T,"SUGI HOLDINGS Co.,LTD.",ok,2461,2026-10-05,
7670,7670.T,O-WELL CORPORATION,ok,1902,2026-10-05,
7673,7673.T,"DAIKO TSUSAN CO.,LTD.",ok,1844,2026-10-05,
7674,7674.T,"NATTY SWANKY holdings Co.,Ltd.",ok,1833,2026-10-05,
7677,7677.T,"Yashima & Co.,Ltd.",ok,1775,2026-10-05,
7678,7678.T,"ASAKUMA CO.,LTD.",ok,1774,2026-10-05,
7679,7679.T,"YAKUODO HOLDINGS Co.,Ltd.",ok,1729,2026-10-05,
7681,7681.T,"LEOCLAN Co.,Ltd.",ok,1709,2026-10-05,
7682,7682.T,"HAMAYUU CO.,LTD.",ok,1698,2026-10-05,
7683,7683.T,"WA,Inc.",ok,1689,2026-10-05,
7685,7685.T,"BuySell Technologies Co.,Ltd.",ok,1657,2026-10-05,
7686,7686.T,"HitoMile Co.,Ltd.",ok,1654,2026-10-05,
7687,7687.T,"MICREED Co.,Ltd.",ok,1601,2026-10-05,
7689,7689.T,Copa Corporation Inc.,ok,1533,2026-10-05,
7692,7692.T,EARTH INFINITY CO.LTD.,ok,1457,2026-10-05,
7694,7694.T,itsumo.inc.,ok,1413,2026-10-05,
7695,7695.T,"Koukandekirukun,Inc.",ok,1412,2026-10-05,
7698,7698.T,Iceco Inc.,ok,1341,2026-10-05,
7699,7699.T,OMNI-PLUS SYSTEM LIMITED,ok,1287,2026-10-05,
7701,7701.T,Shimadzu Corporation,ok,2461,2026-10-05,
7702,7702.T,"JMS CO.,LTD.",ok,2461,2026-10-05,
7707,7707.T,"Precision System Science Co.,Ltd.",ok,2461,2026-10-05,
7709,7709.T,KUBOTEK CORPORATION,ok,2458,2026-09-30,
7711,7711.T,"SUKEGAWA ELECTRIC CO.,LTD.",ok,2461,2026-10-05,
7713,7713.T,"SIGMA KOKI CO.,LTD.",ok,2461,2026-10-05,
7715,7715.T,"NAGANO KEIKI CO.,LTD.",ok,2461,2026-10-05,
7716,7716.T,NAKANISHI INC.,ok,2461,2026-10-05,
7717,7717.T,"V Technology Co.,Ltd.",ok,2461,2026-10-05,
7719,7719.T,TOKYO KOKI CO.LTD.,ok,2461,2026-10-05,
7721,7721.T,TOKYO KEIKI INC.,ok,2461,2026-10-05,
7722,7722.T,"KOKUSAI CO.,LTD.",ok,2461,2026-10-05,
7723,7723.T,"Aichi Tokei Denki Co.,Ltd.",ok,2461,2026-10-05,
7725,7725.T,INTER ACTION Corporation,ok,2461,2026-10-05,
7726,7726.T,KURODA PRECISION INDUSTRIES LTD.,ok,2461,2026-10-05,
7727,7727.T,OVAL Corporation,ok,2461,2026-10-05,
7729,7729.T,"TOKYO SEIMITSU CO.,LTD.",ok,2461,2026-10-05,
7730,7730.T,"MANI,INC.",ok,2461,2026-10-05,
7731,7731.T,NIKON CORPORATION,ok,2461,2026-10-05,
7733,7733.T,OLYMPUS CORPORATION,ok,2461,2026-10-05,
7734,7734.T,"RIKEN KEIKI CO.,LTD.",ok,2461,2026-10-05,
7735,7735.T,"SCREEN Holdings Co.,Ltd.",ok,2461,2026-10-05,
7740,7740.T,"Tamron Co.,Ltd.",ok,2461,2026-10-05,
7741,7741.T,HOYA CORPORATION,ok,2461,2026-10-05,
7743,7743.T,"SEED CO.,LTD.",ok,2461,2026-10-05,
7744,7744.T,"Noritsu Koki Co.,Ltd.",ok,2461,2026-10-05,
7745,7745.T,"A&D HOLON Holdings Company,Limited",ok,2461,2026-10-05,
7746,7746.T,"OKAMOTO GLASS CO.,LTD.",ok,2461,2026-10-05,
7747,7747.T,"ASAHI INTECC CO.,LTD.",ok,2461,2026-10-05,
7749,7749.T,"MEDIKIT CO.,LTD.",ok,2461,2026-10-05,
7751,7751.T,CANON INC.,ok,2461,2026-10-05,
7752,7752.T,"RICOH COMPANY,LTD.",ok,2461,2026-10-05,
7760,7760.T,IMV CORPORATION,ok,2461,2026-10-05,
7762,7762.T,"Citizen Watch Co.,Ltd.",ok,2461,2026-10-05,
7769,7769.T,"RHYTHM CO.,LTD.",ok,2461,2026-10-05,
7771,7771.T,"Nihon Seimitsu Co.,Ltd.",ok,2461,2026-10-05,
7774,7774.T,"Japan Tissue Engineering Co.,Ltd.",ok,2461,2026-10-05,
7775,7775.T,"DAIKEN MEDICAL CO.,LTD.",ok,2461,2026-10-05,
7776,7776.T,CellSeed Inc.,ok,2461,2026-10-05,
7777,7777.T,"3-D Matrix,Ltd.",ok,2461,2026-10-05,
7779,7779.T,"CYBERDYNE,INC.",ok,2461,2026-10-05,
7780,7780.T,"Menicon Co.,Ltd.",ok,2461,2026-10-05,
7781,7781.T,"HIRAYAMA HOLDINGS Co.,Ltd.",ok,2461,2026-10-05,
7782,7782.T,"Sincere Co.,LTD.",ok,2412,2026-10-05,
7791,7791.T,"DREAMBED CO.,LTD.",ok,1291,2026-10-05,
7792,7792.T,"Colan Totte.Co.,Ltd.",ok,1280,2026-10-05,
7793,7793.T,IMAGE MAGIC Inc.,ok,1122,2026-10-05,
7794,7794.T,EDP Corporation,ok,1045,2026-10-05,
7795,7795.T,"KYORITSU CO.,LTD.",ok,979,2026-10-05,
7800,7800.T,"Amifa Co.,Ltd.",ok,1717,2026-10-05,
7803,7803.T,Bushiroad Inc.,ok,1753,2026-10-05,
7804,7804.T,"B&P Co.,Ltd.",ok,1756,2026-10-05,
7805,7805.T,PRINTNET INC.,ok,1942,2026-10-05,
7806,7806.T,"MTG Co.,Ltd.",ok,2014,2026-10-05,
7807,7807.T,"KOWA CO.,LTD.",ok,2173,2026-10-05,
7808,7808.T,"C.S. LUMBER CO.,INC",ok,2183,2026-10-05,
7809,7809.T,"KOTOBUKIYA CO.,LTD.",ok,2219,2026-10-05,
7810,7810.T,"Crossfor Co.,Ltd.",ok,2266,2026-10-05,
7811,7811.T,"NAKAMOTO PACKS CO.,LTD.",ok,2461,2026-10-05,
7812,7812.T,CRESTEC Inc.,ok,2461,2026-10-05,
7813,7813.T,"PLATZ Co.,Ltd.",ok,2461,2026-10-05,
7814,7814.T,"JAPAN Creative Platform Group Co.,Ltd.",ok,2461,2026-10-05,
7815,7815.T,"TOKYO BOARD INDUSTRIES CO.,LTD.",ok,2461,2026-10-05,
7818,7818.T,"TRANSACTION CO.,Ltd.",ok,2461,2026-10-05,
7819,7819.T,SHOBIDO Corporation,ok,2461,2026-10-05,
7820,7820.T,"NIHON FLUSH CO.,LTD.",ok,2461,2026-10-05,
7821,7821.T,"MAEDA KOSEN CO.,LTD.",ok,2461,2026-10-05,
7822,7822.T,"Eidai Co.,Ltd.",ok,2461,2026-10-05,
7823,7823.T,ARTNATURE INC.,ok,2461,2026-10-05,
7826,7826.T,"FURUYA METAL CO.,LTD.",ok,2461,2026-10-05,
7827,7827.T,ORVIS CORPORATION,ok,2461,2026-10-05,
7831,7831.T,Wellco Holdings Corporation,ok,2461,2026-10-05,
7832,7832.T,Bandai Namco Holdings Inc.,ok,2461,2026-10-05,
7833,7833.T,IFIS JAPAN LTD.,ok,2461,2026-10-05,
7836,7836.T,"AVIX,Inc.",ok,2461,2026-10-05,
7837,7837.T,"R.C.CORE CO.,LTD.",ok,2461,2026-10-05,
7839,7839.T,"SHOEI CO.,LTD.",ok,2461,2026-10-05,
7840,7840.T,"FRANCE BED HOLDINGS CO.,LTD.",ok,2461,2026-10-05,
7841,7841.T,"ENDO MANUFACTURING CO.,LTD.",ok,2461,2026-10-05,
7844,7844.T,Marvelous Inc.,ok,2461,2026-10-05,
7846,7846.T,PILOT CORPORATION,ok,2461,2026-10-05,
7847,7847.T,GRAPHITE DESIGN INC.,ok,2461,2026-10-05,
7849,7849.T,Starts Publishing Corporation,ok,2461,2026-10-05,
7850,7850.T,"SOUGOU SHOUKEN CO.,LTD.",ok,2461,2026-10-05,
7851,7851.T,"KAWASE COMPUTER SUPPLIES CO.,LTD.",ok,1,2026-09-30,
7856,7856.T,HAGIHARA INDUSTRIES INC.,ok,2461,2026-10-05,
7857,7857.T,"SEKI CO.,LTD.",ok,2461,2026-10-05,
7859,7859.T,ALMEDIO INC.,ok,2461,2026-10-05,
7860,7860.T,Avex Inc.,ok,2461,2026-10-05,
7863,7863.T,"HIRAGA CO.,LTD.",ok,2461,2026-10-05,
7864,7864.T,"FUJI SEAL INTERNATIONAL,INC.",ok,2461,2026-10-05,
7865,7865.T,"People Co.,Ltd.",ok,2461,2026-10-05,
7867,7867.T,"TOMY COMPANY,LTD.",ok,2461,2026-10-05,
7868,7868.T,"KOSAIDO Holdings Co.,Ltd.",ok,2461,2026-10-05,
7871,7871.T,"FUKUVI CHEMICAL INDUSTRY CO.,LTD.",ok,2461,2026-10-05,
7872,7872.T,"ESTELLE HOLDINGS CO.,LTD.",ok,2461,2026-10-05,
7874,7874.T,"LEC,INC.",ok,2461,2026-10-05,
7875,7875.T,"TAKEDA iP HOLDINGS CO.,LTD.",ok,2131,2026-10-05,
7877,7877.T,"EIDAI KAKO CO.,LTD.",ok,2461,2026-10-05,
7878,7878.T,"Kohsai Co.,Ltd.",ok,2461,2026-10-05,
7879,7879.T,NODA CORPORATION,ok,2461,2026-10-05,
7883,7883.T,"Sun Messe Co.,Ltd.",ok,2461,2026-10-05,
7885,7885.T,"TAKANO Co.,Ltd.",ok,2461,2026-10-05,
7886,7886.T,"YAMATO Mobility & Mfg. Co.,Ltd.",ok,2461,2026-10-05,
7887,7887.T,"NANKAI PLYWOOD CO.,LTD.",ok,2461,2026-10-05,
7888,7888.T,SANKO GOSEI LTD.,ok,2461,2026-10-05,
7893,7893.T,PRONEXUS INC.,ok,2461,2026-10-05,
7896,7896.T,"SEVEN INDUSTRIES CO.,LTD.",ok,2461,2026-10-05,
7897,7897.T,"HOKUSHIN CO.,LTD.",ok,2461,2026-10-05,
7898,7898.T,"WOOD ONE CO.,LTD.",ok,2461,2026-10-05,
7901,7901.T,MATSUMOTO INC.,ok,2461,2026-10-05,
7902,7902.T,"SONOCOM CO.,LTD.",ok,2461,2026-10-05,
7906,7906.T,"YONEX CO.,LTD.",ok,2461,2026-10-05,
7908,7908.T,"KIMOTO CO.,LTD.",ok,2461,2026-10-05,
7911,7911.T,TOPPAN Holdings Inc.,ok,2461,2026-10-05,
7912,7912.T,"Dai Nippon Printing Co.,Ltd.",ok,2461,2026-10-05,
7914,7914.T,"Kyodo Printing Co.,Ltd.",ok,2461,2026-10-05,
7915,7915.T,"Nissha Co.,Ltd.",ok,2461,2026-10-05,
7916,7916.T,"MITSUMURA PRINTING CO.,LTD.",ok,2461,2026-10-05,
7917,7917.T,ZACROS Corporation,ok,2461,2026-10-05,
7918,7918.T,"VIA Holdings,Inc.",ok,2461,2026-10-05,
7919,7919.T,"Nozaki Insatsu Shigyo Co.,Ltd.",ok,2461,2026-10-05,
7921,7921.T,TAKARA & COMPANY LTD.,ok,2461,2026-10-05,
7927,7927.T,MUTO SEIKO CO.,ok,2461,2026-10-05,
7928,7928.T,"ASAHI KAGAKU KOGYO CO.,LTD.",ok,2461,2026-10-05,
7931,7931.T,"MIRAI INDUSTRY CO.,LTD.",ok,1899,2026-10-05,
7932,7932.T,"Nippi,Incorporated",ok,2461,2026-10-05,
7936,7936.T,ASICS Corporation,ok,2461,2026-10-05,
7937,7937.T,"TSUTSUMI JEWELRY CO.,LTD.",ok,2461,2026-10-05,
7938,7938.T,REGAL CORPORATION,ok,2461,2026-10-05,
7939,7939.T,"KENSOH CO.,LTD.",ok,2461,2026-10-05,
7942,7942.T,JSP Corporation,ok,2461,2026-10-05,
7943,7943.T,NICHIHA CORPORATION,ok,2461,2026-10-05,
7944,7944.T,Roland Corporation,ok,2461,2026-10-05,
7946,7946.T,KOYOSHA INC.,ok,2458,2026-09-30,
7947,7947.T,FP CORPORATION,ok,2461,2026-10-05,
7949,7949.T,"KOMATSU WALL INDUSTRY CO.,LTD.",ok,2461,2026-10-05,
7951,7951.T,YAMAHA CORPORATION,ok,2461,2026-10-05,
7952,7952.T,"Kawai Musical Instruments Manufacturing Co.,Ltd.",ok,2461,2026-10-05,
7953,7953.T,"KIKUSUI CHEMICAL INDUSTRIES CO.,LTD.",ok,2461,2026-10-05,
7955,7955.T,Cleanup Corporation,ok,2461,2026-10-05,
7956,7956.T,PIGEON CORPORATION,ok,2461,2026-10-05,
7957,7957.T,"FUJICOPIAN CO.,LTD.",ok,2461,2026-10-05,
7962,7962.T,"KING JIM CO.,LTD.",ok,2461,2026-10-05,
7963,7963.T,KOKEN LTD.,ok,2461,2026-10-05,
7965,7965.T,Zojirushi Corporation,ok,2461,2026-10-05,
7966,7966.T,LINTEC Corporation,ok,2461,2026-10-05,
7970,7970.T,"Shin-Etsu Polymer Co.,Ltd.",ok,2461,2026-10-05,
7971,7971.T,TOLI Corporation,ok,2461,2026-10-05,
7972,7972.T,ITOKI CORPORATION,ok,2461,2026-10-05,
7974,7974.T,"Nintendo Co.,Ltd.",ok,2461,2026-10-05,
7975,7975.T,"LIHIT LAB.,INC.",ok,2461,2026-10-05,
7976,7976.T,"MITSUBISHI PENCIL COMPANY,LIMITED",ok,2461,2026-10-05,
7979,7979.T,SHOFU INC.,ok,2461,2026-10-05,
7980,7980.T,"SHIGEMATSU WORKS CO.,LTD.",ok,2461,2026-10-05,
7981,7981.T,"TAKARA STANDARD CO.,LTD.",ok,2461,2026-10-05,
7983,7983.T,Miroku Corporation,ok,2461,2026-10-05,
7984,7984.T,"KOKUYO CO.,LTD.",ok,2461,2026-10-05,
7985,7985.T,NEPON Inc.,ok,1,2026-09-30,
7986,7986.T,"NIHON ISK Company,Limited",ok,2461,2026-10-05,
7987,7987.T,"NAKABAYASHI CO.,LTD.",ok,2461,2026-10-05,
7988,7988.T,NIFCO INC.,ok,2461,2026-10-05,
7989,7989.T,TACHIKAWA CORPORATION,ok,2461,2026-10-05,
7990,7990.T,"GLOBERIDE,Inc.",ok,2461,2026-10-05,
7991,7991.T,"MAMIYA-OP CO.,LTD",ok,2461,2026-10-05,
7992,7992.T,"The Sailor Pen Co.,Ltd.",ok,2461,2026-10-05,
7994,7994.T,OKAMURA CORPORATION,ok,2461,2026-10-05,
7995,7995.T,"VALQUA,LTD.",ok,2461,2026-10-05,
7997,7997.T,Kurogane Kosakusho Ltd.,ok,2461,2026-10-05,
8001,8001.T,ITOCHU Corporation,ok,2461,2026-10-05,
8002,8002.T,Marubeni Corporation,ok,2461,2026-10-05,
8005,8005.T,Scroll Corporation,ok,2461,2026-10-05,
8006,8006.T,"YUASA FUNASHOKU Co.,Ltd.",ok,2461,2026-10-05,
8007,8007.T,"Takashima & Co.,Ltd.",ok,2461,2026-10-05,
8008,8008.T,YONDOSHI HOLDINGS INC.,ok,2461,2026-10-05,
8011,8011.T,SANYO SHOKAI LTD.,ok,2461,2026-10-05,
8012,8012.T,"NAGASE & CO.,LTD.",ok,2461,2026-10-05,
8013,8013.T,"NAIGAI CO.,LTD.",ok,2461,2026-10-05,
8014,8014.T,"CHORI CO.,LTD.",ok,2461,2026-10-05,
8015,8015.T,TOYOTA TSUSHO CORPORATION,ok,2461,2026-10-05,
8016,8016.T,"ONWARD HOLDINGS CO.,LTD.",ok,2461,2026-10-05,
8018,8018.T,"SANKYO SEIKO CO.,LTD.",ok,2461,2026-10-05,
8020,8020.T,KANEMATSU CORPORATION,ok,2461,2026-10-05,
8022,8022.T,Mizuno Corporation,ok,2461,2026-10-05,
8023,8023.T,"DAIKO XTECH,LTD.",ok,2461,2026-10-05,
8025,8025.T,"TSUKAMOTO CORPORATION CO.,LTD.",ok,2461,2026-10-05,
8029,8029.T,LOOK HOLDINGS INCORPORATED,ok,2461,2026-10-05,
8030,8030.T,"Chuo Gyorui Co.,Ltd.",ok,2461,2026-10-05,
8031,8031.T,"MITSUI & CO.,LTD.",ok,2461,2026-10-05,
8032,8032.T,JAPAN PULP AND PAPER COMPANY LIMITED,ok,2461,2026-10-05,
8035,8035.T,Tokyo Electron Limited,ok,2461,2026-10-05,
8037,8037.T,KAMEI CORPORATION,ok,2461,2026-10-05,
8039,8039.T,"TSUKIJI UOICHIBA COMPANY,LIMITED",ok,2461,2026-10-05,
8040,8040.T,"TOKYO SOIR CO.,LTD.",ok,2461,2026-10-05,
8041,8041.T,OUG Holdings Inc.,ok,2461,2026-10-05,
8043,8043.T,Starzen Company Limited,ok,2461,2026-10-05,
8045,8045.T,"Yokohama Maruuo Co.,Ltd.",ok,2461,2026-10-05,
8046,8046.T,"MARUFUJI SHEET PILING CO.,LTD.",ok,2461,2026-10-05,
8050,8050.T,SEIKO GROUP CORPORATION,ok,2461,2026-10-05,
8051,8051.T,YAMAZEN CORPORATION,ok,2461,2026-10-05,
8052,8052.T,"TSUBAKIMOTO KOGYO CO.,LTD.",ok,2461,2026-10-05,
8053,8053.T,"SUMITOMO CORPORATION (SUMITOMO SHOJI KAISHA,LTD.)",ok,2461,2026-10-05,
8056,8056.T,BIPROGY Inc.,ok,2461,2026-10-05,
8057,8057.T,"UCHIDA YOKO CO.,LTD.",ok,2461,2026-10-05,
8058,8058.T,Mitsubishi Corporation,ok,2461,2026-10-05,
8059,8059.T,"DAIICHI JITSUGYO CO.,LTD.",ok,2461,2026-10-05,
8060,8060.T,Canon Marketing Japan Inc.,ok,2461,2026-10-05,
8061,8061.T,SEIKA CORPORATION,ok,2461,2026-10-05,
8065,8065.T,SATO SHO-JI CORPORATION,ok,2461,2026-10-05,
8066,8066.T,MITANI CORPORATION,ok,2461,2026-10-05,
8070,8070.T,"TOKYO SANGYO CO.,LTD.",ok,2461,2026-10-05,
8074,8074.T,"YUASA CO.,LTD.",ok,2461,2026-10-05,
8075,8075.T,Shinsho Corporation,ok,2461,2026-10-05,
8076,8076.T,CANOX CORPORATION,ok,925,2026-10-05,
8077,8077.T,TORQ Inc.,ok,2461,2026-10-05,
8078,8078.T,"HANWA CO.,LTD.",ok,2461,2026-10-05,
8079,8079.T,SHOEI FOODS CORPORATION,ok,2461,2026-10-05,
8081,8081.T,KANADEN CORPORATION,ok,2461,2026-10-05,
8084,8084.T,RYODEN CORPORATION,ok,2461,2026-10-05,
8085,8085.T,"NARASAKI SANGYO CO.,LTD.",ok,2461,2026-10-05,
8086,8086.T,NIPRO CORPORATION,ok,2461,2026-10-05,
8088,8088.T,IWATANI CORPORATION,ok,2461,2026-10-05,
8089,8089.T,Nice Corporation,ok,2461,2026-10-05,
8091,8091.T,"NICHIMO CO.,LTD.",ok,2461,2026-10-05,
8093,8093.T,"Kyokuto Boeki Kaisha,Limited",ok,2461,2026-10-05,
8095,8095.T,"Astena Holdings Co.,Ltd.",ok,2461,2026-10-05,
8097,8097.T,"SAN-AI OBBLI CO.,LTD.",ok,2461,2026-10-05,
8098,8098.T,"Inabata & Co.,Ltd.",ok,2461,2026-10-05,
8101,8101.T,GSI Creos Corporation,ok,2461,2026-10-05,
8103,8103.T,Meiwa Corporation,ok,2461,2026-10-05,
8104,8104.T,KUWAZAWA Holdings Corporation,ok,2094,2026-10-05,
8105,8105.T,Bitcoin Japan Corporation,ok,2461,2026-10-05,
8107,8107.T,KIMURATAN CORPORATION,ok,2461,2026-10-05,
8111,8111.T,Goldwin Inc.,ok,2461,2026-10-05,
8113,8113.T,UNICHARM CORPORATION,ok,2461,2026-10-05,
8115,8115.T,"MOONBAT Co.,Ltd.",ok,2461,2026-10-05,
8117,8117.T,CENTRAL AUTOMOTIVE PRODUCTS LTD.,ok,2461,2026-10-05,
8118,8118.T,"KING Co.,Ltd.",ok,2461,2026-10-05,
8119,8119.T,SANYEI CORPORATION,ok,2461,2026-10-05,
8123,8123.T,"T.KAWABE & CO.,LTD.",ok,2461,2026-10-05,
8125,8125.T,"Wakita & Co.,LTD.",ok,2461,2026-10-05,
8127,8127.T,YAMATO INTERNATIONAL INC.,ok,2461,2026-10-05,
8129,8129.T,"TOHO HOLDINGS CO.,LTD.",ok,2461,2026-10-05,
8130,8130.T,Sangetsu Corporation,ok,2461,2026-10-05,
8131,8131.T,"Mitsuuroko Group Holdings Co.,Ltd.",ok,2461,2026-10-05,
8132,8132.T,"SHINANEN HOLDINGS CO.,LTD.",ok,2461,2026-10-05,
8133,8133.T,"ITOCHU ENEX CO.,LTD.",ok,2461,2026-10-05,
8135,8135.T,ZETT CORPORATION,ok,2461,2026-10-05,
8136,8136.T,"Sanrio Company,Ltd.",ok,2461,2026-10-05,
8137,8137.T,SUN-WA TECHNOS CORPORATION,ok,2461,2026-10-05,
8138,8138.T,SANKYO KASEI CORPORATION,ok,2461,2026-10-05,
8139,8139.T,NAGAHORI CORPORATION,ok,2461,2026-10-05,
8141,8141.T,"Shinko Shoji Co.,Ltd.",ok,2461,2026-10-05,
8142,8142.T,"TOHO Co.,Ltd.",ok,2461,2026-10-05,
8143,8143.T,"LAPINE CO.,LTD.",ok,2461,2026-10-05,
8144,8144.T,"Denkyo Group Holdings Co.,Ltd.",ok,2461,2026-10-05,
8147,8147.T,TOMITA CO.LTD.,ok,2461,2026-10-05,
8150,8150.T,"SANSHIN ELECTRONICS CO.,LTD.",ok,2461,2026-10-05,
8151,8151.T,TOYO Corporation,ok,2461,2026-10-05,
8152,8152.T,SOMAR CORPORATION,ok,2461,2026-10-05,
8153,8153.T,"MOS FOOD SERVICES,INC.",ok,2461,2026-10-05,
8154,8154.T,"KAGA ELECTRONICS CO.,LTD.",ok,2461,2026-10-05,
8157,8157.T,"TSUZUKI DENKI CO.,LTD.",ok,2461,2026-10-05,
8158,8158.T,"SODA NIKKA CO.,LTD.",ok,2461,2026-10-05,
8159,8159.T,"TACHIBANA ELETECH CO.,LTD.",ok,2461,2026-10-05,
8160,8160.T,"KISOJI CO.,LTD.",ok,2461,2026-10-05,
8163,8163.T,"SRS HOLDINGS CO.,LTD.",ok,2461,2026-10-05,
8165,8165.T,"SENSHUKAI CO.,LTD.",ok,2461,2026-10-05,
8166,8166.T,"Taka-Q Co.,Ltd.",ok,2461,2026-10-05,
8167,8167.T,"RETAIL PARTNERS CO.,LTD.",ok,2461,2026-10-05,
8173,8173.T,Joshin Corporation,ok,2461,2026-10-05,
8174,8174.T,"NIPPON GAS CO.,LTD.",ok,2461,2026-10-05,
8179,8179.T,"ROYAL HOLDINGS Co., Ltd.",ok,2461,2026-10-05,
8181,8181.T,"Totenko Co.,Ltd.",ok,2461,2026-10-05,
8185,8185.T,"CHIYODA CO.,LTD.",ok,2461,2026-10-05,
8194,8194.T,LIFE CORPORATION,ok,2461,2026-10-05,
8198,8198.T,"Maxvalu Tokai Co.,Ltd.",ok,2461,2026-10-05,
8200,8200.T,"RINGER HUT CO.,LTD.",ok,2461,2026-10-05,
8202,8202.T,"Laox Holdings CO.,LTD.",ok,2461,2026-10-05,
8203,8203.T,MrMax Holdings Ltd.,ok,2461,2026-10-05,
8207,8207.T,"TEN ALLIED Co.,Ltd.",ok,2461,2026-10-05,
8214,8214.T,AOKI Holdings Inc.,ok,2461,2026-10-05,
8217,8217.T,"OKUWA CO.,LTD.",ok,2461,2026-10-05,
8218,8218.T,"KOMERI CO.,LTD.",ok,2461,2026-10-05,
8219,8219.T,"AOYAMA TRADING Co.,Ltd.",ok,2461,2026-10-05,
8225,8225.T,"Takachiho Co.,Ltd.",ok,2461,2026-10-05,
8226,8226.T,RIKEI CORPORATION,ok,2461,2026-10-05,
8227,8227.T,"SHIMAMURA Co.,Ltd.",ok,2461,2026-10-05,
8230,8230.T,"HASEGAWA CO.,LTD.",ok,2461,2026-10-05,
8233,8233.T,"Takashimaya Company,Limited",ok,2461,2026-10-05,
8237,8237.T,"MATSUYA CO.,LTD.",ok,2461,2026-10-05,
8242,8242.T,H2O RETAILING CORPORATION,ok,2461,2026-10-05,
8244,8244.T,"Kintetsu Department Store CO.,Ltd.",ok,2461,2026-10-05,
8247,8247.T,"Daiwa Co.,Ltd.",ok,2461,2026-10-05,
8252,8252.T,"MARUI GROUP CO.,LTD.",ok,2461,2026-10-05,
8253,8253.T,"Credit Saison Co.,Ltd.",ok,2461,2026-10-05,
8254,8254.T,"Saikaya Department Store Co.,Ltd.",ok,2461,2026-10-05,
8255,8255.T,Axial Retailing Inc.,ok,2461,2026-10-05,
8260,8260.T,"IZUTSUYA CO.,LTD.",ok,2461,2026-10-05,
8267,8267.T,"AEON CO.,LTD.",ok,2461,2026-10-05,
8273,8273.T,"IZUMI CO.,LTD.",ok,2461,2026-10-05,
8275,8275.T,FORVAL CORPORATION,ok,2461,2026-10-05,
8276,8276.T,"HEIWADO CO.,LTD.",ok,2461,2026-10-05,
8278,8278.T,"FUJI CO.,LTD.",ok,2461,2026-10-05,
8281,8281.T,"XEBIO holdings CO.,LTD.",ok,2461,2026-10-05,
8282,8282.T,K'S HOLDINGS CORPORATION,ok,2461,2026-10-05,
8285,8285.T,"MITANI SANGYO CO.,LTD.",ok,2461,2026-10-05,
8291,8291.T,"NISSAN TOKYO SALES HOLDINGS CO.,LTD.",ok,2461,2026-10-05,
8303,8303.T,"SBI Shinsei Bank,Limited",ok,1929,2026-10-05,
8304,8304.T,"Aozora Bank,Ltd.",ok,2461,2026-10-05,
8306,8306.T,"Mitsubishi UFJ Financial Group,Inc.",ok,2461,2026-10-05,
8308,8308.T,"Resona Holdings, Inc.",ok,2461,2026-10-05,
8309,8309.T,"Sumitomo Mitsui Trust Group,Inc.",ok,2461,2026-10-05,
8316,8316.T,"Sumitomo Mitsui Financial Group,Inc.",ok,2461,2026-10-05,
8331,8331.T,"The Chiba Bank,Ltd.",ok,2461,2026-10-05,
8334,8334.T,"The Gunma Bank,Ltd.",ok,2461,2026-10-05,
8336,8336.T,"The Musashino Bank,Ltd.",ok,2461,2026-10-05,
8337,8337.T,"The Chiba Kogyo Bank,Ltd.",ok,2461,2026-10-05,
8338,8338.T,"Tsukuba Bank,Ltd.",ok,2461,2026-10-05,
8341,8341.T,"The 77 Bank,Ltd.",ok,2461,2026-10-05,
8343,8343.T,"THE AKITA BANK,LTD.",ok,2461,2026-10-05,
8344,8344.T,"The Yamagata Bank,Ltd.",ok,2461,2026-10-05,
8345,8345.T,"The Bank of Iwate,Ltd.",ok,2461,2026-10-05,
8346,8346.T,"The Toho Bank,Ltd.",ok,2461,2026-10-05,
8349,8349.T,"THE TOHOKU BANK,LTD.",ok,2461,2026-10-05,
8354,8354.T,"Fukuoka Financial Group,Inc.",ok,2461,2026-10-05,
8358,8358.T,Suruga Bank Ltd.,ok,2461,2026-10-05,
8359,8359.T,"Hachijuni Nagano Bank,Ltd.",ok,2461,2026-10-05,
8360,8360.T,"The Yamanashi Chuo Bank,Ltd.",ok,2461,2026-10-05,
8361,8361.T,"The Ogaki Kyoritsu Bank,Ltd.",ok,2461,2026-10-05,
8362,8362.T,"The Fukui Bank,Ltd.",ok,2461,2026-10-05,
8364,8364.T,"THE SHIMIZU BANK,LTD.",ok,2461,2026-10-05,
8365,8365.T,"The Bank of Toyama,Ltd.",ok,2461,2026-10-05,
8366,8366.T,"THE SHIGA BANK,LTD.",ok,2461,2026-10-05,
8367,8367.T,"The Nanto Bank,Ltd.",ok,2461,2026-10-05,
8368,8368.T,"The Hyakugo Bank,Ltd.",ok,2461,2026-10-05,
8370,8370.T,"The Kiyo Bank,Ltd.",ok,2461,2026-10-05,
8377,8377.T,"Hokuhoku Financial Group, Inc.",ok,2461,2026-10-05,
8381,8381.T,"The San-in Godo Bank,Ltd.",ok,2461,2026-10-05,
8383,8383.T,"THE TOTTORI BANK,LTD.",ok,2461,2026-10-05,
8386,8386.T,"The Hyakujushi Bank,Ltd.",ok,2461,2026-10-05,
8387,8387.T,"The Shikoku Bank, Ltd.",ok,2461,2026-10-05,
8388,8388.T,"The Awa Bank,Ltd.",ok,2461,2026-10-05,
8392,8392.T,"THE OITA BANK,LTD.",ok,2461,2026-10-05,
8393,8393.T,"The Miyazaki Bank,Ltd.",ok,2461,2026-10-05,
8395,8395.T,THE BANK OF SAGA LTD.,ok,2461,2026-10-05,
8399,8399.T,"Bank of The Ryukyus,Limited",ok,2461,2026-10-05,
8410,8410.T,"Seven Bank,Ltd.",ok,2461,2026-10-05,
8411,8411.T,"Mizuho Financial Group,Inc.",ok,2461,2026-10-05,
8416,8416.T,"THE BANK OF KOCHI,LTD.",ok,2461,2026-10-05,
8418,8418.T,"Yamaguchi Financial Group,Inc.",ok,2461,2026-10-05,
8424,8424.T,"Fuyo General Lease Co.,Ltd.",ok,2461,2026-10-05,
8425,8425.T,"Mizuho Leasing Company,Limited",ok,2461,2026-10-05,
8439,8439.T,Tokyo Century Corporation,ok,2461,2026-10-05,
8473,8473.T,"SBI Holdings,Inc.",ok,2461,2026-10-05,
8508,8508.T,"J Trust Co.,Ltd.",ok,2461,2026-10-05,
8511,8511.T,"Japan Securities Finance Co.,Ltd.",ok,2461,2026-10-05,
8518,8518.T,"Japan Asia Investment Company,Limited",ok,2461,2026-10-05,
8522,8522.T,"The Bank of Nagoya,Ltd.",ok,2461,2026-10-05,
8524,8524.T,"North Pacific Bank,Ltd.",ok,2461,2026-10-05,
8537,8537.T,"THE TAIKO BANK,LTD.",ok,2461,2026-10-05,
8541,8541.T,"The Ehime Bank,Ltd.",ok,2461,2026-10-05,
8542,8542.T,"TOMATO BANK,LTD.",ok,2461,2026-10-05,
8544,8544.T,"The Keiyo Bank,Ltd.",ok,2461,2026-10-05,
8550,8550.T,"THE TOCHIGI BANK,LTD.",ok,2461,2026-10-05,
8551,8551.T,"The Kita-Nippon Bank,Ltd.",ok,2461,2026-10-05,
8558,8558.T,"THE TOWA BANK,LTD.",ok,2461,2026-10-05,
8562,8562.T,"THE FUKUSHIMA BANK,LTD.",ok,2461,2026-10-05,
8563,8563.T,"THE DAITO BANK,LTD.",ok,2461,2026-10-05,
8566,8566.T,"RICOH LEASING COMPANY,LTD.",ok,2461,2026-10-05,
8570,8570.T,"AEON Financial Service Co.,Ltd.",ok,2461,2026-10-05,
8572,8572.T,"ACOM CO.,LTD.",ok,2461,2026-10-05,
8584,8584.T,"JACCS CO.,LTD.",ok,2461,2026-10-05,
8585,8585.T,Orient Corporation,ok,2461,2026-10-05,
8591,8591.T,ORIX CORPORATION,ok,2461,2026-10-05,
8593,8593.T,Mitsubishi HC Capital Inc.,ok,2461,2026-10-05,
8595,8595.T,"JAFCO Group Co.,Ltd.",ok,2461,2026-10-05,
8596,8596.T,"KYUSHU LEASING SERVICE CO.,LTD.",ok,2428,2026-10-05,
8600,8600.T,"TOMONY Holdings,Inc.",ok,2461,2026-10-05,
8601,8601.T,Daiwa Securities Group Inc.,ok,2461,2026-10-05,
8604,8604.T,"Nomura Holdings, Inc.",ok,2461,2026-10-05,
8609,8609.T,OKASAN SECURITIES GROUP INC.,ok,2461,2026-10-05,
8613,8613.T,"Marusan Securities Co.,Ltd.",ok,2461,2026-10-05,
8614,8614.T,"TOYO SECURITIES CO.,LTD.",ok,2461,2026-10-05,
8616,8616.T,"Tokai Tokyo Financial Holdings,Inc.",ok,2461,2026-10-05,
8617,8617.T,"The Kosei Securities Co.,Ltd.",ok,2461,2026-10-05,
8622,8622.T,"Mito Securities Co.,Ltd.",ok,2461,2026-10-05,
8624,8624.T,"Ichiyoshi Securities Co.,Ltd.",ok,2461,2026-10-05,
8628,8628.T,"MATSUI SECURITIES CO.,LTD.",ok,2461,2026-10-05,
8630,8630.T,"Sompo Holdings,Inc.",ok,2461,2026-10-05,
8697,8697.T,"Japan Exchange Group,Inc.",ok,2461,2026-10-05,
8698,8698.T,"Monex Group,Inc.",ok,2461,2026-10-05,
8699,8699.T,"HS Holdings Co.,Ltd.",ok,2461,2026-10-05,
8700,8700.T,"Maruhachi Securities Co.,Ltd.",ok,2461,2026-10-05,
8704,8704.T,"TRADERS HOLDINGS CO.,LTD.",ok,2461,2026-10-05,
8705,8705.T,"Nissan Securities Group Co.,Ltd.",ok,2461,2026-10-05,
8706,8706.T,"KYOKUTO SECURITIES CO.,LTD.",ok,2461,2026-10-05,
8707,8707.T,"IwaiCosmo Holdings,Inc.",ok,2461,2026-10-05,
8708,8708.T,"AIZAWA SECURITIES GROUP CO.,LTD.",ok,2461,2026-10-05,
8713,8713.T,FIDEA Holdings Co.Ltd.,ok,2461,2026-10-05,
8714,8714.T,"Senshu Ikeda Holdings,Inc.",ok,2461,2026-10-05,
8715,8715.T,"Anicom Holdings,Inc.",ok,2461,2026-10-05,
8725,8725.T,"MS&AD Insurance Group Holdings,Inc.",ok,2461,2026-10-05,
8729,8729.T,Sony Financial Group Inc.,ok,247,2026-10-05,
8737,8737.T,Akatsuki Corp.,ok,2461,2026-10-05,
8739,8739.T,"SPARX Group Co.,Ltd.",ok,2461,2026-10-05,
8742,8742.T,"KOBAYASHI YOKO CO.,LTD.",ok,2461,2026-10-05,
8746,8746.T,unbanked inc.,ok,2461,2026-10-05,
8747,8747.T,"YUTAKA TRUSTY SECURITIES CO.,LTD.",ok,2461,2026-10-05,
8750,8750.T,"Daiichi Life Group,Inc.",ok,2461,2026-10-05,
8766,8766.T,"Tokio Marine Holdings,Inc.",ok,2461,2026-10-05,
8769,8769.T,"Advantage Risk Management Co.,Ltd.",ok,2461,2026-10-05,
8771,8771.T,"eGuarantee,Inc.",ok,2461,2026-10-05,
8772,8772.T,"ASAX CO.,LTD.",ok,2461,2026-10-05,
8783,8783.T,"abc Co.,Ltd.",ok,2461,2026-10-05,
8789,8789.T,FinTech Global Incorporated,ok,2461,2026-10-05,
8793,8793.T,NEC Capital Solutions Limited,ok,2461,2026-10-05,
8795,8795.T,"T&D Holdings, Inc.",ok,2461,2026-10-05,
8798,8798.T,"Advance Create Co.,Ltd.",ok,2461,2026-10-05,
8801,8801.T,"Mitsui Fudosan Co.,Ltd.",ok,2461,2026-10-05,
8802,8802.T,"Mitsubishi Estate Company,Limited",ok,2461,2026-10-05,
8803,8803.T,"HEIWA REAL ESTATE CO.,LTD.",ok,2461,2026-10-05,
8804,8804.T,"Tokyo Tatemono Co.,Ltd.",ok,2461,2026-10-05,
8818,8818.T,"Keihanshin Building Co.,Ltd.",ok,2461,2026-10-05,
8830,8830.T,"Sumitomo Realty & Development Co.,Ltd.",ok,2461,2026-10-05,
8835,8835.T,TAIHEIYO KOUHATSU INCORPORATED,ok,2461,2026-10-05,
8836,8836.T,RISE Inc.,ok,2461,2026-10-05,
8841,8841.T,"TOC Co.,Ltd.",ok,2461,2026-10-05,
8844,8844.T,"COSMOS INITIA Co.,Ltd.",ok,2461,2026-10-05,
8848,8848.T,LEOPALACE21 CORPORATION,ok,2461,2026-10-05,
8850,8850.T,STARTS CORPORATION INC.,ok,2461,2026-10-05,
8860,8860.T,FUJI CORPORATION LIMITED,ok,2461,2026-10-05,
8864,8864.T,"AIRPORT FACILITIES Co.,LTD.",ok,2461,2026-10-05,
8869,8869.T,Meiwa Estate Company Limited,ok,2461,2026-10-05,
8871,8871.T,"GOLDCREST Co.,Ltd.",ok,2461,2026-10-05,
8876,8876.T,"Relo Group,Inc.",ok,2461,2026-10-05,
8877,8877.T,ESLEAD CORPORATION,ok,2461,2026-10-05,
8881,8881.T,"NISSHIN GROUP HOLDINGS Company,Limited",ok,2461,2026-10-05,
8887,8887.T,"SYLA Holdings Co.,Ltd.",ok,2461,2026-10-05,
8891,8891.T,"AMG HOLDINGS CO.,LTD.",ok,2461,2026-10-05,
8892,8892.T,ES-CON JAPAN Ltd.,ok,2461,2026-10-05,
8894,8894.T,"REVOLUTION CO.,LTD.",ok,2461,2026-10-05,
8897,8897.T,"MIRARTH HOLDINGS,Inc.",ok,2461,2026-10-05,
8898,8898.T,CENTURY21 REAL ESTATE OF JAPAN LTD.,ok,2461,2026-10-05,
8904,8904.T,"AVANTIA CO.,LTD.",ok,2461,2026-10-05,
8908,8908.T,"MAINICHI COMNET CO.,LTD.",ok,2461,2026-10-05,
8912,8912.T,Area Quest Inc.,ok,2461,2026-10-05,
8914,8914.T,"Arealink Co.,Ltd.",ok,2461,2026-10-05,
8917,8917.T,"First Juken Co.,Ltd.",ok,2461,2026-10-05,
8918,8918.T,"LAND Co.,Ltd.",ok,2461,2026-10-05,
8919,8919.T,"KATITAS CO.,LTD",ok,2461,2026-10-05,
8920,8920.T,"TOSHO CO.,LTD.",ok,2461,2026-10-05,
8923,8923.T,TOSEI CORPORATION,ok,2461,2026-10-05,
8927,8927.T,"MEIHO ENTERPRISE CO.,LTD.",ok,2461,2026-10-05,
8928,8928.T,ANABUKI KOSAN INC.,ok,2461,2026-10-05,
8929,8929.T,"Aoyama Zaisan Networks Company,Limited",ok,2461,2026-10-05,
8931,8931.T,WADAKOHSAN CORPORATION,ok,2461,2026-10-05,
8934,8934.T,"Sun Frontier Fudousan Co.,Ltd.",ok,2461,2026-10-05,
8935,8935.T,"FJ NEXT HOLDINGS CO.,LTD.",ok,2461,2026-10-05,
8938,8938.T,"GLOME Holdings,Inc.",ok,2461,2026-10-05,
8944,8944.T,"LAND BUSINESS CO.,LTD.",ok,2461,2026-10-05,
8945,8945.T,SUNNEXTA GROUP Inc.,ok,2461,2026-10-05,
8946,8946.T,ASIAN STAR CO.,ok,2461,2026-10-05,
8995,8995.T,"Makoto Construction CO,Ltd",ok,2461,2026-10-05,
8996,8996.T,"HouseFreedom Co.,Ltd.",ok,923,2026-10-05,
8999,8999.T,Grandy House Corporation,ok,2461,2026-10-05,
9001,9001.T,"TOBU RAILWAY CO.,LTD.",ok,2461,2026-10-05,
9003,9003.T,"Sotetsu Holdings,Inc.",ok,2461,2026-10-05,
9005,9005.T,TOKYU CORPORATION,ok,2461,2026-10-05,
9006,9006.T,Keikyu Corporation,ok,2461,2026-10-05,
9007,9007.T,"Odakyu Electric Railway Co.,Ltd.",ok,2461,2026-10-05,
9008,9008.T,Keio Corporation,ok,2461,2026-10-05,
9009,9009.T,"Keisei Electric Railway Co.,Ltd.",ok,2461,2026-10-05,
9010,9010.T,"FUJI KYUKO CO.,LTD.",ok,2461,2026-10-05,
9012,9012.T,"Chichibu Railway Co.,Ltd.",ok,2461,2026-10-05,
9017,9017.T,"Niigata Kotsu Co.,Ltd.",ok,2461,2026-10-05,
9020,9020.T,East Japan Railway Company,ok,2461,2026-10-05,
9021,9021.T,West Japan Railway Company,ok,2461,2026-10-05,
9022,9022.T,Central Japan Railway Company,ok,2461,2026-10-05,
9023,9023.T,"Tokyo Metro Co.,Ltd.",ok,474,2026-10-05,
9024,9024.T,SEIBU HOLDINGS INC.,ok,2461,2026-10-05,
9025,9025.T,"Konoike Transport Co.,Ltd.",ok,2461,2026-10-05,
9028,9028.T,"ZERO CO.,LTD.",ok,2461,2026-10-05,
9029,9029.T,"HIGASHI HOLDINGS CO.,LTD.",ok,2461,2026-10-05,
9031,9031.T,"Nishi-Nippon Railroad Co.,Ltd.",ok,2461,2026-10-05,
9033,9033.T,"Hiroshima Electric Railway Co.,Ltd.",ok,2461,2026-10-05,
9034,9034.T,"NANSO Transport Co.,Ltd.",ok,2461,2026-10-05,
9036,9036.T,"TOHBU NETWORK CO.,LTD.",ok,2461,2026-10-05,
9037,9037.T,"HAMAKYOREX CO.,LTD.",ok,2461,2026-10-05,
9039,9039.T,"Sakai Moving Service Co.,Ltd.",ok,2461,2026-10-05,
9041,9041.T,"Kintetsu Group Holdings Co.,Ltd.",ok,2461,2026-10-05,
9042,9042.T,"Hankyu Hanshin Holdings,Inc.",ok,2461,2026-10-05,
9044,9044.T,"NANKAI Co.,Ltd.",ok,2461,2026-10-05,
9045,9045.T,"Keihan Holdings Co.,Ltd.",ok,2461,2026-10-05,
9046,9046.T,"Kobe Electric Railway Co.,Ltd.",ok,2461,2026-10-05,
9048,9048.T,"Nagoya Railroad Co., Ltd.",ok,2461,2026-10-05,
9049,9049.T,"Keifuku Electric Railroad Co.,Ltd.",ok,2461,2026-10-05,
9051,9051.T,"SENKON LOGISTICS CO.,LTD",ok,2461,2026-10-05,
9052,9052.T,"Sanyo Electric Railway Co.,Ltd.",ok,2461,2026-10-05,
9057,9057.T,"ENSHU TRUCK CO.,LTD.",ok,2461,2026-10-05,
9059,9059.T,"Kanda Holdings Co.,Ltd.",ok,2461,2026-10-05,
9060,9060.T,JAPAN LOGISTIC SYSTEMS CORP.,ok,2461,2026-10-05,
9063,9063.T,"Okayamaken Freight Transportation CO.,LTD.",ok,2461,2026-10-05,
9064,9064.T,"YAMATO HOLDINGS CO.,LTD.",ok,2461,2026-10-05,
9065,9065.T,SANKYU INC.,ok,2461,2026-10-05,
9068,9068.T,"Maruzen Showa Unyu Co.,Ltd.",ok,2461,2026-10-05,
9069,9069.T,"SENKO Group Holdings Co.,Ltd.",ok,2461,2026-10-05,
9072,9072.T,"NIKKON Holdings Co.,Ltd.",ok,2461,2026-10-05,
9073,9073.T,"Kyogoku unyu shoji Co.,Ltd.",ok,2461,2026-10-05,
9074,9074.T,"Japan Oil Transportation Co.,Ltd.",ok,2461,2026-10-05,
9075,9075.T,"FUKUYAMA TRANSPORTING CO.,LTD.",ok,2461,2026-10-05,
9076,9076.T,"SEINO HOLDINGS CO.,LTD.",ok,2461,2026-10-05,
9081,9081.T,"Kanagawa Chuo Kotsu Co.,Ltd.",ok,2461,2026-10-05,
9082,9082.T,"Daiwa Motor Transportation Co.,Ltd.",ok,2461,2026-10-05,
9083,9083.T,"Shinki Bus Co.,Ltd.",ok,2461,2026-10-05,
9087,9087.T,TAKASE CORPORATION,ok,2461,2026-10-05,
9090,9090.T,AZ-COM MARUWA Holdings Inc.,ok,2461,2026-10-05,
9101,9101.T,Nippon Yusen Kabushiki Kaisha,ok,2461,2026-10-05,
9104,9104.T,"Mitsui O.S.K.Lines,Ltd.",ok,2461,2026-10-05,
9107,9107.T,"Kawasaki Kisen Kaisha,Ltd.",ok,2461,2026-10-05,
9110,9110.T,"NS United Kaiun Kaisha,Ltd.",ok,2461,2026-10-05,
9115,9115.T,"Meiji Shipping Group Co.,Ltd.",ok,2461,2026-10-05,
9119,9119.T,"IINO KAIUN KAISHA,LTD.",ok,2461,2026-10-05,
9127,9127.T,"TAMAI STEAMSHIP CO.,LTD.",ok,2461,2026-10-05,
9130,9130.T,"KYOEI TANKER CO.,LTD.",ok,2461,2026-10-05,
9142,9142.T,Kyushu Railway Company,ok,2449,2026-10-05,
9143,9143.T,"SG HOLDINGS CO.,LTD.",ok,2163,2026-10-05,
9145,9145.T,"BEING HOLDINGS CO.,LTD.",ok,1418,2026-10-05,
9147,9147.T,"NIPPON EXPRESS HOLDINGS,INC.",ok,1161,2026-10-05,
9158,9158.T,CUC Inc.,ok,803,2026-10-05,
9159,9159.T,W TOKYO Inc.,ok,797,2026-10-05,
9160,9160.T,"ON THE PAGE,Inc.",ok,796,2026-10-05,
9162,9162.T,"Bleach,Inc.",ok,793,2026-10-05,
9163,9163.T,Nareru Group Inc.,ok,782,2026-10-05,
9165,9165.T,"Qualtec Co.,Ltd.",ok,777,2026-10-05,
9166,9166.T,GENDA Inc.,ok,777,2026-10-05,
9168,9168.T,"Rise Consulting Group,Inc.",ok,746,2026-10-05,
9171,9171.T,"Kuribayashi Steamship Co.,Ltd.",ok,2461,2026-10-05,
9173,9173.T,"Tokai Kisen Co.,Ltd.",ok,2461,2026-10-05,
9193,9193.T,"Tokyo Kisen Co.,Ltd.",ok,2461,2026-10-05,
9201,9201.T,"Japan Airlines Co.,Ltd.",ok,2461,2026-10-05,
92015,92015.T,"Series 1 Bond-Type Class Shares of Japan Airlines Co.,Ltd.",ok,83,2026-10-05,
9202,9202.T,ANA HOLDINGS INC.,ok,2461,2026-10-05,
92025,92025.T,Series 1 Bond-Type Class Shares of ANA HOLDINGS INC.,ok,194,2026-10-06,
9204,9204.T,Skymark Airlines Inc.,ok,2461,2026-10-05,
9206,9206.T,Star Flyer Inc.,ok,2461,2026-10-05,
9211,9211.T,f-code Inc.,ok,1165,2026-10-05,
9212,9212.T,"Green Earth Institute Co.,Ltd.",ok,1166,2026-10-05,
9213,9213.T,SEYFERT LTD.,ok,1139,2026-10-05,
9214,9214.T,"Recovery International Co.,Ltd.",ok,1140,2026-10-05,
9215,9215.T,"CaSy Co.,Ltd.",ok,1128,2026-10-05,
9216,9216.T,"Bewith,Inc.",ok,1123,2026-10-05,
9218,9218.T,"Mental Health Technologies Co.,Ltd.",ok,1106,2026-10-05,
9219,9219.T,GiXo Ltd.,ok,1104,2026-10-05,
9220,9220.T,"FB CARE SERVICE CO.,LTD.",ok,1098,2026-10-05,
9221,9221.T,FULUHASHI EPO CORPORATION,ok,1088,2026-10-05,
9225,9225.T,Bridge Consulting Group Inc.,ok,1065,2026-10-05,
9227,9227.T,"Microwave Chemical Co.,Ltd.",ok,1046,2026-10-05,
9229,9229.T,"SUNWELS Co.,Ltd.",ok,1045,2026-10-05,
9233,9233.T,"Asia Air Survey Co.,Ltd.",ok,2461,2026-10-05,
9235,9235.T,"Ureru Net Advertising Group Co.,Ltd.",ok,719,2026-10-05,
9236,9236.T,Japan M&A Solution Incorporated,ok,718,2026-10-05,
9237,9237.T,"Emimen Co.,Ltd.",ok,716,2026-10-05,
9238,9238.T,"VALUE CREATION CO.,LTD.",ok,698,2026-10-05,
9240,9240.T,Delivery Consulting Inc.,ok,1267,2026-10-05,
9241,9241.T,"Future Link Network Co.,Ltd.",ok,1252,2026-10-05,
9242,9242.T,"Media Research Institute,Inc.",ok,1243,2026-10-05,
9244,9244.T,DIGITALIFT Inc.,ok,1227,2026-10-05,
9245,9245.T,Livero Inc.,ok,1227,2026-10-05,
9246,9246.T,"ProjectHoldings,Inc.",ok,1226,2026-10-05,
9247,9247.T,TRE HOLDINGS CORPORATION,ok,1224,2026-10-05,
9248,9248.T,"People, Dreams & Technologies Group Co.,Ltd.",ok,1224,2026-10-05,
9249,9249.T,"Japan Ecosystem Co.,Ltd.",ok,1219,2026-10-05,
9250,9250.T,GRCS Inc.,ok,1191,2026-10-05,
9251,9251.T,"AB&Company Co.,Ltd.",ok,1190,2026-10-05,
9252,9252.T,"Last One Mile Co.,Ltd.",ok,1188,2026-10-05,
9253,9253.T,Slogan Inc.,ok,1187,2026-10-05,
9254,9254.T,"Lovable Marketing Group,inc.",ok,1168,2026-10-05,
9256,9256.T,"Succeed co.,ltd.",ok,1168,2026-10-05,
9257,9257.T,YCP Holdings (Global) Limited,ok,1169,2026-10-05,
9258,9258.T,"CS-C.Co.,Ltd.",ok,1166,2026-10-05,
9259,9259.T,"TAKAYOSHI Holdings,INC.",ok,1166,2026-10-05,
9262,9262.T,"SILVER LIFE CO.,LTD.",ok,2198,2026-10-05,
9264,9264.T,"Puequ CO.,LTD.",ok,2173,2026-10-05,
9265,9265.T,"YAMASHITA HEALTH CARE HOLDINGS,INC.",ok,2171,2026-10-05,
9267,9267.T,"Genky DrugStores Co.,Ltd.",ok,2461,2026-10-05,
9268,9268.T,OPTIMUS GROUP COMPANY LIMITED,ok,2154,2026-10-05,
9270,9270.T,Valuence Holdings Inc.,ok,2092,2026-10-05,
9271,9271.T,"Wagokoro co.,ltd.",ok,2086,2026-10-05,
9272,9272.T,"Boutiques,Inc.",ok,2083,2026-10-05,
9273,9273.T,"KOA SHOJI HOLDINGS CO.,LTD.",ok,2027,2026-10-05,
9274,9274.T,"KPP GROUP HOLDINGS CO.,LTD.",ok,2023,2026-10-05,
9278,9278.T,BOOKOFF GROUP HOLDINGS LIMITED,ok,1955,2026-10-05,
9279,9279.T,GIFT HOLDINGS INC.,ok,1941,2026-10-05,
9301,9301.T,Mitsubishi Logistics Corporation,ok,2461,2026-10-05,
9302,9302.T,"MITSUI-SOKO HOLDINGS Co.,Ltd.",ok,2461,2026-10-05,
9303,9303.T,"The Sumitomo Warehouse Co.,Ltd.",ok,2461,2026-10-05,
9304,9304.T,Shibusawa Logistics Corporation,ok,2461,2026-10-05,
9305,9305.T,Yamatane Corporation,ok,2461,2026-10-05,
9306,9306.T,"Toyo Logistics Co.,Ltd.",ok,2461,2026-10-05,
9307,9307.T,"Sugimura Warehouse Co.,Ltd.",ok,2461,2026-10-05,
9308,9308.T,"Inui Global Logistics Co.,Ltd.",ok,2461,2026-10-05,
9310,9310.T,Japan Transcity Corporation,ok,2461,2026-10-05,
9311,9311.T,ASAGAMI CORPORATION,ok,2461,2026-10-05,
9312,9312.T,"THE KEIHIN CO.,LTD.",ok,2461,2026-10-05,
9313,9313.T,Maruhachi Warehouse Company Limited,ok,2461,2026-10-05,
9319,9319.T,"Chuo Warehouse Co.,Ltd.",ok,2461,2026-10-05,
9322,9322.T,"KAWANISHI WAREHOUSE CO.,LTD.",ok,2461,2026-10-05,
9324,9324.T,Yasuda Logistics Corporation,ok,2461,2026-10-05,
9325,9325.T,PHYZ Holdings Inc.,ok,2353,2026-10-05,
9326,9326.T,"KANTSU HD CO.,LTD.",ok,1598,2026-10-05,
9327,9327.T,"e-LogiT co.,ltd.",ok,1350,2026-10-05,
9330,9330.T,AGEHA Inc.,ok,740,2026-10-05,
9331,9331.T,Caster Co.Ltd.,ok,730,2026-10-05,
9332,9332.T,"NISSO HOLDINGS Co.,Ltd.",ok,2096,2026-10-05,
9336,9336.T,"Daiei Kankyo Co.,Ltd.",ok,930,2026-10-05,
9337,9337.T,toridori Inc.,ok,927,2026-10-05,
9339,9339.T,"COACH A Co.,Ltd.",ok,924,2026-10-05,
9340,9340.T,"ASO INTERNATIONAL,INC.",ok,923,2026-10-05,
9341,9341.T,"GENOVA,Inc.",ok,923,2026-10-05,
9342,9342.T,Sumasapo Inc.,ok,918,2026-10-05,
9343,9343.T,ibis inc.,ok,863,2026-10-05,
9344,9344.T,Axis Consulting Corporation,ok,861,2026-10-05,
9345,9345.T,"Bizmates,Inc.",ok,859,2026-10-05,
9346,9346.T,"Cocorport,Inc.",ok,858,2026-10-05,
9347,9347.T,"NIPPON KANZAI Holdings Co.,Ltd.",ok,2461,2026-10-05,
9348,9348.T,"ispace,inc.",ok,849,2026-10-05,
9351,9351.T,"TOYO WHARF & WAREHOUSE CO.,LTD.",ok,2461,2026-10-05,
9353,9353.T,"SAKURAJIMA FUTO KAISHA,LTD.",ok,2461,2026-10-05,
9355,9355.T,RINKO CORPORATION,ok,2461,2026-10-05,
9360,9360.T,SUZUYO SHINWART CORPORATION,ok,2461,2026-10-05,
9361,9361.T,"FUSHIKI KAIRIKU UNSO CO.,LTD.",ok,2461,2026-10-05,
9362,9362.T,"HYOKI KAIUN KAISHA,LTD.",ok,2461,2026-10-05,
9363,9363.T,"DAIUN CO.,LTD.",ok,2461,2026-10-05,
9364,9364.T,"Kamigumi Co.,Ltd.",ok,2461,2026-10-05,
9365,9365.T,TRADIA CORPORATION,ok,2461,2026-10-05,
9366,9366.T,SANRITSU CORPORATION,ok,2461,2026-10-05,
9367,9367.T,"DAITO KOUN CO.,LTD.",ok,2461,2026-10-05,
9368,9368.T,"KIMURA UNITY CO.,LTD.",ok,2461,2026-10-05,
9369,9369.T,K.R.S.Corporation,ok,2461,2026-10-05,
9376,9376.T,"EURASIA TRAVEL Co.,Ltd.",ok,2461,2026-10-05,
9380,9380.T,"Azuma Shipping Co.,Ltd.",ok,2461,2026-10-05,
9381,9381.T,AIT CORPORATION,ok,2461,2026-10-05,
9385,9385.T,SHOEI CORPORATION,ok,2461,2026-10-05,
9399,9399.T,Beat Holdings Limited,ok,2461,2026-10-05,
9401,9401.T,"TBS HOLDINGS,INC.",ok,2461,2026-10-05,
9404,9404.T,"Nippon Television Holdings,Inc.",ok,2461,2026-10-05,
9405,9405.T,ASAHI BROADCASTING GROUP HOLDINGS CORPORATION,ok,2461,2026-10-05,
9408,9408.T,"BSN MEDIA HOLDINGS,INC.",ok,2461,2026-10-05,
9409,9409.T,TV Asahi Holdings Corporation,ok,2461,2026-10-05,
9412,9412.T,SKY Perfect JSAT Corporation,ok,2461,2026-10-05,
9413,9413.T,TV TOKYO Holdings Corporation,ok,2461,2026-10-05,
9414,9414.T,Nippon BS Broadcasting Corporation,ok,2461,2026-10-05,
9416,9416.T,VISION INC.,ok,2461,2026-10-05,
9417,9417.T,"Smartvalue Co.,Ltd.",ok,2461,2026-10-05,
9418,9418.T,"U-NEXT HOLDINGS Co.,Ltd.",ok,2461,2026-10-05,
9419,9419.T,"WirelessGate,Inc.",ok,2461,2026-10-05,
9421,9421.T,NJ Holdings Inc.,ok,2461,2026-10-05,
9423,9423.T,Forval RealStraight Inc.,ok,2461,2026-10-05,
9424,9424.T,Japan Communications Inc.,ok,2461,2026-10-05,
9425,9425.T,ReYuu Japan Inc.,ok,2461,2026-10-05,
9428,9428.T,CROPS CORPORATION,ok,2461,2026-10-05,
9432,9432.T,"NTT,Inc.",ok,2461,2026-10-05,
9433,9433.T,KDDI CORPORATION,ok,2461,2026-10-05,
9434,9434.T,SoftBank Corp.,ok,1898,2026-10-05,
94345,94345.T,Series 1 Bond-Type Class Shares of SoftBank Corp.,ok,710,2026-10-05,
94346,94346.T,Series 2 Bond-Type Class Shares of SoftBank Corp,ok,485,2026-10-05,
9435,9435.T,"HIKARI TSUSHIN,INC.",ok,2461,2026-10-05,
9436,9436.T,OKINAWA CELLULAR TELEPHONE COMPANY,ok,2461,2026-10-05,
9438,9438.T,MTI Ltd.,ok,2461,2026-10-05,
9439,9439.T,M・H・GROUP LTD.,ok,2461,2026-10-05,
9441,9441.T,"Bell-Park Co.,Ltd.",ok,2461,2026-10-05,
9444,9444.T,"TOSHIN HOLDINGS CO.,LTD",ok,2461,2026-10-05,
9445,9445.T,"FORVAL TELECOM,INC.",ok,2461,2026-10-05,
9446,9446.T,"SAKAI Holdings CO.,LTD",ok,2461,2026-10-05,
9449,9449.T,"GMO internet group,Inc.",ok,2461,2026-10-05,
9450,9450.T,Fibergate Inc.,ok,2090,2026-10-05,
9466,9466.T,Aidma Marketing Communication Corporation,ok,2461,2026-10-05,
9467,9467.T,"AlphaPolis Co.,Ltd.",ok,2461,2026-10-05,
9468,9468.T,KADOKAWA CORPORATION,ok,2461,2026-10-05,
9470,9470.T,"GAKKEN HOLDINGS CO.,LTD.",ok,2461,2026-10-05,
9474,9474.T,"ZENRIN CO.,LTD.",ok,2461,2026-10-05,
9475,9475.T,"Shobunsha Holdings,Inc.",ok,2461,2026-10-05,
9476,9476.T,"CHUOKEIZAI-SHA HOLDINGS,INC.",ok,2461,2026-10-05,
9478,9478.T,"SE Holdings and Incubations Co.,Ltd.",ok,2461,2026-10-05,
9501,9501.T,"Tokyo Electric Power Company Holdings,Incorporated",ok,2461,2026-10-05,
9502,9502.T,"Chubu Electric Power Company,Incorporated",ok,2461,2026-10-05,
9503,9503.T,"The Kansai Electric Power Company,Incorporated",ok,2461,2026-10-05,
9504,9504.T,"The Chugoku Electric Power Company,Incorporated",ok,2461,2026-10-05,
9505,9505.T,Hokuriku Electric Power Company,ok,2461,2026-10-05,
9506,9506.T,"Tohoku Electric Power Company,Incorporated",ok,2461,2026-10-05,
9507,9507.T,"Shikoku Electric Power Company,Incorporated",ok,2461,2026-10-05,
9509,9509.T,"Hokkaido Electric Power Company,Incorporated",ok,2461,2026-10-05,
9511,9511.T,"The Okinawa Electric Power Company,Incorporated",ok,2461,2026-10-05,
9513,9513.T,"Electric Power Development Co.,Ltd.",ok,2461,2026-10-05,
9514,9514.T,EF-ON INC.,ok,2461,2026-10-05,
9517,9517.T,"eREX Co.,Ltd.",ok,2461,2026-10-05,
9519,9519.T,"RENOVA,Inc.",ok,2367,2026-10-05,
9531,9531.T,"TOKYO GAS CO.,LTD.",ok,2461,2026-10-05,
9532,9532.T,"OSAKA GAS CO.,LTD.",ok,2461,2026-10-05,
9533,9533.T,"TOHO GAS CO.,LTD.",ok,2461,2026-10-05,
9534,9534.T,"HOKKAIDO GAS CO.,LTD.",ok,2461,2026-10-05,
9535,9535.T,"HIROSHIMA GAS CO.,LTD.",ok,2461,2026-10-05,
9536,9536.T,"SAIBU GAS HOLDINGS CO.,LTD.",ok,2461,2026-10-05,
9537,9537.T,"HOKURIKU GAS CO.,LTD.",ok,2461,2026-10-05,
9539,9539.T,"KEIYO GAS CO.,LTD.",ok,2461,2026-10-05,
9543,9543.T,"SHIZUOKA GAS CO.,LTD.",ok,2461,2026-10-05,
9551,9551.T,"METAWATER Co.,Ltd.",ok,2461,2026-10-05,
9552,9552.T,"Quants Research Institute Holdings,Inc.",ok,1044,2026-10-05,
9553,9553.T,"MicroAd,Inc.",ok,1043,2026-10-05,
9554,9554.T,"AViC Co.,Ltd.",ok,1042,2026-10-05,
9556,9556.T,INTLOOP Inc.,ok,1036,2026-10-05,
9557,9557.T,"airCloset,Inc.",ok,1022,2026-10-05,
9558,9558.T,"Japaniace Co.,Ltd.",ok,991,2026-10-05,
9560,9560.T,PROGRIT Inc.,ok,981,2026-10-05,
9561,9561.T,GLAD CUBE Inc.,ok,982,2026-10-05,
9562,9562.T,Business Coach Inc.,ok,967,2026-10-05,
9563,9563.T,Atlas Technologies Corporation,ok,963,2026-10-05,
9564,9564.T,FCE Inc.,ok,962,2026-10-05,
9565,9565.T,GLOE Inc.,ok,939,2026-10-05,
9601,9601.T,"Shochiku Co.,Ltd.",ok,2461,2026-10-05,
9602,9602.T,"TOHO CO.,LTD",ok,2461,2026-10-05,
9603,9603.T,"H.I.S.Co.,Ltd.",ok,2461,2026-10-05,
9605,9605.T,"TOEI COMPANY,LTD.",ok,2461,2026-10-05,
9610,9610.T,WILSON LEARNING WORLDWIDE INC.,ok,2461,2026-10-05,
9612,9612.T,"LUCKLAND CO.,LTD.",ok,2461,2026-10-05,
9616,9616.T,"KYORITSU MAINTENANCE CO.,LTD.",ok,2461,2026-10-05,
9619,9619.T,"ICHINEN HOLDINGS CO.,LTD.",ok,2461,2026-10-05,
9621,9621.T,"CTI Engineering Co.,Ltd.",ok,2461,2026-10-05,
9622,9622.T,"SPACE CO.,LTD.",ok,2461,2026-10-05,
9625,9625.T,"CERESPO CO.,LTD.",ok,2461,2026-10-05,
9627,9627.T,AIN HOLDINGS INC.,ok,2461,2026-10-05,
9628,9628.T,"SAN HOLDINGS,INC.",ok,2461,2026-10-05,
9629,9629.T,PCA CORPORATION,ok,2461,2026-10-05,
9632,9632.T,"Subaru Enterprise Co.,Ltd.",ok,2461,2026-10-05,
9633,9633.T,"TOKYO THEATRES COMPANY,INCORPORATED",ok,2461,2026-10-05,
9635,9635.T,"Musashino Kogyo Co.,Ltd.",ok,2461,2026-10-05,
9636,9636.T,Kin-Ei Corp.,ok,2461,2026-10-05,
9639,9639.T,"SANKYO FRONTIER CO.,LTD.",ok,2461,2026-10-05,
9640,9640.T,"Saison Technology Co.,Ltd.",ok,2461,2026-10-05,
9644,9644.T,"TANABE CONSULTING GROUP CO.,LTD.",ok,2461,2026-10-05,
9647,9647.T,"KYOWA ENGINEERING CONSULTANTS CO.,LTD.",ok,2461,2026-10-05,
9651,9651.T,"Japan Process Development Co.,Ltd.",ok,2461,2026-10-05,
9656,9656.T,GREENLAND RESORT COMPANY LIMITED,ok,2461,2026-10-05,
9658,9658.T,BUSINESS BRAIN SHOWA・OTA INC.,ok,2461,2026-10-05,
9661,9661.T,"Kabuki-Za Co.,Ltd.",ok,2461,2026-10-05,
9663,9663.T,"NAGAWA CO.,Ltd",ok,2461,2026-10-05,
9672,9672.T,"TOKYOTOKEIBA CO.,LTD.",ok,2461,2026-10-05,
9678,9678.T,"KANAMOTO CO.,LTD.",ok,2461,2026-10-05,
9679,9679.T,"HORAI Co.,Ltd.",ok,2461,2026-10-05,
9682,9682.T,DTS CORPORATION,ok,2461,2026-10-05,
9684,9684.T,"SQUARE ENIX HOLDINGS CO.,LTD.",ok,2461,2026-10-05,
9685,9685.T,"KYCOM HOLDINGS CO.,LTD.",ok,2461,2026-10-05,
9686,9686.T,"TOYO TEC CO.,LTD.",ok,2461,2026-10-05,
9687,9687.T,"KSK CO.,LTD",ok,2461,2026-10-05,
9691,9691.T,"RYOMO SYSTEMS CO.,LTD.",ok,2461,2026-10-05,
9692,9692.T,COMPUTER ENGINEERING & CONSULTING LTD.,ok,2461,2026-10-05,
9697,9697.T,"CAPCOM CO.,LTD.",ok,2461,2026-10-05,
9698,9698.T,"CREO CO.,LTD.",ok,2461,2026-10-05,
9699,9699.T,"NISHIO HOLDINGS CO.,LTD.",ok,2461,2026-10-05,
9701,9701.T,"Tokyo Kaikan Co.,Ltd.",ok,2461,2026-10-05,
9702,9702.T,ISB CORPORATION,ok,2461,2026-10-05,
9704,9704.T,"Agora Hospitality Group Co.,Ltd.",ok,2461,2026-10-05,
9706,9706.T,"Japan Airport Terminal Co.,ltd.",ok,2461,2026-10-05,
9708,9708.T,"Imperial Hotel,Ltd.",ok,2461,2026-10-05,
9709,9709.T,"NCS&A CO.,LTD.",ok,2461,2026-10-05,
9713,9713.T,"THE ROYAL HOTEL,LIMITED",ok,2461,2026-10-05,
9715,9715.T,transcosmos inc.,ok,2461,2026-10-05,
9716,9716.T,"NOMURA Co.,Ltd.",ok,2461,2026-10-05,
9720,9720.T,"HOTEL NEWGRAND CO.,LTD.",ok,2461,2026-10-05,
9722,9722.T,FUJITA KANKO INC.,ok,2461,2026-10-05,
9723,9723.T,"THE KYOTO HOTEL,LTD.",ok,2461,2026-10-05,
9726,9726.T,"KNT-CT Holdings Co.,Ltd.",ok,2461,2026-10-05,
9729,9729.T,TOKAI Corp.,ok,2461,2026-10-05,
9731,9731.T,"Hakuyosha Company,Ltd.",ok,2461,2026-10-05,
9733,9733.T,Nagase Brothers Inc.,ok,2461,2026-10-05,
9735,9735.T,"SECOM CO.,LTD.",ok,2461,2026-10-05,
9739,9739.T,NSW Inc.,ok,2461,2026-10-05,
9740,9740.T,"CENTRAL SECURITY PATROLS CO.,LTD.",ok,2461,2026-10-05,
9742,9742.T,INES Corporation,ok,2461,2026-10-05,
9743,9743.T,"TANSEISHA CO.,LTD.",ok,2461,2026-10-05,
9744,9744.T,MEITEC Group Holdings Inc.,ok,2461,2026-10-05,
9746,9746.T,TKC Corporation,ok,2461,2026-10-05,
9753,9753.T,IX Knowledge Incorporated,ok,2461,2026-10-05,
9755,9755.T,OYO Corporation,ok,2461,2026-10-05,
9757,9757.T,Funai Soken Holdings Incorporated,ok,2461,2026-10-05,
9759,9759.T,"NSD CO.,LTD.",ok,2461,2026-10-05,
9760,9760.T,"SHINGAKUKAI HOLDINGS CO.,LTD.",ok,2461,2026-10-05,
9761,9761.T,"TOKAI LEASE CO.,LTD.",ok,2461,2026-10-05,
9763,9763.T,"Maruken Lease Co.,Ltd.",ok,2461,2026-10-05,
9765,9765.T,"OHBA CO.,LTD.",ok,2461,2026-10-05,
9766,9766.T,KONAMI GROUP CORPORATION,ok,2461,2026-10-05,
9767,9767.T,"NIKKEN KOGAKU CO.,LTD.",ok,2461,2026-10-05,
9768,9768.T,"IDEA Consultants,Inc.",ok,2461,2026-10-05,
9769,9769.T,"GAKKYUSHA CO.,LTD.",ok,2461,2026-10-05,
9778,9778.T,"SUBARU CO.,LTD.",ok,2461,2026-10-05,
9780,9780.T,HARIMA B.STEM CORPORATION,ok,2461,2026-10-05,
9782,9782.T,DMS INC.,ok,2461,2026-10-05,
9788,9788.T,"NAC CO.,LTD.",ok,2461,2026-10-05,
9790,9790.T,"Fukui Computer Holdings,Inc.",ok,2461,2026-10-05,
9791,9791.T,BIKEN TECHNO CORPORATION,ok,2461,2026-10-05,
9793,9793.T,"Daiseki Co.,Ltd.",ok,2461,2026-10-05,
9795,9795.T,"STEP CO.,LTD.",ok,2461,2026-10-05,
9799,9799.T,"ASAHI INTELLIGENCE SERVICE CO.,LTD.",ok,2461,2026-10-05,
9812,9812.T,"T.O. Holdings CO.,LTD.",ok,2461,2026-10-05,
9816,9816.T,Striders Corporation,ok,2461,2026-10-05,
9818,9818.T,"DAIMARU ENAWIN Co.,Ltd.",ok,2461,2026-10-05,
9820,9820.T,MT GENEX CORPORATION,ok,2461,2026-10-05,
9823,9823.T,Mammy Mart Holdings Corporation,ok,2461,2026-10-05,
9824,9824.T,"SENSHU ELECTRIC CO.,LTD.",ok,2461,2026-10-05,
9827,9827.T,"Lilycolor Co.,Ltd.",ok,2461,2026-10-05,
9828,9828.T,Genki Global Dining Concepts Corporation,ok,2461,2026-10-05,
9830,9830.T,TRUSCO NAKAYAMA CORPORATION,ok,2461,2026-10-05,
9831,9831.T,"YAMADA HOLDINGS CO.,LTD.",ok,2461,2026-10-05,
9832,9832.T,"AUTOBACS SEVEN CO.,LTD.",ok,2461,2026-10-05,
9835,9835.T,"JUNTENDO CO.,LTD.",ok,2461,2026-10-05,
9837,9837.T,"MORITO CO.,LTD.",ok,2461,2026-10-05,
9842,9842.T,ARCLANDS CORPORATION,ok,2461,2026-10-05,
9843,9843.T,"Nitori Holdings Co.,Ltd.",ok,2461,2026-10-05,
9845,9845.T,PARKER CORPORATION,ok,2461,2026-10-05,
9846,9846.T,"TENMAYA STORE CO.,LTD.",ok,2461,2026-10-05,
9849,9849.T,KYODO PAPER HOLDINGS,ok,2461,2026-10-05,
9850,9850.T,"GOURMET KINEYA CO.,LTD.",ok,2461,2026-10-05,
9853,9853.T,"GINZA RENOIR CO.,LTD.",ok,2461,2026-10-05,
9854,9854.T,"AIGAN CO.,LTD.",ok,2461,2026-10-05,
9856,9856.T,"KU HOLDINGS CO.,LTD.",ok,2461,2026-10-05,
9857,9857.T,EIWA CORPORATION,ok,2461,2026-10-05,
9861,9861.T,"YOSHINOYA HOLDINGS CO.,LTD.",ok,2461,2026-10-05,
9867,9867.T,Solekia Limited,ok,2461,2026-10-05,
9869,9869.T,"KATO SANGYO CO.,LTD.",ok,2461,2026-10-05,
9872,9872.T,"KITAKEI CO.,LTD.",ok,2461,2026-10-05,
9876,9876.T,"COX CO.,LTD.",ok,2461,2026-10-05,
9878,9878.T,"SEKIDO CO.,LTD.",ok,2461,2026-10-05,
9880,9880.T,INNOTECH CORPORATION,ok,2461,2026-10-05,
9882,9882.T,YELLOW HAT LTD.,ok,2461,2026-10-05,
9885,9885.T,"CHARLE CO.,LTD.",ok,2461,2026-10-05,
9887,9887.T,"MATSUYA FOODS HOLDINGS CO.,LTD.",ok,2461,2026-10-05,
9888,9888.T,"UEX,LTD.",ok,2461,2026-10-05,
9889,9889.T,JBCC Holdings Inc.,ok,2461,2026-10-05,
9890,9890.T,"MAKIYA CO.,LTD.",ok,2461,2026-10-05,
9895,9895.T,CONSEC CORPORATION,ok,2461,2026-10-05,
9896,9896.T,"JK Holdings Co.,Ltd.",ok,2461,2026-10-05,
9900,9900.T,Sagami Holdings Corporation,ok,2461,2026-10-05,
9902,9902.T,NICHIDEN Corporation,ok,2461,2026-10-05,
9903,9903.T,"KANSEKI CO.,LTD",ok,2461,2026-10-05,
9904,9904.T,"Verite Co.,Ltd.",ok,2461,2026-10-05,
9906,9906.T,Fujii Sangyo Corporation,ok,2461,2026-10-05,
9908,9908.T,"NIHON DENKEI CO.,LTD",ok,2461,2026-10-05,
9913,9913.T,NIPPO LTD.,ok,2461,2026-10-05,
9928,9928.T,"MIROKU JYOHO SERVICE CO.,LTD.",ok,2461,2026-10-05,
9929,9929.T,"HEIWA PAPER CO.,LTD.",ok,2461,2026-10-05,
9930,9930.T,"KITAZAWA SANGYO CO.,LTD.",ok,2461,2026-10-05,
9932,9932.T,"SUGIMOTO & CO.,LTD.",ok,2461,2026-10-05,
9934,9934.T,"INABA DENKISANGYO CO.,LTD.",ok,2461,2026-10-05,
9936,9936.T,OHSHO FOOD SERVICE CORP.,ok,2461,2026-10-05,
9941,9941.T,"TAIYO BUSSAN KAISHA,LTD.",ok,2461,2026-10-05,
9946,9946.T,"MINISTOP CO.,LTD.",ok,2461,2026-10-05,
9948,9948.T,"ARCS COMPANY,LIMITED",ok,2461,2026-10-05,
9950,9950.T,"HACHI-BAN CO.,LTD.",ok,2461,2026-10-05,
9955,9955.T,"THE YONKYU CO.,LTD.",ok,2461,2026-10-05,
9956,9956.T,"VALOR HOLDINGS CO.,LTD.",ok,2461,2026-10-05,
9959,9959.T,"ASEED HOLDINGS CO.,LTD.",ok,2461,2026-10-05,
9960,9960.T,TOTECH CORPORATION,ok,2461,2026-10-05,
9962,9962.T,MISUMI Group Inc.,ok,2461,2026-10-05,
9969,9969.T,"SHOKUBUN CO.,LTD.",ok,2461,2026-10-05,
9972,9972.T,"ALTECH CO.,LTD.",ok,2461,2026-10-05,
9973,9973.T,"KOZO Holdings Co.,Ltd.",ok,2461,2026-10-05,
9974,9974.T,"Belc CO.,LTD.",ok,2461,2026-10-05,
9976,9976.T,"SEKICHU CO.,LTD.",ok,2461,2026-10-05,
9978,9978.T,"BUNKYODO GROUP HOLDINGS CO.,LTD.",ok,2461,2026-10-05,
9979,9979.T,DAISYO CORPORATION,ok,2461,2026-10-05,
9980,9980.T,MRK HOLDINGS INC.,ok,2461,2026-10-05,
9982,9982.T,"Takihyo Co.,Ltd.",ok,2461,2026-10-05,
9983,9983.T,"FAST RETAILING CO.,LTD.",ok,2461,2026-10-05,
9984,9984.T,SoftBank Group Corp.,ok,2461,2026-10-05,
9986,9986.T,"ZAOH COMPANY,LTD.",ok,2461,2026-10-05,
9987,9987.T,"SUZUKEN CO.,LTD.",ok,2461,2026-10-05,
9989,9989.T,"SUNDRUG CO.,LTD.",ok,2461,2026-10-05,
9990,9990.T,SAC'S BAR HOLDINGS INC.,ok,2461,2026-10-05,
9991,9991.T,GECOSS CORPORATION,ok,2461,2026-10-05,
9993,9993.T,"YAMAZAWA CO.,LTD.",ok,2461,2026-10-05,
9994,9994.T,YAMAYA CORPORATION,ok,2461,2026-10-05,
9996,9996.T,"Satoh&Co.,Ltd.",ok,2461,2026-10-05,
9997,9997.T,"BELLUNA CO.,LTD.",ok,2461,2026-10-05,
