code,yahoo,name_en,name_zh,board_lot,category,sub_category,market_cap_100m_hkd
1301,1301.T,"KYOKUYO CO.,LTD.","KYOKUYO CO.,LTD.",,Prime Market (Domestic),"Fishery, Agriculture and Forestry",
130,130.T,Veritas In Silico Inc.,Veritas In Silico Inc.,,Growth Market(Domestic),Pharmaceutical,1094.24
1332,1332.T,Nissui Corporation,Nissui 公司,,Prime Market (Domestic),"Fishery, Agriculture and Forestry",1094.24
1333,1333.T,Umios Corporation,Umios 公司,,Prime Market (Domestic),"Fishery, Agriculture and Forestry",12029.28
135,135.T,"VRAIN Solution,Inc.","VRAIN Solution,Inc.",,Growth Market(Domestic),Information & Communication,1094.24
1375,1375.T,"YUKIGUNI FACTORY CO.,LTD.","YUKIGUNI FACTORY CO.,LTD.",,Prime Market (Domestic),"Fishery, Agriculture and Forestry",
1376,1376.T,"KANEKO SEEDS CO.,LTD.","KANEKO SEEDS CO.,LTD.",,Standard Market(Domestic),"Fishery, Agriculture and Forestry",
1377,1377.T,SAKATA SEED CORPORATION,SAKATA SEED 公司,,Prime Market (Domestic),"Fishery, Agriculture and Forestry",
1379,1379.T,HOKUTO CORPORATION,HOKUTO 公司,,Prime Market (Domestic),"Fishery, Agriculture and Forestry",
137,137.T,"Cocolive,Inc.","Cocolive,Inc.",,Growth Market(Domestic),Information & Communication,1094.24
1380,1380.T,"AKIKAWA FOODS & FARMS CO.,LTD.","AKIKAWA 食品 & FARMS CO.,LTD.",,Standard Market(Domestic),"Fishery, Agriculture and Forestry",
1381,1381.T,"AXYZ CO.,Ltd.","AXYZ CO.,Ltd.",,Standard Market(Domestic),"Fishery, Agriculture and Forestry",
1382,1382.T,"HOB Co.,Ltd.","HOB Co.,Ltd.",,Standard Market(Domestic),"Fishery, Agriculture and Forestry",
1383,1383.T,"Berg Earth co.,ltd.","Berg Earth co.,ltd.",,Standard Market(Domestic),"Fishery, Agriculture and Forestry",
1384,1384.T,"Hokuryo Co.,Ltd.","Hokuryo Co.,Ltd.",,Standard Market(Domestic),"Fishery, Agriculture and Forestry",
138,138.T,"Hikari Food Service Co.,Ltd.","Hikari Food Service Co.,Ltd.",,Growth Market(Domestic),Retail Trade,1094.24
1401,1401.T,"mbs,inc.","mbs,inc.",,Growth Market(Domestic),Construction,
1407,1407.T,West Holdings Corporation,West 控股 公司,,Standard Market(Domestic),Construction,
1414,1414.T,"SHO-BOND Holdings Co.,Ltd.","SHO-BOND 控股 Co.,Ltd.",,Prime Market (Domestic),Construction,
1417,1417.T,MIRAIT ONE Corporation,MIRAIT ONE 公司,,Prime Market (Domestic),Construction,
1418,1418.T,"INTERLIFE HOLDINGS CO.,LTD.","INTERLIFE 控股 CO.,LTD.",,Standard Market(Domestic),Construction,
1419,1419.T,"Tama Home Co.,Ltd.","Tama Home Co.,Ltd.",,Prime Market (Domestic),Construction,
141,141.T,"TRIAL Holdings,Inc.","TRIAL 控股,Inc.",,Growth Market(Domestic),Retail Trade,1094.24
1420,1420.T,Sanyo Homes Corporation,Sanyo Homes 公司,,Standard Market(Domestic),Construction,
1429,1429.T,"Nippon Aqua Co.,Ltd.","Nippon Aqua Co.,Ltd.",,Prime Market (Domestic),Construction,1094.24
142,142.T,"JINJIB Co.,Ltd.","JINJIB Co.,Ltd.",,Growth Market(Domestic),Services,1094.24
1430,1430.T,First-corporation Inc.,First-公司 Inc.,,Standard Market(Domestic),Construction,
1431,1431.T,"Lib Work Co.,Ltd.","Lib Work Co.,Ltd.",,Growth Market(Domestic),Construction,
1433,1433.T,"BESTERRA CO.,LTD","BESTERRA CO.,LTD",,Prime Market (Domestic),Construction,
1434,1434.T,"JESCO Holdings,Inc.","JESCO 控股,Inc.",,Standard Market(Domestic),Construction,
1435,1435.T,robot home Inc.,robot home Inc.,,Standard Market(Domestic),Real Estate,
1436,1436.T,GreenEnergy & Company Inc.,GreenEnergy & Company Inc.,,Growth Market(Domestic),Construction,
1438,1438.T,"Gifu landscape architect Co.,Ltd.","Gifu landscape architect Co.,Ltd.",,Standard Market(Domestic),Construction,
143,143.T,"Ishin Co.,Ltd.","Ishin Co.,Ltd.",,Growth Market(Domestic),Services,1094.24
1443,1443.T,"Giken Holdings Co.,Ltd.","Giken 控股 Co.,Ltd.",,Standard Market(Domestic),Construction,
1444,1444.T,"Nissou Co.,Ltd.","Nissou Co.,Ltd.",,Growth Market(Domestic),Construction,
1446,1446.T,"CANDEAL Co.,Ltd.","CANDEAL Co.,Ltd.",,Standard Market(Domestic),Construction,
1447,1447.T,"SAAF Holdings Co.,Ltd.","SAAF 控股 Co.,Ltd.",,Growth Market(Domestic),Construction,
1450,1450.T,TANAKEN Inc.,TANAKEN Inc.,,Standard Market(Domestic),Construction,
145,145.T,L is B Corp.,L is B Corp.,,Growth Market(Domestic),Information & Communication,1094.24
146,146.T,Columbia Works Inc.,Columbia Works Inc.,,Standard Market(Domestic),Real Estate,1094.24
147,147.T,"SORACOM,INC.","SORACOM,INC.",,Growth Market(Domestic),Information & Communication,1094.24
148,148.T,"HATCH WORK CO.,LTD.","HATCH WORK CO.,LTD.",,Growth Market(Domestic),Information & Communication,1094.24
1491,1491.T,"Chugai Mining Co.,Ltd.","Chugai Mining Co.,Ltd.",,Standard Market(Domestic),Nonferrous Metals,
149,149.T,"Thinca Co.,Ltd.","Thinca Co.,Ltd.",,Growth Market(Domestic),Information & Communication,1094.24
150,150.T,"JSH Co.,Ltd.","JSH Co.,Ltd.",,Growth Market(Domestic),Services,1094.24
1514,1514.T,"Sumiseki Holdings,Inc.","Sumiseki 控股,Inc.",,Standard Market(Domestic),Mining,
1515,1515.T,"Nittetsu Mining Co.,Ltd.","Nittetsu Mining Co.,Ltd.",,Prime Market (Domestic),Mining,1094.24
1518,1518.T,"MITSUI MATSUSHIMA HOLDINGS CO.,LTD.","MITSUI MATSUSHIMA 控股 CO.,LTD.",,Prime Market (Domestic),Other Products,
151,151.T,Dive Group Inc.,Dive 集团 Inc.,,Growth Market(Domestic),Services,1094.24
153,153.T,Caulis Inc.,Caulis Inc.,,Growth Market(Domestic),Information & Communication,1094.24
155,155.T,"Information Strategy and Technology Co.,Ltd.","Information Strategy and 科技 Co.,Ltd.",,Growth Market(Domestic),Information & Communication,1094.24
156,156.T,Material Group Inc.,Material 集团 Inc.,,Growth Market(Domestic),Services,1094.24
157,157.T,Green Monster Inc.,Green Monster Inc.,,Growth Market(Domestic),Services,1094.24
1605,1605.T,INPEX CORPORATION,INPEX 公司,,Prime Market (Domestic),Mining,
160,160.T,"As Partners CO.,LTD.","As Partners CO.,LTD.",,Standard Market(Domestic),Services,1094.24
1662,1662.T,"Japan Petroleum Exploration Co.,Ltd.","Japan Petroleum Exploration Co.,Ltd.",,Prime Market (Domestic),Mining,1094.24
1663,1663.T,K&O Energy Group Inc.,K&O 能源 集团 Inc.,,Prime Market (Domestic),Mining,
166,166.T,TASUKI Holdings Inc.,TASUKI 控股 Inc.,,Prime Market (Domestic),Real Estate,1094.24
167,167.T,"Ryoyo Ryosan Holdings,Inc.","Ryoyo Ryosan 控股,Inc.",,Prime Market (Domestic),Wholesale Trade,1094.24
168,168.T,itamiarts inc.,itamiarts inc.,,Growth Market(Domestic),Other Products,1094.24
1711,1711.T,"SDS HOLDINGS Co.,Ltd.","SDS 控股 Co.,Ltd.",,Standard Market(Domestic),Construction,
1716,1716.T,DAI-ICHI CUTTER KOGYO K.K.,DAI-ICHI CUTTER KOGYO K.K.,,Standard Market(Domestic),Construction,
1717,1717.T,Meiho Facility Works Ltd.,Meiho Facility Works Ltd.,,Standard Market(Domestic),Services,
1718,1718.T,"MIKIKOGYO CO.,LTD.","MIKIKOGYO CO.,LTD.",,Standard Market(Domestic),Construction,
1719,1719.T,HAZAMA ANDO CORPORATION,HAZAMA ANDO 公司,,Prime Market (Domestic),Construction,1094.24
1720,1720.T,"TOKYU CONSTRUCTION CO., LTD.","TOKYU 建设 CO., LTD.",,Prime Market (Domestic),Construction,
1721,1721.T,COMSYS Holdings Corporation,COMSYS 控股 公司,,Prime Market (Domestic),Construction,
1723,1723.T,"NIHON DENGI CO.,LTD.","NIHON DENGI CO.,LTD.",,Standard Market(Domestic),Construction,
1724,1724.T,SYNCLAYER INC.,SYNCLAYER INC.,,Standard Market(Domestic),Construction,
1736,1736.T,OTEC CORPORATION,OTEC 公司,,Standard Market(Domestic),Construction,
173,173.T,Hammock Inc.,Hammock Inc.,,Growth Market(Domestic),Information & Communication,1094.24
1758,1758.T,"Taiyo Kisokogyo Co.,Ltd.","Taiyo Kisokogyo Co.,Ltd.",,Standard Market(Domestic),Construction,
175,175.T,"Will Smart Co.,LTD.","Will Smart Co.,LTD.",,Growth Market(Domestic),Information & Communication,1094.24
1762,1762.T,"TAKAMATSU CONSTRUCTION GROUP CO.,LTD.","TAKAMATSU 建设 集团 CO.,LTD.",,Prime Market (Domestic),Construction,
1764,1764.T,KUDO CORPORATION,KUDO 公司,,Standard Market(Domestic),Construction,
1766,1766.T,TOKEN CORPORATION,TOKEN 公司,,Prime Market (Domestic),Construction,
1768,1768.T,SONEC CORPORATION,SONEC 公司,,Standard Market(Domestic),Construction,
1770,1770.T,"FUJITA ENGINEERING CO.,LTD.","FUJITA 工程 CO.,LTD.",,Standard Market(Domestic),Construction,
1773,1773.T,YTL Corporation Berhad,YTL 公司 Berhad,,Prime Market(Foreign),Construction,
177,177.T,"Kohjin Bio Co.,Ltd.","Kohjin Bio Co.,Ltd.",,Growth Market(Domestic),Chemicals,1094.24
1780,1780.T,YAMAURA CORPORATION,YAMAURA 公司,,Prime Market (Domestic),Construction,
1783,1783.T,"Fantasista Co.,Ltd.","Fantasista Co.,Ltd.",,Standard Market(Domestic),Real Estate,
1786,1786.T,Oriental Shiraishi Corporation,Oriental Shiraishi 公司,,Prime Market (Domestic),Construction,
1787,1787.T,"Nakabohtec Corrosion Protecting Co.,Ltd.","Nakabohtec Corrosion Protecting Co.,Ltd.",,Standard Market(Domestic),Construction,
1788,1788.T,SANTO CORPORATION,SANTO 公司,,Standard Market(Domestic),Construction,
1793,1793.T,"OHMOTO GUMI CO.,LTD.","OHMOTO GUMI CO.,LTD.",,Standard Market(Domestic),Construction,
1795,1795.T,MASARU CORPORATION,MASARU 公司,,Standard Market(Domestic),Construction,
1798,1798.T,MORIYA CORPORATION,MORIYA 公司,,Standard Market(Domestic),Construction,
1799,1799.T,DAIICHI KENSETSU CORPORATION,DAIICHI KENSETSU 公司,,Standard Market(Domestic),Construction,
1801,1801.T,TAISEI CORPORATION,TAISEI 公司,,Prime Market (Domestic),Construction,1094.24
1802,1802.T,OBAYASHI CORPORATION,OBAYASHI 公司,,Prime Market (Domestic),Construction,
1803,1803.T,SHIMIZU CORPORATION,SHIMIZU 公司,,Prime Market (Domestic),Construction,520.53
1807,1807.T,"WATANABE SATO CO.,LTD.","WATANABE SATO CO.,LTD.",,Standard Market(Domestic),Construction,
1808,1808.T,HASEKO Corporation,HASEKO 公司,,Prime Market (Domestic),Construction,
1810,1810.T,"MATSUI CONSTRUCTION CO.,LTD.","MATSUI 建设 CO.,LTD.",,Standard Market(Domestic),Construction,
1811,1811.T,THE ZENITAKA CORPORATION,THE ZENITAKA 公司,,Standard Market(Domestic),Construction,
1812,1812.T,KAJIMA CORPORATION,KAJIMA 公司,,Prime Market (Domestic),Construction,
1813,1813.T,Fudo Tetra Corporation,Fudo Tetra 公司,,Prime Market (Domestic),Construction,
1814,1814.T,"DAISUE CONSTRUCTION CO.,LTD.","DAISUE 建设 CO.,LTD.",,Prime Market (Domestic),Construction,
1815,1815.T,TEKKEN CORPORATION,TEKKEN 公司,,Prime Market (Domestic),Construction,
1820,1820.T,"Nishimatsu Construction Co.,Ltd.","Nishimatsu 建设 Co.,Ltd.",,Prime Market (Domestic),Construction,1094.24
1822,1822.T,DAIHO CORPORATION,DAIHO 公司,,Standard Market(Domestic),Construction,
1826,1826.T,"Sata Construction Co.,Ltd.","Sata 建设 Co.,Ltd.",,Standard Market(Domestic),Construction,
1827,1827.T,NAKANO CORPORATION,NAKANO 公司,,Standard Market(Domestic),Construction,
1828,1828.T,TANABE ENGINEERING CORPORATION,TANABE 工程 公司,,Standard Market(Domestic),Construction,
1833,1833.T,OKUMURA CORPORATION,OKUMURA 公司,,Prime Market (Domestic),Construction,
1835,1835.T,"TOTETSU KOGYO CO.,LTD.","TOTETSU KOGYO CO.,LTD.",,Prime Market (Domestic),Construction,
1840,1840.T,"TSUCHIYA HOLDINGS CO.,LTD.","TSUCHIYA 控股 CO.,LTD.",,Standard Market(Domestic),Construction,
1844,1844.T,"OHMORI CO.,LTD.","OHMORI CO.,LTD.",,Standard Market(Domestic),Construction,
1847,1847.T,"ICHIKEN Co.,Ltd.","ICHIKEN Co.,Ltd.",,Standard Market(Domestic),Construction,
1848,1848.T,FUJI P.S CORPORATION,FUJI P.S 公司,,Standard Market(Domestic),Construction,
184,184.T,"Manabi-aid Co.,Ltd.","Manabi-aid Co.,Ltd.",,Growth Market(Domestic),Information & Communication,1094.24
1850,1850.T,"Nankai Tatsumura Construction Co.,Ltd.","Nankai Tatsumura 建设 Co.,Ltd.",,Standard Market(Domestic),Construction,
1852,1852.T,ASANUMA CORPORATION,ASANUMA 公司,,Prime Market (Domestic),Construction,
1853,1853.T,"Mori-Gumi Co.,Ltd.","Mori-Gumi Co.,Ltd.",,Standard Market(Domestic),Construction,
1860,1860.T,TODA CORPORATION,TODA 公司,,Prime Market (Domestic),Construction,1094.24
1861,1861.T,"Kumagai Gumi Co.,Ltd.","Kumagai Gumi Co.,Ltd.",,Prime Market (Domestic),Construction,
1866,1866.T,KITANO CONSTRUCTION CORP.,KITANO 建设 CORP.,,Standard Market(Domestic),Construction,
1867,1867.T,UEKI CORPORATION,UEKI 公司,,Standard Market(Domestic),Construction,
186,186.T,Astroscale Holdings Inc.,Astroscale 控股 Inc.,,Growth Market(Domestic),Services,1094.24
1870,1870.T,"YAHAGI CONSTRUCTION CO.,LTD.","YAHAGI 建设 CO.,LTD.",,Prime Market (Domestic),Construction,
1871,1871.T,"PS Construction Co.,Ltd.","PS 建设 Co.,Ltd.",,Prime Market (Domestic),Construction,1094.24
1873,1873.T,"NIHON HOUSE HOLDINGS CO.,LTD.","NIHON HOUSE 控股 CO.,LTD.",,Prime Market (Domestic),Construction,
1878,1878.T,"DAITO TRUST CONSTRUCTION CO.,LTD.","DAITO TRUST 建设 CO.,LTD.",,Prime Market (Domestic),Real Estate,
1879,1879.T,SHINNIHON CORPORATION,SHINNIHON 公司,,Prime Market (Domestic),Construction,
1882,1882.T,TOA ROAD CORPORATION,TOA ROAD 公司,,Prime Market (Domestic),Construction,
1885,1885.T,TOA CORPORATION,TOA 公司,,Prime Market (Domestic),Construction,
1887,1887.T,JDC CORPORATION,JDC 公司,,Prime Market (Domestic),Construction,
1888,1888.T,"WAKACHIKU CONSTRUCTION CO.,LTD.","WAKACHIKU 建设 CO.,LTD.",,Prime Market (Domestic),Construction,
1893,1893.T,"PENTA-OCEAN CONSTRUCTION CO.,LTD.","PENTA-OCEAN 建设 CO.,LTD.",,Prime Market (Domestic),Construction,
1897,1897.T,"The Kaneshita Construction Co.,Ltd.","The Kaneshita 建设 Co.,Ltd.",,Standard Market(Domestic),Construction,
1898,1898.T,"SEIKITOKYU KOGYO CO.,LTD.","SEIKITOKYU KOGYO CO.,LTD.",,Prime Market (Domestic),Construction,
1899,1899.T,FUKUDA CORPORATION,FUKUDA 公司,,Prime Market (Domestic),Construction,
189,189.T,"D&M COMPANY CO.,LTD","D&M COMPANY CO.,LTD",,Growth Market(Domestic),Services,1094.24
1904,1904.T,"TAISEI ONCHO CO.,LTD.","TAISEI ONCHO CO.,LTD.",,Standard Market(Domestic),Construction,
1905,1905.T,TENOX CORPORATION,TENOX 公司,,Standard Market(Domestic),Construction,
190,190.T,Chordia Therapeutics Inc.,Chordia Therapeutics Inc.,,Growth Market(Domestic),Pharmaceutical,1094.24
1911,1911.T,"Sumitomo Forestry Co.,Ltd.","Sumitomo Forestry Co.,Ltd.",,Prime Market (Domestic),Construction,1094.24
1914,1914.T,"JAPAN FOUNDATION ENGINEERING CO.,LTD.","JAPAN FOUNDATION 工程 CO.,LTD.",,Standard Market(Domestic),Construction,
1921,1921.T,TOMOE CORPORATION,TOMOE 公司,,Standard Market(Domestic),Construction,
1925,1925.T,"DAIWA HOUSE INDUSTRY CO.,LTD.","DAIWA HOUSE INDUSTRY CO.,LTD.",,Prime Market (Domestic),Construction,1094.24
1926,1926.T,"RAITO KOGYO CO.,LTD.","RAITO KOGYO CO.,LTD.",,Prime Market (Domestic),Construction,
1928,1928.T,"Sekisui House,Ltd.","Sekisui House,Ltd.",,Prime Market (Domestic),Construction,
1929,1929.T,"NITTOC CONSTRUCTION CO.,LTD.","NITTOC 建设 CO.,LTD.",,Prime Market (Domestic),Construction,
192,192.T,Integroup Inc.,Integroup Inc.,,Growth Market(Domestic),Services,1094.24
1930,1930.T,"HOKURIKU ELECTRICAL CONSTRUCTION CO.,LTD.","HOKURIKU ELECTRICAL 建设 CO.,LTD.",,Prime Market (Domestic),Construction,
1934,1934.T,YURTEC CORPORATION,YURTEC 公司,,Prime Market (Domestic),Construction,
1938,1938.T,"NIPPON RIETEC CO.,LTD.","NIPPON RIETEC CO.,LTD.",,Prime Market (Domestic),Construction,
1939,1939.T,YONDENKO CORPORATION,YONDENKO 公司,,Prime Market (Domestic),Construction,
1941,1941.T,CHUDENKO CORPORATION,CHUDENKO 公司,,Prime Market (Domestic),Construction,
1942,1942.T,"KANDENKO CO.,LTD.","KANDENKO CO.,LTD.",,Prime Market (Domestic),Construction,
1944,1944.T,KINDEN CORPORATION,KINDEN 公司,,Prime Market (Domestic),Construction,
1945,1945.T,TOKYO ENERGY & SYSTEMS INC.,TOKYO 能源 & 系统 INC.,,Prime Market (Domestic),Construction,
1946,1946.T,TOENEC CORPORATION,TOENEC 公司,,Prime Market (Domestic),Construction,
194,194.T,"WOLVES HAND Co.,Ltd.","WOLVES HAND Co.,Ltd.",,Growth Market(Domestic),Services,1094.24
1950,1950.T,"NIPPON DENSETSU KOGYO CO.,LTD.","NIPPON DENSETSU KOGYO CO.,LTD.",,Prime Market (Domestic),Construction,
1951,1951.T,"EXEO Group,Inc.","EXEO 集团,Inc.",,Prime Market (Domestic),Construction,
1952,1952.T,"Shin Nippon Air Technologies Co.,Ltd.","Shin Nippon Air 科技 Co.,Ltd.",,Prime Market (Domestic),Construction,
1959,1959.T,KRAFTIA CORPORATION,KRAFTIA 公司,,Prime Market (Domestic),Construction,
195,195.T,MUSCAT GROUP Inc.,MUSCAT 集团 Inc.,,Growth Market(Domestic),Services,1094.24
1960,1960.T,Sanyo Engineering & Construction Inc.,Sanyo 工程 & 建设 Inc.,,Standard Market(Domestic),Construction,
1961,1961.T,"SANKI ENGINEERING CO.,LTD.","SANKI 工程 CO.,LTD.",,Prime Market (Domestic),Construction,
1963,1963.T,JGC HOLDINGS CORPORATION,JGC 控股 公司,,Prime Market (Domestic),Construction,
1964,1964.T,"Chugai Ro Co.,Ltd.","Chugai Ro Co.,Ltd.",,Prime Market (Domestic),Construction,
1965,1965.T,TECHNO RYOWA LTD.,TECHNO RYOWA LTD.,,Standard Market(Domestic),Construction,
1966,1966.T,TAKADA CORPORATION,TAKADA 公司,,Standard Market(Domestic),Construction,
1967,1967.T,YAMATO CORPORATION,YAMATO 公司,,Standard Market(Domestic),Construction,
1968,1968.T,"TAIHEI DENGYO KAISHA,LTD.","TAIHEI DENGYO KAISHA,LTD.",,Prime Market (Domestic),Construction,
1969,1969.T,"Takasago Thermal Engineering Co.,Ltd.","Takasago Thermal 工程 Co.,Ltd.",,Prime Market (Domestic),Construction,1094.24
196,196.T,"MFS,Inc.","MFS,Inc.",,Growth Market(Domestic),Other Financing Business,1094.24
1972,1972.T,"SANKO METAL INDUSTRIAL CO.,LTD.","SANKO METAL 工业 CO.,LTD.",,Standard Market(Domestic),Construction,
1975,1975.T,"ASAHI KOGYOSHA CO.,LTD.","ASAHI KOGYOSHA CO.,LTD.",,Prime Market (Domestic),Construction,
1976,1976.T,"MEISEI INDUSTRIAL Co.,Ltd.","MEISEI 工业 Co.,Ltd.",,Prime Market (Domestic),Construction,
1979,1979.T,Taikisha Ltd.,Taikisha Ltd.,,Prime Market (Domestic),Construction,
197,197.T,"TAUNS Laboratories,Inc.","TAUNS Laboratories,Inc.",,Standard Market(Domestic),Pharmaceutical,1094.24
1980,1980.T,"DAI-DAN CO.,LTD.","DAI-DAN CO.,LTD.",,Prime Market (Domestic),Construction,
1981,1981.T,"KYOWANISSEI CO.,LTD.","KYOWANISSEI CO.,LTD.",,Standard Market(Domestic),Construction,
1982,1982.T,"Hibiya Engineering,Ltd.","Hibiya 工程,Ltd.",,Prime Market (Domestic),Construction,
198,198.T,PostPrime Inc.,PostPrime Inc.,,Growth Market(Domestic),Information & Communication,1094.24
1992,1992.T,"KANDA TSUSHINKI CO.,LTD.","KANDA TSUSHINKI CO.,LTD.",,Standard Market(Domestic),Construction,
1994,1994.T,TAKAHASHI CURTAIN WALL CORPORATION,TAKAHASHI CURTAIN WALL 公司,,Standard Market(Domestic),Construction,
1997,1997.T,"AKATSUKI EAZIMA CO.,LTD.","AKATSUKI EAZIMA CO.,LTD.",,Standard Market(Domestic),Construction,
2001,2001.T,NIPPN CORPORATION,NIPPN 公司,,Prime Market (Domestic),Foods,
2002,2002.T,NISSHIN SEIFUN GROUP INC.,NISSHIN SEIFUN 集团 INC.,,Prime Market (Domestic),Foods,
2003,2003.T,"NITTO FUJI FLOUR MILLING CO.,LTD.","NITTO FUJI FLOUR MILLING CO.,LTD.",,Standard Market(Domestic),Foods,
2004,2004.T,"Showa Sangyo Co.,Ltd.","Showa Sangyo Co.,Ltd.",,Prime Market (Domestic),Foods,
2009,2009.T,"THE TORIGOE CO.,LTD.","THE TORIGOE CO.,LTD.",,Standard Market(Domestic),Foods,
2053,2053.T,"CHUBU SHIRYO CO.,LTD.","CHUBU SHIRYO CO.,LTD.",,Prime Market (Domestic),Foods,
2055,2055.T,"NICHIWA SANGYO CO.,LTD.","NICHIWA SANGYO CO.,LTD.",,Standard Market(Domestic),Foods,
205,205.T,LOGOS HOLDINGS INC.,LOGOS 控股 INC.,,Growth Market(Domestic),Construction,1094.24
2060,2060.T,"FEED ONE CO.,LTD.","FEED ONE CO.,LTD.",,Prime Market (Domestic),Foods,
206,206.T,"PRISM BioLab Co.,LTD","PRISM BioLab Co.,LTD",,Growth Market(Domestic),Pharmaceutical,1094.24
208,208.T,KOZO KEIKAKU ENGINEERING HOLDINGS Inc.,KOZO KEIKAKU 工程 控股 Inc.,,Standard Market(Domestic),Information & Communication,1094.24
2108,2108.T,"Nippon Beet Sugar Manufacturing Co.,Ltd.","Nippon Beet Sugar Manufacturing Co.,Ltd.",,Prime Market (Domestic),Foods,
2109,2109.T,"Mitsui DM Sugar Co.,Ltd.","Mitsui DM Sugar Co.,Ltd.",,Prime Market (Domestic),Foods,
2112,2112.T,"Ensuiko Sugar Refining Co.,Ltd.","Ensuiko Sugar Refining Co.,Ltd.",,Standard Market(Domestic),Foods,
2114,2114.T,Fuji Nihon Corporation,Fuji Nihon 公司,,Standard Market(Domestic),Foods,
2117,2117.T,"WELLNEO SUGAR Co.,Ltd.","WELLNEO SUGAR Co.,Ltd.",,Prime Market (Domestic),Foods,
211,211.T,Cados Corporation,Cados 公司,,Standard Market(Domestic),Construction,1094.24
2120,2120.T,"LIFULL Co.,Ltd.","LIFULL Co.,Ltd.",,Prime Market (Domestic),Services,1094.24
2121,2121.T,"MIXI,Inc.","MIXI,Inc.",,Prime Market (Domestic),Information & Communication,
2122,2122.T,"Interspace Co.,Ltd.","Interspace Co.,Ltd.",,Standard Market(Domestic),Services,
2124,2124.T,"JAC Recruitment Co.,Ltd.","JAC Recruitment Co.,Ltd.",,Prime Market (Domestic),Services,
2127,2127.T,Nihon M&A Center Holdings Inc.,Nihon M&A Center 控股 Inc.,,Prime Market (Domestic),Services,1094.24
212,212.T,FIT EASY Inc.,FIT EASY Inc.,,Prime Market (Domestic),Services,1094.24
2130,2130.T,"Members Co.,Ltd.","Members Co.,Ltd.",,Prime Market (Domestic),Services,
2134,2134.T,"Kitahama Capital Partners Co.,Ltd.","Kitahama Capital Partners Co.,Ltd.",,Standard Market(Domestic),Services,
2136,2136.T,HIP CORPORATION,HIP 公司,,Standard Market(Domestic),Services,
2138,2138.T,"CROOZ,Inc.","CROOZ,Inc.",,Standard Market(Domestic),Information & Communication,
2139,2139.T,"CHUCO CO.,LTD.","CHUCO CO.,LTD.",,Standard Market(Domestic),Services,
2146,2146.T,"UT Group Co.,Ltd.","UT 集团 Co.,Ltd.",,Prime Market (Domestic),Services,
2148,2148.T,ITmedia Inc.,ITmedia Inc.,,Prime Market (Domestic),Services,
2152,2152.T,Youji Corporation,Youji 公司,,Standard Market(Domestic),Services,
2153,2153.T,E・J Holdings Inc.,E・J 控股 Inc.,,Prime Market (Domestic),Services,
2154,2154.T,Open Up Group Inc.,Open Up 集团 Inc.,,Prime Market (Domestic),Services,1094.24
2156,2156.T,SAYLOR ADVERTISING INC.,SAYLOR ADVERTISING INC.,,Standard Market(Domestic),Services,
2157,2157.T,"KOSHIDAKA HOLDINGS Co.,LTD.","KOSHIDAKA 控股 Co.,LTD.",,Prime Market (Domestic),Services,
2158,2158.T,"FRONTEO,Inc.","FRONTEO,Inc.",,Growth Market(Domestic),Services,1094.24
215,215.T,"Timee,Inc.","Timee,Inc.",,Growth Market(Domestic),Services,1094.24
2160,2160.T,GNI Group Ltd.,GNI 集团 Ltd.,,Growth Market(Domestic),Pharmaceutical,
2163,2163.T,"ARTNER CO.,LTD.","ARTNER CO.,LTD.",,Prime Market (Domestic),Services,
2164,2164.T,"CHIIKISHINBUNSHA CO.,LTD.","CHIIKISHINBUNSHA CO.,LTD.",,Standard Market(Domestic),Services,
2168,2168.T,Pasona Group Inc.,Pasona 集团 Inc.,,Prime Market (Domestic),Services,
2169,2169.T,"CDS Co.,Ltd.","CDS Co.,Ltd.",,Standard Market(Domestic),Services,
2170,2170.T,Link and Motivation Inc.,Link and Motivation Inc.,,Prime Market (Domestic),Services,1094.24
2173,2173.T,Hakuten Corporation,Hakuten 公司,,Growth Market(Domestic),Services,
2175,2175.T,"SMS CO.,LTD.","SMS CO.,LTD.",,Prime Market (Domestic),Services,
2179,2179.T,"SEIGAKUSHA CO.,LTD.","SEIGAKUSHA CO.,LTD.",,Standard Market(Domestic),Services,
2181,2181.T,"PERSOL HOLDINGS CO.,LTD.","PERSOL 控股 CO.,LTD.",,Prime Market (Domestic),Services,
2183,2183.T,"Linical Co.,Ltd.","Linical Co.,Ltd.",,Standard Market(Domestic),Services,
2185,2185.T,CMC CORPORATION,CMC 公司,,Standard Market(Domestic),Services,
2186,2186.T,Sobal Corporation,Sobal 公司,,Standard Market(Domestic),Services,
218,218.T,"Liberaware Co.,Ltd.","Liberaware Co.,Ltd.",,Growth Market(Domestic),Precision Instruments,1094.24
2193,2193.T,Cookpad Inc.,Cookpad Inc.,,Standard Market(Domestic),Services,
2195,2195.T,"AMITA HOLDINGS CO.,LTD.","AMITA 控股 CO.,LTD.",,Growth Market(Domestic),Services,
2198,2198.T,IKK Holdings Inc.,IKK 控股 Inc.,,Prime Market (Domestic),Services,
219,219.T,Heartseed Inc.,Heartseed Inc.,,Growth Market(Domestic),Pharmaceutical,1094.24
2201,2201.T,"Morinaga & Co.,Ltd.","Morinaga & Co.,Ltd.",,Prime Market (Domestic),Foods,20941.69
2204,2204.T,"NAKAMURAYA CO.,LTD.","NAKAMURAYA CO.,LTD.",,Standard Market(Domestic),Foods,
2206,2206.T,"Ezaki Glico Co.,Ltd.","Ezaki Glico Co.,Ltd.",,Prime Market (Domestic),Foods,
2207,2207.T,"MEITO CO.,LTD.","MEITO CO.,LTD.",,Prime Market (Domestic),Foods,
2208,2208.T,BOURBON CORPORATION,BOURBON 公司,,Standard Market(Domestic),Foods,
2209,2209.T,"IMURAYA GROUP CO.,LTD.","IMURAYA 集团 CO.,LTD.",,Prime Market (Domestic),Foods,
220,220.T,Faber Company Inc.,Faber Company Inc.,,Standard Market(Domestic),Information & Communication,1094.24
2211,2211.T,"Fujiya Co.,Ltd.","Fujiya Co.,Ltd.",,Prime Market (Domestic),Foods,
2212,2212.T,"YAMAZAKI BAKING CO.,LTD.","YAMAZAKI BAKING CO.,LTD.",,Prime Market (Domestic),Foods,
2215,2215.T,"FIRST BAKING CO.,LTD.","FIRST BAKING CO.,LTD.",,Standard Market(Domestic),Foods,
2216,2216.T,Kanro Inc.,Kanro Inc.,,Standard Market(Domestic),Foods,
2217,2217.T,Morozoff Limited,Morozoff Limited,,Prime Market (Domestic),Foods,
2220,2220.T,"KAMEDA SEIKA CO.,LTD.","KAMEDA SEIKA CO.,LTD.",,Prime Market (Domestic),Foods,
2221,2221.T,"IWATSUKA CONFECTIONERY CO.,LTD.","IWATSUKA CONFECTIONERY CO.,LTD.",,Standard Market(Domestic),Foods,
2222,2222.T,"Kotobuki Spirits Co.,Ltd.","Kotobuki Spirits Co.,Ltd.",,Prime Market (Domestic),Foods,
2224,2224.T,"COMO CO.,LTD.","COMO CO.,LTD.",,Standard Market(Domestic),Foods,
2226,2226.T,KOIKE-YA Inc.,KOIKE-YA Inc.,,Standard Market(Domestic),Foods,
2229,2229.T,"CALBEE,Inc.","CALBEE,Inc.",,Prime Market (Domestic),Foods,1094.24
2264,2264.T,"MORINAGA MILK INDUSTRY CO.,LTD.","MORINAGA MILK INDUSTRY CO.,LTD.",,Prime Market (Domestic),Foods,1094.24
2266,2266.T,"ROKKO BUTTER CO.,LTD.","ROKKO BUTTER CO.,LTD.",,Prime Market (Domestic),Foods,
2267,2267.T,"YAKULT HONSHA CO.,LTD.","YAKULT HONSHA CO.,LTD.",,Prime Market (Domestic),Foods,1094.24
2268,2268.T,"B-R 31 ICE CREAM CO.,LTD.","B-R 31 ICE CREAM CO.,LTD.",,Standard Market(Domestic),Foods,1094.24
2269,2269.T,"Meiji Holdings Co.,Ltd.","Meiji 控股 Co.,Ltd.",,Prime Market (Domestic),Foods,
2270,2270.T,"MEGMILK SNOW BRAND Co.,Ltd.","MEGMILK SNOW BRAND Co.,Ltd.",,Prime Market (Domestic),Foods,
2281,2281.T,"Prima Meat Packers,Ltd.","Prima Meat Packers,Ltd.",,Prime Market (Domestic),Foods,
2282,2282.T,NH Foods Ltd.,NH 食品 Ltd.,,Prime Market (Domestic),Foods,1094.24
2286,2286.T,"Hayashikane Sangyo Co.,Ltd.","Hayashikane Sangyo Co.,Ltd.",,Standard Market(Domestic),Foods,
2288,2288.T,"MARUDAI FOOD CO.,LTD.","MARUDAI FOOD CO.,LTD.",,Prime Market (Domestic),Foods,
228,228.T,"OPRO Co.,Ltd.","OPRO Co.,Ltd.",,Growth Market(Domestic),Information & Communication,1094.24
2291,2291.T,"FUKUTOME MEAT PACKERS,LTD.","FUKUTOME MEAT PACKERS,LTD.",,Standard Market(Domestic),Foods,
2292,2292.T,S Foods Inc.,S 食品 Inc.,,Prime Market (Domestic),Foods,1094.24
2293,2293.T,"TAKIZAWA HAM CO.,LTD.","TAKIZAWA HAM CO.,LTD.",,Standard Market(Domestic),Foods,
2294,2294.T,"Kakiyasu Honten Co.,Ltd.","Kakiyasu Honten Co.,Ltd.",,Prime Market (Domestic),Foods,
2296,2296.T,ITOHAM YONEKYU HOLDINGS INC.,ITOHAM YONEKYU 控股 INC.,,Prime Market (Domestic),Foods,
2300,2300.T,"Kyokuto Co.,Ltd.","Kyokuto Co.,Ltd.",,Standard Market(Domestic),Services,1094.24
2301,2301.T,"GAKUJO CO.,Ltd.","GAKUJO CO.,Ltd.",,Prime Market (Domestic),Services,
2303,2303.T,Dawn Corporation,Dawn 公司,,Standard Market(Domestic),Information & Communication,1094.24
2304,2304.T,"CSS HOLDINGS,LTD.","CSS 控股,LTD.",,Standard Market(Domestic),Services,
2305,2305.T,"STUDIO ALICE Co.,Ltd.","STUDIO ALICE Co.,Ltd.",,Standard Market(Domestic),Services,
2307,2307.T,"CROSS CAT CO.,LTD.","CROSS CAT CO.,LTD.",,Prime Market (Domestic),Information & Communication,
2311,2311.T,"EPCO Co.,Ltd.","EPCO Co.,Ltd.",,Standard Market(Domestic),Services,1094.24
2315,2315.T,CAICA DIGITAL Inc.,CAICA DIGITAL Inc.,,Standard Market(Domestic),Information & Communication,
2317,2317.T,Systena Corporation,Systena 公司,,Prime Market (Domestic),Information & Communication,
2321,2321.T,Softfront Holdings,Softfront 控股,,Growth Market(Domestic),Information & Communication,1094.24
2323,2323.T,fonfun corporation,fonfun 公司,,Standard Market(Domestic),Information & Communication,
2325,2325.T,"NJS Co.,Ltd.","NJS Co.,Ltd.",,Prime Market (Domestic),Services,
2326,2326.T,Digital Arts Inc.,Digital Arts Inc.,,Prime Market (Domestic),Information & Communication,1094.24
2327,2327.T,NS Solutions Corporation,NS Solutions 公司,,Prime Market (Domestic),Information & Communication,
2329,2329.T,TOHOKUSHINSHA FILM CORPORATION,TOHOKUSHINSHA FILM 公司,,Standard Market(Domestic),Information & Communication,
2330,2330.T,"Forside Co.,Ltd.","Forside Co.,Ltd.",,Standard Market(Domestic),Information & Communication,
2331,2331.T,"ALSOK CO.,LTD.","ALSOK CO.,LTD.",,Prime Market (Domestic),Services,
2332,2332.T,"Quest Co.,Ltd.","Quest Co.,Ltd.",,Standard Market(Domestic),Information & Communication,
2334,2334.T,eole Inc.,eole Inc.,,Growth Market(Domestic),Services,
2335,2335.T,CUBE SYSTEM INC.,CUBE SYSTEM INC.,,Prime Market (Domestic),Information & Communication,1094.24
2337,2337.T,Ichigo Inc.,Ichigo Inc.,,Prime Market (Domestic),Real Estate,
2338,2338.T,"Quantum Solutions Co.,Ltd.","Quantum Solutions Co.,Ltd.",,Standard Market(Domestic),Information & Communication,
2340,2340.T,"GOKURAKUYU HOLDINGS CO.,LTD.","GOKURAKUYU 控股 CO.,LTD.",,Standard Market(Domestic),Services,
2341,2341.T,"ARBEIT-TIMES CO.,LTD.","ARBEIT-TIMES CO.,LTD.",,Standard Market(Domestic),Services,
2342,2342.T,TRANSGENIC GROUP INC.,TRANSGENIC 集团 INC.,,Standard Market(Domestic),Services,
2345,2345.T,"HODL1,inc.","HODL1,inc.",,Standard Market(Domestic),Information & Communication,
2349,2349.T,"Nippon Information Development Co.,Ltd.","Nippon Information Development Co.,Ltd.",,Standard Market(Domestic),Information & Communication,
2351,2351.T,ASJ INC.,ASJ INC.,,Standard Market(Domestic),Information & Communication,
2353,2353.T,"NIPPON PARKING DEVELOPMENT Co.,Ltd.","NIPPON PARKING DEVELOPMENT Co.,Ltd.",,Prime Market (Domestic),Real Estate,
2354,2354.T,YE DIGITAL Corporation,YE DIGITAL 公司,,Standard Market(Domestic),Information & Communication,1094.24
2359,2359.T,CORE CORPORATION,CORE 公司,,Prime Market (Domestic),Information & Communication,
2370,2370.T,"MEDINET Co.,Ltd.","MEDINET Co.,Ltd.",,Growth Market(Domestic),Services,
2371,2371.T,"Kakaku.com,Inc.","Kakaku.com,Inc.",,Prime Market (Domestic),Services,
2373,2373.T,CARE TWENTYONE CORPORATION,CARE TWENTYONE 公司,,Standard Market(Domestic),Services,
2375,2375.T,GiG Works Inc.,GiG Works Inc.,,Standard Market(Domestic),Services,
2376,2376.T,SCINEX CORPORATION,SCINEX 公司,,Standard Market(Domestic),Services,
2378,2378.T,"RENAISSANCE,INCORPORATED","RENAISSANCE,INCORPORATED",,Prime Market (Domestic),Services,
2379,2379.T,dip Corporation,dip 公司,,Prime Market (Domestic),Services,
2384,2384.T,"SBS Holdings,Inc.","SBS 控股,Inc.",,Prime Market (Domestic),Land Transportation,
2385,2385.T,Soiken Holdings Inc.,Soiken 控股 Inc.,,Growth Market(Domestic),Services,
2388,2388.T,"Wedge Holdings CO.,LTD.","Wedge 控股 CO.,LTD.",,Growth Market(Domestic),Other Financing Business,
2391,2391.T,"PLANET,INC.","PLANET,INC.",,Standard Market(Domestic),Services,
2393,2393.T,"Nippon Care Supply Co.,Ltd.","Nippon Care Supply Co.,Ltd.",,Standard Market(Domestic),Services,1094.24
2395,2395.T,"SHIN NIPPON BIOMEDICAL LABORATORIES,LTD.","SHIN NIPPON BIOMEDICAL LABORATORIES,LTD.",,Prime Market (Domestic),Services,
2404,2404.T,"TETSUJIN Holdings,Inc.","TETSUJIN 控股,Inc.",,Standard Market(Domestic),Services,
2408,2408.T,"KG Intelligence CO.,LTD.","KG Intelligence CO.,LTD.",,Standard Market(Domestic),Services,
2410,2410.T,"CAREER DESIGN CENTER CO.,LTD.","CAREER DESIGN CENTER CO.,LTD.",,Prime Market (Domestic),Services,
2411,2411.T,GENDAI AGENCY INC.,GENDAI AGENCY INC.,,Standard Market(Domestic),Information & Communication,
2413,2413.T,"M3,Inc.","M3,Inc.",,Prime Market (Domestic),Services,
2415,2415.T,"Human Holdings Co.,Ltd.","Human 控股 Co.,Ltd.",,Standard Market(Domestic),Services,
2418,2418.T,TSUKADA GLOBAL HOLDINGS Inc.,TSUKADA GLOBAL 控股 Inc.,,Standard Market(Domestic),Services,
241,241.T,"ROXX,inc.","ROXX,inc.",,Growth Market(Domestic),Information & Communication,1094.24
2424,2424.T,Brass Corporation,Brass 公司,,Standard Market(Domestic),Services,
2425,2425.T,"Care Service Co.,Ltd.","Care Service Co.,Ltd.",,Standard Market(Domestic),Services,
2428,2428.T,WELLNET CORPORATION,WELLNET 公司,,Standard Market(Domestic),Services,
2429,2429.T,"WORLD HOLDINGS CO.,LTD.","WORLD 控股 CO.,LTD.",,Prime Market (Domestic),Services,
2432,2432.T,"DeNA Co.,Ltd.","DeNA Co.,Ltd.",,Prime Market (Domestic),Information & Communication,1094.24
2433,2433.T,HAKUHODO DY HOLDINGS INCORPORATED,HAKUHODO DY 控股 INCORPORATED,,Prime Market (Domestic),Services,
2435,2435.T,"CEDAR.Co.,Ltd","CEDAR.Co.,Ltd",,Standard Market(Domestic),Services,
2436,2436.T,"KYODO PUBLIC RELATIONS CO.,LTD.","KYODO PUBLIC RELATIONS CO.,LTD.",,Standard Market(Domestic),Services,
2437,2437.T,"SHINWA WISE HOLDINGS CO.,LTD.","SHINWA WISE 控股 CO.,LTD.",,Standard Market(Domestic),Services,
2438,2438.T,"Asukanet Company,Limited","Asukanet Company,Limited",,Growth Market(Domestic),Services,
2440,2440.T,"Gurunavi,Inc.","Gurunavi,Inc.",,Standard Market(Domestic),Services,1094.24
2445,2445.T,"Takamiya Co.,Ltd.","Takamiya Co.,Ltd.",,Standard Market(Domestic),Services,
2449,2449.T,"PRAP Japan,Inc.","PRAP Japan,Inc.",,Standard Market(Domestic),Services,
244,244.T,"Growth xPartners,Inc.","Growth xPartners,Inc.",,Growth Market(Domestic),Information & Communication,1094.24
2454,2454.T,"All About,Inc.","All About,Inc.",,Standard Market(Domestic),Services,
2459,2459.T,"AUN CONSULTING,Inc.","AUN CONSULTING,Inc.",,Standard Market(Domestic),Services,
245,245.T,INGS inc.,INGS inc.,,Growth Market(Domestic),Retail Trade,1094.24
2461,2461.T,"FAN Communications,Inc.","FAN 通信,Inc.",,Prime Market (Domestic),Services,1094.24
2462,2462.T,"LIKE,Inc.","LIKE,Inc.",,Prime Market (Domestic),Services,
2464,2464.T,"Aoba-BBT,Inc.","Aoba-BBT,Inc.",,Standard Market(Domestic),Services,
2469,2469.T,Hibino Corporation,Hibino 公司,,Standard Market(Domestic),Services,
246,246.T,ASUA Inc.,ASUA Inc.,,Growth Market(Domestic),Services,1094.24
2471,2471.T,"S-Pool,Inc.","S-Pool,Inc.",,Prime Market (Domestic),Services,1094.24
2475,2475.T,"WDB HOLDINGS CO.,LTD.","WDB 控股 CO.,LTD.",,Prime Market (Domestic),Services,
2477,2477.T,"Temairazu,Inc.","Temairazu,Inc.",,Standard Market(Domestic),Information & Communication,
2479,2479.T,JTEC CORPORATION,JTEC 公司,,Standard Market(Domestic),Services,1094.24
247,247.T,Ai ROBOTICS INC.,Ai ROBOTICS INC.,,Growth Market(Domestic),Chemicals,1094.24
2480,2480.T,"System Location Co.,Ltd.","System Location Co.,Ltd.",,Standard Market(Domestic),Information & Communication,
2481,2481.T,"TOWNNEWS-SHA CO.,LTD.","TOWNNEWS-SHA CO.,LTD.",,Standard Market(Domestic),Services,
2483,2483.T,HONYAKU Center Inc.,HONYAKU Center Inc.,,Standard Market(Domestic),Services,
2484,2484.T,"DEMAE-CAN CO.,LTD","DEMAE-CAN CO.,LTD",,Standard Market(Domestic),Information & Communication,
2485,2485.T,TEAR Corporation,TEAR 公司,,Standard Market(Domestic),Services,
2488,2488.T,"JTP CO.,LTD.","JTP CO.,LTD.",,Standard Market(Domestic),Services,
2489,2489.T,Adways Inc.,Adways Inc.,,Standard Market(Domestic),Services,
248,248.T,KIDS STAR Inc.,KIDS STAR Inc.,,Growth Market(Domestic),Information & Communication,1094.24
2491,2491.T,"ValueCommerce Co.,Ltd.","ValueCommerce Co.,Ltd.",,Prime Market (Domestic),Services,
2492,2492.T,Infomart Corporation,Infomart 公司,,Prime Market (Domestic),Services,1094.24
2493,2493.T,"E-SUPPORTLINK,Ltd.","E-SUPPORTLINK,Ltd.",,Standard Market(Domestic),Services,
2497,2497.T,"UNITED,Inc.","UNITED,Inc.",,Growth Market(Domestic),Services,
2498,2498.T,Oriental Consultants Holdings Company Limited,Oriental Consultants 控股 Company Limited,,Standard Market(Domestic),Services,
2499,2499.T,"NIHONWASOU HOLDINGS,INC.","NIHONWASOU 控股,INC.",,Standard Market(Domestic),Services,
2501,2501.T,SAPPORO BREWERIES LIMITED,SAPPORO BREWERIES LIMITED,,Prime Market (Domestic),Foods,
2502,2502.T,"Asahi Group Holdings,Ltd.","Asahi 集团 控股,Ltd.",,Prime Market (Domestic),Foods,
2503,2503.T,"Kirin Holdings Company,Limited","Kirin 控股 Company,Limited",,Prime Market (Domestic),Foods,1094.24
250,250.T,Shimadaya Corporation,Shimadaya 公司,,Standard Market(Domestic),Foods,1094.24
2531,2531.T,TAKARA HOLDINGS INC.,TAKARA 控股 INC.,,Prime Market (Domestic),Foods,
2533,2533.T,"Oenon Holdings,Inc.","Oenon 控股,Inc.",,Prime Market (Domestic),Foods,
253,253.T,"ETS Group Co.,Ltd.","ETS 集团 Co.,Ltd.",,Standard Market(Domestic),Construction,1094.24
254,254.T,AI FUSION CAPITAL GROUP CORP.,AI FUSION CAPITAL 集团 CORP.,,Standard Market(Domestic),Securities and Commodities Futures,1094.24
255,255.T,"GLTECHNO HOLDINGS,INC.","GLTECHNO 控股,INC.",,Standard Market(Domestic),Precision Instruments,1094.24
256,256.T,TOBISHIMA HOLDINGS Inc.,TOBISHIMA 控股 Inc.,,Prime Market (Domestic),Construction,1094.24
2573,2573.T,"HOKKAIDO COCA-COLA BOTTLING CO.,LTD.","HOKKAIDO COCA-COLA BOTTLING CO.,LTD.",,Standard Market(Domestic),Foods,
2579,2579.T,Coca-Cola Bottlers Japan Holdings Inc.,Coca-Cola Bottlers Japan 控股 Inc.,,Prime Market (Domestic),Foods,
2585,2585.T,"LIFEDRINK COMPANY,INC.","LIFEDRINK COMPANY,INC.",,Prime Market (Domestic),Foods,1094.74
2586,2586.T,FRUTA FRUTA INC.,FRUTA FRUTA INC.,,Growth Market(Domestic),Foods,
2587,2587.T,Suntory Beverage & Food Limited,Suntory Beverage & Food Limited,,Prime Market (Domestic),Foods,
2588,2588.T,"Premium Water Holdings,Inc.","Premium Water 控股,Inc.",,Standard Market(Domestic),Foods,1094.24
2590,2590.T,"DyDo GROUP HOLDINGS,INC.","DyDo 集团 控股,INC.",,Prime Market (Domestic),Foods,
2593,2593.T,"ITO EN,LTD.","ITO EN,LTD.",,Prime Market (Domestic),Foods,1094.24
25935,25935.T,"Class-A Preferred Stock of ITO EN,LTD.","Class-A Preferred Stock of ITO EN,LTD.",,Prime Market (Domestic),Foods,
2594,2594.T,KEY COFFEE INC,KEY COFFEE INC,,Prime Market (Domestic),Foods,
2597,2597.T,UNICAFE INC.,UNICAFE INC.,,Standard Market(Domestic),Foods,
2602,2602.T,"The Nisshin OilliO Group,Ltd.","The Nisshin OilliO 集团,Ltd.",,Prime Market (Domestic),Foods,
2607,2607.T,"FUJI OIL CO.,LTD.","FUJI OIL CO.,LTD.",,Prime Market (Domestic),Foods,
2612,2612.T,KADOYA SESAME MILLS INCORPORATED,KADOYA SESAME MILLS INCORPORATED,,Standard Market(Domestic),Foods,
2613,2613.T,"J-OIL MILLS, INC.","J-OIL MILLS, INC.",,Prime Market (Domestic),Foods,12029.28
261,261.T,"Nihon Suido Consultants Co.,Ltd.","Nihon Suido Consultants Co.,Ltd.",,Standard Market(Domestic),Services,1094.24
262,262.T,INTERMESTIC INC.,INTERMESTIC INC.,,Prime Market (Domestic),Retail Trade,1094.24
264,264.T,"Schoo,inc.","Schoo,inc.",,Growth Market(Domestic),Services,1094.24
2652,2652.T,MANDARAKE INC.,MANDARAKE INC.,,Standard Market(Domestic),Retail Trade,
2653,2653.T,"AEON KYUSHU CO.,LTD.","AEON KYUSHU CO.,LTD.",,Standard Market(Domestic),Retail Trade,
2654,2654.T,ASMO CORPORATION,ASMO 公司,,Standard Market(Domestic),Retail Trade,
2656,2656.T,Vector HOLDINGS Inc.,Vector 控股 Inc.,,Standard Market(Domestic),Retail Trade,
2659,2659.T,"SAN-A CO.,LTD.","SAN-A CO.,LTD.",,Prime Market (Domestic),Retail Trade,
265,265.T,Hmcomm Inc.,Hmcomm Inc.,,Growth Market(Domestic),Information & Communication,
2664,2664.T,CAWACHI LIMITED,CAWACHI LIMITED,,Prime Market (Domestic),Retail Trade,
2666,2666.T,"AUTOWAVE Co.,Ltd.","AUTOWAVE Co.,Ltd.",,Standard Market(Domestic),Retail Trade,
2667,2667.T,"ImageONE Co.,Ltd.","ImageONE Co.,Ltd.",,Standard Market(Domestic),Wholesale Trade,
2668,2668.T,Tabio Corporation,Tabio 公司,,Standard Market(Domestic),Wholesale Trade,
2669,2669.T,"Kanemi Co.,Ltd.","Kanemi Co.,Ltd.",,Standard Market(Domestic),Retail Trade,
2670,2670.T,"ABC-MART,INC.","ABC-MART,INC.",,Prime Market (Domestic),Retail Trade,
2673,2673.T,"YUMEMITSUKETAI Co.,Ltd.","YUMEMITSUKETAI Co.,Ltd.",,Standard Market(Domestic),Retail Trade,
2674,2674.T,"HARD OFF CORPORATION Co.,Ltd.","HARD OFF 公司 Co.,Ltd.",,Prime Market (Domestic),Retail Trade,
2676,2676.T,"TAKACHIHO KOHEKI CO.,LTD.","TAKACHIHO KOHEKI CO.,LTD.",,Prime Market (Domestic),Wholesale Trade,
2678,2678.T,ASKUL Corporation,ASKUL 公司,,Prime Market (Domestic),Retail Trade,
2681,2681.T,GEO HOLDINGS CORPORATION,GEO 控股 公司,,Prime Market (Domestic),Retail Trade,
2683,2683.T,"UOGroup CO.,LTD.","UOGroup CO.,LTD.",,Standard Market(Domestic),Retail Trade,
2685,2685.T,"and ST HD Co.,Ltd.","and ST HD Co.,Ltd.",,Prime Market (Domestic),Retail Trade,
2687,2687.T,CVS Bay Area Inc.,CVS Bay Area Inc.,,Standard Market(Domestic),Services,
2689,2689.T,"OLBA DVx HEALTHCARE,Inc.","OLBA DVx HEALTHCARE,Inc.",,Standard Market(Domestic),Wholesale Trade,
268,268.T,Rigaku Holdings Corporation,Rigaku 控股 公司,,Prime Market (Domestic),Precision Instruments,
2693,2693.T,YKT CORPORATION,YKT 公司,,Standard Market(Domestic),Wholesale Trade,
2694,2694.T,Yakiniku Sakai Holdings Inc.,Yakiniku Sakai 控股 Inc.,,Standard Market(Domestic),Retail Trade,
2695,2695.T,"Kura Sushi,Inc.","Kura Sushi,Inc.",,Prime Market (Domestic),Retail Trade,1094.74
2698,2698.T,"CAN DO CO.,LTD.","CAN DO CO.,LTD.",,Standard Market(Domestic),Retail Trade,1094.74
269,269.T,Sapeet Inc.,Sapeet Inc.,,Growth Market(Domestic),Information & Communication,1094.74
2700,2700.T,"KITOKU SHINRYO CO.,LTD.","KITOKU SHINRYO CO.,LTD.",,Standard Market(Domestic),Wholesale Trade,
2702,2702.T,"McDonald's Holdings Company(Japan),Ltd.","McDonald's 控股 Company(Japan),Ltd.",,Standard Market(Domestic),Retail Trade,1094.74
2705,2705.T,"OOTOYA Holdings Co.,Ltd.","OOTOYA 控股 Co.,Ltd.",,Standard Market(Domestic),Retail Trade,
2708,2708.T,"KUZE CO.,LTD.","KUZE CO.,LTD.",,Standard Market(Domestic),Wholesale Trade,
2721,2721.T,J-Holdings Corp.,J-控股 Corp.,,Standard Market(Domestic),Wholesale Trade,
2722,2722.T,"IK HOLDINGS Co.,Ltd.","IK 控股 Co.,Ltd.",,Standard Market(Domestic),Retail Trade,1094.74
2726,2726.T,"PAL GROUP Holdings CO.,LTD","PAL 集团 控股 CO.,LTD",,Prime Market (Domestic),Retail Trade,1094.74
2730,2730.T,EDION Corporation,EDION 公司,,Prime Market (Domestic),Retail Trade,
2733,2733.T,ARATA CORPORATION,ARATA 公司,,Prime Market (Domestic),Wholesale Trade,
2734,2734.T,SALA CORPORATION,SALA 公司,,Prime Market (Domestic),Retail Trade,
2735,2735.T,"WATTS CO.,LTD.","WATTS CO.,LTD.",,Standard Market(Domestic),Retail Trade,
2736,2736.T,"Festaria Holdings Co.,Ltd.","Festaria 控股 Co.,Ltd.",,Standard Market(Domestic),Retail Trade,
2737,2737.T,TOMEN DEVICES CORPORATION,TOMEN DEVICES 公司,,Prime Market (Domestic),Wholesale Trade,
2742,2742.T,"HALOWS CO.,LTD.","HALOWS CO.,LTD.",,Prime Market (Domestic),Retail Trade,
2747,2747.T,"Hokuyu Lucky Co.,Ltd.","Hokuyu Lucky Co.,Ltd.",,Standard Market(Domestic),Retail Trade,
2749,2749.T,"JP-HOLDINGS,INC.","JP-控股,INC.",,Prime Market (Domestic),Services,1094.74
274,274.T,"Garden Co.,Ltd.","Garden Co.,Ltd.",,Standard Market(Domestic),Retail Trade,1094.74
2750,2750.T,"S.ISHIMITSU&CO.,LTD.","S.ISHIMITSU&CO.,LTD.",,Standard Market(Domestic),Wholesale Trade,
2751,2751.T,"TENPOS HOLDINGS Co.,Ltd.","TENPOS 控股 Co.,Ltd.",,Standard Market(Domestic),Wholesale Trade,
2752,2752.T,FUJIO FOOD GROUP INC.,FUJIO FOOD 集团 INC.,,Prime Market (Domestic),Retail Trade,
2753,2753.T,"AMIYAKI TEI CO.,LTD.","AMIYAKI TEI CO.,LTD.",,Prime Market (Domestic),Retail Trade,
2760,2760.T,TOKYO ELECTRON DEVICE LIMITED,TOKYO ELECTRON DEVICE LIMITED,,Prime Market (Domestic),Wholesale Trade,
2762,2762.T,"SANKO MARKETING FOODS CO.,LTD.","SANKO MARKETING 食品 CO.,LTD.",,Standard Market(Domestic),Retail Trade,
2764,2764.T,Hiramatsu Inc.,Hiramatsu Inc.,,Standard Market(Domestic),Retail Trade,
2767,2767.T,TSUBURAYA FIELDS HOLDINGS INC.,TSUBURAYA FIELDS 控股 INC.,,Prime Market (Domestic),Wholesale Trade,
2768,2768.T,Sojitz Corporation,Sojitz 公司,,Prime Market (Domestic),Wholesale Trade,
2769,2769.T,"Village Vanguard CO.,LTD.","Village Vanguard CO.,LTD.",,Standard Market(Domestic),Retail Trade,
276,276.T,CCReB Advisors Inc.,CCReB Advisors Inc.,,Growth Market(Domestic),Real Estate,1094.74
2776,2776.T,"SHINTO Holdings,Inc.","SHINTO 控股,Inc.",,Standard Market(Domestic),Wholesale Trade,
2778,2778.T,"PALEMO HOLDINGS CO.,LTD.","PALEMO 控股 CO.,LTD.",,Standard Market(Domestic),Retail Trade,
277,277.T,Globe-ing Inc.,Globe-ing Inc.,,Prime Market (Domestic),Services,1094.74
2780,2780.T,"Komehyo Holdings Co.,Ltd.","Komehyo 控股 Co.,Ltd.",,Standard Market(Domestic),Retail Trade,
2782,2782.T,"Seria Co.,Ltd.","Seria Co.,Ltd.",,Standard Market(Domestic),Retail Trade,
2784,2784.T,Alfresa Holdings Corporation,Alfresa 控股 公司,,Prime Market (Domestic),Wholesale Trade,
2788,2788.T,"APPLE INTERNATIONAL CO.,LTD.","APPLE INTERNATIONAL CO.,LTD.",,Standard Market(Domestic),Wholesale Trade,
2789,2789.T,"Karula Co.,LTD.","Karula Co.,LTD.",,Standard Market(Domestic),Retail Trade,
278,278.T,Terra Drone Corporation,Terra Drone 公司,,Growth Market(Domestic),Precision Instruments,1094.74
2790,2790.T,"NAFCO Co.,Ltd.","NAFCO Co.,Ltd.",,Standard Market(Domestic),Retail Trade,
2791,2791.T,"DAIKOKUTENBUSSAN CO.,LTD.","DAIKOKUTENBUSSAN CO.,LTD.",,Prime Market (Domestic),Retail Trade,
2792,2792.T,"HONEYS HOLDINGS CO.,LTD.","HONEYS 控股 CO.,LTD.",,Prime Market (Domestic),Retail Trade,
2795,2795.T,NIPPON PRIMEX INC.,NIPPON PRIMEX INC.,,Standard Market(Domestic),Wholesale Trade,
2796,2796.T,Pharmarise Holdings Corporation,Pharmarise 控股 公司,,Standard Market(Domestic),Retail Trade,
2798,2798.T,Y's table corporation,Y's table 公司,,Standard Market(Domestic),Retail Trade,
2801,2801.T,KIKKOMAN CORPORATION,KIKKOMAN 公司,,Prime Market (Domestic),Foods,
2802,2802.T,"Ajinomoto Co.,Inc.","Ajinomoto Co.,Inc.",,Prime Market (Domestic),Foods,1094.74
2804,2804.T,"BULL-DOG SAUCE CO.,LTD.","BULL-DOG SAUCE CO.,LTD.",,Prime Market (Domestic),Foods,
2805,2805.T,S&B FOODS INC.,S&B 食品 INC.,,Standard Market(Domestic),Foods,
2806,2806.T,YUTAKA FOODS CORPORATION,YUTAKA 食品 公司,,Standard Market(Domestic),Foods,
2809,2809.T,Kewpie Corporation,Kewpie 公司,,Prime Market (Domestic),Foods,
280,280.T,TMH Inc.,TMH Inc.,,Growth Market(Domestic),Wholesale Trade,1094.74
2810,2810.T,House Foods Group Inc.,House 食品 集团 Inc.,,Prime Market (Domestic),Foods,
2811,2811.T,"KAGOME CO.,LTD.","KAGOME CO.,LTD.",,Prime Market (Domestic),Foods,
2813,2813.T,"Wakou Shokuhin Co.,Ltd.","Wakou Shokuhin Co.,Ltd.",,Standard Market(Domestic),Foods,
2814,2814.T,"SATO FOODS INDUSTRIES CO.,LTD.","SATO 食品 工业 CO.,LTD.",,Standard Market(Domestic),Foods,
2815,2815.T,"ARIAKE JAPAN Co.,Ltd.","ARIAKE JAPAN Co.,Ltd.",,Prime Market (Domestic),Foods,1094.74
2816,2816.T,"DAISHO CO.,LTD.","DAISHO CO.,LTD.",,Standard Market(Domestic),Foods,
2818,2818.T,"PIETRO Co.,Ltd.","PIETRO Co.,Ltd.",,Standard Market(Domestic),Foods,
2819,2819.T,"EBARA Foods Industry,Inc.","EBARA 食品 Industry,Inc.",,Standard Market(Domestic),Foods,
281,281.T,"Informetis Co.,Ltd.","Informetis Co.,Ltd.",,Growth Market(Domestic),Information & Communication,1094.74
2820,2820.T,Yamami Company,Yamami Company,,Standard Market(Domestic),Foods,
2831,2831.T,HAGOROMO FOODS CORPORATION,HAGOROMO 食品 公司,,Standard Market(Domestic),Foods,
285,285.T,Kioxia Holdings Corporation,Kioxia 控股 公司,,Prime Market (Domestic),Electric Appliances,1094.74
286,286.T,EUCALIA Inc.,EUCALIA Inc.,,Growth Market(Domestic),Services,1094.74
2871,2871.T,NICHIREI CORPORATION,NICHIREI 公司,,Prime Market (Domestic),Foods,1094.74
2872,2872.T,"SEIHYO CO.,LTD.","SEIHYO CO.,LTD.",,Standard Market(Domestic),Foods,
2874,2874.T,"YOKOREI CO.,LTD.","YOKOREI CO.,LTD.",,Prime Market (Domestic),Wholesale Trade,
2875,2875.T,"TOYO SUISAN KAISHA,LTD.","TOYO SUISAN KAISHA,LTD.",,Prime Market (Domestic),Foods,
2876,2876.T,Delsole Corporation,Delsole 公司,,Standard Market(Domestic),Foods,
2877,2877.T,NittoBest Corporation,NittoBest 公司,,Standard Market(Domestic),Foods,
287,287.T,"Kuroda Group Co.,Ltd.","Kuroda 集团 Co.,Ltd.",,Standard Market(Domestic),Wholesale Trade,1094.74
2882,2882.T,"EAT&HOLDINGS Co.,Ltd","EAT&控股 Co.,Ltd",,Prime Market (Domestic),Foods,
2883,2883.T,"DAIREI CO.,LTD.","DAIREI CO.,LTD.",,Standard Market(Domestic),Foods,
2884,2884.T,Yoshimura Food Holdings K.K.,Yoshimura Food 控股 K.K.,,Prime Market (Domestic),Foods,
288,288.T,Laxus Technologies Inc.,Laxus 科技 Inc.,,Growth Market(Domestic),Services,1094.74
2892,2892.T,"NIHON SHOKUHIN KAKO CO.,LTD.","NIHON SHOKUHIN KAKO CO.,LTD.",,Standard Market(Domestic),Foods,1094.74
2894,2894.T,"Ishii Food Co.,Ltd.","Ishii Food Co.,Ltd.",,Standard Market(Domestic),Foods,
2897,2897.T,"NISSIN FOODS HOLDINGS CO.,LTD.","NISSIN 食品 控股 CO.,LTD.",,Prime Market (Domestic),Foods,
2901,2901.T,Wel-Dish.Incorporated,Wel-Dish.Incorporated,,Standard Market(Domestic),Foods,
2903,2903.T,"SHINOBU FOODS PRODUCTS CO.,LTD.","SHINOBU 食品 PRODUCTS CO.,LTD.",,Standard Market(Domestic),Foods,
2904,2904.T,"ICHIMASA KAMABOKO CO.,LTD.","ICHIMASA KAMABOKO CO.,LTD.",,Standard Market(Domestic),Foods,
2907,2907.T,"AHJIKAN CO.,LTD.","AHJIKAN CO.,LTD.",,Standard Market(Domestic),Foods,
2908,2908.T,"FUJICCO CO.,LTD.","FUJICCO CO.,LTD.",,Prime Market (Domestic),Foods,
290,290.T,Synspective Inc.,Synspective Inc.,,Growth Market(Domestic),Information & Communication,1094.74
2910,2910.T,"ROCK FIELD CO.,LTD.","ROCK FIELD CO.,LTD.",,Prime Market (Domestic),Foods,
2911,2911.T,"ASAHIMATSU FOODS CO.,LTD.","ASAHIMATSU 食品 CO.,LTD.",,Standard Market(Domestic),Foods,
2914,2914.T,JAPAN TOBACCO INC.,JAPAN TOBACCO INC.,,Prime Market (Domestic),Foods,1094.74
2915,2915.T,"KENKO Mayonnaise Co.,Ltd.","KENKO Mayonnaise Co.,Ltd.",,Prime Market (Domestic),Foods,
2916,2916.T,"Semba Tohka Industries Co.,Ltd","Semba Tohka 工业 Co.,Ltd",,Standard Market(Domestic),Foods,
2917,2917.T,"OHMORIYA Co.,LTD.","OHMORIYA Co.,LTD.",,Standard Market(Domestic),Foods,
2918,2918.T,"WARABEYA NICHIYO HOLDINGS CO.,LTD.","WARABEYA NICHIYO 控股 CO.,LTD.",,Prime Market (Domestic),Foods,
291,291.T,Reskill Corp.,Reskill Corp.,,Growth Market(Domestic),Services,1094.74
2922,2922.T,"NATORI CO.,LTD.","NATORI CO.,LTD.",,Prime Market (Domestic),Foods,
2923,2923.T,"SATO FOODS CO.,LTD.","SATO 食品 CO.,LTD.",,Standard Market(Domestic),Foods,
2924,2924.T,"Ifuji Sangyo Co.,Ltd.","Ifuji Sangyo Co.,Ltd.",,Standard Market(Domestic),Foods,
2926,2926.T,"SHINOZAKIYA,INC.","SHINOZAKIYA,INC.",,Standard Market(Domestic),Foods,
2927,2927.T,"AFC-HD AMS Life Science Co.,Ltd.","AFC-HD AMS Life Science Co.,Ltd.",,Standard Market(Domestic),Foods,
2929,2929.T,"Pharma Foods International Co.,Ltd.","Pharma 食品 International Co.,Ltd.",,Prime Market (Domestic),Foods,
2930,2930.T,Kitanotatsujin Corporation,Kitanotatsujin 公司,,Prime Market (Domestic),Chemicals,
2931,2931.T,"Euglena Co.,Ltd.","Euglena Co.,Ltd.",,Prime Market (Domestic),Foods,
2932,2932.T,"STI Foods Holdings,Inc.","STI 食品 控股,Inc.",,Standard Market(Domestic),Foods,
2933,2933.T,KIBUN FOODS INC.,KIBUN 食品 INC.,,Prime Market (Domestic),Foods,
2934,2934.T,"J Frontier Co.,Ltd.","J Frontier Co.,Ltd.",,Growth Market(Domestic),Foods,
2935,2935.T,"PICKLES HOLDINGS CO.,LTD.","PICKLES 控股 CO.,LTD.",,Prime Market (Domestic),Foods,
2936,2936.T,"BASE FOOD,Inc.","BASE FOOD,Inc.",,Growth Market(Domestic),Foods,
2937,2937.T,"St.Cousair CO.,LTD.","St.Cousair CO.,LTD.",,Growth Market(Domestic),Foods,
2938,2938.T,"Okamura Foods Co.,Ltd.","Okamura 食品 Co.,Ltd.",,Standard Market(Domestic),Foods,1093.73
2961,2961.T,NITCHO CORPORATION,NITCHO 公司,,Standard Market(Domestic),Metal Products,
2962,2962.T,"TECNISCO,LTD.","TECNISCO,LTD.",,Standard Market(Domestic),Metal Products,
296,296.T,"Reiwa Accounting Holdings Co.,Ltd.","Reiwa Accounting 控股 Co.,Ltd.",,Growth Market(Domestic),Services,1093.73
2970,2970.T,"GLC GROUP,INC.","GLC 集团,INC.",,Standard Market(Domestic),Real Estate,
2975,2975.T,"Star Mica Holdings Co.,Ltd.","Star Mica 控股 Co.,Ltd.",,Prime Market (Domestic),Real Estate,
2978,2978.T,TSUKURUBA Inc.,TSUKURUBA Inc.,,Growth Market(Domestic),Real Estate,
297,297.T,"ALPICO HOLDINGS CO.,LTD.","ALPICO 控股 CO.,LTD.",,Standard Market(Domestic),Retail Trade,1093.73
2980,2980.T,SRE Holdings Corporation,SRE 控股 公司,,Prime Market (Domestic),Real Estate,
2981,2981.T,Landix Inc.,Landix Inc.,,Growth Market(Domestic),Real Estate,
2982,2982.T,"A.D.Works Group Co.,Ltd.","A.D.Works 集团 Co.,Ltd.",,Prime Market (Domestic),Real Estate,
2983,2983.T,"Arr Planner Co.,Ltd.","Arr Planner Co.,Ltd.",,Growth Market(Domestic),Real Estate,
2984,2984.T,"Yamaichi Real Estate Co.,Ltd","Yamaichi Real Estate Co.,Ltd",,Standard Market(Domestic),Real Estate,
2986,2986.T,"LA Holdings Co.,Ltd.","LA 控股 Co.,Ltd.",,Growth Market(Domestic),Real Estate,
298,298.T,"GVA TECH,Inc.","GVA TECH,Inc.",,Growth Market(Domestic),Information & Communication,1093.73
2991,2991.T,LANDNET Inc.,LANDNET Inc.,,Standard Market(Domestic),Real Estate,
2993,2993.T,Choei Inc.,Choei Inc.,,Standard Market(Domestic),Real Estate,
2997,2997.T,"STORAGE-OH Co.,Ltd.","STORAGE-OH Co.,Ltd.",,Growth Market(Domestic),Real Estate,
2998,2998.T,CREAL Inc.,CREAL Inc.,,Growth Market(Domestic),Real Estate,1093.73
2999,2999.T,"Home Position Co.,Ltd.","Home Position Co.,Ltd.",,Standard Market(Domestic),Real Estate,
299,299.T,"Kurashiru,Inc.","Kurashiru,Inc.",,Growth Market(Domestic),Services,1093.73
3001,3001.T,"Katakura Industries Co.,Ltd.","Katakura 工业 Co.,Ltd.",,Standard Market(Domestic),Textiles and Apparels,
3002,3002.T,GUNZE LIMITED,GUNZE LIMITED,,Prime Market (Domestic),Textiles and Apparels,
3003,3003.T,"Hulic Co.,Ltd.","Hulic Co.,Ltd.",,Prime Market (Domestic),Real Estate,1093.73
3004,3004.T,SHINYEI KAISHA,SHINYEI KAISHA,,Standard Market(Domestic),Wholesale Trade,
300,300.T,"MIC Co.,Ltd.","MIC Co.,Ltd.",,Standard Market(Domestic),Services,1093.73
3010,3010.T,"Polaris Holdings Co.,Ltd.","Polaris 控股 Co.,Ltd.",,Standard Market(Domestic),Services,
3011,3011.T,"BANNERS CO.,LTD.","BANNERS CO.,LTD.",,Standard Market(Domestic),Retail Trade,
3020,3020.T,"Applied Co.,Ltd.","Applied Co.,Ltd.",,Standard Market(Domestic),Retail Trade,1093.73
3021,3021.T,"Pacific Net Co.,Ltd.","Pacific Net Co.,Ltd.",,Standard Market(Domestic),Services,
3023,3023.T,Rasa Corporation,Rasa 公司,,Standard Market(Domestic),Wholesale Trade,
3024,3024.T,CREATE CORPORATION,CREATE 公司,,Standard Market(Domestic),Wholesale Trade,
3028,3028.T,"Alpen Co.,Ltd.","Alpen Co.,Ltd.",,Prime Market (Domestic),Retail Trade,
302,302.T,"b-style holdings,Inc.","b-style 控股,Inc.",,Growth Market(Domestic),Services,1093.73
3030,3030.T,"HUB CO.,LTD.","HUB CO.,LTD.",,Standard Market(Domestic),Retail Trade,
3031,3031.T,"RACCOON HOLDINGS,Inc.","RACCOON 控股,Inc.",,Prime Market (Domestic),Information & Communication,
3034,3034.T,"Qol Holdings Co.,Ltd.","Qol 控股 Co.,Ltd.",,Prime Market (Domestic),Retail Trade,
3035,3035.T,ktk INC.,ktk INC.,,Standard Market(Domestic),Wholesale Trade,
3036,3036.T,ALCONIX CORPORATION,ALCONIX 公司,,Prime Market (Domestic),Wholesale Trade,
3038,3038.T,"KOBE BUSSAN CO.,LTD.","KOBE BUSSAN CO.,LTD.",,Prime Market (Domestic),Wholesale Trade,1093.73
303,303.T,visumo Inc.,visumo Inc.,,Growth Market(Domestic),Information & Communication,1093.73
3040,3040.T,SOLITON SYSTEMS K.K.,SOLITON 系统 K.K.,,Prime Market (Domestic),Information & Communication,1093.73
3041,3041.T,"Beauty Kadan Holdings Co.,Ltd.","Beauty Kadan 控股 Co.,Ltd.",,Standard Market(Domestic),Wholesale Trade,
3042,3042.T,SecuAvail Inc.,SecuAvail Inc.,,Standard Market(Domestic),Information & Communication,
3045,3045.T,"Kawasaki & Co.,Ltd.","Kawasaki & Co.,Ltd.",,Standard Market(Domestic),Wholesale Trade,
3046,3046.T,JINS HOLDINGS Inc.,JINS 控股 Inc.,,Prime Market (Domestic),Retail Trade,1093.73
3048,3048.T,BIC CAMERA INC.,BIC CAMERA INC.,,Prime Market (Domestic),Retail Trade,
304,304.T,"FORCIA,Inc.","FORCIA,Inc.",,Growth Market(Domestic),Information & Communication,
3050,3050.T,"DCM Holdings Co.,Ltd.","DCM 控股 Co.,Ltd.",,Prime Market (Domestic),Retail Trade,
3053,3053.T,"PEPPER FOOD SERVICE CO.,LTD.","PEPPER FOOD SERVICE CO.,LTD.",,Standard Market(Domestic),Retail Trade,
3054,3054.T,HYPER Inc.,HYPER Inc.,,Standard Market(Domestic),Wholesale Trade,
3058,3058.T,Sanyodo Holdings Inc.,Sanyodo 控股 Inc.,,Standard Market(Domestic),Retail Trade,
3059,3059.T,"HIRAKI CO.,LTD.","HIRAKI CO.,LTD.",,Standard Market(Domestic),Retail Trade,
3063,3063.T,j-Group Holdings Corp.,j-集团 控股 Corp.,,Growth Market(Domestic),Retail Trade,
3064,3064.T,"MonotaRO Co.,Ltd.","MonotaRO Co.,Ltd.",,Prime Market (Domestic),Retail Trade,
3065,3065.T,"Life Foods Co.,Ltd.","Life 食品 Co.,Ltd.",,Standard Market(Domestic),Retail Trade,
3067,3067.T,"TOKYO ICHIBAN FOODS CO.,LTD.","TOKYO ICHIBAN 食品 CO.,LTD.",,Standard Market(Domestic),Retail Trade,
3068,3068.T,WDI Corporation,WDI 公司,,Standard Market(Domestic),Retail Trade,
3069,3069.T,JFLA Holdings Inc.,JFLA 控股 Inc.,,Standard Market(Domestic),Foods,
3070,3070.T,"JELLY BEANS GROUP Co.,Ltd.","JELLY BEANS 集团 Co.,Ltd.",,Growth Market(Domestic),Wholesale Trade,
3071,3071.T,"Stream Co.,Ltd.","Stream Co.,Ltd.",,Standard Market(Domestic),Retail Trade,
3075,3075.T,"Choushimaru Co.,Ltd.","Choushimaru Co.,Ltd.",,Standard Market(Domestic),Retail Trade,
3076,3076.T,Ai Holdings Corporation,Ai 控股 公司,,Prime Market (Domestic),Wholesale Trade,
3077,3077.T,"Horiifoodservice Co.,Ltd.","Horiifoodservice Co.,Ltd.",,Standard Market(Domestic),Retail Trade,
3080,3080.T,"JASON CO.,LTD.","JASON CO.,LTD.",,Standard Market(Domestic),Retail Trade,
3082,3082.T,"KICHIRI HOLDINGS & Co.,Ltd.","KICHIRI 控股 & Co.,Ltd.",,Standard Market(Domestic),Retail Trade,
3083,3083.T,"Star seeds Co.,Ltd.","Star seeds Co.,Ltd.",,Standard Market(Domestic),Retail Trade,
3086,3086.T,"J.FRONT RETAILING Co.,Ltd.","J.FRONT RETAILING Co.,Ltd.",,Prime Market (Domestic),Retail Trade,
3087,3087.T,"DOUTOR・NICHIRES Holdings Co.,Ltd.","DOUTOR・NICHIRES 控股 Co.,Ltd.",,Prime Market (Domestic),Retail Trade,
3088,3088.T,MatsukiyoCocokara & Co.,MatsukiyoCocokara & Co.,,Prime Market (Domestic),Retail Trade,1093.75
3089,3089.T,"Techno Alpha Co.,Ltd.","Techno Alpha Co.,Ltd.",,Standard Market(Domestic),Wholesale Trade,
3091,3091.T,"BRONCO BILLY Co.,LTD.","BRONCO BILLY Co.,LTD.",,Prime Market (Domestic),Retail Trade,
3092,3092.T,"ZOZO,Inc.","ZOZO,Inc.",,Prime Market (Domestic),Retail Trade,
3093,3093.T,"Treasure Factory Co.,LTD.","Treasure Factory Co.,LTD.",,Prime Market (Domestic),Retail Trade,1093.75
3096,3096.T,OCEAN SYSTEM CORPORATION,OCEAN SYSTEM 公司,,Standard Market(Domestic),Retail Trade,
3097,3097.T,The Monogatari Corporation,The Monogatari 公司,,Prime Market (Domestic),Retail Trade,
3099,3099.T,Isetan Mitsukoshi Holdings Ltd.,Isetan Mitsukoshi 控股 Ltd.,,Prime Market (Domestic),Retail Trade,1093.75
3101,3101.T,"TOYOBO CO.,LTD.","TOYOBO CO.,LTD.",,Prime Market (Domestic),Chemicals,1093.75
3103,3103.T,UNITIKA LTD.,UNITIKA LTD.,,Standard Market(Domestic),Textiles and Apparels,
3104,3104.T,"Fujibo Holdings,Inc.","Fujibo 控股,Inc.",,Prime Market (Domestic),Textiles and Apparels,
3105,3105.T,Nisshinbo Holdings Inc.,Nisshinbo 控股 Inc.,,Prime Market (Domestic),Electric Appliances,1093.75
3106,3106.T,KURABO INDUSTRIES LTD.,KURABO 工业 LTD.,,Prime Market (Domestic),Textiles and Apparels,
3107,3107.T,"Daiwabo Holdings Co.,Ltd.","Daiwabo 控股 Co.,Ltd.",,Prime Market (Domestic),Wholesale Trade,
3109,3109.T,SHIKIBO LTD.,SHIKIBO LTD.,,Prime Market (Domestic),Textiles and Apparels,
3110,3110.T,"NITTO BOSEKI CO.,LTD.","NITTO BOSEKI CO.,LTD.",,Prime Market (Domestic),Glass and Ceramics Products,
3111,3111.T,"OMIKENSHI CO.,LTD.","OMIKENSHI CO.,LTD.",,Standard Market(Domestic),Textiles and Apparels,
3113,3113.T,UNIVA Oak Holdings Limited,UNIVA Oak 控股 Limited,,Standard Market(Domestic),Securities and Commodities Futures,
3116,3116.T,TOYOTA BOSHOKU CORPORATION,TOYOTA BOSHOKU 公司,,Prime Market (Domestic),Transportation Equipment,
3121,3121.T,"MBK Co.,Ltd.","MBK Co.,Ltd.",,Standard Market(Domestic),Services,
3123,3123.T,"SAIBO Co.,Ltd.","SAIBO Co.,Ltd.",,Standard Market(Domestic),Textiles and Apparels,
3131,3131.T,SHINDEN HIGHTEX CORPORATION,SHINDEN HIGHTEX 公司,,Standard Market(Domestic),Wholesale Trade,
3132,3132.T,"MACNICA HOLDINGS,INC.","MACNICA 控股,INC.",,Prime Market (Domestic),Wholesale Trade,
3133,3133.T,"kaihan co.,Ltd.","kaihan co.,Ltd.",,Growth Market(Domestic),Retail Trade,
3134,3134.T,Hamee Corp.,Hamee Corp.,,Standard Market(Domestic),Retail Trade,
3135,3135.T,"MarketEnterprise Co.,Ltd","MarketEnterprise Co.,Ltd",,Standard Market(Domestic),Retail Trade,
3137,3137.T,"Fundely Co.,Ltd.","Fundely Co.,Ltd.",,Standard Market(Domestic),Retail Trade,
3138,3138.T,"Fujisan Magazine Service Co.,Ltd.","Fujisan Magazine Service Co.,Ltd.",,Standard Market(Domestic),Retail Trade,
3139,3139.T,"Lacto Japan Co.,Ltd.","Lacto Japan Co.,Ltd.",,Prime Market (Domestic),Wholesale Trade,
3140,3140.T,"BRUNO,Inc.","BRUNO,Inc.",,Growth Market(Domestic),Wholesale Trade,
3143,3143.T,O'will Corporation,O'will 公司,,Standard Market(Domestic),Wholesale Trade,
3148,3148.T,"CREATE SD HOLDINGS CO.,LTD.","CREATE SD 控股 CO.,LTD.",,Prime Market (Domestic),Retail Trade,
3150,3150.T,"grems,Inc.","grems,Inc.",,Prime Market (Domestic),Electric Power and Gas,
3151,3151.T,"VITAL KSK HOLDINGS,INC.","VITAL KSK 控股,INC.",,Prime Market (Domestic),Wholesale Trade,
3153,3153.T,"Yashima Denki Co.,Ltd.","Yashima Denki Co.,Ltd.",,Prime Market (Domestic),Wholesale Trade,
3154,3154.T,"MEDIUS HOLDINGS Co.,Ltd.","MEDIUS 控股 Co.,Ltd.",,Prime Market (Domestic),Wholesale Trade,
3156,3156.T,Restar Corporation,Restar 公司,,Prime Market (Domestic),Wholesale Trade,
3157,3157.T,GEOLIVE Group Corporation,GEOLIVE 集团 公司,,Standard Market(Domestic),Wholesale Trade,
3159,3159.T,"Maruzen CHI Holdings Co.,Ltd.","Maruzen CHI 控股 Co.,Ltd.",,Standard Market(Domestic),Retail Trade,
3160,3160.T,"OOMITSU CO.,LTD.","OOMITSU CO.,LTD.",,Standard Market(Domestic),Wholesale Trade,
3161,3161.T,AZEARTH Corporation,AZEARTH 公司,,Standard Market(Domestic),Wholesale Trade,
3166,3166.T,"OCHI HOLDINGS CO.,LTD.","OCHI 控股 CO.,LTD.",,Standard Market(Domestic),Wholesale Trade,
3167,3167.T,TOKAI Holdings Corporation,TOKAI 控股 公司,,Prime Market (Domestic),Wholesale Trade,1093.75
3168,3168.T,MERF Inc.,MERF Inc.,,Standard Market(Domestic),Wholesale Trade,
3169,3169.T,"Misawa & Co.,Ltd.","Misawa & Co.,Ltd.",,Standard Market(Domestic),Retail Trade,1093.75
3172,3172.T,"Tea Life Co.,Ltd.","Tea Life Co.,Ltd.",,Standard Market(Domestic),Retail Trade,
3173,3173.T,"Cominix Co.,Ltd.","Cominix Co.,Ltd.",,Standard Market(Domestic),Wholesale Trade,
3174,3174.T,"Happiness and D Co.,Ltd.","Happiness and D Co.,Ltd.",,Standard Market(Domestic),Retail Trade,
3175,3175.T,"AP HOLDINGS CO.,LTD.","AP 控股 CO.,LTD.",,Standard Market(Domestic),Retail Trade,
3176,3176.T,"Sanyo Trading Co.,Ltd.","Sanyo 贸易 Co.,Ltd.",,Prime Market (Domestic),Wholesale Trade,
3177,3177.T,"ARIGATOU SERVICES COMPANY,LIMITED","ARIGATOU 服务 COMPANY,LIMITED",,Standard Market(Domestic),Retail Trade,
3178,3178.T,"CHIMNEY CO.,LTD.","CHIMNEY CO.,LTD.",,Standard Market(Domestic),Retail Trade,
3179,3179.T,"Syuppin Co.,Ltd.","Syuppin Co.,Ltd.",,Prime Market (Domestic),Retail Trade,
3180,3180.T,BEAUTY GARAGE Inc.,BEAUTY GARAGE Inc.,,Prime Market (Domestic),Wholesale Trade,
3181,3181.T,"KAITORI OKOKU CO.,LTD.","KAITORI OKOKU CO.,LTD.",,Standard Market(Domestic),Retail Trade,
3182,3182.T,Oisix Inc.,Oisix Inc.,,Prime Market (Domestic),Retail Trade,
3183,3183.T,"WIN-Partners Co.,Ltd.","WIN-Partners Co.,Ltd.",,Prime Market (Domestic),Wholesale Trade,
3184,3184.T,"International Conglomerate of Distribution for Automobile Holdings Co.,Ltd.","International Conglomerate of Distribution for Automobile 控股 Co.,Ltd.",,Standard Market(Domestic),Retail Trade,
3185,3185.T,"DREAM VISION CO.,LTD.","DREAM VISION CO.,LTD.",,Growth Market(Domestic),Retail Trade,
3186,3186.T,"NEXTAGE Co.,Ltd.","NEXTAGE Co.,Ltd.",,Prime Market (Domestic),Retail Trade,1093.75
3187,3187.T,miratap inc.,miratap inc.,,Growth Market(Domestic),Retail Trade,
3189,3189.T,ANAP HOLDINGS INC.,ANAP 控股 INC.,,Standard Market(Domestic),Retail Trade,
3190,3190.T,"HOTMAN Co.,Ltd.","HOTMAN Co.,Ltd.",,Standard Market(Domestic),Retail Trade,
3191,3191.T,"JOYFUL HONDA CO.,LTD.","JOYFUL HONDA CO.,LTD.",,Prime Market (Domestic),Retail Trade,
3192,3192.T,"Shirohato Co.,Ltd.","Shirohato Co.,Ltd.",,Standard Market(Domestic),Retail Trade,
3193,3193.T,"Eternal Hospitality Group Co.,Ltd.","Eternal Hospitality 集团 Co.,Ltd.",,Prime Market (Domestic),Retail Trade,
3195,3195.T,"GENERATION PASS CO.,LTD.","GENERATION PASS CO.,LTD.",,Standard Market(Domestic),Retail Trade,
3196,3196.T,"HOTLAND HOLDINGS Co.,Ltd.","HOTLAND 控股 Co.,Ltd.",,Prime Market (Domestic),Retail Trade,1093.75
3197,3197.T,"SKYLARK HOLDINGS CO.,LTD.","SKYLARK 控股 CO.,LTD.",,Prime Market (Domestic),Retail Trade,
3199,3199.T,"Watahan & Co.,Ltd.","Watahan & Co.,Ltd.",,Prime Market (Domestic),Retail Trade,
319,319.T,Next Generation Technology Group Inc.,Next Generation 科技 集团 Inc.,,Growth Market(Domestic),Metal Products,1093.75
3201,3201.T,"THE JAPAN WOOL TEXTILE CO.,LTD.","THE JAPAN WOOL TEXTILE CO.,LTD.",,Prime Market (Domestic),Textiles and Apparels,
3202,3202.T,"Daitobo Co.,Ltd.","Daitobo Co.,Ltd.",,Standard Market(Domestic),Textiles and Apparels,
3204,3204.T,Toabo Corporation,Toabo 公司,,Standard Market(Domestic),Textiles and Apparels,
3205,3205.T,DAIDOH LIMITED,DAIDOH LIMITED,,Standard Market(Domestic),Textiles and Apparels,
3221,3221.T,"Yossix Holdings Co.,Ltd.","Yossix 控股 Co.,Ltd.",,Prime Market (Domestic),Retail Trade,
3222,3222.T,United Super Markets Holdings Inc.,United Super Markets 控股 Inc.,,Standard Market(Domestic),Retail Trade,
3223,3223.T,SLD Entertainment Inc.,SLD Entertainment Inc.,,Standard Market(Domestic),Retail Trade,
3224,3224.T,"General Oyster,Inc.","General Oyster,Inc.",,Growth Market(Domestic),Retail Trade,
3231,3231.T,"Nomura Real Estate Holdings,Inc.","Nomura Real Estate 控股,Inc.",,Prime Market (Domestic),Real Estate,
3232,3232.T,"Mie Kotsu Group Holdings,Inc.","Mie Kotsu 集团 控股,Inc.",,Prime Market (Domestic),Real Estate,
3236,3236.T,"PROPERST CO.,LTD.","PROPERST CO.,LTD.",,Standard Market(Domestic),Real Estate,
3237,3237.T,"INTRANCE CO.,LTD.","INTRANCE CO.,LTD.",,Growth Market(Domestic),Real Estate,
3238,3238.T,"CENTRAL GENERAL DEVELOPMENT CO.,LTD.","CENTRAL GENERAL DEVELOPMENT CO.,LTD.",,Standard Market(Domestic),Real Estate,
323,323.T,Flier Inc.,Flier Inc.,,Growth Market(Domestic),Information & Communication,1093.75
3241,3241.T,"WILL,Co.,Ltd.","WILL,Co.,Ltd.",,Standard Market(Domestic),Real Estate,
3242,3242.T,"URBANET CORPORATION CO.,LTD.","URBANET 公司 CO.,LTD.",,Standard Market(Domestic),Real Estate,
3245,3245.T,"DEAR LIFE CO.,LTD.","DEAR LIFE CO.,LTD.",,Prime Market (Domestic),Real Estate,
3246,3246.T,"KOSE R.E. Co.,Ltd.","KOSE R.E. Co.,Ltd.",,Standard Market(Domestic),Real Estate,
3248,3248.T,"EARLY AGE CO.,Ltd.","EARLY AGE CO.,Ltd.",,Standard Market(Domestic),Real Estate,
324,324.T,"Booking Resort Co.,Ltd.","Booking Resort Co.,Ltd.",,Growth Market(Domestic),Services,1093.75
3252,3252.T,"JINUSHI Co.,Ltd.","JINUSHI Co.,Ltd.",,Prime Market (Domestic),Real Estate,
325,325.T,TENTIAL Inc.,TENTIAL Inc.,,Growth Market(Domestic),Textiles and Apparels,1093.75
3261,3261.T,"GRANDES,Inc.","GRANDES,Inc.",,Growth Market(Domestic),Real Estate,
3266,3266.T,"Fund Creation Group Co.,Ltd.","Fund Creation 集团 Co.,Ltd.",,Standard Market(Domestic),Real Estate,
3267,3267.T,"Phil Company,Inc.","Phil Company,Inc.",,Standard Market(Domestic),Construction,
3276,3276.T,"Japan Property Management Center Co.,Ltd.","Japan Property Management Center Co.,Ltd.",,Prime Market (Domestic),Real Estate,
3277,3277.T,"Sansei Landic Co.,Ltd","Sansei Landic Co.,Ltd",,Standard Market(Domestic),Real Estate,
3280,3280.T,"STrust Co.,Ltd.","STrust Co.,Ltd.",,Standard Market(Domestic),Real Estate,
3284,3284.T,"Hoosiers Holdings Co.,Ltd.","Hoosiers 控股 Co.,Ltd.",,Prime Market (Domestic),Real Estate,
3286,3286.T,TRUST Holdings Inc.,TRUST 控股 Inc.,,Standard Market(Domestic),Real Estate,
3288,3288.T,"Open House Group Co.,Ltd.","Open House 集团 Co.,Ltd.",,Prime Market (Domestic),Real Estate,
3289,3289.T,Tokyu Fudosan Holdings Corporation,Tokyu Fudosan 控股 公司,,Prime Market (Domestic),Real Estate,
3291,3291.T,"Iida Group Holdings Co.,Ltd.","Iida 集团 控股 Co.,Ltd.",,Prime Market (Domestic),Real Estate,
3293,3293.T,"AZUMA HOUSE Co.,Ltd.","AZUMA HOUSE Co.,Ltd.",,Standard Market(Domestic),Real Estate,
3297,3297.T,"Toubujyuhan Co.,Ltd.","Toubujyuhan Co.,Ltd.",,Standard Market(Domestic),Real Estate,
3299,3299.T,"MUGEN ESTATE Co.,Ltd.","MUGEN ESTATE Co.,Ltd.",,Standard Market(Domestic),Real Estate,
3300,3300.T,"AMBITION DX HOLDINGS Co.,Ltd.","AMBITION DX 控股 Co.,Ltd.",,Growth Market(Domestic),Real Estate,
3302,3302.T,"TEIKOKU SEN-I Co.,Ltd.","TEIKOKU SEN-I Co.,Ltd.",,Prime Market (Domestic),Textiles and Apparels,
3306,3306.T,"THE NIHON SEIMA CO.,LTD.","THE NIHON SEIMA CO.,LTD.",,Standard Market(Domestic),Wholesale Trade,
330,330.T,TalentX Inc.,TalentX Inc.,,Growth Market(Domestic),Information & Communication,1093.75
3315,3315.T,"NIPPON COKE & ENGINEERING COMPANY,LIMITED","NIPPON COKE & 工程 COMPANY,LIMITED",,Prime Market (Domestic),Oil and Coal Products,
3317,3317.T,"FLYING GARDEN CO.,LTD.","FLYING GARDEN CO.,LTD.",,Standard Market(Domestic),Retail Trade,
331,331.T,Medix Inc.,Medix Inc.,,Standard Market(Domestic),Services,1093.75
3320,3320.T,CROSS PLUS INC.,CROSS PLUS INC.,,Standard Market(Domestic),Wholesale Trade,
3321,3321.T,"MITACHI CO.,LTD.","MITACHI CO.,LTD.",,Standard Market(Domestic),Wholesale Trade,1093.75
3323,3323.T,"RECOMM CO.,LTD.","RECOMM CO.,LTD.",,Standard Market(Domestic),Wholesale Trade,
3326,3326.T,"RUNSYSTEM CO.,LTD.","RUNSYSTEM CO.,LTD.",,Standard Market(Domestic),Services,
3329,3329.T,"TOWA FOOD SERVICE CO.,LTD.","TOWA FOOD SERVICE CO.,LTD.",,Standard Market(Domestic),Retail Trade,
332,332.T,MEEQ Inc.,MEEQ Inc.,,Growth Market(Domestic),Information & Communication,1093.75
3333,3333.T,"ASAHI CO.,LTD.","ASAHI CO.,LTD.",,Prime Market (Domestic),Retail Trade,
3349,3349.T,COSMOS Pharmaceutical Corporation,COSMOS 制药 公司,,Prime Market (Domestic),Retail Trade,1093.75
334,334.T,"Visual Processing Japan Co.,Ltd.","Visual Processing Japan Co.,Ltd.",,Growth Market(Domestic),Information & Communication,1093.75
3350,3350.T,Metaplanet Inc.,Metaplanet Inc.,,Standard Market(Domestic),Wholesale Trade,1093.75
3352,3352.T,"BUFFALO CO.,LTD.","BUFFALO CO.,LTD.",,Standard Market(Domestic),Retail Trade,
3353,3353.T,"Medical Ikkou Group Co.,Ltd.","Medical Ikkou 集团 Co.,Ltd.",,Standard Market(Domestic),Retail Trade,
3355,3355.T,KURIYAMA HOLDINGS CORPORATION,KURIYAMA 控股 公司,,Standard Market(Domestic),Wholesale Trade,
3358,3358.T,"Trailhead Global Holdings,Inc.","Trailhead Global 控股,Inc.",,Standard Market(Domestic),Retail Trade,
3359,3359.T,"cotta CO.,LTD","cotta CO.,LTD",,Growth Market(Domestic),Wholesale Trade,
335,335.T,Mirairo Inc.,Mirairo Inc.,,Growth Market(Domestic),Information & Communication,1093.75
3360,3360.T,"SHIP HEALTHCARE HOLDINGS,INC.","SHIP HEALTHCARE 控股,INC.",,Prime Market (Domestic),Wholesale Trade,
3361,3361.T,"Toell Co.,Ltd.","Toell Co.,Ltd.",,Standard Market(Domestic),Retail Trade,
336,336.T,"Dynamic Map Platform Co.,Ltd.","Dynamic Map Platform Co.,Ltd.",,Growth Market(Domestic),Information & Communication,1093.75
3370,3370.T,"FUJITA CORPORATION Co.,Ltd.","FUJITA 公司 Co.,Ltd.",,Standard Market(Domestic),Retail Trade,1093.75
3371,3371.T,SOFTCREATE HOLDINGS CORP.,SOFTCREATE 控股 CORP.,,Prime Market (Domestic),Information & Communication,1093.75
3372,3372.T,"KANMONKAI Co.,Ltd.","KANMONKAI Co.,Ltd.",,Standard Market(Domestic),Retail Trade,
3374,3374.T,Naigai Tec Corporation,Naigai Tec 公司,,Standard Market(Domestic),Wholesale Trade,
3375,3375.T,ZOA CORPORATION,ZOA 公司,,Standard Market(Domestic),Retail Trade,
3377,3377.T,BIKE O & COMPANY Ltd.,BIKE O & COMPANY Ltd.,,Standard Market(Domestic),Wholesale Trade,
3382,3382.T,"Seven & i Holdings Co.,Ltd.","Seven & i 控股 Co.,Ltd.",,Prime Market (Domestic),Retail Trade,1093.75
3386,3386.T,"COSMO BIO COMPANY,LIMITED","COSMO BIO COMPANY,LIMITED",,Standard Market(Domestic),Wholesale Trade,
3387,3387.T,create restaurants holdings inc.,create restaurants 控股 inc.,,Prime Market (Domestic),Retail Trade,1093.75
3388,3388.T,"MEIJI ELECTRIC INDUSTRIES CO.,LTD.","MEIJI 电气 工业 CO.,LTD.",,Prime Market (Domestic),Wholesale Trade,
338,338.T,"ZenmuTech,Inc.","ZenmuTech,Inc.",,Growth Market(Domestic),Information & Communication,1093.75
3391,3391.T,TSURUHA HOLDINGS INC.,TSURUHA 控股 INC.,,Prime Market (Domestic),Retail Trade,1093.75
3392,3392.T,"DELICA FOODS HOLDINGS CO.,LTD.","DELICA 食品 控股 CO.,LTD.",,Standard Market(Domestic),Wholesale Trade,
3393,3393.T,"Startia Holdings,Inc.","Startia 控股,Inc.",,Prime Market (Domestic),Wholesale Trade,
3395,3395.T,"Saint Marc Holdings Co.,Ltd.","Saint Marc 控股 Co.,Ltd.",,Prime Market (Domestic),Retail Trade,
3396,3396.T,FELISSIMO CORPORATION,FELISSIMO 公司,,Standard Market(Domestic),Retail Trade,
3397,3397.T,TORIDOLL Holdings Corporation,TORIDOLL 控股 公司,,Prime Market (Domestic),Retail Trade,
3399,3399.T,Maruchiyo Yamaokaya Corporation,Maruchiyo Yamaokaya 公司,,Standard Market(Domestic),Retail Trade,
339,339.T,"PROGRESS TECHNOLOGIES GROUP,Inc.","PROGRESS 科技 集团,Inc.",,Growth Market(Domestic),Services,1093.75
3401,3401.T,TEIJIN LIMITED,TEIJIN LIMITED,,Prime Market (Domestic),Textiles and Apparels,
3402,3402.T,"TORAY INDUSTRIES,INC.","TORAY 工业,INC.",,Prime Market (Domestic),Textiles and Apparels,
3405,3405.T,"KURARAY CO.,LTD.","KURARAY CO.,LTD.",,Prime Market (Domestic),Chemicals,81.63
3407,3407.T,ASAHI KASEI CORPORATION,ASAHI KASEI 公司,,Prime Market (Domestic),Chemicals,1093.75
3409,3409.T,"KITABO CO.,LTD","KITABO CO.,LTD",,Standard Market(Domestic),Textiles and Apparels,
340,340.T,"zig-zag,Inc.","zig-zag,Inc.",,Growth Market(Domestic),Information & Communication,1093.75
3415,3415.T,"TOKYO BASE Co.,Ltd.","TOKYO BASE Co.,Ltd.",,Prime Market (Domestic),Retail Trade,
3416,3416.T,PIXTA Inc.,PIXTA Inc.,,Standard Market(Domestic),Retail Trade,
3417,3417.T,"OHKI HEALTHCARE HOLDINGS CO.,LTD.","OHKI HEALTHCARE 控股 CO.,LTD.",,Standard Market(Domestic),Wholesale Trade,
3418,3418.T,"BALNIBARBI Co.,Ltd.","BALNIBARBI Co.,Ltd.",,Growth Market(Domestic),Retail Trade,
341,341.T,TOYOKOH Inc.,TOYOKOH Inc.,,Growth Market(Domestic),Construction,
3420,3420.T,KFC Ltd,KFC Ltd,,Standard Market(Domestic),Metal Products,1093.75
3421,3421.T,"INABA SEISAKUSHO Co.,Ltd.","INABA SEISAKUSHO Co.,Ltd.",,Standard Market(Domestic),Metal Products,
3422,3422.T,"J-MAX Co.,Ltd.","J-MAX Co.,Ltd.",,Standard Market(Domestic),Metal Products,
3423,3423.T,S E Corporation,S E 公司,,Standard Market(Domestic),Metal Products,
3426,3426.T,"ATOM LIVIN TECH Co.,Ltd.","ATOM LIVIN TECH Co.,Ltd.",,Standard Market(Domestic),Metal Products,
3431,3431.T,"MIYAJI ENGINEERING GROUP,INC.","MIYAJI 工程 集团,INC.",,Prime Market (Domestic),Metal Products,
3433,3433.T,"TOCALO Co.,Ltd.","TOCALO Co.,Ltd.",,Prime Market (Domestic),Metal Products,
3434,3434.T,ALPHA Corporation,ALPHA 公司,,Standard Market(Domestic),Metal Products,
3435,3435.T,"SANKO TECHNO CO.,LTD.","SANKO TECHNO CO.,LTD.",,Standard Market(Domestic),Metal Products,
3436,3436.T,SUMCO CORPORATION,SUMCO 公司,,Prime Market (Domestic),Metal Products,
3437,3437.T,"TOKUDEN CO.,LTD.","TOKUDEN CO.,LTD.",,Standard Market(Domestic),Metal Products,
3439,3439.T,Mitsuchi Corporation,Mitsuchi 公司,,Standard Market(Domestic),Metal Products,
343,343.T,IACE TRAVEL Corporation.,IACE TRAVEL 公司.,,Standard Market(Domestic),Services,
3440,3440.T,"NISSO GROUP Co.,Ltd.","NISSO 集团 Co.,Ltd.",,Standard Market(Domestic),Metal Products,
3441,3441.T,"SANNO Co.,Ltd.","SANNO Co.,Ltd.",,Standard Market(Domestic),Metal Products,
3443,3443.T,"KAWADA TECHNOLOGIES,INC.","KAWADA 科技,INC.",,Prime Market (Domestic),Metal Products,
3444,3444.T,"KIKUCHI SEISAKUSHO CO.,LTD.","KIKUCHI SEISAKUSHO CO.,LTD.",,Standard Market(Domestic),Metal Products,
3445,3445.T,"RS Technologies Co.,Ltd.","RS 科技 Co.,Ltd.",,Prime Market (Domestic),Metal Products,
3446,3446.T,JTEC CORPORATION,JTEC 公司,,Standard Market(Domestic),Metal Products,
3447,3447.T,"Shinwa Co.,Ltd.","Shinwa Co.,Ltd.",,Standard Market(Domestic),Metal Products,
3449,3449.T,TECHNOFLEX CORPORATION,TECHNOFLEX 公司,,Standard Market(Domestic),Metal Products,
3452,3452.T,B-Lot Company Limited,B-Lot Company Limited,,Standard Market(Domestic),Real Estate,
3454,3454.T,"First Brothers Co.,Ltd.","First Brothers Co.,Ltd.",,Standard Market(Domestic),Real Estate,
3457,3457.T,"&Do Holdings Co.,Ltd.","&Do 控股 Co.,Ltd.",,Prime Market (Domestic),Real Estate,
3461,3461.T,"Palma Co.,Ltd.","Palma Co.,Ltd.",,Standard Market(Domestic),Real Estate,
3465,3465.T,"KI-STAR REAL ESTATE CO.,LTD","KI-STAR REAL ESTATE CO.,LTD",,Prime Market (Domestic),Real Estate,
3467,3467.T,Agratio urban design Inc.,Agratio urban design Inc.,,Standard Market(Domestic),Real Estate,
3469,3469.T,"Dualtap Co.,Ltd.","Dualtap Co.,Ltd.",,Standard Market(Domestic),Real Estate,
3474,3474.T,"G-FACTORY CO.,LTD.","G-FACTORY CO.,LTD.",,Growth Market(Domestic),Real Estate,
3475,3475.T,"Good Com Asset Co.,Ltd.","Good Com Asset Co.,Ltd.",,Prime Market (Domestic),Real Estate,
3477,3477.T,"FORLIFE Co.,Ltd.","FORLIFE Co.,Ltd.",,Standard Market(Domestic),Real Estate,
3479,3479.T,TKP Corporation,TKP 公司,,Growth Market(Domestic),Real Estate,
3482,3482.T,Loadstar Capital K.K.,Loadstar Capital K.K.,,Prime Market (Domestic),Real Estate,
3484,3484.T,"Innovation Holdings CO.,LTD.","Innovation 控股 CO.,LTD.",,Standard Market(Domestic),Real Estate,
3486,3486.T,GLOBAL LINK MANAGEMENT INC.,GLOBAL LINK MANAGEMENT INC.,,Prime Market (Domestic),Real Estate,
3489,3489.T,"FaithNetwork Co.,Ltd","FaithNetwork Co.,Ltd",,Standard Market(Domestic),Real Estate,
3490,3490.T,"Azplanning Co.,Ltd.","Azplanning Co.,Ltd.",,Standard Market(Domestic),Real Estate,
3491,3491.T,"GAtechnologies Co.,Ltd.","GAtechnologies Co.,Ltd.",,Growth Market(Domestic),Real Estate,
3494,3494.T,"Mullion Co.,Ltd.","Mullion Co.,Ltd.",,Standard Market(Domestic),Real Estate,
3495,3495.T,"Koryojyuhan Co.,Ltd.","Koryojyuhan Co.,Ltd.",,Standard Market(Domestic),Real Estate,
3496,3496.T,"AZOOM CO.,LTD","AZOOM CO.,LTD",,Prime Market (Domestic),Real Estate,
3498,3498.T,"Kasumigaseki Capital Co.,Ltd.","Kasumigaseki Capital Co.,Ltd.",,Prime Market (Domestic),Real Estate,1094.17
3501,3501.T,"SUMINOE Co.,Ltd.","SUMINOE Co.,Ltd.",,Prime Market (Domestic),Textiles and Apparels,
350,350.T,DIGITAL GRID Corporation,DIGITAL GRID 公司,,Growth Market(Domestic),Electric Power and Gas,1094.17
3512,3512.T,Nippon Felt Company Limited,Nippon Felt Company Limited,,Standard Market(Domestic),Textiles and Apparels,
3513,3513.T,"ICHIKAWA CO.,LTD.","ICHIKAWA CO.,LTD.",,Standard Market(Domestic),Textiles and Apparels,1094.17
3521,3521.T,"THERMAE-YU HOLDINGS CO.,LTD.","THERMAE-YU 控股 CO.,LTD.",,Standard Market(Domestic),Services,
3524,3524.T,"NITTO SEIMO CO.,LTD.","NITTO SEIMO CO.,LTD.",,Standard Market(Domestic),Textiles and Apparels,
3529,3529.T,"ATSUGI CO.,LTD.","ATSUGI CO.,LTD.",,Standard Market(Domestic),Textiles and Apparels,
352,352.T,"LOIVE Co.,Ltd.","LOIVE Co.,Ltd.",,Growth Market(Domestic),Services,1094.17
3536,3536.T,"AXAS HOLDINGS CO.,LTD.","AXAS 控股 CO.,LTD.",,Standard Market(Domestic),Retail Trade,
3537,3537.T,"SHOEI YAKUHIN CO.,LTD.","SHOEI YAKUHIN CO.,LTD.",,Standard Market(Domestic),Wholesale Trade,1094.17
3538,3538.T,WILLPLUS Holdings Corporation,WILLPLUS 控股 公司,,Standard Market(Domestic),Retail Trade,
3539,3539.T,"JM HOLDINGS CO.,LTD.","JM 控股 CO.,LTD.",,Prime Market (Domestic),Retail Trade,1094.17
3542,3542.T,"Vega corporation Co.,Ltd.","Vega 公司 Co.,Ltd.",,Growth Market(Domestic),Retail Trade,1094.17
3543,3543.T,"KOMEDA Holdings Co.,Ltd.","KOMEDA 控股 Co.,Ltd.",,Prime Market (Domestic),Wholesale Trade,
3544,3544.T,"SATUDORA HOLDINGS CO.,LTD.","SATUDORA 控股 CO.,LTD.",,Standard Market(Domestic),Retail Trade,
3547,3547.T,UNISIA HOLDINGS CO.,UNISIA 控股 CO.,,Standard Market(Domestic),Retail Trade,
3548,3548.T,BAROQUE JAPAN LIMITED,BAROQUE JAPAN LIMITED,,Prime Market (Domestic),Retail Trade,
3549,3549.T,"KUSURI NO AOKI HOLDINGS CO.,LTD.","KUSURI NO AOKI 控股 CO.,LTD.",,Standard Market(Domestic),Retail Trade,520.53
3550,3550.T,"STUDIO ATAO Co.,Ltd.","STUDIO ATAO Co.,Ltd.",,Growth Market(Domestic),Retail Trade,
3551,3551.T,DYNIC CORPORATION,DYNIC 公司,,Standard Market(Domestic),Textiles and Apparels,
3553,3553.T,"KYOWA LEATHER CLOTH CO.,LTD.","KYOWA LEATHER CLOTH CO.,LTD.",,Standard Market(Domestic),Chemicals,
3556,3556.T,"RenetJapanGroup,Inc.","RenetJapanGroup,Inc.",,Growth Market(Domestic),Retail Trade,
3557,3557.T,UNITED&COLLECTIVE CO.LTD.,UNITED&COLLECTIVE CO.LTD.,,Growth Market(Domestic),Retail Trade,
3558,3558.T,"JADE GROUP,Inc.","JADE 集团,Inc.",,Growth Market(Domestic),Retail Trade,
3559,3559.T,p-ban.com Corp.,p-ban.com Corp.,,Standard Market(Domestic),Wholesale Trade,
3560,3560.T,"Hobonichi Co.,Ltd.","Hobonichi Co.,Ltd.",,Standard Market(Domestic),Retail Trade,
3561,3561.T,"CHIKARANOMOTO HOLDINGS Co.,Ltd.","CHIKARANOMOTO 控股 Co.,Ltd.",,Prime Market (Domestic),Retail Trade,1094.17
3562,3562.T,"No.1 Co.,Ltd","No.1 Co.,Ltd",,Standard Market(Domestic),Wholesale Trade,1094.17
3563,3563.T,FOOD & LIFE COMPANIES LTD.,FOOD & LIFE COMPANIES LTD.,,Prime Market (Domestic),Retail Trade,
3565,3565.T,Ascentech K.K.,Ascentech K.K.,,Standard Market(Domestic),Wholesale Trade,
3566,3566.T,"UNIFORM NEXT CO.,LTD.","UNIFORM NEXT CO.,LTD.",,Growth Market(Domestic),Retail Trade,
3569,3569.T,"SEIREN CO.,LTD.","SEIREN CO.,LTD.",,Prime Market (Domestic),Textiles and Apparels,1094.17
3571,3571.T,"SOTOH CO.,LTD.","SOTOH CO.,LTD.",,Standard Market(Domestic),Textiles and Apparels,
3577,3577.T,Tokai Senko K.K.,Tokai Senko K.K.,,Standard Market(Domestic),Textiles and Apparels,
3580,3580.T,"KOMATSU MATERE Co.,Ltd.","KOMATSU MATERE Co.,Ltd.",,Prime Market (Domestic),Textiles and Apparels,
3583,3583.T,AuBEX CORPORATION,AuBEX 公司,,Standard Market(Domestic),Textiles and Apparels,
3591,3591.T,WACOAL HOLDINGS CORP.,WACOAL 控股 CORP.,,Prime Market (Domestic),Textiles and Apparels,1094.17
3597,3597.T,"JICHODO Co.,Ltd.","JICHODO Co.,Ltd.",,Standard Market(Domestic),Textiles and Apparels,
3598,3598.T,"YAMAKI CO.,LTD.","YAMAKI CO.,LTD.",,Standard Market(Domestic),Textiles and Apparels,
3600,3600.T,FUJIX Ltd.,FUJIX Ltd.,,Standard Market(Domestic),Textiles and Apparels,
3607,3607.T,"KURAUDIA HOLDINGS CO.,LTD.","KURAUDIA 控股 CO.,LTD.",,Standard Market(Domestic),Textiles and Apparels,
3608,3608.T,"TSI HOLDINGS CO.,LTD.","TSI 控股 CO.,LTD.",,Prime Market (Domestic),Textiles and Apparels,
3611,3611.T,MATSUOKA CORPORATION,MATSUOKA 公司,,Standard Market(Domestic),Textiles and Apparels,
3612,3612.T,"WORLD CO.,LTD.","WORLD CO.,LTD.",,Prime Market (Domestic),Textiles and Apparels,
3622,3622.T,Netyear Group Corporation,Netyear 集团 公司,,Standard Market(Domestic),Information & Communication,
3623,3623.T,Billing System Corporation,Billing System 公司,,Growth Market(Domestic),Information & Communication,
3624,3624.T,AXEL MARK INC.,AXEL MARK INC.,,Growth Market(Domestic),Information & Communication,
3625,3625.T,Techfirm Holdings Inc.,Techfirm 控股 Inc.,,Growth Market(Domestic),Information & Communication,
3626,3626.T,TISI Inc.,TISI Inc.,,Prime Market (Domestic),Information & Communication,
3627,3627.T,TECMIRA HOLDINGS INC.,TECMIRA 控股 INC.,,Standard Market(Domestic),Information & Communication,
3628,3628.T,"DATA HORIZON CO.,LTD.","DATA HORIZON CO.,LTD.",,Growth Market(Domestic),Information & Communication,
3632,3632.T,"GREE Holdings,Inc.","GREE 控股,Inc.",,Prime Market (Domestic),Information & Communication,
3633,3633.T,"GMO Pepabo,Inc.","GMO Pepabo,Inc.",,Standard Market(Domestic),Information & Communication,
3634,3634.T,Sockets Inc.,Sockets Inc.,,Standard Market(Domestic),Information & Communication,
3635,3635.T,"KOEI TECMO HOLDINGS CO.,LTD.","KOEI TECMO 控股 CO.,LTD.",,Prime Market (Domestic),Information & Communication,
3636,3636.T,"Mitsubishi Research Institute,Inc.","Mitsubishi 研究 Institute,Inc.",,Prime Market (Domestic),Information & Communication,
3639,3639.T,Voltage Incorporation,Voltage Incorporation,,Standard Market(Domestic),Information & Communication,
3640,3640.T,"DENSAN CO.,LTD.","DENSAN CO.,LTD.",,Standard Market(Domestic),Information & Communication,
3641,3641.T,"PAPYLESS CO.,LTD.","PAPYLESS CO.,LTD.",,Standard Market(Domestic),Information & Communication,
3645,3645.T,"Medical Net,Inc.","Medical Net,Inc.",,Standard Market(Domestic),Information & Communication,
3646,3646.T,"Ekitan & Co.,Ltd.","Ekitan & Co.,Ltd.",,Standard Market(Domestic),Information & Communication,
3647,3647.T,"ASULINA Co.,Ltd.","ASULINA Co.,Ltd.",,Standard Market(Domestic),Information & Communication,
3648,3648.T,AGS Corporation,AGS 公司,,Standard Market(Domestic),Information & Communication,
3649,3649.T,FINDEX Inc.,FINDEX Inc.,,Prime Market (Domestic),Information & Communication,
3652,3652.T,Digital Media Professionals Inc.,Digital Media Professionals Inc.,,Growth Market(Domestic),Information & Communication,
3653,3653.T,"Morpho,Inc.","Morpho,Inc.",,Growth Market(Domestic),Information & Communication,1093.71
3656,3656.T,KLab Inc.,KLab Inc.,,Prime Market (Domestic),Information & Communication,
3657,3657.T,"Pole To Win Holdings,Inc.","Pole To Win 控股,Inc.",,Prime Market (Domestic),Information & Communication,1093.71
3659,3659.T,"NEXON Co.,Ltd.","NEXON Co.,Ltd.",,Prime Market (Domestic),Information & Communication,1044.91
365,365.T,"IZAWA TOWEL CO.,LTD.","IZAWA TOWEL CO.,LTD.",,Standard Market(Domestic),Textiles and Apparels,1093.71
3660,3660.T,istyle Inc.,istyle Inc.,,Prime Market (Domestic),Information & Communication,
3661,3661.T,"m-up holdings,Inc.","m-up 控股,Inc.",,Prime Market (Domestic),Information & Communication,1093.71
3662,3662.T,"Ateam Holdings Co.,Ltd.","Ateam 控股 Co.,Ltd.",,Prime Market (Domestic),Information & Communication,
3663,3663.T,"CELSYS,Inc.","CELSYS,Inc.",,Prime Market (Domestic),Information & Communication,
3664,3664.T,WIZE INC.,WIZE INC.,,Growth Market(Domestic),Information & Communication,
3665,3665.T,Enigmo Inc.,Enigmo Inc.,,Prime Market (Domestic),Information & Communication,
3667,3667.T,"enish,inc.","enish,inc.",,Standard Market(Domestic),Information & Communication,
3668,3668.T,"COLOPL,Inc.","COLOPL,Inc.",,Prime Market (Domestic),Information & Communication,
366,366.T,Wellness Communications Corporation,Wellness 通信 公司,,Growth Market(Domestic),Services,1093.71
3671,3671.T,"SOFTMAX CO.,LTD","SOFTMAX CO.,LTD",,Standard Market(Domestic),Information & Communication,
3672,3672.T,AltPlusInc.,AltPlusInc.,,Standard Market(Domestic),Information & Communication,1093.71
3673,3673.T,"Broadleaf Co.,Ltd.","Broadleaf Co.,Ltd.",,Prime Market (Domestic),Information & Communication,1093.71
3674,3674.T,"Aucfan Co.,Ltd.","Aucfan Co.,Ltd.",,Growth Market(Domestic),Information & Communication,
3675,3675.T,Cross Marketing Group Inc.,Cross Marketing 集团 Inc.,,Standard Market(Domestic),Information & Communication,
3676,3676.T,"DIGITAL HEARTS HOLDINGS Co.,Ltd.","DIGITAL HEARTS 控股 Co.,Ltd.",,Prime Market (Domestic),Information & Communication,
3678,3678.T,"MEDIA DO Co.,Ltd.","MEDIA DO Co.,Ltd.",,Prime Market (Domestic),Information & Communication,
3679,3679.T,"ZIGExN Co.,Ltd.","ZIGExN Co.,Ltd.",,Prime Market (Domestic),Information & Communication,
367,367.T,"Primo Global Holdings Co.,Ltd.","Primo Global 控股 Co.,Ltd.",,Standard Market(Domestic),Retail Trade,1093.71
3680,3680.T,Hotto Link Inc.,Hotto Link Inc.,,Growth Market(Domestic),Information & Communication,
3682,3682.T,"Encourage Technologies Co.,Ltd.","Encourage 科技 Co.,Ltd.",,Standard Market(Domestic),Information & Communication,
3683,3683.T,"CYBERLINKS CO.,LTD.","CYBERLINKS CO.,LTD.",,Standard Market(Domestic),Information & Communication,
3686,3686.T,DLE Inc.,DLE Inc.,,Standard Market(Domestic),Information & Communication,
3687,3687.T,Fixstars Corporation,Fixstars 公司,,Prime Market (Domestic),Information & Communication,
368,368.T,Kitazato Corporation,Kitazato 公司,,Prime Market (Domestic),Precision Instruments,1093.71
3690,3690.T,YRGLM Inc.,YRGLM Inc.,,Standard Market(Domestic),Information & Communication,
3691,3691.T,"DIGITAL PLUS,Inc.","DIGITAL PLUS,Inc.",,Growth Market(Domestic),Information & Communication,
3692,3692.T,"FFRI Security,Inc.","FFRI Security,Inc.",,Growth Market(Domestic),Information & Communication,1093.71
3694,3694.T,OPTiM CORPORATION,OPTiM 公司,,Prime Market (Domestic),Information & Communication,
3695,3695.T,"GMO Product Platform,Inc.","GMO Product Platform,Inc.",,Growth Market(Domestic),Information & Communication,
3696,3696.T,CERES INC.,CERES INC.,,Prime Market (Domestic),Information & Communication,
3697,3697.T,SHIFT Inc.,SHIFT Inc.,,Prime Market (Domestic),Information & Communication,1093.71
3698,3698.T,"CRI Middleware Co.,Ltd.","CRI Middleware Co.,Ltd.",,Standard Market(Domestic),Information & Communication,
369,369.T,"A-tie Co.,Ltd.","A-tie Co.,Ltd.",,Growth Market(Domestic),Services,1093.71
3708,3708.T,"Tokushu Tokai Paper Co.,Ltd.","Tokushu Tokai Paper Co.,Ltd.",,Prime Market (Domestic),Pulp and Paper,
3710,3710.T,"Jorudan Co.,Ltd.","Jorudan Co.,Ltd.",,Standard Market(Domestic),Information & Communication,
3712,3712.T,"Information Planning CO.,LTD.","Information Planning CO.,LTD.",,Standard Market(Domestic),Information & Communication,
3719,3719.T,"AI storm Co.,Ltd.","AI storm Co.,Ltd.",,Standard Market(Domestic),Information & Communication,
3723,3723.T,NIHON FALCOM CORPORATION,NIHON FALCOM 公司,,Growth Market(Domestic),Information & Communication,
3726,3726.T,"4Cs HD Co.,Ltd.","4Cs HD Co.,Ltd.",,Standard Market(Domestic),Retail Trade,
3727,3727.T,Aplix Corporation,Aplix 公司,,Growth Market(Domestic),Information & Communication,
372,372.T,RENT CORPORATION,RENT 公司,,Standard Market(Domestic),Services,1093.71
3733,3733.T,"Software Service,Inc.","Software Service,Inc.",,Standard Market(Domestic),Information & Communication,
373,373.T,"LIPPS CO.,LTD","LIPPS CO.,LTD",,Growth Market(Domestic),Chemicals,1093.71
3741,3741.T,"Systems Engineering Consultants Co.,LTD.","系统 工程 Consultants Co.,LTD.",,Prime Market (Domestic),Information & Communication,
3744,3744.T,SIOS Corporation,SIOS 公司,,Standard Market(Domestic),Information & Communication,
3747,3747.T,"INTERTRADE Co.,Ltd.","INTERTRADE Co.,Ltd.",,Standard Market(Domestic),Information & Communication,
3750,3750.T,ADR Biomedical Holdings Inc.,ADR Biomedical 控股 Inc.,,Standard Market(Domestic),Information & Communication,
3753,3753.T,FLIGHT SOLUTIONS Inc.,FLIGHT SOLUTIONS Inc.,,Standard Market(Domestic),Information & Communication,
3758,3758.T,Aeria Inc.,Aeria Inc.,,Standard Market(Domestic),Information & Communication,
3760,3760.T,"CAVE Interactive CO.,LTD.","CAVE Interactive CO.,LTD.",,Standard Market(Domestic),Information & Communication,
3762,3762.T,TECHMATRIX CORPORATION,TECHMATRIX 公司,,Prime Market (Domestic),Information & Communication,
3763,3763.T,Pro-Ship Incorporated,Pro-Ship Incorporated,,Prime Market (Domestic),Information & Communication,1093.71
3765,3765.T,"GungHo Online Entertainment,Inc.","GungHo Online Entertainment,Inc.",,Prime Market (Domestic),Information & Communication,
3766,3766.T,"SYSTEMS DESIGN Co.,Ltd.","系统 DESIGN Co.,Ltd.",,Standard Market(Domestic),Information & Communication,
3768,3768.T,Riskmonster.com,Riskmonster.com,,Standard Market(Domestic),Information & Communication,
3769,3769.T,"GMO Payment Gateway,Inc.","GMO Payment Gateway,Inc.",,Prime Market (Domestic),Information & Communication,
3771,3771.T,"SYSTEM RESEARCH CO.,LTD.","SYSTEM 研究 CO.,LTD.",,Prime Market (Domestic),Information & Communication,
3772,3772.T,"Wealth Management,Inc.","Wealth Management,Inc.",,Standard Market(Domestic),Real Estate,
3773,3773.T,"Advanced Media,Inc.","Advanced Media,Inc.",,Growth Market(Domestic),Information & Communication,
3774,3774.T,Internet Initiative Japan Inc.,Internet Initiative Japan Inc.,,Prime Market (Domestic),Information & Communication,
3776,3776.T,"BroadBand Tower,Inc.","BroadBand Tower,Inc.",,Standard Market(Domestic),Information & Communication,
3777,3777.T,Environment Friendly Holdings Corp.,Environment Friendly 控股 Corp.,,Growth Market(Domestic),Information & Communication,
3778,3778.T,SAKURA internet Inc.,SAKURA internet Inc.,,Prime Market (Domestic),Information & Communication,1093.71
3779,3779.T,"J ESCOM HOLDINGS,INC.","J ESCOM 控股,INC.",,Standard Market(Domestic),Information & Communication,
3787,3787.T,"Techno Mathematical Co.,Ltd.","Techno Mathematical Co.,Ltd.",,Standard Market(Domestic),Information & Communication,
3788,3788.T,GMO GlobalSign Holdings K.K.,GMO GlobalSign 控股 K.K.,,Prime Market (Domestic),Information & Communication,
378,378.T,"Hit Co.,Ltd.","Hit Co.,Ltd.",,Growth Market(Domestic),Services,
3791,3791.T,"IG Port,Inc.","IG Port,Inc.",,Standard Market(Domestic),Information & Communication,
3793,3793.T,"Drecom Co.,Ltd.","Drecom Co.,Ltd.",,Growth Market(Domestic),Information & Communication,
3796,3796.T,"e-Seikatsu Co.,Ltd.","e-Seikatsu Co.,Ltd.",,Standard Market(Domestic),Information & Communication,
3798,3798.T,"ULS Group,Inc.","ULS 集团,Inc.",,Standard Market(Domestic),Information & Communication,
3799,3799.T,Keyware Solutions Inc.,Keyware Solutions Inc.,,Standard Market(Domestic),Information & Communication,
3800,3800.T,UNIRITA Inc.,UNIRITA Inc.,,Standard Market(Domestic),Information & Communication,
3802,3802.T,"ECOMIC CO.,LTD","ECOMIC CO.,LTD",,Standard Market(Domestic),Information & Communication,
3803,3803.T,Image Information Inc.,Image Information Inc.,,Growth Market(Domestic),Information & Communication,
3804,3804.T,System D Inc.,System D Inc.,,Standard Market(Domestic),Information & Communication,
3807,3807.T,FISCO Ltd.,FISCO Ltd.,,Growth Market(Domestic),Information & Communication,
3810,3810.T,"CyberStep Holdings,Inc.","CyberStep 控股,Inc.",,Standard Market(Domestic),Information & Communication,
3815,3815.T,"Media Kobo,Inc.","Media Kobo,Inc.",,Growth Market(Domestic),Information & Communication,
3816,3816.T,"DAIWA COMPUTER CO.,LTD.","DAIWA COMPUTER CO.,LTD.",,Standard Market(Domestic),Information & Communication,
3817,3817.T,"SRA Holdings,Inc.","SRA 控股,Inc.",,Prime Market (Domestic),Information & Communication,
3823,3823.T,"THE WHY HOW DO COMPANY,Inc.","THE WHY HOW DO COMPANY,Inc.",,Standard Market(Domestic),Information & Communication,
3825,3825.T,"Remixpoint,inc.","Remixpoint,inc.",,Standard Market(Domestic),Retail Trade,
3826,3826.T,System Integrator Corp.,System Integrator Corp.,,Standard Market(Domestic),Information & Communication,
3834,3834.T,"Asahi Net,Inc.","Asahi Net,Inc.",,Prime Market (Domestic),Information & Communication,
3835,3835.T,"eBASE Co.,Ltd.","eBASE Co.,Ltd.",,Prime Market (Domestic),Information & Communication,
3836,3836.T,AVANT GROUP CORPORATION,AVANT 集团 公司,,Prime Market (Domestic),Information & Communication,
3837,3837.T,Ad-Sol Nissin Corporation,Ad-Sol Nissin 公司,,Prime Market (Domestic),Information & Communication,
3839,3839.T,"ODK Solutions Company,Ltd.","ODK Solutions Company,Ltd.",,Standard Market(Domestic),Information & Communication,
3840,3840.T,VIXTON corporation,VIXTON 公司,,Standard Market(Domestic),Information & Communication,
3841,3841.T,Jedat Inc.,Jedat Inc.,,Standard Market(Domestic),Information & Communication,
3842,3842.T,"Nextgen,Inc.","Nextgen,Inc.",,Standard Market(Domestic),Information & Communication,
3843,3843.T,"FreeBit Co.,Ltd.","FreeBit Co.,Ltd.",,Prime Market (Domestic),Information & Communication,
3844,3844.T,COMTURE CORPORATION,COMTURE 公司,,Prime Market (Domestic),Information & Communication,1092.68
3845,3845.T,I-FREEK MOBILE INC.,I-FREEK MOBILE INC.,,Standard Market(Domestic),Information & Communication,
3848,3848.T,"Data Applications Company,Limited","Data Applications Company,Limited",,Standard Market(Domestic),Information & Communication,1092.68
3850,3850.T,NTT DATA INTRAMART CORPORATION,NTT DATA INTRAMART 公司,,Standard Market(Domestic),Information & Communication,1092.68
3851,3851.T,"Nippon Ichi Software,Inc.","Nippon Ichi Software,Inc.",,Standard Market(Domestic),Information & Communication,
3853,3853.T,ASTERIA Corporation,ASTERIA 公司,,Prime Market (Domestic),Information & Communication,
3854,3854.T,I'LL INC,I'LL INC,,Prime Market (Domestic),Information & Communication,
3858,3858.T,Ubiquitous AI Corporation,Ubiquitous AI 公司,,Standard Market(Domestic),Information & Communication,
3861,3861.T,Oji Holdings Corporation,Oji 控股 公司,,Prime Market (Domestic),Pulp and Paper,1092.68
3863,3863.T,"Nippon Paper Industries Co.,Ltd.","Nippon Paper 工业 Co.,Ltd.",,Prime Market (Domestic),Pulp and Paper,12029.28
3864,3864.T,Mitsubishi Paper Mills Limited,Mitsubishi Paper Mills Limited,,Prime Market (Domestic),Pulp and Paper,
3865,3865.T,Hokuetsu Corporation,Hokuetsu 公司,,Prime Market (Domestic),Pulp and Paper,
386,386.T,"MINOYA CO.,LTD.","MINOYA CO.,LTD.",,Standard Market(Domestic),Retail Trade,1092.68
3877,3877.T,"Chuetsu Pulp & Paper Co.,Ltd.","Chuetsu Pulp & Paper Co.,Ltd.",,Prime Market (Domestic),Pulp and Paper,
3878,3878.T,TOMOEGAWA CORPORATION,TOMOEGAWA 公司,,Standard Market(Domestic),Chemicals,
387,387.T,"Fuller,Inc.","Fuller,Inc.",,Growth Market(Domestic),Information & Communication,1092.68
3880,3880.T,Daio Paper Corporation,Daio Paper 公司,,Prime Market (Domestic),Pulp and Paper,
3891,3891.T,NIPPON KODOSHI CORPORATION,NIPPON KODOSHI 公司,,Standard Market(Domestic),Pulp and Paper,
3892,3892.T,"Okayama Paper Industries Co.,Ltd.","Okayama Paper 工业 Co.,Ltd.",,Standard Market(Domestic),Pulp and Paper,
3895,3895.T,HAVIX CORPORATION,HAVIX 公司,,Standard Market(Domestic),Pulp and Paper,
3896,3896.T,"AWA PAPER & TECHNOLOGICAL COMPANY,Inc.","AWA PAPER & TECHNOLOGICAL COMPANY,Inc.",,Standard Market(Domestic),Pulp and Paper,
3900,3900.T,CrowdWorks Inc.,CrowdWorks Inc.,,Growth Market(Domestic),Information & Communication,
3901,3901.T,"MarkLines Co.,Ltd.","MarkLines Co.,Ltd.",,Prime Market (Domestic),Information & Communication,
3903,3903.T,gumi Inc.,gumi Inc.,,Prime Market (Domestic),Information & Communication,
3904,3904.T,KAYAC Inc.,KAYAC Inc.,,Growth Market(Domestic),Information & Communication,
3905,3905.T,Datasection Inc.,Datasection Inc.,,Growth Market(Domestic),Information & Communication,
3907,3907.T,Silicon Studio Corp.,Silicon Studio Corp.,,Standard Market(Domestic),Information & Communication,
3908,3908.T,Collabos Corporation,Collabos 公司,,Standard Market(Domestic),Information & Communication,
3909,3909.T,Showcase Inc.,Showcase Inc.,,Standard Market(Domestic),Information & Communication,
3910,3910.T,MKSystem Corporation,MKSystem 公司,,Standard Market(Domestic),Information & Communication,
3911,3911.T,Aiming Inc.,Aiming Inc.,,Growth Market(Domestic),Information & Communication,
3912,3912.T,"Mobile Factory,Inc.","Mobile Factory,Inc.",,Standard Market(Domestic),Information & Communication,
3913,3913.T,"GreenBee,Inc.","GreenBee,Inc.",,Standard Market(Domestic),Information & Communication,
3914,3914.T,JIG-SAW INC.,JIG-SAW INC.,,Growth Market(Domestic),Information & Communication,1092.68
3915,3915.T,"TerraSky Co.,Ltd","TerraSky Co.,Ltd",,Prime Market (Domestic),Information & Communication,
3916,3916.T,Digital Information Technologies Corporation,Digital Information 科技 公司,,Prime Market (Domestic),Information & Communication,
3917,3917.T,"iRidge,Inc.","iRidge,Inc.",,Growth Market(Domestic),Information & Communication,
3918,3918.T,"PCI Holdings,INC.","PCI 控股,INC.",,Standard Market(Domestic),Information & Communication,1092.68
3920,3920.T,"Internetworking and Broadband Consulting Co.,Ltd.","Internetworking and Broadband Consulting Co.,Ltd.",,Standard Market(Domestic),Information & Communication,
3921,3921.T,NEOJAPAN Inc.,NEOJAPAN Inc.,,Prime Market (Domestic),Information & Communication,1092.68
3922,3922.T,PR TIMES Corporation,PR TIMES 公司,,Prime Market (Domestic),Information & Communication,1092.68
3923,3923.T,"RAKUS Co.,Ltd.","RAKUS Co.,Ltd.",,Prime Market (Domestic),Information & Communication,
3925,3925.T,Double Standard Inc.,Double Standard Inc.,,Prime Market (Domestic),Information & Communication,
3926,3926.T,Open Door Inc.,Open Door Inc.,,Standard Market(Domestic),Information & Communication,
3927,3927.T,Fuva Brain Limited,Fuva Brain Limited,,Standard Market(Domestic),Information & Communication,
3928,3928.T,Mynet Inc.,Mynet Inc.,,Standard Market(Domestic),Information & Communication,
3929,3929.T,"SOCIALWIRE CO.,LTD.","SOCIALWIRE CO.,LTD.",,Growth Market(Domestic),Information & Communication,
3930,3930.T,"Hatena Co.,Ltd.","Hatena Co.,Ltd.",,Growth Market(Domestic),Information & Communication,
3931,3931.T,VALUE GOLF Inc.,VALUE GOLF Inc.,,Growth Market(Domestic),Information & Communication,
3932,3932.T,Akatsuki Inc.,Akatsuki Inc.,,Prime Market (Domestic),Information & Communication,
3933,3933.T,"CHIeru Co.,Ltd.","CHIeru Co.,Ltd.",,Standard Market(Domestic),Information & Communication,
3934,3934.T,"BENEFIT JAPAN Co.,LTD.","BENEFIT JAPAN Co.,LTD.",,Standard Market(Domestic),Information & Communication,
3935,3935.T,"Edia Co.,Ltd.","Edia Co.,Ltd.",,Standard Market(Domestic),Information & Communication,
3936,3936.T,"Globalway,Inc.","Globalway,Inc.",,Growth Market(Domestic),Information & Communication,
3937,3937.T,"Ubicom Holdings,Inc.","Ubicom 控股,Inc.",,Standard Market(Domestic),Information & Communication,
3939,3939.T,"Kanamic Network Co.,LTD","Kanamic Network Co.,LTD",,Prime Market (Domestic),Information & Communication,
3940,3940.T,"Nomura System Corporation Co,Ltd.","Nomura System 公司 Co,Ltd.",,Standard Market(Domestic),Information & Communication,
3941,3941.T,"Rengo Co.,Ltd.","Rengo Co.,Ltd.",,Prime Market (Domestic),Pulp and Paper,1092.68
3943,3943.T,"OHISHI SANGYO CO.,LTD.","OHISHI SANGYO CO.,LTD.",,Standard Market(Domestic),Pulp and Paper,
3944,3944.T,"Furubayashi Shiko Co.,Ltd.","Furubayashi Shiko Co.,Ltd.",,Standard Market(Domestic),Pulp and Paper,
3945,3945.T,"Superbag Company,Limited","Superbag Company,Limited",,Standard Market(Domestic),Pulp and Paper,
3946,3946.T,"TOMOKU CO.,LTD.","TOMOKU CO.,LTD.",,Prime Market (Domestic),Pulp and Paper,
3947,3947.T,"Dynapac Co.,Ltd.","Dynapac Co.,Ltd.",,Standard Market(Domestic),Pulp and Paper,1092.68
3948,3948.T,"HIKARI BUSINESS FORM CO.,LTD.","HIKARI BUSINESS FORM CO.,LTD.",,Standard Market(Domestic),Pulp and Paper,
3950,3950.T,THE PACK CORPORATION,THE PACK 公司,,Prime Market (Domestic),Pulp and Paper,
3951,3951.T,"ASAHI PRINTING CO.,LTD.","ASAHI PRINTING CO.,LTD.",,Standard Market(Domestic),Pulp and Paper,
3953,3953.T,"OHMURA SHIGYO CO.,LTD.","OHMURA SHIGYO CO.,LTD.",,Standard Market(Domestic),Pulp and Paper,1092.68
3954,3954.T,SHOWA PAXXS CORPORATION,SHOWA PAXXS 公司,,Standard Market(Domestic),Pulp and Paper,
3955,3955.T,"IMURA & Co.,Ltd.","IMURA & Co.,Ltd.",,Standard Market(Domestic),Pulp and Paper,
3958,3958.T,"Sasatoku Printing Co.,Ltd.","Sasatoku Printing Co.,Ltd.",,Standard Market(Domestic),Pulp and Paper,
3962,3962.T,"CHANGE Holdings,Inc.","CHANGE 控股,Inc.",,Prime Market (Domestic),Information & Communication,1092.68
3963,3963.T,"Synchro Food Co.,Ltd.","Synchro Food Co.,Ltd.",,Prime Market (Domestic),Information & Communication,
3964,3964.T,AUCNET INC.,AUCNET INC.,,Prime Market (Domestic),Information & Communication,1092.68
3965,3965.T,"Capital Asset Planning,Inc.","Capital Asset Planning,Inc.",,Standard Market(Domestic),Information & Communication,1092.68
3967,3967.T,"Eltes Co.,Ltd.","Eltes Co.,Ltd.",,Growth Market(Domestic),Information & Communication,
3968,3968.T,"Segue Group Co.,Ltd.","Segue 集团 Co.,Ltd.",,Prime Market (Domestic),Information & Communication,
3969,3969.T,ATLED CORP.,ATLED CORP.,,Standard Market(Domestic),Information & Communication,
3970,3970.T,Innovation Inc.,Innovation Inc.,,Standard Market(Domestic),Information & Communication,
3974,3974.T,SCAT Inc.,SCAT Inc.,,Standard Market(Domestic),Information & Communication,
3976,3976.T,SHANON Inc.,SHANON Inc.,,Growth Market(Domestic),Information & Communication,
3979,3979.T,"ULURU.CO.,LTD.","ULURU.CO.,LTD.",,Growth Market(Domestic),Information & Communication,
3981,3981.T,Beaglee Inc.,Beaglee Inc.,,Standard Market(Domestic),Information & Communication,
3983,3983.T,"ORO Co.,Ltd.","ORO Co.,Ltd.",,Prime Market (Domestic),Information & Communication,1092.68
3984,3984.T,"User Local,Inc.","User Local,Inc.",,Prime Market (Domestic),Information & Communication,
3985,3985.T,TEMONA.inc.,TEMONA.inc.,,Standard Market(Domestic),Information & Communication,
3986,3986.T,"bBreak Systems Company,Limited","bBreak 系统 Company,Limited",,Standard Market(Domestic),Information & Communication,
3987,3987.T,Ecomott Inc.,Ecomott Inc.,,Growth Market(Domestic),Information & Communication,
3988,3988.T,"SYS Holdings Co.,Ltd.","SYS 控股 Co.,Ltd.",,Standard Market(Domestic),Information & Communication,
3989,3989.T,SHARINGTECHNOLOGY INC.,SHARINGTECHNOLOGY INC.,,Growth Market(Domestic),Information & Communication,
3991,3991.T,"Wantedly,Inc","Wantedly,Inc",,Growth Market(Domestic),Information & Communication,
3992,3992.T,Needs Well Inc.,Needs Well Inc.,,Prime Market (Domestic),Information & Communication,
3993,3993.T,PKSHA Technology Inc.,PKSHA 科技 Inc.,,Prime Market (Domestic),Information & Communication,
3994,3994.T,"Money Forward,Inc.","Money Forward,Inc.",,Prime Market (Domestic),Information & Communication,1092.68
3996,3996.T,Signpost Corporation,Signpost 公司,,Standard Market(Domestic),Information & Communication,
3997,3997.T,"TRADE WORKS Co.,Ltd","TRADE WORKS Co.,Ltd",,Standard Market(Domestic),Information & Communication,
3998,3998.T,"SuRaLa Net Co.,Ltd.","SuRaLa Net Co.,Ltd.",,Growth Market(Domestic),Information & Communication,
4004,4004.T,Resonac Holdings Corporation,Resonac 控股 公司,,Prime Market (Domestic),Chemicals,
4005,4005.T,"SUMITOMO CHEMICAL COMPANY,LIMITED","SUMITOMO 化学 COMPANY,LIMITED",,Prime Market (Domestic),Chemicals,1092.68
4008,4008.T,"Sumitomo Seika Chemicals Company,Limited.","Sumitomo Seika Chemicals Company,Limited.",,Prime Market (Domestic),Chemicals,
4011,4011.T,"Headwaters Co.,Ltd","Headwaters Co.,Ltd",,Growth Market(Domestic),Information & Communication,
4012,4012.T,"AXIS CO.,LTD.","AXIS CO.,LTD.",,Standard Market(Domestic),Information & Communication,
4013,4013.T,"Kinjiro Co.,Ltd.","Kinjiro Co.,Ltd.",,Growth Market(Domestic),Information & Communication,
4014,4014.T,"KARADANOTE,INC.","KARADANOTE,INC.",,Growth Market(Domestic),Information & Communication,
4015,4015.T,Paycloud Holdings Inc.,Paycloud 控股 Inc.,,Growth Market(Domestic),Information & Communication,
4016,4016.T,"MIT Holdings CO.,LTD.","MIT 控股 CO.,LTD.",,Standard Market(Domestic),Information & Communication,
4017,4017.T,CREEMA LTD.,CREEMA LTD.,,Growth Market(Domestic),Information & Communication,
4019,4019.T,"Stmn,Inc.","Stmn,Inc.",,Growth Market(Domestic),Information & Communication,1092.68
4020,4020.T,BETREND CORPORATION,BETREND 公司,,Growth Market(Domestic),Information & Communication,
4021,4021.T,Nissan Chemical Corporation,Nissan 化学 公司,,Prime Market (Domestic),Chemicals,1092.68
4022,4022.T,"Rasa Industries,Ltd.","Rasa 工业,Ltd.",,Prime Market (Domestic),Chemicals,
4023,4023.T,KUREHA CORPORATION,KUREHA 公司,,Prime Market (Domestic),Chemicals,1092.68
4025,4025.T,"TAKI CHEMICAL CO.,LTD.","TAKI 化学 CO.,LTD.",,Prime Market (Domestic),Chemicals,
4026,4026.T,"Konoshima Chemical Co.,Ltd.","Konoshima 化学 Co.,Ltd.",,Standard Market(Domestic),Glass and Ceramics Products,
4027,4027.T,TAYCA CORPORATION,TAYCA 公司,,Prime Market (Domestic),Chemicals,
4028,4028.T,"ISHIHARA SANGYO KAISHA,LTD.","ISHIHARA SANGYO KAISHA,LTD.",,Prime Market (Domestic),Chemicals,1092.68
402,402.T,Axelspace Holdings Corporation,Axelspace 控股 公司,,Growth Market(Domestic),Transportation Equipment,1092.68
4031,4031.T,Katakura & Co-op Agri Corporation,Katakura & Co-op Agri 公司,,Standard Market(Domestic),Chemicals,
4040,4040.T,"NANKAI CHEMICAL COMPANY,LIMITED","NANKAI 化学 COMPANY,LIMITED",,Standard Market(Domestic),Chemicals,
4041,4041.T,"Nippon Soda Co.,Ltd.","Nippon Soda Co.,Ltd.",,Prime Market (Domestic),Chemicals,1092.68
4042,4042.T,TOSOH CORPORATION,TOSOH 公司,,Prime Market (Domestic),Chemicals,
4043,4043.T,Tokuyama Corporation,Tokuyama 公司,,Prime Market (Domestic),Chemicals,
4044,4044.T,"Central Glass Co.,Ltd.","Central Glass Co.,Ltd.",,Prime Market (Domestic),Chemicals,
4045,4045.T,"TOAGOSEI CO.,LTD.","TOAGOSEI CO.,LTD.",,Prime Market (Domestic),Chemicals,
4046,4046.T,"OSAKA SODA CO.,LTD.","OSAKA SODA CO.,LTD.",,Prime Market (Domestic),Chemicals,
4047,4047.T,"KANTO DENKA KOGYO CO.,LTD.","KANTO DENKA KOGYO CO.,LTD.",,Prime Market (Domestic),Chemicals,1092.68
4051,4051.T,"GMO Financial Gate,Inc.","GMO 金融 Gate,Inc.",,Prime Market (Domestic),Information & Communication,1092.68
4052,4052.T,Ficha Inc.,Ficha Inc.,,Growth Market(Domestic),Information & Communication,
4053,4053.T,Sun* Inc.,Sun* Inc.,,Prime Market (Domestic),Information & Communication,1092.68
4054,4054.T,"Japan PropTech Co.,Ltd.","Japan PropTech Co.,Ltd.",,Growth Market(Domestic),Information & Communication,1092.68
4055,4055.T,T&S Group Inc.,T&S 集团 Inc.,,Growth Market(Domestic),Information & Communication,
4056,4056.T,Neural Group Inc.,Neural 集团 Inc.,,Growth Market(Domestic),Information & Communication,
4057,4057.T,"Interfactory,Inc.","Interfactory,Inc.",,Growth Market(Domestic),Information & Communication,
4058,4058.T,"Toyokumo,Inc.","Toyokumo,Inc.",,Growth Market(Domestic),Information & Communication,
4059,4059.T,"Magmag,Inc.","Magmag,Inc.",,Standard Market(Domestic),Information & Communication,
4060,4060.T,rakumo Inc.,rakumo Inc.,,Growth Market(Domestic),Information & Communication,
4061,4061.T,Denka Company Limited,Denka Company Limited,,Prime Market (Domestic),Chemicals,
4062,4062.T,"IBIDEN CO.,LTD.","IBIDEN CO.,LTD.",,Prime Market (Domestic),Electric Appliances,
4063,4063.T,"Shin-Etsu Chemical Co.,Ltd.","Shin-Etsu 化学 Co.,Ltd.",,Prime Market (Domestic),Chemicals,11703.68
4064,4064.T,"Nippon Carbide Industries Company,Incorporated","Nippon Carbide 工业 Company,Incorporated",,Prime Market (Domestic),Chemicals,
4068,4068.T,Basis Corporation,Basis 公司,,Growth Market(Domestic),Information & Communication,
4069,4069.T,BlueMeme Inc.,BlueMeme Inc.,,Growth Market(Domestic),Information & Communication,
4071,4071.T,"Plus Alpha Consulting Co.,LTD.","Plus Alpha Consulting Co.,LTD.",,Prime Market (Domestic),Information & Communication,
4072,4072.T,"Densan System Holdings Co.,Ltd.","Densan System 控股 Co.,Ltd.",,Prime Market (Domestic),Information & Communication,
4073,4073.T,"Global Communication Planning Co.,Ltd.","Global Communication Planning Co.,Ltd.",,Growth Market(Domestic),Information & Communication,
4074,4074.T,"LaKeel,Inc.","LaKeel,Inc.",,Growth Market(Domestic),Information & Communication,
4075,4075.T,"Brains Technology,Inc.","Brains 科技,Inc.",,Growth Market(Domestic),Information & Communication,
4076,4076.T,"CNS Co.,Ltd.","CNS Co.,Ltd.",,Growth Market(Domestic),Information & Communication,
4078,4078.T,"Sakai Chemical Industry Co.,Ltd.","Sakai 化学 Industry Co.,Ltd.",,Prime Market (Domestic),Chemicals,
407,407.T,"UNICON Holdings Co.,Ltd.","UNICON 控股 Co.,Ltd.",,Standard Market(Domestic),Construction,
4082,4082.T,"DAIICHI KIGENSO KAGAKU-KOGYO CO.,LTD","DAIICHI KIGENSO KAGAKU-KOGYO CO.,LTD",,Prime Market (Domestic),Chemicals,
4088,4088.T,AIR WATER INC.,AIR WATER INC.,,Prime Market (Domestic),Chemicals,
4091,4091.T,NIPPON SANSO HOLDINGS CORPORATION,NIPPON SANSO 控股 公司,,Prime Market (Domestic),Chemicals,860.1
4092,4092.T,"Nippon Chemical Industrial Co.,Ltd.","Nippon 化学 工业 Co.,Ltd.",,Prime Market (Domestic),Chemicals,
4093,4093.T,"Toho Acetylene Co.,Ltd.","Toho Acetylene Co.,Ltd.",,Standard Market(Domestic),Chemicals,
4094,4094.T,"NIHON KAGAKU SANGYO CO.,LTD.","NIHON KAGAKU SANGYO CO.,LTD.",,Standard Market(Domestic),Chemicals,
4095,4095.T,"NIHON PARKERIZING CO.,LTD.","NIHON PARKERIZING CO.,LTD.",,Prime Market (Domestic),Chemicals,
4097,4097.T,"KOATSU GAS KOGYO CO.,LTD.","KOATSU GAS KOGYO CO.,LTD.",,Prime Market (Domestic),Chemicals,
4098,4098.T,"Titan Kogyo ,Ltd.","Titan Kogyo ,Ltd.",,Standard Market(Domestic),Chemicals,
4099,4099.T,SHIKOKU KASEI HOLDINGS CORPORATION,SHIKOKU KASEI 控股 公司,,Prime Market (Domestic),Chemicals,
409,409.T,"ORION BREWERIES,LTD.","ORION BREWERIES,LTD.",,Prime Market (Domestic),Foods,
4100,4100.T,TODA KOGYO CORP.,TODA KOGYO CORP.,,Standard Market(Domestic),Chemicals,
4102,4102.T,"Maruo Calcium Co.,Ltd.","Maruo Calcium Co.,Ltd.",,Standard Market(Domestic),Chemicals,
4107,4107.T,ISE CHEMICALS CORPORATION,ISE CHEMICALS 公司,,Standard Market(Domestic),Chemicals,
4109,4109.T,STELLA CHEMIFA CORPORATION,STELLA CHEMIFA 公司,,Prime Market (Domestic),Chemicals,
410,410.T,"GMO Commerce,Inc.","GMO Commerce,Inc.",,Growth Market(Domestic),Services,
4112,4112.T,"Hodogaya Chemical Co.,Ltd.","Hodogaya 化学 Co.,Ltd.",,Prime Market (Domestic),Chemicals,
4113,4113.T,"TAOKA CHEMICAL COMPANY,LIMITED","TAOKA 化学 COMPANY,LIMITED",,Standard Market(Domestic),Chemicals,
4114,4114.T,"NIPPON SHOKUBAI CO.,LTD.","NIPPON SHOKUBAI CO.,LTD.",,Prime Market (Domestic),Chemicals,
4116,4116.T,"Dainichiseika Color & Chemicals Mfg.Co.,Ltd.","Dainichiseika Color & Chemicals Mfg.Co.,Ltd.",,Prime Market (Domestic),Chemicals,
4118,4118.T,KANEKA CORPORATION,KANEKA 公司,,Prime Market (Domestic),Chemicals,
4119,4119.T,Nippon Pigment Holdings Company Limited,Nippon Pigment 控股 Company Limited,,Standard Market(Domestic),Chemicals,
4120,4120.T,"SUGAI CHEMICAL INDUSTRY CO.,LTD.","SUGAI 化学 INDUSTRY CO.,LTD.",,Standard Market(Domestic),Chemicals,
4124,4124.T,OSAKA YUKA INDUSTRY LTD.,OSAKA YUKA INDUSTRY LTD.,,Standard Market(Domestic),Chemicals,
4125,4125.T,SANWAYUKA INDUSTRY CORPORATION,SANWAYUKA INDUSTRY 公司,,Standard Market(Domestic),Chemicals,
414,414.T,"OVERLAP Holdings,Inc.","OVERLAP 控股,Inc.",,Growth Market(Domestic),Information & Communication,
4151,4151.T,"Kyowa Kirin Co.,Ltd.","Kyowa Kirin Co.,Ltd.",,Prime Market (Domestic),Pharmaceutical,
415,415.T,"GMO TECH Holdings,Inc.","GMO TECH 控股,Inc.",,Growth Market(Domestic),Services,
4165,4165.T,"PLAID,Inc.","PLAID,Inc.",,Growth Market(Domestic),Information & Communication,948.2
4166,4166.T,Cacco Inc.,Cacco Inc.,,Growth Market(Domestic),Information & Communication,
4167,4167.T,Kokopelli Inc.,Kokopelli Inc.,,Growth Market(Domestic),Information & Communication,
4168,4168.T,"Yappli,Inc.","Yappli,Inc.",,Growth Market(Domestic),Information & Communication,
4169,4169.T,ENECHANGE Ltd.,ENECHANGE Ltd.,,Growth Market(Domestic),Information & Communication,
416,416.T,"FUJI UNITED HOLDINGS COMPANY,LTD.","FUJI UNITED 控股 COMPANY,LTD.",,Standard Market(Domestic),Wholesale Trade,
4170,4170.T,"Kaizen Platform,Inc.","Kaizen Platform,Inc.",,Growth Market(Domestic),Information & Communication,
4172,4172.T,"Hi-CRATES CO.,LTD.","Hi-CRATES CO.,LTD.",,Standard Market(Domestic),Information & Communication,
4174,4174.T,Appirits Inc.,Appirits Inc.,,Standard Market(Domestic),Information & Communication,
4175,4175.T,coly Inc.,coly Inc.,,Growth Market(Domestic),Information & Communication,
4176,4176.T,coconala Inc.,coconala Inc.,,Growth Market(Domestic),Information & Communication,
4177,4177.T,"i-plug,Inc.","i-plug,Inc.",,Growth Market(Domestic),Information & Communication,
4178,4178.T,Sharing Innovations Inc.,Sharing Innovations Inc.,,Growth Market(Domestic),Information & Communication,
4179,4179.T,G-NEXT Inc.,G-NEXT Inc.,,Growth Market(Domestic),Information & Communication,
417,417.T,"BLUE ZONES HOLDINGS CO.,LTD.","BLUE ZONES 控股 CO.,LTD.",,Prime Market (Domestic),Retail Trade,
4180,4180.T,"Appier Group,Inc.","Appier 集团,Inc.",,Prime Market (Domestic),Information & Communication,1037.54
4182,4182.T,"Mitsubishi Gas Chemical Company,Inc.","Mitsubishi Gas 化学 Company,Inc.",,Prime Market (Domestic),Chemicals,469.96
4183,4183.T,"Mitsui Chemicals,Inc.","Mitsui Chemicals,Inc.",,Prime Market (Domestic),Chemicals,
4186,4186.T,"TOKYO OHKA KOGYO CO.,LTD.","TOKYO OHKA KOGYO CO.,LTD.",,Prime Market (Domestic),Chemicals,
4187,4187.T,OSAKA ORGANIC CHEMICAL INDUSTRY LTD.,OSAKA ORGANIC 化学 INDUSTRY LTD.,,Prime Market (Domestic),Chemicals,
4188,4188.T,Mitsubishi Chemical Group Corporation,Mitsubishi 化学 集团 公司,,Prime Market (Domestic),Chemicals,
4189,4189.T,"KH Neochem Co.,Ltd.","KH Neochem Co.,Ltd.",,Prime Market (Domestic),Chemicals,
4192,4192.T,SpiderPlus & Co.,SpiderPlus & Co.,,Growth Market(Domestic),Information & Communication,
4193,4193.T,"Fabrica Holdings Co.,Ltd.","Fabrica 控股 Co.,Ltd.",,Standard Market(Domestic),Information & Communication,
4194,4194.T,"Visional,Inc.","Visional,Inc.",,Prime Market (Domestic),Information & Communication,
4196,4196.T,NEO MARKETING Inc.,NEO MARKETING Inc.,,Standard Market(Domestic),Information & Communication,
4197,4197.T,"ASMARQ Co.,Ltd.","ASMARQ Co.,Ltd.",,Standard Market(Domestic),Information & Communication,
4198,4198.T,"TENDA Co.,LTD.","TENDA Co.,LTD.",,Standard Market(Domestic),Information & Communication,
4199,4199.T,WonderPlanet Inc.,WonderPlanet Inc.,,Growth Market(Domestic),Information & Communication,
4202,4202.T,Daicel Corporation,Daicel 公司,,Prime Market (Domestic),Chemicals,
4203,4203.T,"Sumitomo Bakelite Company,Limited","Sumitomo Bakelite Company,Limited",,Prime Market (Domestic),Chemicals,
4204,4204.T,"Sekisui Chemical Co.,Ltd.","Sekisui 化学 Co.,Ltd.",,Prime Market (Domestic),Chemicals,
4205,4205.T,ZEON CORPORATION,ZEON 公司,,Prime Market (Domestic),Chemicals,
4206,4206.T,"Aica Kogyo Company,Limited","Aica Kogyo Company,Limited",,Prime Market (Domestic),Chemicals,
4208,4208.T,UBE Corporation,UBE 公司,,Prime Market (Domestic),Chemicals,
4212,4212.T,Sekisui Jushi Corporation,Sekisui Jushi 公司,,Prime Market (Domestic),Chemicals,
4216,4216.T,ASAHI YUKIZAI CORPORATION,ASAHI YUKIZAI 公司,,Prime Market (Domestic),Chemicals,
4218,4218.T,"NICHIBAN CO.,LTD.","NICHIBAN CO.,LTD.",,Prime Market (Domestic),Chemicals,
421,421.T,"Movin' Strategic Career CO.,LTD.","Movin' Strategic Career CO.,LTD.",,Growth Market(Domestic),Services,
4220,4220.T,RIKEN TECHNOS CORPORATION,RIKEN TECHNOS 公司,,Prime Market (Domestic),Chemicals,
4221,4221.T,"Okura Industrial Co.,Ltd.","Okura 工业 Co.,Ltd.",,Prime Market (Domestic),Chemicals,
4222,4222.T,"KODAMA CHEMICAL INDUSTRY CO.,LTD.","KODAMA 化学 INDUSTRY CO.,LTD.",,Standard Market(Domestic),Chemicals,
4224,4224.T,LONSEAL CORPORATION,LONSEAL 公司,,Standard Market(Domestic),Chemicals,
4228,4228.T,"Sekisui Kasei Co.,Ltd.","Sekisui Kasei Co.,Ltd.",,Prime Market (Domestic),Chemicals,
4229,4229.T,"Gun Ei Chemical Industry Co.,Ltd.","Gun Ei 化学 Industry Co.,Ltd.",,Prime Market (Domestic),Chemicals,
4231,4231.T,TIGERS POLYMER CORPORATION,TIGERS POLYMER 公司,,Standard Market(Domestic),Chemicals,
4234,4234.T,"Sun A.Kaken Company,Limited","Sun A.Kaken Company,Limited",,Standard Market(Domestic),Chemicals,
4235,4235.T,"Ultrafabrics Holdings Co.,Ltd.","Ultrafabrics 控股 Co.,Ltd.",,Standard Market(Domestic),Chemicals,
4237,4237.T,Fujipream Corporation,Fujipream 公司,,Standard Market(Domestic),Chemicals,
4238,4238.T,"Miraial Co.,Ltd.","Miraial Co.,Ltd.",,Standard Market(Domestic),Chemicals,
423,423.T,LION OFFICE PRODUCTS CORP.,LION OFFICE PRODUCTS CORP.,,Standard Market(Domestic),Wholesale Trade,
4240,4240.T,"CLUSTER TECHNOLOGY CO.,LTD.","CLUSTER 科技 CO.,LTD.",,Standard Market(Domestic),Chemicals,
4241,4241.T,atect corporation,atect 公司,,Standard Market(Domestic),Chemicals,
4242,4242.T,TAKAGI SEIKO CORPORATION,TAKAGI SEIKO 公司,,Standard Market(Domestic),Chemicals,
4243,4243.T,"NIX,INC.","NIX,INC.",,Standard Market(Domestic),Chemicals,
4245,4245.T,"Daiki Axis Co.,Ltd.","Daiki Axis Co.,Ltd.",,Standard Market(Domestic),Chemicals,
4246,4246.T,DaikyoNishikawa Corporation,DaikyoNishikawa 公司,,Prime Market (Domestic),Chemicals,
4247,4247.T,"POVAL KOGYO CO.,LTD.","POVAL KOGYO CO.,LTD.",,Standard Market(Domestic),Chemicals,
4248,4248.T,"Takemoto Yohki Co.,Ltd.","Takemoto Yohki Co.,Ltd.",,Standard Market(Domestic),Chemicals,
4249,4249.T,"MORIROKU COMPANY,LTD.","MORIROKU COMPANY,LTD.",,Prime Market (Domestic),Chemicals,
4251,4251.T,KEIWA Incorporated,KEIWA Incorporated,,Prime Market (Domestic),Chemicals,
4255,4255.T,THECOO Inc.,THECOO Inc.,,Growth Market(Domestic),Information & Communication,
4256,4256.T,"CYND Co.,Ltd.","CYND Co.,Ltd.",,Growth Market(Domestic),Information & Communication,
4258,4258.T,AMIYA Corporation,AMIYA 公司,,Growth Market(Domestic),Information & Communication,
4259,4259.T,ExaWizards Inc.,ExaWizards Inc.,,Growth Market(Domestic),Information & Communication,
4260,4260.T,"Hybrid Technologies Co.,Ltd.","Hybrid 科技 Co.,Ltd.",,Growth Market(Domestic),Information & Communication,
4261,4261.T,"AsiaQuest Co.,Ltd.","AsiaQuest Co.,Ltd.",,Growth Market(Domestic),Information & Communication,
4262,4262.T,"NIFTY Lifestyle Co.,Ltd.","NIFTY Lifestyle Co.,Ltd.",,Growth Market(Domestic),Information & Communication,
4263,4263.T,"SUSMED,Inc.","SUSMED,Inc.",,Growth Market(Domestic),Information & Communication,
4264,4264.T,"SECURE,INC.","SECURE,INC.",,Growth Market(Domestic),Information & Communication,
4265,4265.T,Institution for a Global Society Corporation,Institution for a Global Society 公司,,Growth Market(Domestic),Information & Communication,
4270,4270.T,BeeX Inc.,BeeX Inc.,,Growth Market(Domestic),Information & Communication,
4272,4272.T,"NIPPON KAYAKU CO.,LTD.","NIPPON KAYAKU CO.,LTD.",,Prime Market (Domestic),Chemicals,
4274,4274.T,"HOSOYA PYRO-ENGINEERING CO.,LTD.","HOSOYA PYRO-工程 CO.,LTD.",,Standard Market(Domestic),Chemicals,
4275,4275.T,"Carlit Co.,Ltd.","Carlit Co.,Ltd.",,Prime Market (Domestic),Chemicals,
4284,4284.T,"SOLXYZ Co.,Ltd.","SOLXYZ Co.,Ltd.",,Standard Market(Domestic),Information & Communication,
4286,4286.T,CL Holdings Inc.,CL 控股 Inc.,,Standard Market(Domestic),Services,
4287,4287.T,JUST PLANNING INC.,JUST PLANNING INC.,,Standard Market(Domestic),Information & Communication,
4288,4288.T,"Asgent,Inc.","Asgent,Inc.",,Standard Market(Domestic),Information & Communication,
428,428.T,"Cypress Holdings Co.,Ltd.","Cypress 控股 Co.,Ltd.",,Standard Market(Domestic),Retail Trade,
4290,4290.T,Prestige International Inc.,Prestige International Inc.,,Prime Market (Domestic),Services,
4293,4293.T,"SEPTENI HOLDINGS CO.,LTD.","SEPTENI 控股 CO.,LTD.",,Standard Market(Domestic),Services,
4299,4299.T,"HIMACS,Ltd.","HIMACS,Ltd.",,Standard Market(Domestic),Information & Communication,
429,429.T,Tekscend Photomask Corp.,Tekscend Photomask Corp.,,Prime Market (Domestic),Other Products,
4301,4301.T,AMUSE INC.,AMUSE INC.,,Prime Market (Domestic),Services,
4307,4307.T,"Nomura Research Institute,Ltd.","Nomura 研究 Institute,Ltd.",,Prime Market (Domestic),Information & Communication,
4308,4308.T,J-Stream Inc.,J-Stream Inc.,,Growth Market(Domestic),Information & Communication,
4310,4310.T,Dream Incubator Inc.,Dream Incubator Inc.,,Prime Market (Domestic),Services,
4316,4316.T,"BeMap,Inc.","BeMap,Inc.",,Growth Market(Domestic),Information & Communication,
4317,4317.T,Ray Corporation,Ray 公司,,Standard Market(Domestic),Services,
4318,4318.T,"QUICK CO.,LTD.","QUICK CO.,LTD.",,Prime Market (Domestic),Services,
431,431.T,"uSonar Co.,Ltd.","uSonar Co.,Ltd.",,Growth Market(Domestic),Information & Communication,
4320,4320.T,"CE Holdings Co.,Ltd.","CE 控股 Co.,Ltd.",,Standard Market(Domestic),Information & Communication,
4323,4323.T,"Japan System Techniques Co.,Ltd.","Japan System Techniques Co.,Ltd.",,Prime Market (Domestic),Information & Communication,
4324,4324.T,DENTSU GROUP INC.,DENTSU 集团 INC.,,Prime Market (Domestic),Services,
4326,4326.T,INTAGE HOLDINGS Inc.,INTAGE 控股 Inc.,,Prime Market (Domestic),Information & Communication,
4331,4331.T,"TAKE AND GIVE. NEEDS Co.,Ltd.","TAKE AND GIVE. NEEDS Co.,Ltd.",,Prime Market (Domestic),Services,
4334,4334.T,"YUKE'S Co.,Ltd.","YUKE'S Co.,Ltd.",,Standard Market(Domestic),Information & Communication,
4335,4335.T,"IPS HOLDINGS CO.,LTD.","IPS 控股 CO.,LTD.",,Standard Market(Domestic),Information & Communication,
4337,4337.T,PIA CORPORATION,PIA 公司,,Prime Market (Domestic),Services,
4341,4341.T,SEIRYO ELECTRIC CORPORATION,SEIRYO 电气 公司,,Standard Market(Domestic),Services,
4343,4343.T,"AEON Fantasy Co.,LTD.","AEON Fantasy Co.,LTD.",,Prime Market (Domestic),Services,
4344,4344.T,SOURCENEXT CORPORATION,SOURCENEXT 公司,,Prime Market (Domestic),Information & Communication,
4345,4345.T,"CTS Co.,Ltd.","CTS Co.,Ltd.",,Prime Market (Domestic),Services,
4346,4346.T,NEXYZ.Group Corporation,NEXYZ.集团 公司,,Standard Market(Domestic),Other Financing Business,
4347,4347.T,Broadmedia Corporation,Broadmedia 公司,,Standard Market(Domestic),Services,
4350,4350.T,"MEDICAL SYSTEM NETWORK Co.,Ltd.","MEDICAL SYSTEM NETWORK Co.,Ltd.",,Standard Market(Domestic),Retail Trade,
4351,4351.T,YAMADA SERVICER SYNTHETIC OFFICE,YAMADA SERVICER SYNTHETIC OFFICE,,Standard Market(Domestic),Other Financing Business,
4356,4356.T,"APPLIED TECHNOLOGY CO.,LTD.","APPLIED 科技 CO.,LTD.",,Standard Market(Domestic),Information & Communication,
4360,4360.T,"MANAC Chemical Partners Co.,Ltd","MANAC 化学 Partners Co.,Ltd",,Standard Market(Domestic),Chemicals,
4361,4361.T,"KAWAGUCHI CHEMICAL INDUSTRY CO.,LTD.","KAWAGUCHI 化学 INDUSTRY CO.,LTD.",,Standard Market(Domestic),Chemicals,
4362,4362.T,"Nippon Fine Chemical Co.,Ltd.","Nippon Fine 化学 Co.,Ltd.",,Prime Market (Domestic),Chemicals,
4365,4365.T,"MATSUMOTO YUSHI-SEIYAKU CO.,LTD.","MATSUMOTO YUSHI-SEIYAKU CO.,LTD.",,Standard Market(Domestic),Chemicals,
4366,4366.T,Daito Chemix Corporation,Daito Chemix 公司,,Standard Market(Domestic),Chemicals,
4368,4368.T,"FUSO CHEMICAL CO.,LTD.","FUSO 化学 CO.,LTD.",,Prime Market (Domestic),Chemicals,
4369,4369.T,Tri Chemical Laboratories Inc.,Tri 化学 Laboratories Inc.,,Prime Market (Domestic),Chemicals,
436,436.T,CyberSolutions Inc.,CyberSolutions Inc.,,Growth Market(Domestic),Information & Communication,
4370,4370.T,Mobilus Corporation,Mobilus 公司,,Growth Market(Domestic),Information & Communication,
4371,4371.T,Core Concept Technologies Inc.,Core Concept 科技 Inc.,,Growth Market(Domestic),Information & Communication,
4372,4372.T,"YMIRLINK,Inc.","YMIRLINK,Inc.",,Growth Market(Domestic),Information & Communication,
4373,4373.T,"Simplex Holdings,Inc.","Simplex 控股,Inc.",,Prime Market (Domestic),Information & Communication,
4374,4374.T,ROBOT PAYMENT INC.,ROBOT PAYMENT INC.,,Growth Market(Domestic),Information & Communication,
4375,4375.T,Safie Inc.,Safie Inc.,,Growth Market(Domestic),Information & Communication,
4376,4376.T,Kufu Company Holdings Inc.,Kufu Company 控股 Inc.,,Growth Market(Domestic),Information & Communication,
4377,4377.T,ONE CAREER Inc.,ONE CAREER Inc.,,Growth Market(Domestic),Information & Communication,
4378,4378.T,CINC Corp.,CINC Corp.,,Growth Market(Domestic),Information & Communication,
4379,4379.T,Photosynth inc.,Photosynth inc.,,Growth Market(Domestic),Information & Communication,
4380,4380.T,M - mart Inc.,M - mart Inc.,,Growth Market(Domestic),Information & Communication,
4381,4381.T,"BPLATS,Inc.","BPLATS,Inc.",,Growth Market(Domestic),Information & Communication,
4382,4382.T,"HEROZ,Inc.","HEROZ,Inc.",,Standard Market(Domestic),Information & Communication,
4385,4385.T,"Mercari,Inc.","Mercari,Inc.",,Prime Market (Domestic),Information & Communication,
4386,4386.T,"SIG Group Co.,Ltd.","SIG 集团 Co.,Ltd.",,Standard Market(Domestic),Information & Communication,
4387,4387.T,"ZUU Co.,Ltd.","ZUU Co.,Ltd.",,Growth Market(Domestic),Information & Communication,
4388,4388.T,"AI,Inc.","AI,Inc.",,Standard Market(Domestic),Information & Communication,520.53
4389,4389.T,"Property Data Bank,Inc.","Property Data 银行,Inc.",,Growth Market(Domestic),Information & Communication,
438,438.T,"Infcurion,Inc.","Infcurion,Inc.",,Growth Market(Domestic),Information & Communication,
4390,4390.T,"IPS,Inc.","IPS,Inc.",,Prime Market (Domestic),Information & Communication,
4391,4391.T,"Logizard Co.,Ltd.","Logizard Co.,Ltd.",,Growth Market(Domestic),Information & Communication,
4392,4392.T,"Future Innovation Group,Inc.","Future Innovation 集团,Inc.",,Prime Market (Domestic),Information & Communication,
4393,4393.T,"Bank of Innovation,Inc.","银行 of Innovation,Inc.",,Growth Market(Domestic),Information & Communication,
4394,4394.T,"eXmotion Co.,Ltd.","eXmotion Co.,Ltd.",,Growth Market(Domestic),Information & Communication,
4395,4395.T,Accrete Inc.,Accrete Inc.,,Growth Market(Domestic),Information & Communication,
4396,4396.T,System Support Holdings Inc.,System Support 控股 Inc.,,Prime Market (Domestic),Information & Communication,
4397,4397.T,TeamSpirit Inc.,TeamSpirit Inc.,,Growth Market(Domestic),Information & Communication,
4398,4398.T,"BroadBand Security,Inc.","BroadBand Security,Inc.",,Standard Market(Domestic),Information & Communication,
4401,4401.T,ADEKA CORPORATION,ADEKA 公司,,Prime Market (Domestic),Chemicals,
4403,4403.T,NOF CORPORATION,NOF 公司,,Prime Market (Domestic),Chemicals,
4404,4404.T,"Miyoshi Oil & Fat Co.,Ltd.","Miyoshi Oil & Fat Co.,Ltd.",,Standard Market(Domestic),Foods,
4406,4406.T,"New Japan Chemical Co.,Ltd.","New Japan 化学 Co.,Ltd.",,Standard Market(Domestic),Chemicals,
4409,4409.T,"TOHO CHEMICAL INDUSTRY COMPANY,LIMITED","TOHO 化学 INDUSTRY COMPANY,LIMITED",,Standard Market(Domestic),Chemicals,
4410,4410.T,"HARIMA CHEMICALS GROUP,INC.","HARIMA CHEMICALS 集团,INC.",,Prime Market (Domestic),Chemicals,
4412,4412.T,"Science Arts,Inc.","Science Arts,Inc.",,Growth Market(Domestic),Information & Communication,
4413,4413.T,"baudroie,inc.","baudroie,inc.",,Prime Market (Domestic),Information & Communication,
4414,4414.T,"FLECT Co.,Ltd.","FLECT Co.,Ltd.",,Growth Market(Domestic),Information & Communication,
4415,4415.T,"BROAD ENTERPRISE CO.,LTD.","BROAD ENTERPRISE CO.,LTD.",,Growth Market(Domestic),Information & Communication,
4416,4416.T,True Data Inc.,True Data Inc.,,Growth Market(Domestic),Information & Communication,
4417,4417.T,Global Security Experts Inc.,Global Security Experts Inc.,,Growth Market(Domestic),Information & Communication,
4418,4418.T,Japan Data Science Consortium Co.Ltd.,Japan Data Science Consortium Co.Ltd.,,Growth Market(Domestic),Information & Communication,
4419,4419.T,Finatext Holdings Ltd.,Finatext 控股 Ltd.,,Growth Market(Domestic),Information & Communication,
441,441.T,NE Inc.,NE Inc.,,Growth Market(Domestic),Information & Communication,
4420,4420.T,"eSOL Co.,Ltd.","eSOL Co.,Ltd.",,Standard Market(Domestic),Information & Communication,
4421,4421.T,"D.I.System Co.,Ltd.","D.I.System Co.,Ltd.",,Standard Market(Domestic),Information & Communication,
4422,4422.T,VALUENEX Japan Inc.,VALUENEX Japan Inc.,,Growth Market(Domestic),Information & Communication,
4424,4424.T,"Amazia,inc.","Amazia,inc.",,Growth Market(Domestic),Information & Communication,
4425,4425.T,Kudan Inc.,Kudan Inc.,,Growth Market(Domestic),Information & Communication,
4427,4427.T,"EduLab,Inc.","EduLab,Inc.",,Growth Market(Domestic),Information & Communication,
4428,4428.T,sinops Inc.,sinops Inc.,,Growth Market(Domestic),Information & Communication,
4429,4429.T,"Ricksoft Co.,Ltd.","Ricksoft Co.,Ltd.",,Growth Market(Domestic),Information & Communication,
442,442.T,"Classico,Inc.","Classico,Inc.",,Growth Market(Domestic),Textiles and Apparels,
4430,4430.T,"TOKAI SOFT CO.,LTD.","TOKAI SOFT CO.,LTD.",,Standard Market(Domestic),Information & Communication,
4431,4431.T,"Smaregi,Inc.","Smaregi,Inc.",,Growth Market(Domestic),Information & Communication,
4432,4432.T,WingArc1st Inc.,WingArc1st Inc.,,Prime Market (Domestic),Information & Communication,
4433,4433.T,"HITO-Communications Holdings,Inc.","HITO-通信 控股,Inc.",,Prime Market (Domestic),Services,
4434,4434.T,"Serverworks Co.,Ltd.","Serverworks Co.,Ltd.",,Standard Market(Domestic),Information & Communication,
4436,4436.T,"MINKABU THE INFONOID,Inc.","MINKABU THE INFONOID,Inc.",,Growth Market(Domestic),Information & Communication,
4437,4437.T,"gooddays holdings,Inc.","gooddays 控股,Inc.",,Growth Market(Domestic),Information & Communication,
4438,4438.T,Welby Inc.,Welby Inc.,,Growth Market(Domestic),Information & Communication,
4439,4439.T,"TOUMEI CO.,LTD.","TOUMEI CO.,LTD.",,Standard Market(Domestic),Information & Communication,
4440,4440.T,WITZ Corporation,WITZ 公司,,Standard Market(Domestic),Information & Communication,
4441,4441.T,Tobila Systems Inc.,Tobila 系统 Inc.,,Standard Market(Domestic),Information & Communication,
4442,4442.T,"VALTES HOLDINGS CO.,LTD.","VALTES 控股 CO.,LTD.",,Growth Market(Domestic),Information & Communication,
4443,4443.T,"Sansan,Inc.","Sansan,Inc.",,Prime Market (Domestic),Information & Communication,
4444,4444.T,INFONET inc.,INFONET inc.,,Growth Market(Domestic),Information & Communication,
4445,4445.T,Living Technologies Inc.,Living 科技 Inc.,,Growth Market(Domestic),Information & Communication,
4446,4446.T,Link-U Group Inc.,Link-U 集团 Inc.,,Standard Market(Domestic),Information & Communication,
4447,4447.T,"PBsystems,Inc.","PBsystems,Inc.",,Growth Market(Domestic),Information & Communication,
4448,4448.T,"kubell Co.,Ltd.","kubell Co.,Ltd.",,Growth Market(Domestic),Information & Communication,
4450,4450.T,"Power Solutions,Ltd.","Power Solutions,Ltd.",,Growth Market(Domestic),Information & Communication,
4452,4452.T,Kao Corporation,Kao 公司,,Prime Market (Domestic),Chemicals,
4461,4461.T,DKS Co.Ltd.,DKS Co.Ltd.,,Prime Market (Domestic),Chemicals,
4462,4462.T,"ISHIHARA CHEMICAL CO.,LTD.","ISHIHARA 化学 CO.,LTD.",,Prime Market (Domestic),Chemicals,
4463,4463.T,"NICCA CHEMICAL CO.,LTD.","NICCA 化学 CO.,LTD.",,Standard Market(Domestic),Chemicals,
4464,4464.T,SOFT99corporation,SOFT99corporation,,Standard Market(Domestic),Chemicals,
4465,4465.T,"Niitaka Co., Ltd.","Niitaka Co., Ltd.",,Standard Market(Domestic),Chemicals,
446,446.T,"Northsand,Inc.","Northsand,Inc.",,Growth Market(Domestic),Services,
4471,4471.T,"SANYO CHEMICAL INDUSTRIES,LTD.","SANYO 化学 工业,LTD.",,Prime Market (Domestic),Chemicals,
4475,4475.T,HENNGE K.K.,HENNGE K.K.,,Growth Market(Domestic),Information & Communication,
4476,4476.T,AI CROSS Inc.,AI CROSS Inc.,,Growth Market(Domestic),Information & Communication,
4477,4477.T,"BASE,Inc.","BASE,Inc.",,Growth Market(Domestic),Information & Communication,
4478,4478.T,freee K.K.,freee K.K.,,Growth Market(Domestic),Information & Communication,
4479,4479.T,"Makuake,Inc.","Makuake,Inc.",,Growth Market(Domestic),Information & Communication,
4480,4480.T,"MEDLEY,INC.","MEDLEY,INC.",,Prime Market (Domestic),Information & Communication,
4481,4481.T,"BASE CO.,LTD.","BASE CO.,LTD.",,Prime Market (Domestic),Information & Communication,
4482,4482.T,WILLs Inc.,WILLs Inc.,,Growth Market(Domestic),Information & Communication,
4483,4483.T,JMDC Inc.,JMDC Inc.,,Prime Market (Domestic),Information & Communication,
4484,4484.T,"LANCERS,INC.","LANCERS,INC.",,Growth Market(Domestic),Information & Communication,
4486,4486.T,Unite and Grow Inc.,Unite and Grow Inc.,,Growth Market(Domestic),Information & Communication,
4487,4487.T,"Spacemarket,Inc.","Spacemarket,Inc.",,Growth Market(Domestic),Information & Communication,
4488,4488.T,AI inside Inc.,AI inside Inc.,,Growth Market(Domestic),Information & Communication,
4490,4490.T,VisasQ Inc.,VisasQ Inc.,,Growth Market(Domestic),Information & Communication,
4491,4491.T,"Computer Management Co.,Ltd.","Computer Management Co.,Ltd.",,Standard Market(Domestic),Information & Communication,
4492,4492.T,GENETEC CORPORATION,GENETEC 公司,,Standard Market(Domestic),Information & Communication,
4493,4493.T,"Cyber Security Cloud,Inc.","Cyber Security Cloud,Inc.",,Growth Market(Domestic),Information & Communication,
4495,4495.T,"i Cubed Systems,Inc.","i Cubed 系统,Inc.",,Growth Market(Domestic),Information & Communication,
4496,4496.T,Commerce One Holdings Inc.,Commerce One 控股 Inc.,,Growth Market(Domestic),Information & Communication,
4498,4498.T,"Cybertrust Japan Co.,Ltd.","Cybertrust Japan Co.,Ltd.",,Growth Market(Domestic),Information & Communication,
4499,4499.T,"Speee,Inc.","Speee,Inc.",,Standard Market(Domestic),Information & Communication,
4502,4502.T,Takeda Pharmaceutical Company Limited,Takeda 制药 Company Limited,,Prime Market (Domestic),Pharmaceutical,
4503,4503.T,Astellas Pharma Inc.,Astellas Pharma Inc.,,Prime Market (Domestic),Pharmaceutical,520.53
4506,4506.T,"Sumitomo Pharma Co.,Ltd.","Sumitomo Pharma Co.,Ltd.",,Prime Market (Domestic),Pharmaceutical,
4507,4507.T,"Shionogi & Co.,Ltd.","Shionogi & Co.,Ltd.",,Prime Market (Domestic),Pharmaceutical,20.72
4512,4512.T,"WAKAMOTO PHARMACEUTICAL CO.,LTD.","WAKAMOTO 制药 CO.,LTD.",,Standard Market(Domestic),Pharmaceutical,
4516,4516.T,"Nippon Shinyaku Co.,Ltd.","Nippon Shinyaku Co.,Ltd.",,Prime Market (Domestic),Pharmaceutical,
4519,4519.T,"CHUGAI PHARMACEUTICAL CO.,LTD.","CHUGAI 制药 CO.,LTD.",,Prime Market (Domestic),Pharmaceutical,1080.76
4521,4521.T,"KAKEN PHARMACEUTICAL CO.,LTD.","KAKEN 制药 CO.,LTD.",,Prime Market (Domestic),Pharmaceutical,
4523,4523.T,"Eisai Co.,Ltd.","Eisai Co.,Ltd.",,Prime Market (Domestic),Pharmaceutical,
4524,4524.T,"MORISHITA JINTAN CO.,LTD.","MORISHITA JINTAN CO.,LTD.",,Standard Market(Domestic),Pharmaceutical,
4526,4526.T,"RIKEN VITAMIN CO.,LTD.","RIKEN VITAMIN CO.,LTD.",,Prime Market (Domestic),Foods,
4527,4527.T,"ROHTO PHARMACEUTICAL CO.,LTD.","ROHTO 制药 CO.,LTD.",,Prime Market (Domestic),Pharmaceutical,
4528,4528.T,"ONO PHARMACEUTICAL CO.,LTD.","ONO 制药 CO.,LTD.",,Prime Market (Domestic),Pharmaceutical,
4531,4531.T,"Yuki Gosei Kogyo Co.,Ltd.","Yuki Gosei Kogyo Co.,Ltd.",,Standard Market(Domestic),Chemicals,
4534,4534.T,"Mochida Pharmaceutical Co.,Ltd.","Mochida 制药 Co.,Ltd.",,Prime Market (Domestic),Pharmaceutical,
4536,4536.T,"SANTEN PHARMACEUTICAL CO.,LTD.","SANTEN 制药 CO.,LTD.",,Prime Market (Domestic),Pharmaceutical,520.53
4538,4538.T,"Fuso Pharmaceutical Industries,Ltd.","Fuso 制药 工业,Ltd.",,Prime Market (Domestic),Pharmaceutical,
4539,4539.T,"NIPPON CHEMIPHAR CO.,LTD.","NIPPON CHEMIPHAR CO.,LTD.",,Standard Market(Domestic),Pharmaceutical,
4540,4540.T,TSUMURA & CO.,TSUMURA & CO.,,Prime Market (Domestic),Pharmaceutical,
4543,4543.T,TERUMO CORPORATION,TERUMO 公司,,Prime Market (Domestic),Precision Instruments,
4544,4544.T,"H.U. Group Holdings,Inc.","H.U. 集团 控股,Inc.",,Prime Market (Domestic),Services,
4547,4547.T,"KISSEI PHARMACEUTICAL CO.,LTD.","KISSEI 制药 CO.,LTD.",,Prime Market (Domestic),Pharmaceutical,
4548,4548.T,SEIKAGAKU CORPORATION,SEIKAGAKU 公司,,Prime Market (Domestic),Pharmaceutical,
4549,4549.T,"EIKEN CHEMICAL CO.,LTD.","EIKEN 化学 CO.,LTD.",,Prime Market (Domestic),Pharmaceutical,
4552,4552.T,"JCR Pharmaceuticals Co.,Ltd.","JCR Pharmaceuticals Co.,Ltd.",,Prime Market (Domestic),Pharmaceutical,
4553,4553.T,"TOWA PHARMACEUTICAL CO.,LTD.","TOWA 制药 CO.,LTD.",,Prime Market (Domestic),Pharmaceutical,
4554,4554.T,"Fuji Pharma Co.,Ltd.","Fuji Pharma Co.,Ltd.",,Prime Market (Domestic),Pharmaceutical,
4558,4558.T,"CHUKYO IYAKUHIN CO.,LTD.","CHUKYO IYAKUHIN CO.,LTD.",,Standard Market(Domestic),Pharmaceutical,
4559,4559.T,"ZERIA PHARMACEUTICAL CO.,LTD.","ZERIA 制药 CO.,LTD.",,Prime Market (Domestic),Pharmaceutical,
4563,4563.T,"AnGes,Inc.","AnGes,Inc.",,Growth Market(Domestic),Pharmaceutical,
4564,4564.T,"OncoTherapy Science,Inc.","OncoTherapy Science,Inc.",,Growth Market(Domestic),Pharmaceutical,
4565,4565.T,"Nxera Pharma Co.,Ltd.","Nxera Pharma Co.,Ltd.",,Prime Market (Domestic),Pharmaceutical,492.54
4568,4568.T,"DAIICHI SANKYO COMPANY,LIMITED","DAIICHI SANKYO COMPANY,LIMITED",,Prime Market (Domestic),Pharmaceutical,520.53
4569,4569.T,"KYORIN Pharmaceutical Co.,Ltd.","KYORIN 制药 Co.,Ltd.",,Prime Market (Domestic),Pharmaceutical,
456,456.T,HUMAN MADE Inc.,HUMAN MADE Inc.,,Growth Market(Domestic),Retail Trade,
4570,4570.T,"Immuno-Biological Laboratories Co.,Ltd.","Immuno-Biological Laboratories Co.,Ltd.",,Growth Market(Domestic),Pharmaceutical,
4571,4571.T,"Nano Holdings,Inc.","Nano 控股,Inc.",,Growth Market(Domestic),Pharmaceutical,
4572,4572.T,"Carna Biosciences,Inc.","Carna Biosciences,Inc.",,Growth Market(Domestic),Pharmaceutical,
4574,4574.T,"TAIKO PHARMACEUTICAL CO.,LTD.","TAIKO 制药 CO.,LTD.",,Prime Market (Domestic),Pharmaceutical,
4575,4575.T,"CanBas Co.,Ltd.","CanBas Co.,Ltd.",,Growth Market(Domestic),Pharmaceutical,
4576,4576.T,"D.Western Therapeutics Institute, Inc.","D.Western Therapeutics Institute, Inc.",,Growth Market(Domestic),Pharmaceutical,
4577,4577.T,"Daito Pharmaceutical Co.,Ltd.","Daito 制药 Co.,Ltd.",,Prime Market (Domestic),Pharmaceutical,
4578,4578.T,"Otsuka Holdings Co.,Ltd.","Otsuka 控股 Co.,Ltd.",,Prime Market (Domestic),Pharmaceutical,
4579,4579.T,RaQualia Pharma Inc.,RaQualia Pharma Inc.,,Growth Market(Domestic),Pharmaceutical,
4582,4582.T,SymBio Pharmaceuticals Limited,SymBio Pharmaceuticals Limited,,Growth Market(Domestic),Pharmaceutical,
4583,4583.T,Chiome Bioscience Inc.,Chiome Bioscience Inc.,,Growth Market(Domestic),Pharmaceutical,
4584,4584.T,Kidswell Bio Corporation,Kidswell Bio 公司,,Growth Market(Domestic),Pharmaceutical,
4586,4586.T,"Medrx Co.,Ltd.","Medrx Co.,Ltd.",,Growth Market(Domestic),Pharmaceutical,
4587,4587.T,PeptiDream Inc.,PeptiDream Inc.,,Prime Market (Domestic),Pharmaceutical,
4588,4588.T,Oncolys BioPharma Inc.,Oncolys BioPharma Inc.,,Growth Market(Domestic),Pharmaceutical,
4591,4591.T,RIBOMIC Inc.,RIBOMIC Inc.,,Growth Market(Domestic),Pharmaceutical,
4592,4592.T,SanBio Company Limited,SanBio Company Limited,,Growth Market(Domestic),Pharmaceutical,
4593,4593.T,HEALIOS K.K.,HEALIOS K.K.,,Growth Market(Domestic),Pharmaceutical,
4594,4594.T,"BrightPath Biotherapeutics Co.,Ltd.","BrightPath Biotherapeutics Co.,Ltd.",,Growth Market(Domestic),Pharmaceutical,
4595,4595.T,"MIZUHO MEDY CO.,LTD.","MIZUHO MEDY CO.,LTD.",,Standard Market(Domestic),Pharmaceutical,
4596,4596.T,"Kubota Pharmaceutical Holdings Co.,Ltd.","Kubota 制药 控股 Co.,Ltd.",,Growth Market(Domestic),Pharmaceutical,
4597,4597.T,Solasia Pharma K.K.,Solasia Pharma K.K.,,Growth Market(Domestic),Pharmaceutical,
4598,4598.T,"Delta-Fly Pharma,Inc.","Delta-Fly Pharma,Inc.",,Growth Market(Domestic),Pharmaceutical,
4599,4599.T,StemRIM Inc.,StemRIM Inc.,,Growth Market(Domestic),Pharmaceutical,
460,460.T,BRANU Inc.,BRANU Inc.,,Growth Market(Domestic),Information & Communication,
4611,4611.T,"Dai Nippon Toryo Company,Limited","Dai Nippon Toryo Company,Limited",,Prime Market (Domestic),Chemicals,
4612,4612.T,"NIPPON PAINT HOLDINGS CO.,LTD.","NIPPON PAINT 控股 CO.,LTD.",,Prime Market (Domestic),Chemicals,
4613,4613.T,"KANSAI PAINT CO.,LTD.","KANSAI PAINT CO.,LTD.",,Prime Market (Domestic),Chemicals,
4615,4615.T,"SHINTO PAINT COMPANY,LIMITED","SHINTO PAINT COMPANY,LIMITED",,Standard Market(Domestic),Chemicals,
4616,4616.T,"KAWAKAMI PAINT MANUFACTURING CO.,LTD.","KAWAKAMI PAINT MANUFACTURING CO.,LTD.",,Standard Market(Domestic),Chemicals,
4617,4617.T,"Chugoku Marine Paints,Ltd.","Chugoku Marine Paints,Ltd.",,Prime Market (Domestic),Chemicals,
4619,4619.T,"Nihon Tokushu Toryo Co.,Ltd.","Nihon Tokushu Toryo Co.,Ltd.",,Standard Market(Domestic),Chemicals,
4620,4620.T,"FUJIKURA KASEI CO.,LTD.","FUJIKURA KASEI CO.,LTD.",,Standard Market(Domestic),Chemicals,
4623,4623.T,ASAHIPEN CORPORATION,ASAHIPEN 公司,,Standard Market(Domestic),Chemicals,
4624,4624.T,"Isamu Paint Co.,Ltd.","Isamu Paint Co.,Ltd.",,Standard Market(Domestic),Chemicals,
4625,4625.T,"ATOMIX CO.,LTD.","ATOMIX CO.,LTD.",,Standard Market(Domestic),Chemicals,
4626,4626.T,"TAIYO HOLDINGS CO.,LTD.","TAIYO 控股 CO.,LTD.",,Prime Market (Domestic),Chemicals,
4627,4627.T,"NATOCO CO.,LTD.","NATOCO CO.,LTD.",,Standard Market(Domestic),Chemicals,
4628,4628.T,"SK KAKEN CO.,LTD.","SK KAKEN CO.,LTD.",,Standard Market(Domestic),Chemicals,
4629,4629.T,"DAISHIN CHEMICAL CO.,LTD.","DAISHIN 化学 CO.,LTD.",,Standard Market(Domestic),Chemicals,
462,462.T,"FUNDINNO,INC.","FUNDINNO,INC.",,Growth Market(Domestic),Securities and Commodities Futures,
4631,4631.T,DIC Corporation,DIC 公司,,Prime Market (Domestic),Chemicals,
4633,4633.T,SAKATA INX CORPORATION,SAKATA INX 公司,,Prime Market (Domestic),Chemicals,
4634,4634.T,"artience Co.,Ltd.","artience Co.,Ltd.",,Prime Market (Domestic),Chemicals,
4635,4635.T,"TOKYO PRINTING INK MFG.CO.,LTD.","TOKYO PRINTING INK MFG.CO.,LTD.",,Standard Market(Domestic),Chemicals,
463,463.T,"INTELLEX HOLDINGS Co.,Ltd.","INTELLEX 控股 Co.,Ltd.",,Standard Market(Domestic),Real Estate,
4641,4641.T,Altech Corporation,Altech 公司,,Prime Market (Domestic),Services,
4642,4642.T,"ORIGINAL ENGINEERING CONSULTANTS CO.,LTD.","ORIGINAL 工程 CONSULTANTS CO.,LTD.",,Standard Market(Domestic),Services,
4644,4644.T,"Imagineer Co.,Ltd.","Imagineer Co.,Ltd.",,Standard Market(Domestic),Information & Communication,
4645,4645.T,"ICHISHIN HOLDINGS CO.,LTD.","ICHISHIN 控股 CO.,LTD.",,Standard Market(Domestic),Services,
464,464.T,QPS Holdings Inc.,QPS 控股 Inc.,,Growth Market(Domestic),Information & Communication,
4650,4650.T,"SD ENTERTAINMENT,Inc.","SD ENTERTAINMENT,Inc.",,Standard Market(Domestic),Services,
4651,4651.T,SANIX HOLDINGS INCORPORATED,SANIX 控股 INCORPORATED,,Standard Market(Domestic),Services,
4657,4657.T,"ENVIRONMENTAL CONTROL CENTER CO.,LTD.","ENVIRONMENTAL CONTROL CENTER CO.,LTD.",,Standard Market(Domestic),Services,
4658,4658.T,"Nippon Air Conditioning Services Co.,Ltd.","Nippon Air Conditioning 服务 Co.,Ltd.",,Prime Market (Domestic),Services,
4661,4661.T,"ORIENTAL LAND CO.,LTD.","ORIENTAL LAND CO.,LTD.",,Prime Market (Domestic),Services,
4662,4662.T,Focus Systems Corporation,Focus 系统 公司,,Prime Market (Domestic),Information & Communication,
4664,4664.T,JAPAN RELIANCE SERVICE CORPORATION,JAPAN RELIANCE SERVICE 公司,,Standard Market(Domestic),Services,
4665,4665.T,"DUSKIN CO.,LTD.","DUSKIN CO.,LTD.",,Prime Market (Domestic),Services,
4666,4666.T,"PARK24 Co.,Ltd.","PARK24 Co.,Ltd.",,Prime Market (Domestic),Real Estate,
4667,4667.T,"AISAN TECHNOLOGY CO.,LTD.","AISAN 科技 CO.,LTD.",,Standard Market(Domestic),Information & Communication,
4668,4668.T,"MEIKO NETWORK JAPAN CO.,LTD.","MEIKO NETWORK JAPAN CO.,LTD.",,Prime Market (Domestic),Services,
4671,4671.T,"FALCO HOLDINGS Co.,Ltd.","FALCO 控股 Co.,Ltd.",,Standard Market(Domestic),Services,
4673,4673.T,"Kawasaki Geological Engineering Co.,Ltd.","Kawasaki Geological 工程 Co.,Ltd.",,Standard Market(Domestic),Services,
4674,4674.T,CRESCO LTD.,CRESCO LTD.,,Prime Market (Domestic),Information & Communication,
4676,4676.T,"FUJI MEDIA HOLDINGS,INC.","FUJI MEDIA 控股,INC.",,Prime Market (Domestic),Information & Communication,
4678,4678.T,"SHUEI YOBIKO Co.,Ltd.","SHUEI YOBIKO Co.,Ltd.",,Standard Market(Domestic),Services,
4679,4679.T,"TAYA Co.,Ltd.","TAYA Co.,Ltd.",,Standard Market(Domestic),Services,
4680,4680.T,ROUND ONE Corporation,ROUND ONE 公司,,Prime Market (Domestic),Services,
4681,4681.T,"RESORTTRUST,INC.","RESORTTRUST,INC.",,Prime Market (Domestic),Services,
4684,4684.T,"OBIC Co.,Ltd.","OBIC Co.,Ltd.",,Prime Market (Domestic),Information & Communication,
4685,4685.T,"Ryoyu Systems Co.,Ltd.","Ryoyu 系统 Co.,Ltd.",,Standard Market(Domestic),Information & Communication,
4686,4686.T,JUSTSYSTEMS CORPORATION,JUSTSYSTEMS 公司,,Prime Market (Domestic),Information & Communication,
4687,4687.T,TDC SOFT Inc.,TDC SOFT Inc.,,Prime Market (Domestic),Information & Communication,
4689,4689.T,LY Corporation,LY 公司,,Prime Market (Domestic),Information & Communication,
4691,4691.T,WASHINGTON HOTEL CORPORATION,WASHINGTON HOTEL 公司,,Standard Market(Domestic),Services,
4694,4694.T,"BML,INC.","BML,INC.",,Prime Market (Domestic),Services,
469,469.T,Fitcrew Inc.,Fitcrew Inc.,,Growth Market(Domestic),Services,
4704,4704.T,Trend Micro Incorporated,Trend Micro Incorporated,,Prime Market (Domestic),Information & Communication,
4705,4705.T,CLIP Corporation,CLIP 公司,,Standard Market(Domestic),Services,
4707,4707.T,KITAC CORPORATION,KITAC 公司,,Standard Market(Domestic),Services,
4709,4709.T,ID Holdings Corporation,ID 控股 公司,,Prime Market (Domestic),Information & Communication,
4712,4712.T,"KeyHolder,Inc.","KeyHolder,Inc.",,Standard Market(Domestic),Services,
4714,4714.T,RISO KYOIKU GROUP CORPORATION,RISO KYOIKU 集团 公司,,Prime Market (Domestic),Services,
4716,4716.T,ORACLE CORPORATION JAPAN,ORACLE 公司 JAPAN,,Standard Market(Domestic),Information & Communication,
4718,4718.T,"WASEDA ACADEMY CO.,LTD.","WASEDA ACADEMY CO.,LTD.",,Prime Market (Domestic),Services,
4719,4719.T,ALPHA SYSTEMS INC.,ALPHA 系统 INC.,,Prime Market (Domestic),Information & Communication,
471,471.T,"NS Group,Inc.","NS 集团,Inc.",,Prime Market (Domestic),Other Financing Business,
4720,4720.T,"JOHNAN ACADEMIC PREPARATORY INSTITUTE,INC.","JOHNAN ACADEMIC PREPARATORY INSTITUTE,INC.",,Standard Market(Domestic),Services,
4722,4722.T,Future Corporation,Future 公司,,Prime Market (Domestic),Information & Communication,
4725,4725.T,CAC Holdings Corporation,CAC 控股 公司,,Prime Market (Domestic),Information & Communication,
4728,4728.T,"TOSE CO.,LTD.","TOSE CO.,LTD.",,Standard Market(Domestic),Information & Communication,
472,472.T,"Mirrativ,Inc.","Mirrativ,Inc.",,Growth Market(Domestic),Information & Communication,
4732,4732.T,"USS Co.,Ltd.","USS Co.,Ltd.",,Prime Market (Domestic),Services,
4733,4733.T,"OBIC BUSINESS CONSULTANTS CO.,LTD.","OBIC BUSINESS CONSULTANTS CO.,LTD.",,Prime Market (Domestic),Information & Communication,
4735,4735.T,"KYOSHIN CO.,LTD.","KYOSHIN CO.,LTD.",,Standard Market(Domestic),Services,
4736,4736.T,Nippon RAD Inc.,Nippon RAD Inc.,,Standard Market(Domestic),Information & Communication,
4743,4743.T,ITFOR Inc.,ITFOR Inc.,,Prime Market (Domestic),Information & Communication,
4746,4746.T,"Toukei Computer Co.,Ltd.","Toukei Computer Co.,Ltd.",,Standard Market(Domestic),Information & Communication,
4750,4750.T,"DAISAN CO.,LTD.","DAISAN CO.,LTD.",,Standard Market(Domestic),Services,
4751,4751.T,"CyberAgent,Inc.","CyberAgent,Inc.",,Prime Market (Domestic),Services,
4752,4752.T,SHOWA SYSTEM ENGINEERING CORPORATION,SHOWA SYSTEM 工程 公司,,Standard Market(Domestic),Information & Communication,
4754,4754.T,TOSNET CORPORATION,TOSNET 公司,,Standard Market(Domestic),Services,
4755,4755.T,"Rakuten Group,Inc.","Rakuten 集团,Inc.",,Prime Market (Domestic),Services,
475,475.T,"GIMIC Co.,Ltd.","GIMIC Co.,Ltd.",,Standard Market(Domestic),Services,
4760,4760.T,"ALPHA CO.,LTD.","ALPHA CO.,LTD.",,Standard Market(Domestic),Services,
4761,4761.T,SAKURA KCS Corporation,SAKURA KCS 公司,,Standard Market(Domestic),Information & Communication,
4762,4762.T,XNET Corporation,XNET 公司,,Standard Market(Domestic),Information & Communication,
4763,4763.T,"CREEK & RIVER Co.,Ltd.","CREEK & RIVER Co.,Ltd.",,Prime Market (Domestic),Services,
4765,4765.T,"SBI Global Asset Management Co.,Ltd.","SBI Global Asset Management Co.,Ltd.",,Prime Market (Domestic),Services,
4766,4766.T,"PA Co.,Ltd.","PA Co.,Ltd.",,Standard Market(Domestic),Services,
4767,4767.T,"TOW CO.,LTD.","TOW CO.,LTD.",,Standard Market(Domestic),Services,
4768,4768.T,OTSUKA CORPORATION,OTSUKA 公司,,Prime Market (Domestic),Information & Communication,
4769,4769.T,"IC CO.,LTD.","IC CO.,LTD.",,Standard Market(Domestic),Information & Communication,
476,476.T,"Tsuji Hongo IT Consulting Co.,Ltd.","Tsuji Hongo IT Consulting Co.,Ltd.",,Standard Market(Domestic),Information & Communication,
4771,4771.T,"F&M CO.,LTD.","F&M CO.,LTD.",,Standard Market(Domestic),Services,
4772,4772.T,"SM ENTERTAINMENT JAPAN Co.,Ltd.","SM ENTERTAINMENT JAPAN Co.,Ltd.",,Growth Market(Domestic),Information & Communication,
4776,4776.T,"Cybozu,Inc.","Cybozu,Inc.",,Prime Market (Domestic),Information & Communication,
4777,4777.T,GALA INCORPORATED,GALA INCORPORATED,,Standard Market(Domestic),Information & Communication,
477,477.T,"Startline CO.,LTD.","Startline CO.,LTD.",,Growth Market(Domestic),Services,
4783,4783.T,"NCD Co.,Ltd.","NCD Co.,Ltd.",,Standard Market(Domestic),Information & Communication,
4784,4784.T,"GMO internet,Inc.","GMO internet,Inc.",,Prime Market (Domestic),Services,
478,478.T,Hutzper Inc.,Hutzper Inc.,,Growth Market(Domestic),Information & Communication,
4792,4792.T,"YAMADA Consulting Group Co.,Ltd.","YAMADA Consulting 集团 Co.,Ltd.",,Prime Market (Domestic),Services,
479,479.T,PRONI Inc.,PRONI Inc.,,Growth Market(Domestic),Information & Communication,
4801,4801.T,"CENTRAL SPORTS CO.,LTD.","CENTRAL SPORTS CO.,LTD.",,Prime Market (Domestic),Services,
4809,4809.T,Paraca Inc.,Paraca Inc.,,Prime Market (Domestic),Real Estate,
480,480.T,"LiB Consulting Co.,Ltd.","LiB Consulting Co.,Ltd.",,Growth Market(Domestic),Services,
4811,4811.T,DreamArts Corporation,DreamArts 公司,,Growth Market(Domestic),Information & Communication,
4812,4812.T,DENTSU SOKEN INC.,DENTSU SOKEN INC.,,Prime Market (Domestic),Information & Communication,
4813,4813.T,"ACCESS CO.,LTD.","ACCESS CO.,LTD.",,Prime Market (Domestic),Information & Communication,
4814,4814.T,Nextware Ltd.,Nextware Ltd.,,Standard Market(Domestic),Information & Communication,
4816,4816.T,"TOEI ANIMATION CO.,LTD.","TOEI ANIMATION CO.,LTD.",,Standard Market(Domestic),Information & Communication,
4819,4819.T,"Digital Garage,Inc.","Digital Garage,Inc.",,Prime Market (Domestic),Information & Communication,
4820,4820.T,"EM SYSTEMS CO.,LTD.","EM 系统 CO.,LTD.",,Prime Market (Domestic),Information & Communication,
4825,4825.T,WEATHERNEWS INC.,WEATHERNEWS INC.,,Prime Market (Domestic),Information & Communication,
4826,4826.T,"Computer Institute of Japan, Ltd.","Computer Institute of Japan, Ltd.",,Prime Market (Domestic),Information & Communication,
4828,4828.T,Business Engineering Corporation,Business 工程 公司,,Prime Market (Domestic),Information & Communication,
4829,4829.T,"Nihon Enterprise Co.,Ltd.","Nihon Enterprise Co.,Ltd.",,Standard Market(Domestic),Information & Communication,
4832,4832.T,"JFE Systems, Inc.","JFE 系统, Inc.",,Standard Market(Domestic),Information & Communication,
4833,4833.T,"Def consulting,inc.","Def consulting,inc.",,Growth Market(Domestic),Services,
4838,4838.T,SPACE SHOWER SKIYAKI HOLDINGS INC.,SPACE SHOWER SKIYAKI 控股 INC.,,Standard Market(Domestic),Information & Communication,
4839,4839.T,WOWOW INC.,WOWOW INC.,,Prime Market (Domestic),Information & Communication,
483,483.T,"Tera Technology,Inc.","Tera 科技,Inc.",,Standard Market(Domestic),Information & Communication,
4840,4840.T,TriIs Incorporated,TriIs Incorporated,,Standard Market(Domestic),Services,
4845,4845.T,"Scala,Inc.","Scala,Inc.",,Standard Market(Domestic),Information & Communication,
4847,4847.T,INTELLIGENT WAVE INC.,INTELLIGENT WAVE INC.,,Prime Market (Domestic),Information & Communication,
4848,4848.T,"FULLCAST HOLDINGS CO.,LTD.","FULLCAST 控股 CO.,LTD.",,Prime Market (Domestic),Services,
4849,4849.T,en Inc.,en Inc.,,Prime Market (Domestic),Services,
485,485.T,"PowerX,Inc.","PowerX,Inc.",,Growth Market(Domestic),Electric Appliances,
4875,4875.T,"MediciNova,Inc.","MediciNova,Inc.",,Standard Market(Foreign),Pharmaceutical,
4880,4880.T,"CellSource Co.,Ltd.","CellSource Co.,Ltd.",,Standard Market(Domestic),Pharmaceutical,
4881,4881.T,FunPep Company Limited,FunPep Company Limited,,Growth Market(Domestic),Pharmaceutical,
4882,4882.T,Perseus Proteomics Inc.,Perseus Proteomics Inc.,,Growth Market(Domestic),Pharmaceutical,
4883,4883.T,Modalis Therapeutics Corporation,Modalis Therapeutics 公司,,Growth Market(Domestic),Pharmaceutical,
4884,4884.T,"Kringle Pharma,Inc.","Kringle Pharma,Inc.",,Growth Market(Domestic),Pharmaceutical,
4885,4885.T,MUROMACHI CHEMICALS INC.,MUROMACHI CHEMICALS INC.,,Standard Market(Domestic),Pharmaceutical,
4886,4886.T,"ASKA Pharmaceutical Holdings Co.,Ltd.","ASKA 制药 控股 Co.,Ltd.",,Prime Market (Domestic),Pharmaceutical,
4887,4887.T,"SAWAI GROUP HOLDINGS Co.,Ltd.","SAWAI 集团 控股 Co.,Ltd.",,Prime Market (Domestic),Pharmaceutical,
4888,4888.T,STELLA PHARMA CORPORATION,STELLA PHARMA 公司,,Growth Market(Domestic),Pharmaceutical,
4889,4889.T,Renascience Inc.,Renascience Inc.,,Growth Market(Domestic),Pharmaceutical,
4890,4890.T,Tsubota Laboratory Incorporated,Tsubota Laboratory Incorporated,,Growth Market(Domestic),Pharmaceutical,
4891,4891.T,"TMS Co.,Ltd.","TMS Co.,Ltd.",,Growth Market(Domestic),Pharmaceutical,
4892,4892.T,Cyfuse Biomedical K.K.,Cyfuse Biomedical K.K.,,Growth Market(Domestic),Pharmaceutical,
4893,4893.T,Noile-Immune Biotech Inc.,Noile-Immune Biotech Inc.,,Growth Market(Domestic),Pharmaceutical,
4894,4894.T,Cuorips Inc.,Cuorips Inc.,,Growth Market(Domestic),Pharmaceutical,
4896,4896.T,"K Pharma,Inc.","K Pharma,Inc.",,Growth Market(Domestic),Pharmaceutical,
4901,4901.T,FUJIFILM Holdings Corporation,FUJIFILM 控股 公司,,Prime Market (Domestic),Chemicals,
4902,4902.T,"KONICA MINOLTA,INC.","KONICA MINOLTA,INC.",,Prime Market (Domestic),Electric Appliances,
4911,4911.T,"Shiseido Company,Limited","Shiseido Company,Limited",,Prime Market (Domestic),Chemicals,
4912,4912.T,Lion Corporation,Lion 公司,,Prime Market (Domestic),Chemicals,
4914,4914.T,TAKASAGO INTERNATIONAL CORPORATION,TAKASAGO INTERNATIONAL 公司,,Prime Market (Domestic),Chemicals,
4918,4918.T,IVY COSMETICS CORPORATION,IVY COSMETICS 公司,,Standard Market(Domestic),Chemicals,
4919,4919.T,"Milbon Co.,Ltd.","Milbon Co.,Ltd.",,Prime Market (Domestic),Chemicals,
4920,4920.T,"Nippon Shikizai,Inc.","Nippon Shikizai,Inc.",,Standard Market(Domestic),Chemicals,
4922,4922.T,KOSE Holdings Corporation,KOSE 控股 公司,,Prime Market (Domestic),Chemicals,
4923,4923.T,"COTA CO.,LTD.","COTA CO.,LTD.",,Prime Market (Domestic),Chemicals,
4925,4925.T,"HABA LABORATORIES,INC.","HABA LABORATORIES,INC.",,Standard Market(Domestic),Chemicals,
4926,4926.T,"C'BON COSMETICS Co.,Ltd.","C'BON COSMETICS Co.,Ltd.",,Standard Market(Domestic),Chemicals,
4927,4927.T,POLA ORBIS HOLDINGS INC.,POLA ORBIS 控股 INC.,,Prime Market (Domestic),Chemicals,
4928,4928.T,"Noevir Holdings Co.,Ltd.","Noevir 控股 Co.,Ltd.",,Prime Market (Domestic),Chemicals,
4929,4929.T,"ADJUVANT HOLDINGS CO.,LTD.","ADJUVANT 控股 CO.,LTD.",,Standard Market(Domestic),Chemicals,
4931,4931.T,"Shinnihonseiyaku Co.,Ltd.","Shinnihonseiyaku Co.,Ltd.",,Prime Market (Domestic),Chemicals,
4932,4932.T,"ALMADO,INC.","ALMADO,INC.",,Standard Market(Domestic),Chemicals,
4933,4933.T,"I-ne CO.,LTD.","I-ne CO.,LTD.",,Prime Market (Domestic),Chemicals,
4934,4934.T,"Premier Anti-Aging Co.,Ltd.","Premier Anti-Aging Co.,Ltd.",,Growth Market(Domestic),Chemicals,
4935,4935.T,"LIBERTA CO.,LTD.","LIBERTA CO.,LTD.",,Standard Market(Domestic),Chemicals,
4936,4936.T,AXXZIA Inc.,AXXZIA Inc.,,Standard Market(Domestic),Chemicals,
4937,4937.T,Waqoo Inc.,Waqoo Inc.,,Growth Market(Domestic),Chemicals,
4951,4951.T,S.T.CORPORATION,S.T.公司,,Prime Market (Domestic),Chemicals,
4956,4956.T,"KONISHI CO.,LTD.","KONISHI CO.,LTD.",,Prime Market (Domestic),Chemicals,
4958,4958.T,"T.HASEGAWA CO.,LTD.","T.HASEGAWA CO.,LTD.",,Prime Market (Domestic),Chemicals,
4960,4960.T,"CHEMIPRO KASEI KAISHA,LTD.","CHEMIPRO KASEI KAISHA,LTD.",,Standard Market(Domestic),Chemicals,
4966,4966.T,"C.Uyemura & Co.,Ltd.","C.Uyemura & Co.,Ltd.",,Standard Market(Domestic),Chemicals,
4967,4967.T,"KOBAYASHI PHARMACEUTICAL CO.,LTD.","KOBAYASHI 制药 CO.,LTD.",,Prime Market (Domestic),Chemicals,
4968,4968.T,"ARAKAWA CHEMICAL INDUSTRIES,LTD.","ARAKAWA 化学 工业,LTD.",,Prime Market (Domestic),Chemicals,
4970,4970.T,"Toyo Gosei Co.,Ltd.","Toyo Gosei Co.,Ltd.",,Standard Market(Domestic),Chemicals,
4971,4971.T,MEC COMPANY LTD.,MEC COMPANY LTD.,,Prime Market (Domestic),Chemicals,
4972,4972.T,"Soken Chemical & Engineering Co.,Ltd.","Soken 化学 & 工程 Co.,Ltd.",,Standard Market(Domestic),Chemicals,
4973,4973.T,"JAPAN PURE CHEMICAL CO.,LTD.","JAPAN PURE 化学 CO.,LTD.",,Prime Market (Domestic),Chemicals,
4975,4975.T,JCU CORPORATION,JCU 公司,,Prime Market (Domestic),Chemicals,
4976,4976.T,"TOYO DRILUBE CO.,LTD.","TOYO DRILUBE CO.,LTD.",,Standard Market(Domestic),Chemicals,
4977,4977.T,Nitta Gelatin Inc.,Nitta Gelatin Inc.,,Standard Market(Domestic),Chemicals,
4978,4978.T,ReproCELL Incorporated,ReproCELL Incorporated,,Growth Market(Domestic),Chemicals,
4979,4979.T,"OAT Agrio Co.,Ltd.","OAT Agrio Co.,Ltd.",,Standard Market(Domestic),Chemicals,
4980,4980.T,Dexerials Corporation,Dexerials 公司,,Prime Market (Domestic),Chemicals,
4985,4985.T,Earth Corporation,Earth 公司,,Prime Market (Domestic),Chemicals,
4990,4990.T,"Showa Chemical Industry Co.,Ltd.","Showa 化学 Industry Co.,Ltd.",,Standard Market(Domestic),Chemicals,
4992,4992.T,"HOKKO CHEMICAL INDUSTRY CO.,LTD.","HOKKO 化学 INDUSTRY CO.,LTD.",,Standard Market(Domestic),Chemicals,
4994,4994.T,"Taisei Lamick Group Head Quarter & Innovation Co.,Ltd.","Taisei Lamick 集团 Head Quarter & Innovation Co.,Ltd.",,Standard Market(Domestic),Chemicals,
4996,4996.T,"KUMIAI CHEMICAL INDUSTRY CO.,LTD.","KUMIAI 化学 INDUSTRY CO.,LTD.",,Prime Market (Domestic),Chemicals,
4997,4997.T,"NIHON NOHYAKU CO.,LTD.","NIHON NOHYAKU CO.,LTD.",,Prime Market (Domestic),Chemicals,
4998,4998.T,FUMAKILLA LIMITED,FUMAKILLA LIMITED,,Standard Market(Domestic),Chemicals,
500,500.T,"TO Books,Inc.","TO Books,Inc.",,Standard Market(Domestic),Information & Communication,
5010,5010.T,"NIPPON SEIRO CO.,LTD.","NIPPON SEIRO CO.,LTD.",,Standard Market(Domestic),Oil and Coal Products,
5011,5011.T,"NICHIREKI GROUP CO.,LTD.","NICHIREKI 集团 CO.,LTD.",,Prime Market (Domestic),Oil and Coal Products,
5013,5013.T,Yushiro Inc.,Yushiro Inc.,,Standard Market(Domestic),Oil and Coal Products,
5015,5015.T,BP Castrol K.K.,BP Castrol K.K.,,Standard Market(Domestic),Oil and Coal Products,
5016,5016.T,JX Advanced Metals Corporation,JX Advanced Metals 公司,,Prime Market (Domestic),Nonferrous Metals,
5018,5018.T,MORESCO Corporation,MORESCO 公司,,Standard Market(Domestic),Oil and Coal Products,
5019,5019.T,"Idemitsu Kosan Co.,Ltd.","Idemitsu Kosan Co.,Ltd.",,Prime Market (Domestic),Oil and Coal Products,1079.8
5020,5020.T,"ENEOS Holdings,Inc.","ENEOS 控股,Inc.",,Prime Market (Domestic),Oil and Coal Products,20941.69
5021,5021.T,"COSMO ENERGY HOLDINGS COMPANY,LIMITED","COSMO 能源 控股 COMPANY,LIMITED",,Prime Market (Domestic),Oil and Coal Products,
5025,5025.T,MERCURY Inc.,MERCURY Inc.,,Growth Market(Domestic),Information & Communication,
5026,5026.T,"TRIPLEIZE CO.,LTD.","TRIPLEIZE CO.,LTD.",,Growth Market(Domestic),Information & Communication,
5027,5027.T,AnyMind Group Inc.,AnyMind 集团 Inc.,,Growth Market(Domestic),Information & Communication,
5028,5028.T,"SecondXight Analytica,Inc.","SecondXight Analytica,Inc.",,Growth Market(Domestic),Information & Communication,
5029,5029.T,circlace Inc,circlace Inc,,Growth Market(Domestic),Information & Communication,
5031,5031.T,Moi Corporation,Moi 公司,,Growth Market(Domestic),Information & Communication,
5032,5032.T,ANYCOLOR Inc.,ANYCOLOR Inc.,,Prime Market (Domestic),Information & Communication,
5033,5033.T,Nulab Inc.,Nulab Inc.,,Growth Market(Domestic),Information & Communication,
5034,5034.T,"unerry,Inc.","unerry,Inc.",,Growth Market(Domestic),Information & Communication,
5035,5035.T,HOUSEI Inc.,HOUSEI Inc.,,Growth Market(Domestic),Information & Communication,
5036,5036.T,"Japan Business Systems,Inc.","Japan Business 系统,Inc.",,Prime Market (Domestic),Information & Communication,
5038,5038.T,"eWeLL Co.,Ltd.","eWeLL Co.,Ltd.",,Growth Market(Domestic),Information & Communication,
504,504.T,Innovacell Inc.,Innovacell Inc.,,Growth Market(Domestic),Pharmaceutical,
505,505.T,"Geekly,Inc.","Geekly,Inc.",,Standard Market(Domestic),Services,
5071,5071.T,VIS co.ltd.,VIS co.ltd.,,Standard Market(Domestic),Services,
5074,5074.T,"TESS Holdings Co.,Ltd.","TESS 控股 Co.,Ltd.",,Prime Market (Domestic),Construction,
5076,5076.T,INFRONEER Holdings Inc.,INFRONEER 控股 Inc.,,Prime Market (Domestic),Construction,
50765,50765.T,Series 1 Bond-Type Class Shares of INFRONEER Holdings Inc.,Series 1 Bond-Type Class Shares of INFRONEER 控股 Inc.,,Prime Market (Domestic),Construction,
5078,5078.T,CEL Corporation,CEL 公司,,Standard Market(Domestic),Construction,
5079,5079.T,"NOVAC CO.,LTD.","NOVAC CO.,LTD.",,Standard Market(Domestic),Construction,
5101,5101.T,"The Yokohama Rubber Company,Limited","The Yokohama Rubber Company,Limited",,Prime Market (Domestic),Rubber Products,
5105,5105.T,Toyo Tire Corporation,Toyo Tire 公司,,Prime Market (Domestic),Rubber Products,
5108,5108.T,BRIDGESTONE CORPORATION,BRIDGESTONE 公司,,Prime Market (Domestic),Rubber Products,
5110,5110.T,"Sumitomo Rubber Industries,Ltd.","Sumitomo Rubber 工业,Ltd.",,Prime Market (Domestic),Rubber Products,
5121,5121.T,FUJIKURA COMPOSITES Inc.,FUJIKURA COMPOSITES Inc.,,Prime Market (Domestic),Rubber Products,
5122,5122.T,"OKAMOTO INDUSTRIES,INC.","OKAMOTO 工业,INC.",,Prime Market (Domestic),Rubber Products,
5125,5125.T,Fines inc.,Fines inc.,,Growth Market(Domestic),Information & Communication,
5126,5126.T,PORTERS CORPORATION,PORTERS 公司,,Growth Market(Domestic),Information & Communication,
5129,5129.T,FIXER Inc.,FIXER Inc.,,Growth Market(Domestic),Information & Communication,
5131,5131.T,Linkers Corporation,Linkers 公司,,Growth Market(Domestic),Information & Communication,
5132,5132.T,"pluszero,Inc.","pluszero,Inc.",,Growth Market(Domestic),Information & Communication,
5133,5133.T,Terilogy Holdings Corporation,Terilogy 控股 公司,,Standard Market(Domestic),Information & Communication,
5134,5134.T,"POPER Co.,Ltd.","POPER Co.,Ltd.",,Growth Market(Domestic),Information & Communication,
5136,5136.T,"tripla Co.,Ltd.","tripla Co.,Ltd.",,Growth Market(Domestic),Information & Communication,
5137,5137.T,SmartDrive inc.,SmartDrive inc.,,Growth Market(Domestic),Information & Communication,
5138,5138.T,"Rebase,Inc.","Rebase,Inc.",,Growth Market(Domestic),Information & Communication,
5139,5139.T,OpenWork Inc.,OpenWork Inc.,,Growth Market(Domestic),Information & Communication,
5142,5142.T,Achilles Corporation,Achilles 公司,,Prime Market (Domestic),Chemicals,
5161,5161.T,"NISHIKAWA RUBBER CO.,LTD.","NISHIKAWA RUBBER CO.,LTD.",,Standard Market(Domestic),Rubber Products,
5162,5162.T,ASAHI RUBBER INC.,ASAHI RUBBER INC.,,Standard Market(Domestic),Rubber Products,
5184,5184.T,"NICHIRIN CO.,LTD.","NICHIRIN CO.,LTD.",,Standard Market(Domestic),Rubber Products,
5185,5185.T,"Fukoku Co.,Ltd.","Fukoku Co.,Ltd.",,Prime Market (Domestic),Rubber Products,
5186,5186.T,Nitta Corporation,Nitta 公司,,Prime Market (Domestic),Rubber Products,
5187,5187.T,"CREATE MEDIC CO.,LTD.","CREATE MEDIC CO.,LTD.",,Standard Market(Domestic),Precision Instruments,
5189,5189.T,"SAKURA RUBBER CO.,LTD.","SAKURA RUBBER CO.,LTD.",,Standard Market(Domestic),Rubber Products,
5192,5192.T,Mitsuboshi Belting Ltd.,Mitsuboshi Belting Ltd.,,Prime Market (Domestic),Rubber Products,
5194,5194.T,"SAGAMI RUBBER INDUSTRIES CO.,LTD.","SAGAMI RUBBER 工业 CO.,LTD.",,Standard Market(Domestic),Rubber Products,
5195,5195.T,"Bando Chemical Industries,Ltd.","Bando 化学 工业,Ltd.",,Prime Market (Domestic),Rubber Products,
5199,5199.T,"FUJI LATEX CO.,LTD.","FUJI LATEX CO.,LTD.",,Standard Market(Domestic),Rubber Products,
519,519.T,Basic Inc.,Basic Inc.,,Growth Market(Domestic),Information & Communication,
5201,5201.T,AGC Inc.,AGC Inc.,,Prime Market (Domestic),Glass and Ceramics Products,
5204,5204.T,"ISHIZUKA GLASS CO.,LTD.","ISHIZUKA GLASS CO.,LTD.",,Standard Market(Domestic),Glass and Ceramics Products,
5208,5208.T,"Arisawa Mfg.Co.,Ltd.","Arisawa Mfg.Co.,Ltd.",,Prime Market (Domestic),Chemicals,
520,520.T,"J-Pharma Co.,Ltd.","J-Pharma Co.,Ltd.",,Growth Market(Domestic),Pharmaceutical,
5210,5210.T,"Nihon Yamamura Glass Co.,Ltd.","Nihon Yamamura Glass Co.,Ltd.",,Standard Market(Domestic),Glass and Ceramics Products,
5214,5214.T,"Nippon Electric Glass Co.,Ltd.","Nippon 电气 Glass Co.,Ltd.",,Prime Market (Domestic),Glass and Ceramics Products,
5216,5216.T,"KURAMOTO CO.,LTD.","KURAMOTO CO.,LTD.",,Standard Market(Domestic),Glass and Ceramics Products,
5218,5218.T,OHARA INC.,OHARA INC.,,Standard Market(Domestic),Glass and Ceramics Products,
5232,5232.T,"Sumitomo Osaka Cement Co.,Ltd.","Sumitomo Osaka Cement Co.,Ltd.",,Prime Market (Domestic),Glass and Ceramics Products,
5233,5233.T,TAIHEIYO CEMENT CORPORATION,TAIHEIYO CEMENT 公司,,Prime Market (Domestic),Glass and Ceramics Products,
5237,5237.T,NOZAWA CORPORATION,NOZAWA 公司,,Standard Market(Domestic),Glass and Ceramics Products,
523,523.T,"SEIWA HOLDINGS Co.,Ltd.","SEIWA 控股 Co.,Ltd.",,Growth Market(Domestic),Metal Products,
5240,5240.T,"monoAI technology Co.,Ltd.","monoAI 科技 Co.,Ltd.",,Growth Market(Domestic),Information & Communication,
5242,5242.T,"EYEZ,INC.","EYEZ,INC.",,Growth Market(Domestic),Information & Communication,
5243,5243.T,note inc.,note inc.,,Growth Market(Domestic),Information & Communication,
5244,5244.T,"jig.jp co.,ltd.","jig.jp co.,ltd.",,Growth Market(Domestic),Information & Communication,
5246,5246.T,"ELEMENTS,Inc.","ELEMENTS,Inc.",,Growth Market(Domestic),Information & Communication,
5247,5247.T,"BTM,Inc.","BTM,Inc.",,Growth Market(Domestic),Information & Communication,
5248,5248.T,"TECHNOLOGIES,Inc.","科技,Inc.",,Growth Market(Domestic),Information & Communication,
5250,5250.T,"GMO PRIME STRATEGY CO.,LTD.","GMO PRIME STRATEGY CO.,LTD.",,Standard Market(Domestic),Information & Communication,
5252,5252.T,"Nihon Knowledge Co,Ltd.","Nihon Knowledge Co,Ltd.",,Growth Market(Domestic),Information & Communication,
5253,5253.T,COVER Corporation,COVER 公司,,Growth Market(Domestic),Information & Communication,
5254,5254.T,Arent Inc.,Arent Inc.,,Growth Market(Domestic),Information & Communication,
5255,5255.T,Monstarlab Inc.,Monstarlab Inc.,,Growth Market(Domestic),Information & Communication,
5256,5256.T,"Fusic Co.,Ltd.","Fusic Co.,Ltd.",,Growth Market(Domestic),Information & Communication,
5257,5257.T,"NOVA SYSTEM CO.,LTD.","NOVA SYSTEM CO.,LTD.",,Standard Market(Domestic),Information & Communication,
5258,5258.T,Transaction Media Networks Inc.,Transaction Media Networks Inc.,,Growth Market(Domestic),Information & Communication,
5261,5261.T,"RESOL HOLDINGS Co.,Ltd.","RESOL 控股 Co.,Ltd.",,Prime Market (Domestic),Services,
5262,5262.T,Nippon Hume Corporation,Nippon Hume 公司,,Prime Market (Domestic),Glass and Ceramics Products,
5268,5268.T,"ASAHI CONCRETE WORKS CO.,LTD.","ASAHI CONCRETE WORKS CO.,LTD.",,Standard Market(Domestic),Glass and Ceramics Products,
5269,5269.T,"NIPPON CONCRETE INDUSTRIES CO.,LTD.","NIPPON CONCRETE 工业 CO.,LTD.",,Prime Market (Domestic),Glass and Ceramics Products,
5271,5271.T,"TOYO ASANO FOUNDATION CO.,LTD.","TOYO ASANO FOUNDATION CO.,LTD.",,Standard Market(Domestic),Glass and Ceramics Products,
5273,5273.T,"MITANI SEKISAN CO.,LTD.","MITANI SEKISAN CO.,LTD.",,Standard Market(Domestic),Glass and Ceramics Products,
5279,5279.T,"NIHON KOGYO CO.,LTD.","NIHON KOGYO CO.,LTD.",,Standard Market(Domestic),Glass and Ceramics Products,
5280,5280.T,"Yoshicon Co.,Ltd.","Yoshicon Co.,Ltd.",,Standard Market(Domestic),Real Estate,
5282,5282.T,GEOSTR Corporation,GEOSTR 公司,,Standard Market(Domestic),Glass and Ceramics Products,
5283,5283.T,"TAKAMISAWA CO.,LTD.","TAKAMISAWA CO.,LTD.",,Standard Market(Domestic),Wholesale Trade,
5284,5284.T,"YAMAU HOLDINGS CO.,LTD.","YAMAU 控股 CO.,LTD.",,Standard Market(Domestic),Glass and Ceramics Products,
5285,5285.T,YAMAX Corp.,YAMAX Corp.,,Standard Market(Domestic),Glass and Ceramics Products,
5287,5287.T,"ITO YOGYO CO.,LTD.","ITO YOGYO CO.,LTD.",,Standard Market(Domestic),Glass and Ceramics Products,
5288,5288.T,ASIA PILE HOLDINGS CORPORATION,ASIA PILE 控股 公司,,Prime Market (Domestic),Glass and Ceramics Products,
5290,5290.T,Vertex Corporation,Vertex 公司,,Standard Market(Domestic),Glass and Ceramics Products,
5301,5301.T,"TOKAI CARBON CO.,LTD.","TOKAI CARBON CO.,LTD.",,Prime Market (Domestic),Glass and Ceramics Products,
5302,5302.T,"Nippon Carbon Co.,Ltd.","Nippon Carbon Co.,Ltd.",,Prime Market (Domestic),Glass and Ceramics Products,
5304,5304.T,"SEC CARBON,LIMITED","SEC CARBON,LIMITED",,Standard Market(Domestic),Glass and Ceramics Products,
5310,5310.T,"TOYO TANSO CO.,LTD.","TOYO TANSO CO.,LTD.",,Prime Market (Domestic),Glass and Ceramics Products,
5331,5331.T,"NORITAKE CO.,LIMITED","NORITAKE CO.,LIMITED",,Prime Market (Domestic),Glass and Ceramics Products,
5332,5332.T,TOTO LTD.,TOTO LTD.,,Prime Market (Domestic),Glass and Ceramics Products,
5333,5333.T,NGK Corporation,NGK 公司,,Prime Market (Domestic),Glass and Ceramics Products,
5334,5334.T,"Niterra Co.,Ltd.","Niterra Co.,Ltd.",,Prime Market (Domestic),Glass and Ceramics Products,20.72
5337,5337.T,DANTO HOLDINGS CORPORATION,DANTO 控股 公司,,Standard Market(Domestic),Glass and Ceramics Products,
5341,5341.T,"ASAHI EITO HOLDINGS CO.,LTD.","ASAHI EITO 控股 CO.,LTD.",,Standard Market(Domestic),Glass and Ceramics Products,
5344,5344.T,"MARUWA CO.,LTD.","MARUWA CO.,LTD.",,Prime Market (Domestic),Glass and Ceramics Products,
5351,5351.T,"SHINAGAWA REFRA CO.,LTD.","SHINAGAWA REFRA CO.,LTD.",,Prime Market (Domestic),Glass and Ceramics Products,
5355,5355.T,"Nippon Crucible Co.,Ltd.","Nippon Crucible Co.,Ltd.",,Standard Market(Domestic),Glass and Ceramics Products,
5356,5356.T,"MINO CERAMIC CO.,LTD.","MINO CERAMIC CO.,LTD.",,Standard Market(Domestic),Glass and Ceramics Products,
5357,5357.T,"YOTAI REFRACTORIES CO.,LTD.","YOTAI REFRACTORIES CO.,LTD.",,Prime Market (Domestic),Glass and Ceramics Products,
5363,5363.T,TYK CORPORATION,TYK 公司,,Standard Market(Domestic),Glass and Ceramics Products,
5367,5367.T,NIKKATO CORPORATION,NIKKATO 公司,,Standard Market(Domestic),Glass and Ceramics Products,
5368,5368.T,"JAPAN INSULATION CO.,LTD.","JAPAN INSULATION CO.,LTD.",,Standard Market(Domestic),Glass and Ceramics Products,
5380,5380.T,SHINTO COMPANY LIMITED,SHINTO COMPANY LIMITED,,Standard Market(Domestic),Glass and Ceramics Products,
5381,5381.T,Mipox Corporation,Mipox 公司,,Standard Market(Domestic),Glass and Ceramics Products,
5384,5384.T,FUJIMI INCORPORATED,FUJIMI INCORPORATED,,Prime Market (Domestic),Glass and Ceramics Products,
5388,5388.T,"KUNIMINE INDUSTRIES CO.,LTD.","KUNIMINE 工业 CO.,LTD.",,Standard Market(Domestic),Glass and Ceramics Products,
5391,5391.T,A&A Material Corporation,A&A Material 公司,,Standard Market(Domestic),Glass and Ceramics Products,
5393,5393.T,NICHIAS CORPORATION,NICHIAS 公司,,Prime Market (Domestic),Glass and Ceramics Products,
5401,5401.T,NIPPON STEEL CORPORATION,NIPPON STEEL 公司,,Prime Market (Domestic),Iron and Steel,
5406,5406.T,"Kobe Steel,Ltd.","Kobe Steel,Ltd.",,Prime Market (Domestic),Iron and Steel,
5408,5408.T,"NAKAYAMA STEEL WORKS,LTD.","NAKAYAMA STEEL WORKS,LTD.",,Prime Market (Domestic),Iron and Steel,
5410,5410.T,"Godo Steel,Ltd.","Godo Steel,Ltd.",,Prime Market (Domestic),Iron and Steel,
5411,5411.T,"JFE Holdings,Inc.","JFE 控股,Inc.",,Prime Market (Domestic),Iron and Steel,
5423,5423.T,"TOKYO STEEL MANUFACTURING CO.,LTD.","TOKYO STEEL MANUFACTURING CO.,LTD.",,Prime Market (Domestic),Iron and Steel,
542,542.T,Vitabrid Japan Inc.,Vitabrid Japan Inc.,,Growth Market(Domestic),Chemicals,
543,543.T,ARCHION Corporation,ARCHION 公司,,Prime Market (Domestic),Transportation Equipment,
5440,5440.T,KYOEI STEEL LTD.,KYOEI STEEL LTD.,,Prime Market (Domestic),Iron and Steel,
5444,5444.T,"YAMATO KOGYO CO.,LTD.","YAMATO KOGYO CO.,LTD.",,Prime Market (Domestic),Iron and Steel,
5445,5445.T,"TOKYO TEKKO CO.,LTD.","TOKYO TEKKO CO.,LTD.",,Prime Market (Domestic),Iron and Steel,
5446,5446.T,"HOKUETSU METAL Co.,Ltd.","HOKUETSU METAL Co.,Ltd.",,Standard Market(Domestic),Iron and Steel,
5449,5449.T,"OSAKA STEEL CO.,LTD.","OSAKA STEEL CO.,LTD.",,Standard Market(Domestic),Iron and Steel,
544,544.T,"GMS Group Co.,Ltd.","GMS 集团 Co.,Ltd.",,Prime Market (Domestic),Machinery,
5451,5451.T,"YODOKO,Ltd.","YODOKO,Ltd.",,Prime Market (Domestic),Iron and Steel,
5458,5458.T,TAKASAGO TEKKO K.K.,TAKASAGO TEKKO K.K.,,Standard Market(Domestic),Iron and Steel,
545,545.T,"Toranvia Co.,Ltd.","Toranvia Co.,Ltd.",,Prime Market (Domestic),Information & Communication,
5461,5461.T,"Chubu Steel Plate Co.,Ltd.","Chubu Steel Plate Co.,Ltd.",,Prime Market (Domestic),Iron and Steel,
5463,5463.T,Maruichi Steel Tube Ltd.,Maruichi Steel Tube Ltd.,,Prime Market (Domestic),Iron and Steel,
5464,5464.T,MORY INDUSTRIES INC.,MORY 工业 INC.,,Standard Market(Domestic),Iron and Steel,
546,546.T,"MIRAINI HOLDINGS CO.,LTD.","MIRAINI 控股 CO.,LTD.",,Prime Market (Domestic),Wholesale Trade,
5471,5471.T,"Daido Steel Co.,Ltd.","Daido Steel Co.,Ltd.",,Prime Market (Domestic),Iron and Steel,
547,547.T,Muninova Holdings Inc.,Muninova 控股 Inc.,,Prime Market (Domestic),Other Financing Business,
5480,5480.T,"Nippon Yakin kogyo Co.,Ltd.","Nippon Yakin kogyo Co.,Ltd.",,Prime Market (Domestic),Iron and Steel,
5482,5482.T,AICHI STEEL CORPORATION,AICHI STEEL 公司,,Prime Market (Domestic),Iron and Steel,
5484,5484.T,"Tohoku Steel Co.,Ltd.","Tohoku Steel Co.,Ltd.",,Standard Market(Domestic),Iron and Steel,
548,548.T,"SystemEXE,Inc.","SystemEXE,Inc.",,Standard Market(Domestic),Information & Communication,
5491,5491.T,"NIPPON KINZOKU CO.,LTD.","NIPPON KINZOKU CO.,LTD.",,Standard Market(Domestic),Iron and Steel,
549,549.T,"HITO-TO-HITO Holdings Co.,Ltd.","HITO-TO-HITO 控股 Co.,Ltd.",,Standard Market(Domestic),Services,
550,550.T,"SOFTTEX Co.,Ltd.","SOFTTEX Co.,Ltd.",,Standard Market(Domestic),Information & Communication,
5527,5527.T,property technologies Inc.,property 科技 Inc.,,Growth Market(Domestic),Real Estate,
5532,5532.T,REALGATE INC.,REALGATE INC.,,Growth Market(Domestic),Real Estate,
5533,5533.T,"Elitz Holdings Co.,Ltd.","Elitz 控股 Co.,Ltd.",,Standard Market(Domestic),Real Estate,
5535,5535.T,MIGALO HOLDINGS Inc.,MIGALO 控股 Inc.,,Prime Market (Domestic),Real Estate,
5537,5537.T,"AlbaLink Co.,Ltd.","AlbaLink Co.,Ltd.",,Growth Market(Domestic),Real Estate,
5541,5541.T,"PACIFIC METALS CO.,LTD.","PACIFIC METALS CO.,LTD.",,Prime Market (Domestic),Iron and Steel,
5542,5542.T,Shinhokoku Material Corp.,Shinhokoku Material Corp.,,Standard Market(Domestic),Iron and Steel,
554,554.T,"Batonz.Co.,Ltd.","Batonz.Co.,Ltd.",,Growth Market(Domestic),Information & Communication,
5563,5563.T,"Nippon Denko Co.,Ltd.","Nippon Denko Co.,Ltd.",,Prime Market (Domestic),Iron and Steel,
556,556.T,"INUNEKO-SEIKATSU Co.,Ltd.","INUNEKO-SEIKATSU Co.,Ltd.",,Growth Market(Domestic),Retail Trade,
5570,5570.T,"JENOBA CO.,LTD.","JENOBA CO.,LTD.",,Growth Market(Domestic),Information & Communication,
5571,5571.T,"Excite Holdings Co.,Ltd.","Excite 控股 Co.,Ltd.",,Standard Market(Domestic),Information & Communication,
5572,5572.T,Ridge-i Inc.,Ridge-i Inc.,,Growth Market(Domestic),Information & Communication,
5574,5574.T,"ABEJA,Inc.","ABEJA,Inc.",,Growth Market(Domestic),Information & Communication,
5575,5575.T,Globee Inc.,Globee Inc.,,Growth Market(Domestic),Information & Communication,
5576,5576.T,O.B.System Inc.,O.B.System Inc.,,Standard Market(Domestic),Information & Communication,
5578,5578.T,"AR advanced technology,Inc.","AR advanced 科技,Inc.",,Growth Market(Domestic),Information & Communication,
5580,5580.T,"Prodelight Co.,Ltd.","Prodelight Co.,Ltd.",,Growth Market(Domestic),Information & Communication,
5582,5582.T,GRID Inc.,GRID Inc.,,Growth Market(Domestic),Information & Communication,
5586,5586.T,Laboro.AI Inc.,Laboro.AI Inc.,,Growth Market(Domestic),Information & Communication,
5587,5587.T,Inbound Platform Corp.,Inbound Platform Corp.,,Growth Market(Domestic),Information & Communication,
5588,5588.T,"Fast Accounting Co.,Ltd.","Fast Accounting Co.,Ltd.",,Growth Market(Domestic),Information & Communication,
5589,5589.T,"AUTOSERVER CO.,LTD.","AUTOSERVER CO.,LTD.",,Standard Market(Domestic),Information & Communication,
558,558.T,SQUEEZE Inc.,SQUEEZE Inc.,,Growth Market(Domestic),Services,
5590,5590.T,"NETSTARS Co.,Ltd.","NETSTARS Co.,Ltd.",,Growth Market(Domestic),Information & Communication,
5591,5591.T,AVILEN Inc.,AVILEN Inc.,,Growth Market(Domestic),Information & Communication,
5592,5592.T,"Kusurinomadoguchi,Inc.","Kusurinomadoguchi,Inc.",,Growth Market(Domestic),Information & Communication,
5597,5597.T,"Blue innovation Co.,Ltd.","Blue innovation Co.,Ltd.",,Growth Market(Domestic),Information & Communication,
5599,5599.T,S&J Corporation,S&J 公司,,Growth Market(Domestic),Information & Communication,
559,559.T,"UMENOYADO BREWERY CO.,LTD.","UMENOYADO BREWERY CO.,LTD.",,Standard Market(Domestic),Foods,
5602,5602.T,"Kurimoto,Ltd.","Kurimoto,Ltd.",,Prime Market (Domestic),Iron and Steel,
5603,5603.T,KOGI CORPORATION,KOGI 公司,,Standard Market(Domestic),Iron and Steel,
5609,5609.T,NIPPON CHUZO K.K.,NIPPON CHUZO K.K.,,Standard Market(Domestic),Iron and Steel,
5612,5612.T,NIPPON CHUTETSUKAN K.K.,NIPPON CHUTETSUKAN K.K.,,Standard Market(Domestic),Iron and Steel,
5616,5616.T,"Ame Kaze Taiyo,Inc.","Ame Kaze Taiyo,Inc.",,Growth Market(Domestic),Information & Communication,
5618,5618.T,Nyle Inc.,Nyle Inc.,,Growth Market(Domestic),Information & Communication,
5619,5619.T,"MRSO.,Inc","MRSO.,Inc",,Growth Market(Domestic),Information & Communication,
5621,5621.T,"Human Technologies,Inc.","Human 科技,Inc.",,Growth Market(Domestic),Information & Communication,
5631,5631.T,"The Japan Steel Works,Ltd.","The Japan Steel Works,Ltd.",,Prime Market (Domestic),Machinery,
5632,5632.T,"Mitsubishi Steel Mfg.Co.,Ltd.","Mitsubishi Steel Mfg.Co.,Ltd.",,Prime Market (Domestic),Iron and Steel,
5644,5644.T,METALART CORPORATION,METALART 公司,,Standard Market(Domestic),Iron and Steel,
5658,5658.T,"NICHIA STEEL WORKS,LTD.","NICHIA STEEL WORKS,LTD.",,Standard Market(Domestic),Iron and Steel,
5659,5659.T,"Nippon Seisen Co.,Ltd.","Nippon Seisen Co.,Ltd.",,Prime Market (Domestic),Iron and Steel,
5695,5695.T,"Powdertech Co.,Ltd.","Powdertech Co.,Ltd.",,Standard Market(Domestic),Iron and Steel,
5697,5697.T,"SANYU CO.,LTD.","SANYU CO.,LTD.",,Standard Market(Domestic),Iron and Steel,
5698,5698.T,ENVIPRO HOLDINGS Inc.,ENVIPRO 控股 Inc.,,Standard Market(Domestic),Iron and Steel,
5699,5699.T,"IBOKIN Co.,Ltd.","IBOKIN Co.,Ltd.",,Standard Market(Domestic),Iron and Steel,
5702,5702.T,"DAIKI ALUMINIUM INDUSTRY CO.,LTD.","DAIKI ALUMINIUM INDUSTRY CO.,LTD.",,Prime Market (Domestic),Nonferrous Metals,
5703,5703.T,"Nippon Light Metal Holdings Company,Ltd.","Nippon Light Metal 控股 Company,Ltd.",,Prime Market (Domestic),Nonferrous Metals,
5704,5704.T,JMC Corporation,JMC 公司,,Standard Market(Domestic),Nonferrous Metals,
5706,5706.T,"Mitsui Kinzoku Company,Limited","Mitsui Kinzoku Company,Limited",,Prime Market (Domestic),Nonferrous Metals,520.53
5707,5707.T,"Toho Zinc Co.,Ltd.","Toho Zinc Co.,Ltd.",,Prime Market (Domestic),Nonferrous Metals,
5711,5711.T,Mitsubishi Materials Corporation,Mitsubishi Materials 公司,,Prime Market (Domestic),Nonferrous Metals,
5713,5713.T,"Sumitomo Metal Mining Co.,Ltd.","Sumitomo Metal Mining Co.,Ltd.",,Prime Market (Domestic),Nonferrous Metals,12029.28
5714,5714.T,"DOWA HOLDINGS CO.,LTD.","DOWA 控股 CO.,LTD.",,Prime Market (Domestic),Nonferrous Metals,
5715,5715.T,"FURUKAWA CO.,LTD.","FURUKAWA CO.,LTD.",,Prime Market (Domestic),Nonferrous Metals,
5721,5721.T,S Crypto Energy Inc.,S Crypto 能源 Inc.,,Standard Market(Domestic),Nonferrous Metals,
5724,5724.T,"Asaka Riken Co.,Ltd.","Asaka Riken Co.,Ltd.",,Standard Market(Domestic),Nonferrous Metals,
5726,5726.T,"OSAKA Titanium technologies Co.,Ltd.","OSAKA Titanium 科技 Co.,Ltd.",,Prime Market (Domestic),Nonferrous Metals,
5729,5729.T,"NIHON SEIKO CO.,LTD","NIHON SEIKO CO.,LTD",,Standard Market(Domestic),Nonferrous Metals,
5741,5741.T,UACJ Corporation,UACJ 公司,,Prime Market (Domestic),Nonferrous Metals,
5742,5742.T,"NIC Autotec,Inc.","NIC Autotec,Inc.",,Standard Market(Domestic),Nonferrous Metals,
5753,5753.T,"NIPPON SHINDO CO.,LTD.","NIPPON SHINDO CO.,LTD.",,Standard Market(Domestic),Nonferrous Metals,
5757,5757.T,"CK SAN-ETSU Co.,Ltd.","CK SAN-ETSU Co.,Ltd.",,Prime Market (Domestic),Nonferrous Metals,
575,575.T,"MAEZAWA Holdings CO.,LTD.","MAEZAWA 控股 CO.,LTD.",,Prime Market (Domestic),Machinery,
5801,5801.T,"Furukawa Electric Co.,Ltd.","Furukawa 电气 Co.,Ltd.",,Prime Market (Domestic),Nonferrous Metals,
5802,5802.T,"Sumitomo Electric Industries,Ltd.","Sumitomo 电气 工业,Ltd.",,Prime Market (Domestic),Nonferrous Metals,
5803,5803.T,Fujikura Ltd.,Fujikura Ltd.,,Prime Market (Domestic),Nonferrous Metals,
5805,5805.T,SWCC Corporation,SWCC 公司,,Prime Market (Domestic),Nonferrous Metals,
5816,5816.T,"Onamba Co.,Ltd.","Onamba Co.,Ltd.",,Standard Market(Domestic),Nonferrous Metals,
5817,5817.T,"JMACS Japan Co.,Ltd.","JMACS Japan Co.,Ltd.",,Standard Market(Domestic),Nonferrous Metals,
5819,5819.T,"Canare Electric Co.,Ltd.","Canare 电气 Co.,Ltd.",,Standard Market(Domestic),Nonferrous Metals,
581,581.T,GO Inc.,GO Inc.,,Growth Market(Domestic),Information & Communication,
5820,5820.T,"MITSUBOSHI CO.,LTD.","MITSUBOSHI CO.,LTD.",,Standard Market(Domestic),Nonferrous Metals,
5821,5821.T,HIRAKAWA HEWTECH CORP.,HIRAKAWA HEWTECH CORP.,,Prime Market (Domestic),Nonferrous Metals,
5830,5830.T,"Iyogin Holdings,Inc.","Iyogin 控股,Inc.",,Prime Market (Domestic),Banks,
5831,5831.T,"Shizuoka Financial Group,Inc.","Shizuoka 金融 集团,Inc.",,Prime Market (Domestic),Banks,
5832,5832.T,"Chugin Financial Group,Inc.","Chugin 金融 集团,Inc.",,Prime Market (Domestic),Banks,
5834,5834.T,"SBI Leasing Services Co.,Ltd.","SBI Leasing 服务 Co.,Ltd.",,Growth Market(Domestic),Securities and Commodities Futures,
5838,5838.T,"Rakuten Bank,Ltd.","Rakuten 银行,Ltd.",,Prime Market (Domestic),Banks,
5842,5842.T,Integral Corporation,Integral 公司,,Growth Market(Domestic),Securities and Commodities Futures,
5843,5843.T,"Nippon Insure Co.,Ltd.","Nippon Insure Co.,Ltd.",,Standard Market(Domestic),Other Financing Business,
5844,5844.T,"Kyoto Financial Group,Inc.","Kyoto 金融 集团,Inc.",,Prime Market (Domestic),Banks,
5845,5845.T,"ZENHOREN CO.,LTD.","ZENHOREN CO.,LTD.",,Standard Market(Domestic),Other Financing Business,
584,584.T,"LiNKX,Inc.","LiNKX,Inc.",,Growth Market(Domestic),Information & Communication,
5851,5851.T,RYOBI LIMITED,RYOBI LIMITED,,Prime Market (Domestic),Nonferrous Metals,
5852,5852.T,AHRESTY CORPORATION,AHRESTY 公司,,Prime Market (Domestic),Nonferrous Metals,
5857,5857.T,"ARE Holdings,Inc.","ARE 控股,Inc.",,Prime Market (Domestic),Nonferrous Metals,
5858,5858.T,"STG CO.,LTD.","STG CO.,LTD.",,Growth Market(Domestic),Nonferrous Metals,
5867,5867.T,"ES NETWORKS CO.,LTD.","ES NETWORKS CO.,LTD.",,Growth Market(Domestic),Services,
5868,5868.T,Rococo Co.Ltd.,Rococo Co.Ltd.,,Standard Market(Domestic),Services,
5869,5869.T,"WASEDA GAKUSHUKENKYUKAI CO.,LTD.","WASEDA GAKUSHUKENKYUKAI CO.,LTD.",,Standard Market(Domestic),Services,
5870,5870.T,Nalnet Communications Inc.,Nalnet 通信 Inc.,,Growth Market(Domestic),Services,
5871,5871.T,SOLIZE Holdings Corporation,SOLIZE 控股 公司,,Standard Market(Domestic),Services,
5884,5884.T,"KURADASHI.Co.,Ltd.","KURADASHI.Co.,Ltd.",,Growth Market(Domestic),Retail Trade,
5885,5885.T,"GDEP ADVANCE,Inc.","GDEP ADVANCE,Inc.",,Standard Market(Domestic),Wholesale Trade,
5888,5888.T,"DAIWA CYCLE CO.,LTD.","DAIWA CYCLE CO.,LTD.",,Growth Market(Domestic),Retail Trade,
5889,5889.T,"Japan Eyewear Holdings Co.,Ltd.","Japan Eyewear 控股 Co.,Ltd.",,Prime Market (Domestic),Retail Trade,
5891,5891.T,"SAKIGAKE Holdings Co.,Ltd.","SAKIGAKE 控股 Co.,Ltd.",,Standard Market(Domestic),Retail Trade,
5892,5892.T,"yutori,Inc.","yutori,Inc.",,Growth Market(Domestic),Retail Trade,
589,589.T,"NEIS Co.,Ltd.","NEIS Co.,Ltd.",,Growth Market(Domestic),Services,
5900,5900.T,"DAIKEN CO.,LTD.","DAIKEN CO.,LTD.",,Standard Market(Domestic),Metal Products,
5901,5901.T,"Toyo Seikan Group Holdings,Ltd.","Toyo Seikan 集团 控股,Ltd.",,Prime Market (Domestic),Metal Products,
5902,5902.T,HOKKAN HOLDINGS LIMITED,HOKKAN 控股 LIMITED,,Prime Market (Domestic),Metal Products,
5905,5905.T,NIHON SEIKAN K.K.,NIHON SEIKAN K.K.,,Standard Market(Domestic),Metal Products,
5906,5906.T,"MK SEIKO CO.,LTD.","MK SEIKO CO.,LTD.",,Standard Market(Domestic),Metal Products,
5909,5909.T,CORONA CORPORATION,CORONA 公司,,Standard Market(Domestic),Metal Products,
590,590.T,"giftee Group,Inc.","giftee 集团,Inc.",,Prime Market (Domestic),Information & Communication,
5911,5911.T,Yokogawa Bridge Holdings Corp.,Yokogawa Bridge 控股 Corp.,,Prime Market (Domestic),Metal Products,
5915,5915.T,KOMAIHALTEC Inc.,KOMAIHALTEC Inc.,,Standard Market(Domestic),Metal Products,
5918,5918.T,"The Takigami Steel Construction Co.,Ltd.","The Takigami Steel 建设 Co.,Ltd.",,Standard Market(Domestic),Metal Products,
5921,5921.T,"Kawagishi Bridge Works Co.,Ltd.","Kawagishi Bridge Works Co.,Ltd.",,Standard Market(Domestic),Metal Products,
5922,5922.T,"NASU DENKI-TEKKO CO.,LTD.","NASU DENKI-TEKKO CO.,LTD.",,Standard Market(Domestic),Metal Products,
5923,5923.T,"TAKADAKIKO(Steel Construction)CO.,LTD.","TAKADAKIKO(Steel 建设)CO.,LTD.",,Standard Market(Domestic),Metal Products,
5928,5928.T,"ALMETAX MANUFACTURING CO,LTD.","ALMETAX MANUFACTURING CO,LTD.",,Standard Market(Domestic),Metal Products,
5929,5929.T,Sanwa Holdings Corporation,Sanwa 控股 公司,,Prime Market (Domestic),Metal Products,
5930,5930.T,"Bunka Shutter Co.,Ltd.","Bunka Shutter Co.,Ltd.",,Prime Market (Domestic),Metal Products,
5932,5932.T,"Sankyo Tateyama,Inc.","Sankyo Tateyama,Inc.",,Prime Market (Domestic),Metal Products,
5933,5933.T,ALINCO INCORPORATED,ALINCO INCORPORATED,,Prime Market (Domestic),Metal Products,
5936,5936.T,"TOYO SHUTTER CO.,LTD.","TOYO SHUTTER CO.,LTD.",,Standard Market(Domestic),Metal Products,
5938,5938.T,LIXIL Corporation,LIXIL 公司,,Prime Market (Domestic),Metal Products,
5939,5939.T,"OTANI KOGYO CO.,LTD.","OTANI KOGYO CO.,LTD.",,Standard Market(Domestic),Metal Products,
593,593.T,"TIER IV,Inc.","TIER IV,Inc.",,Growth Market(Domestic),Information & Communication,
5940,5940.T,"FUJISASH CO.,LTD.","FUJISASH CO.,LTD.",,Standard Market(Domestic),Metal Products,
5941,5941.T,"NAKANISHI MFG. CO.,LTD.","NAKANISHI MFG. CO.,LTD.",,Standard Market(Domestic),Metal Products,
5942,5942.T,"NIPPON FILCON CO.,LTD.","NIPPON FILCON CO.,LTD.",,Standard Market(Domestic),Metal Products,
5943,5943.T,NORITZ CORPORATION,NORITZ 公司,,Prime Market (Domestic),Metal Products,
5945,5945.T,"Tenryu Saw Mfg.Co.,Ltd.","Tenryu Saw Mfg.Co.,Ltd.",,Standard Market(Domestic),Metal Products,
5946,5946.T,"CHOFU SEISAKUSHO CO.,LTD.","CHOFU SEISAKUSHO CO.,LTD.",,Prime Market (Domestic),Metal Products,
5947,5947.T,RINNAI CORPORATION,RINNAI 公司,,Prime Market (Domestic),Metal Products,
5949,5949.T,UNIPRES CORPORATION,UNIPRES 公司,,Prime Market (Domestic),Transportation Equipment,
5950,5950.T,"JAPAN POWER FASTENING CO.,LTD.","JAPAN POWER FASTENING CO.,LTD.",,Standard Market(Domestic),Metal Products,
5951,5951.T,"Dainichi Co.,Ltd.","Dainichi Co.,Ltd.",,Standard Market(Domestic),Metal Products,
5952,5952.T,Amatei Incorporated,Amatei Incorporated,,Standard Market(Domestic),Metal Products,
5955,5955.T,"WISE HOLDINGS CO.,LTD.","WISE 控股 CO.,LTD.",,Standard Market(Domestic),Metal Products,
5956,5956.T,"TOSO CO.,LTD.","TOSO CO.,LTD.",,Standard Market(Domestic),Metal Products,
5957,5957.T,"NITTOSEIKO CO.,LTD.","NITTOSEIKO CO.,LTD.",,Prime Market (Domestic),Metal Products,
5958,5958.T,"SANYO INDUSTRIES,LTD.","SANYO 工业,LTD.",,Standard Market(Domestic),Metal Products,
5959,5959.T,"OKABE CO.,LTD.","OKABE CO.,LTD.",,Prime Market (Domestic),Metal Products,
5962,5962.T,"ASAKA INDUSTRIAL CO.,LTD.","ASAKA 工业 CO.,LTD.",,Standard Market(Domestic),Other Products,
5965,5965.T,FUJIMAK CORPORATION,FUJIMAK 公司,,Standard Market(Domestic),Metal Products,
5966,5966.T,"KYOTO TOOL CO.,LTD.","KYOTO TOOL CO.,LTD.",,Standard Market(Domestic),Metal Products,
5967,5967.T,"TONE CO.,LTD.","TONE CO.,LTD.",,Standard Market(Domestic),Metal Products,
5969,5969.T,"LOBTEX Co.,Ltd.","LOBTEX Co.,Ltd.",,Standard Market(Domestic),Metal Products,
5970,5970.T,G-TEKT CORPORATION,G-TEKT 公司,,Prime Market (Domestic),Metal Products,
5971,5971.T,"KYOWAKOGYOSYO CO.,LTD.","KYOWAKOGYOSYO CO.,LTD.",,Standard Market(Domestic),Metal Products,
5973,5973.T,TOAMI CORPORATION,TOAMI 公司,,Standard Market(Domestic),Metal Products,
5974,5974.T,"CHUGOKUKOGYO CO.,LTD.","CHUGOKUKOGYO CO.,LTD.",,Standard Market(Domestic),Metal Products,
5975,5975.T,Topre Corporation,Topre 公司,,Prime Market (Domestic),Metal Products,
5976,5976.T,"Neturen Co.,Ltd.","Neturen Co.,Ltd.",,Prime Market (Domestic),Metal Products,
5981,5981.T,"TOKYO ROPE MFG.CO.,LTD","TOKYO ROPE MFG.CO.,LTD",,Prime Market (Domestic),Metal Products,
5982,5982.T,"MARUZEN CO.,LTD.","MARUZEN CO.,LTD.",,Standard Market(Domestic),Metal Products,
5983,5983.T,IWABUCHI CORPORATION,IWABUCHI 公司,,Standard Market(Domestic),Metal Products,
5984,5984.T,KANEFUSA CORPORATION,KANEFUSA 公司,,Standard Market(Domestic),Metal Products,
5985,5985.T,SUNCALL CORPORATION,SUNCALL 公司,,Standard Market(Domestic),Metal Products,
5986,5986.T,"MOLITEC STEEL CO.,LTD.","MOLITEC STEEL CO.,LTD.",,Standard Market(Domestic),Metal Products,
5987,5987.T,ONEX Corporation,ONEX 公司,,Standard Market(Domestic),Metal Products,
5988,5988.T,"PIOLAX,INC.","PIOLAX,INC.",,Prime Market (Domestic),Metal Products,
5989,5989.T,"H-ONE CO.,LTD.","H-ONE CO.,LTD.",,Prime Market (Domestic),Metal Products,
598,598.T,"ChatPlus Co.,Ltd.","ChatPlus Co.,Ltd.",,Growth Market(Domestic),Information & Communication,
5990,5990.T,"SUPER TOOL CO.,LTD.","SUPER TOOL CO.,LTD.",,Standard Market(Domestic),Metal Products,
5991,5991.T,"NHK SPRING CO.,LTD.","NHK SPRING CO.,LTD.",,Prime Market (Domestic),Metal Products,
5992,5992.T,"CHUO SPRING CO.,LTD.","CHUO SPRING CO.,LTD.",,Standard Market(Domestic),Metal Products,
5994,5994.T,"FINE SINTER CO.,LTD.","FINE SINTER CO.,LTD.",,Standard Market(Domestic),Metal Products,
5997,5997.T,KYORITSU AIR TECH INC.,KYORITSU AIR TECH INC.,,Standard Market(Domestic),Metal Products,
5998,5998.T,Advanex Inc.,Advanex Inc.,,Standard Market(Domestic),Metal Products,
6005,6005.T,"MIURA CO.,LTD.","MIURA CO.,LTD.",,Prime Market (Domestic),Machinery,
6013,6013.T,"TAKUMA CO.,LTD.","TAKUMA CO.,LTD.",,Prime Market (Domestic),Machinery,
6016,6016.T,Japan Engine Corporation,Japan Engine 公司,,Standard Market(Domestic),Transportation Equipment,
6018,6018.T,"THE HANSHIN DIESEL WORKS,LTD.","THE HANSHIN DIESEL WORKS,LTD.",,Standard Market(Domestic),Transportation Equipment,
6022,6022.T,Akasaka Diesels Ltd.,Akasaka Diesels Ltd.,,Standard Market(Domestic),Machinery,
6023,6023.T,"DAIHATSU INFINEARTH MFG.CO.,LTD.","DAIHATSU INFINEARTH MFG.CO.,LTD.",,Standard Market(Domestic),Transportation Equipment,
6027,6027.T,"Bengo4.com,Inc.","Bengo4.com,Inc.",,Prime Market (Domestic),Services,
6029,6029.T,Artra Group Corporation,Artra 集团 公司,,Standard Market(Domestic),Services,
6030,6030.T,"Adventure,Inc.","Adventure,Inc.",,Growth Market(Domestic),Services,
6031,6031.T,ZETA INC.,ZETA INC.,,Standard Market(Domestic),Services,
6033,6033.T,"EXTREME CO.,LTD.","EXTREME CO.,LTD.",,Growth Market(Domestic),Services,
6034,6034.T,MRT Inc.,MRT Inc.,,Growth Market(Domestic),Services,
6035,6035.T,"IR Japan Holdings,Ltd.","IR Japan 控股,Ltd.",,Standard Market(Domestic),Services,
6036,6036.T,"KeePer Technical Laboratory Co.,Ltd.","KeePer Technical Laboratory Co.,Ltd.",,Prime Market (Domestic),Services,
6037,6037.T,"RAKUMACHI,INC.","RAKUMACHI,INC.",,Standard Market(Domestic),Services,
6038,6038.T,"IID,Inc.","IID,Inc.",,Growth Market(Domestic),Services,
6039,6039.T,"Japan Animal Referral Medical Center Co.,Ltd.","Japan Animal Referral Medical Center Co.,Ltd.",,Growth Market(Domestic),Services,
603,603.T,i GRID SOLUTIONS Inc.,i GRID SOLUTIONS Inc.,,Growth Market(Domestic),Electric Power and Gas,
6040,6040.T,"Nippon Ski Resort Development Co.,Ltd.","Nippon Ski Resort Development Co.,Ltd.",,Growth Market(Domestic),Services,
6042,6042.T,"NIKKI CO.,LTD.","NIKKI CO.,LTD.",,Standard Market(Domestic),Transportation Equipment,
6044,6044.T,SANKI SERVICE CORPORATION,SANKI SERVICE 公司,,Standard Market(Domestic),Services,
6045,6045.T,"Rentracks CO.,LTD.","Rentracks CO.,LTD.",,Growth Market(Domestic),Services,
6046,6046.T,LINKBAL INC.,LINKBAL INC.,,Standard Market(Domestic),Services,
6047,6047.T,Gunosy Inc.,Gunosy Inc.,,Standard Market(Domestic),Services,
6049,6049.T,ItoKuro Inc.,ItoKuro Inc.,,Growth Market(Domestic),Services,
604,604.T,"beABLE CO.,LTD.","beABLE CO.,LTD.",,Standard Market(Domestic),Construction,
6050,6050.T,E-Guardian Inc.,E-Guardian Inc.,,Prime Market (Domestic),Services,
6054,6054.T,Livesense Inc.,Livesense Inc.,,Standard Market(Domestic),Services,
6055,6055.T,"JAPAN MATERIAL Co.,Ltd.","JAPAN MATERIAL Co.,Ltd.",,Prime Market (Domestic),Services,
6058,6058.T,VECTOR INC.,VECTOR INC.,,Prime Market (Domestic),Services,
6059,6059.T,"UCHIYAMA HOLDINGS Co.,Ltd.","UCHIYAMA 控股 Co.,Ltd.",,Standard Market(Domestic),Services,
6061,6061.T,"UNIVERSAL ENGEISHA CO.,LTD","UNIVERSAL ENGEISHA CO.,LTD",,Standard Market(Domestic),Services,
6062,6062.T,CHARM CARE CORPORATION,CHARM CARE 公司,,Prime Market (Domestic),Services,
6063,6063.T,"Emergency Assistance Japan Co., Ltd.","Emergency Assistance Japan Co., Ltd.",,Standard Market(Domestic),Services,
6069,6069.T,"Trenders,Inc.","Trenders,Inc.",,Growth Market(Domestic),Services,
6070,6070.T,"CAREERLINK CO.,LTD.","CAREERLINK CO.,LTD.",,Prime Market (Domestic),Services,
6071,6071.T,"IBJ,Inc.","IBJ,Inc.",,Prime Market (Domestic),Services,
6072,6072.T,"Jibannet Holdings Co.,Ltd.","Jibannet 控股 Co.,Ltd.",,Standard Market(Domestic),Services,
6073,6073.T,ASANTE INCORPORATED,ASANTE INCORPORATED,,Prime Market (Domestic),Services,
6074,6074.T,JSS CORPORATION,JSS 公司,,Standard Market(Domestic),Services,
6078,6078.T,"Value HR Co.,Ltd.","Value HR Co.,Ltd.",,Prime Market (Domestic),Services,
607,607.T,"every,Inc.","every,Inc.",,Growth Market(Domestic),Services,
6080,6080.T,"M&A Capital Partners Co.,Ltd.","M&A Capital Partners Co.,Ltd.",,Prime Market (Domestic),Services,
6081,6081.T,"Allied Architects,Inc.","Allied Architects,Inc.",,Growth Market(Domestic),Services,
6082,6082.T,"RIDE ON EXPRESS HOLDINGS Co.,Ltd.","RIDE ON EXPRESS 控股 Co.,Ltd.",,Standard Market(Domestic),Services,
6083,6083.T,"ERI HOLDINGS CO.,LTD.","ERI 控股 CO.,LTD.",,Standard Market(Domestic),Services,
6085,6085.T,ARCHITECTS STUDIO JAPAN INC.,ARCHITECTS STUDIO JAPAN INC.,,Growth Market(Domestic),Services,
6086,6086.T,"Shin Maint Holdings Co.,Ltd.","Shin Maint 控股 Co.,Ltd.",,Growth Market(Domestic),Services,
6087,6087.T,"ABIST Co.,Ltd.","ABIST Co.,Ltd.",,Standard Market(Domestic),Services,
6088,6088.T,SIGMAXYZ Holdings Inc.,SIGMAXYZ 控股 Inc.,,Prime Market (Domestic),Services,
6089,6089.T,"WILL GROUP,INC.","WILL 集团,INC.",,Prime Market (Domestic),Services,
6090,6090.T,"Human Metabolome Technologies,Inc.","Human Metabolome 科技,Inc.",,Standard Market(Domestic),Services,
6091,6091.T,Wesco Holdings Inc.,Wesco 控股 Inc.,,Standard Market(Domestic),Services,
6092,6092.T,"EnBio Holdings,Inc","EnBio 控股,Inc",,Standard Market(Domestic),Services,
6093,6093.T,"MITRA Group,Inc.","MITRA 集团,Inc.",,Standard Market(Domestic),Services,
6094,6094.T,"FreakOut Holdings,inc.","FreakOut 控股,inc.",,Growth Market(Domestic),Services,
6098,6098.T,"Recruit Holdings Co.,Ltd.","Recruit 控股 Co.,Ltd.",,Prime Market (Domestic),Services,17062.67
6099,6099.T,ELAN Corporation,ELAN 公司,,Prime Market (Domestic),Services,
6101,6101.T,TSUGAMI CORPORATION,TSUGAMI 公司,,Prime Market (Domestic),Machinery,
6103,6103.T,OKUMA Corporation,OKUMA 公司,,Prime Market (Domestic),Machinery,
6104,6104.T,"SHIBAURA MACHINE CO.,LTD.","SHIBAURA MACHINE CO.,LTD.",,Prime Market (Domestic),Machinery,
6113,6113.T,"AMADA CO.,LTD.","AMADA CO.,LTD.",,Prime Market (Domestic),Machinery,
6118,6118.T,"AIDA ENGINEERING,LTD.","AIDA 工程,LTD.",,Prime Market (Domestic),Machinery,
6125,6125.T,"OKAMOTO MACHINE TOOL WORKS,LTD.","OKAMOTO MACHINE TOOL WORKS,LTD.",,Standard Market(Domestic),Machinery,
6134,6134.T,FUJI CORPORATION,FUJI 公司,,Prime Market (Domestic),Machinery,
6135,6135.T,"Makino Milling Machine Co.,Ltd.","Makino Milling Machine Co.,Ltd.",,Prime Market (Domestic),Machinery,
6136,6136.T,OSG Corporation,OSG 公司,,Prime Market (Domestic),Machinery,
6137,6137.T,"KOIKE SANSO KOGYO CO.,LTD.","KOIKE SANSO KOGYO CO.,LTD.",,Standard Market(Domestic),Machinery,
6138,6138.T,"DIJET INDUSTRIAL CO.,LTD.","DIJET 工业 CO.,LTD.",,Standard Market(Domestic),Machinery,
6140,6140.T,"Asahi Diamond Industrial Co.,Ltd.","Asahi Diamond 工业 Co.,Ltd.",,Prime Market (Domestic),Machinery,
6141,6141.T,"DMG MORI CO.,LTD.","DMG MORI CO.,LTD.",,Prime Market (Domestic),Machinery,520.53
6143,6143.T,"Sodick Co.,Ltd.","Sodick Co.,Ltd.",,Prime Market (Domestic),Machinery,
6144,6144.T,"Seibu Electric & Machinery Co.,Ltd.","Seibu 电气 & Machinery Co.,Ltd.",,Standard Market(Domestic),Machinery,
6145,6145.T,"NITTOKU CO.,LTD.","NITTOKU CO.,LTD.",,Standard Market(Domestic),Machinery,
6146,6146.T,DISCO CORPORATION,DISCO 公司,,Prime Market (Domestic),Machinery,1071.07
6147,6147.T,"YAMAZAKI CO.,LTD.","YAMAZAKI CO.,LTD.",,Standard Market(Domestic),Machinery,
6149,6149.T,"Odawara Engineering Co.,Ltd.","Odawara 工程 Co.,Ltd.",,Standard Market(Domestic),Machinery,
6150,6150.T,"TAKEDA MACHINERY CO.,LTD.","TAKEDA MACHINERY CO.,LTD.",,Standard Market(Domestic),Machinery,
6151,6151.T,"NITTO KOHKI CO.,LTD.","NITTO KOHKI CO.,LTD.",,Prime Market (Domestic),Machinery,
6155,6155.T,"TAKAMATSU MACHINERY CO.,LTD.","TAKAMATSU MACHINERY CO.,LTD.",,Standard Market(Domestic),Machinery,
6156,6156.T,A-ONE SEIMITSU INC.,A-ONE SEIMITSU INC.,,Standard Market(Domestic),Machinery,
6157,6157.T,"NS TOOL CO.,LTD.","NS TOOL CO.,LTD.",,Standard Market(Domestic),Machinery,
6158,6158.T,"WAIDA MFG.CO.,LTD.","WAIDA MFG.CO.,LTD.",,Standard Market(Domestic),Machinery,
6159,6159.T,"MICRON MACHINERY CO.,LTD.","MICRON MACHINERY CO.,LTD.",,Standard Market(Domestic),Machinery,
6161,6161.T,ESTIC CORPORATION,ESTIC 公司,,Standard Market(Domestic),Machinery,
6165,6165.T,"PUNCH INDUSTRY CO.,LTD.","PUNCH INDUSTRY CO.,LTD.",,Standard Market(Domestic),Machinery,
6166,6166.T,"NAKAMURA CHOUKOU CO.,LTD.","NAKAMURA CHOUKOU CO.,LTD.",,Growth Market(Domestic),Machinery,
6167,6167.T,"Fuji Die Co.,Ltd.","Fuji Die Co.,Ltd.",,Prime Market (Domestic),Machinery,
6171,6171.T,C.E.Management Integrated Laboratory Co.Ltd,C.E.Management Integrated Laboratory Co.Ltd,,Standard Market(Domestic),Services,
6176,6176.T,Brangista Inc.,Brangista Inc.,,Standard Market(Domestic),Services,
6177,6177.T,AppBank Inc.,AppBank Inc.,,Growth Market(Domestic),Services,
6178,6178.T,"JAPAN POST HOLDINGS Co.,Ltd.","JAPAN POST 控股 Co.,Ltd.",,Prime Market (Domestic),Services,
6180,6180.T,"GMO Media,Inc.","GMO Media,Inc.",,Growth Market(Domestic),Services,
6181,6181.T,Tameny Inc.,Tameny Inc.,,Growth Market(Domestic),Services,
6182,6182.T,MetaReal Corporation,MetaReal 公司,,Growth Market(Domestic),Services,
6183,6183.T,"BELLSYSTEM24 HOLDINGS,INC.","BELLSYSTEM24 控股,INC.",,Prime Market (Domestic),Services,
6184,6184.T,"Kamakura Shinsho,Ltd.","Kamakura Shinsho,Ltd.",,Prime Market (Domestic),Services,
6185,6185.T,SMN Corporation,SMN 公司,,Standard Market(Domestic),Services,
6186,6186.T,"ICHIKURA CO.,LTD.","ICHIKURA CO.,LTD.",,Standard Market(Domestic),Services,
6189,6189.T,Global Kids Company Corp.,Global Kids Company Corp.,,Standard Market(Domestic),Services,
618,618.T,KOMPEITO Inc.,KOMPEITO Inc.,,Growth Market(Domestic),Services,
6190,6190.T,"PhoenixBio Co.,Ltd.","PhoenixBio Co.,Ltd.",,Growth Market(Domestic),Services,
6191,6191.T,AirTrip Corp.,AirTrip Corp.,,Prime Market (Domestic),Services,
6193,6193.T,"Virtualex Holdings,Inc.","Virtualex 控股,Inc.",,Growth Market(Domestic),Services,
6194,6194.T,"Atrae,Inc.","Atrae,Inc.",,Prime Market (Domestic),Services,
6195,6195.T,"HOPE,INC.","HOPE,INC.",,Growth Market(Domestic),Services,
6196,6196.T,"Strike Group Co.,Ltd.","Strike 集团 Co.,Ltd.",,Prime Market (Domestic),Services,
6198,6198.T,"CAREER CO.,LTD.","CAREER CO.,LTD.",,Growth Market(Domestic),Services,
6199,6199.T,"SERAKU Co.,Ltd.","SERAKU Co.,Ltd.",,Standard Market(Domestic),Information & Communication,
619,619.T,OLIVER CORPORATION,OLIVER 公司,,Standard Market(Domestic),Other Products,
6200,6200.T,"Insource Co.,Ltd.","Insource Co.,Ltd.",,Prime Market (Domestic),Services,
6203,6203.T,"Howa Machinery,Ltd.","Howa Machinery,Ltd.",,Standard Market(Domestic),Machinery,
6208,6208.T,"Ishikawa Seisakusho,Ltd.","Ishikawa Seisakusho,Ltd.",,Standard Market(Domestic),Machinery,
6209,6209.T,NPR-RIKEN CORPORATION,NPR-RIKEN 公司,,Prime Market (Domestic),Machinery,
6217,6217.T,TSUDAKOMA Corp.,TSUDAKOMA Corp.,,Standard Market(Domestic),Machinery,
6218,6218.T,ENSHU Limited,ENSHU Limited,,Standard Market(Domestic),Machinery,
621,621.T,Audiostock Inc.,Audiostock Inc.,,Growth Market(Domestic),Services,
6222,6222.T,"SHIMA SEIKI MFG.,LTD.","SHIMA SEIKI MFG.,LTD.",,Prime Market (Domestic),Machinery,
6223,6223.T,"Seibu Giken Co.,Ltd.","Seibu Giken Co.,Ltd.",,Standard Market(Domestic),Machinery,
6224,6224.T,"JRC Co.,Ltd.","JRC Co.,Ltd.",,Growth Market(Domestic),Machinery,
6226,6226.T,"Moriya Transportation Engineering and Manufacturing Co.,Ltd.","Moriya Transportation 工程 and Manufacturing Co.,Ltd.",,Standard Market(Domestic),Machinery,
6227,6227.T,"AIMECHATEC,Ltd.","AIMECHATEC,Ltd.",,Standard Market(Domestic),Machinery,
6228,6228.T,"J.E.T.Co.,LTD.","J.E.T.Co.,LTD.",,Standard Market(Domestic),Machinery,
6229,6229.T,OKUMURA ENGINEERING corp.,OKUMURA 工程 corp.,,Standard Market(Domestic),Machinery,
622,622.T,Techno Craft Corporation,Techno Craft 公司,,Standard Market(Domestic),Information & Communication,
6230,6230.T,SANEI LTD.,SANEI LTD.,,Standard Market(Domestic),Machinery,
6231,6231.T,"KIMURA KOHKI Co.,Ltd.","KIMURA KOHKI Co.,Ltd.",,Standard Market(Domestic),Machinery,
6232,6232.T,ACSL Ltd.,ACSL Ltd.,,Growth Market(Domestic),Machinery,
6233,6233.T,KLASS Corporation,KLASS 公司,,Standard Market(Domestic),Machinery,
6235,6235.T,"OPTORUN CO.,LTD.","OPTORUN CO.,LTD.",,Prime Market (Domestic),Machinery,
6237,6237.T,"IWAKI CO.,LTD.","IWAKI CO.,LTD.",,Prime Market (Domestic),Machinery,
6238,6238.T,FURYU CORPORATION,FURYU 公司,,Prime Market (Domestic),Machinery,
6239,6239.T,NAGAOKA INTERNATIONAL CORPORATION,NAGAOKA INTERNATIONAL 公司,,Standard Market(Domestic),Machinery,
623,623.T,"Vertex co.,Ltd","Vertex co.,Ltd",,Standard Market(Domestic),Real Estate,
6240,6240.T,YAMASHIN-FILTER CORP.,YAMASHIN-FILTER CORP.,,Prime Market (Domestic),Machinery,
6245,6245.T,"HIRANO TECSEED CO.,LTD.","HIRANO TECSEED CO.,LTD.",,Standard Market(Domestic),Machinery,
6246,6246.T,Techno Smart Corp.,Techno Smart Corp.,,Standard Market(Domestic),Machinery,
6247,6247.T,"HISAKA WORKS,LTD.","HISAKA WORKS,LTD.",,Prime Market (Domestic),Machinery,
6248,6248.T,"Yokota Manufacturing Co., Ltd.","Yokota Manufacturing Co., Ltd.",,Standard Market(Domestic),Machinery,
6249,6249.T,"Gamecard Holdings,Inc.","Gamecard 控股,Inc.",,Standard Market(Domestic),Machinery,
6250,6250.T,YAMABIKO CORPORATION,YAMABIKO 公司,,Prime Market (Domestic),Machinery,
6254,6254.T,"Nomura Micro Science Co.,Ltd.","Nomura Micro Science Co.,Ltd.",,Prime Market (Domestic),Machinery,
6255,6255.T,NPC Incorporated,NPC Incorporated,,Growth Market(Domestic),Machinery,
6257,6257.T,"FUJISHOJI CO.,LTD.","FUJISHOJI CO.,LTD.",,Standard Market(Domestic),Machinery,
6258,6258.T,HIRATA Corporation,HIRATA 公司,,Prime Market (Domestic),Machinery,
625,625.T,Skyfall Inc.,Skyfall Inc.,,Growth Market(Domestic),Services,
6262,6262.T,"PEGASUS CO.,LTD.","PEGASUS CO.,LTD.",,Standard Market(Domestic),Machinery,
6264,6264.T,"Marumae Co.,Ltd.","Marumae Co.,Ltd.",,Prime Market (Domestic),Machinery,
6265,6265.T,CONVUM Ltd.,CONVUM Ltd.,,Standard Market(Domestic),Machinery,
6266,6266.T,"TAZMO CO.,LTD.","TAZMO CO.,LTD.",,Prime Market (Domestic),Machinery,
6267,6267.T,"GENERAL PACKER CO.,LTD.","GENERAL PACKER CO.,LTD.",,Standard Market(Domestic),Machinery,
6268,6268.T,Nabtesco Corporation,Nabtesco 公司,,Prime Market (Domestic),Machinery,
6269,6269.T,"MODEC,INC.","MODEC,INC.",,Prime Market (Domestic),Machinery,
6272,6272.T,"RHEON AUTOMATIC MACHINERY CO.,LTD.","RHEON AUTOMATIC MACHINERY CO.,LTD.",,Prime Market (Domestic),Machinery,
6273,6273.T,SMC CORPORATION,SMC 公司,,Prime Market (Domestic),Machinery,
6276,6276.T,"SiriusVision CO.,LTD.","SiriusVision CO.,LTD.",,Standard Market(Domestic),Electric Appliances,
6277,6277.T,HOSOKAWA MICRON CORPORATION,HOSOKAWA MICRON 公司,,Prime Market (Domestic),Machinery,
6278,6278.T,UNION TOOL CO.,UNION TOOL CO.,,Prime Market (Domestic),Machinery,
6279,6279.T,ZUIKO CORPORATION,ZUIKO 公司,,Prime Market (Domestic),Machinery,
627,627.T,akippa Inc.,akippa Inc.,,Standard Market(Domestic),Information & Communication,
6282,6282.T,OILES CORPORATION,OILES 公司,,Prime Market (Domestic),Machinery,
6284,6284.T,"NISSEI ASB MACHINE CO.,LTD.","NISSEI ASB MACHINE CO.,LTD.",,Prime Market (Domestic),Machinery,
6286,6286.T,SEIKO CORPORATION,SEIKO 公司,,Standard Market(Domestic),Machinery,
6287,6287.T,SATO CORPORATION,SATO 公司,,Prime Market (Domestic),Machinery,
6289,6289.T,GIKEN LTD.,GIKEN LTD.,,Prime Market (Domestic),Machinery,
6291,6291.T,"AIRTECH JAPAN,LTD.","AIRTECH JAPAN,LTD.",,Standard Market(Domestic),Machinery,
6292,6292.T,"KAWATA MFG. CO.,LTD.","KAWATA MFG. CO.,LTD.",,Standard Market(Domestic),Machinery,
6294,6294.T,OKADA AIYON CORPORATION,OKADA AIYON 公司,,Prime Market (Domestic),Machinery,
6298,6298.T,"Y.A.C.HOLDINGS CO.,LTD.","Y.A.C.控股 CO.,LTD.",,Prime Market (Domestic),Machinery,
6301,6301.T,KOMATSU LTD.,KOMATSU LTD.,,Prime Market (Domestic),Machinery,
6302,6302.T,"SUMITOMO HEAVY INDUSTRIES,LTD.","SUMITOMO HEAVY 工业,LTD.",,Prime Market (Domestic),Machinery,
6305,6305.T,"Hitachi Construction Machinery Co.,Ltd.","Hitachi 建设 Machinery Co.,Ltd.",,Prime Market (Domestic),Machinery,1044.91
6306,6306.T,"NIKKO CO.,LTD.","NIKKO CO.,LTD.",,Prime Market (Domestic),Machinery,
6307,6307.T,"SANSEI CO.,LTD.","SANSEI CO.,LTD.",,Standard Market(Domestic),Machinery,
6309,6309.T,"TOMOE ENGINEERING CO.,LTD.(TOMOE KOGYO CO.,LTD.)","TOMOE 工程 CO.,LTD.(TOMOE KOGYO CO.,LTD.)",,Prime Market (Domestic),Machinery,
6310,6310.T,"ISEKI & CO.,LTD.","ISEKI & CO.,LTD.",,Prime Market (Domestic),Machinery,
6315,6315.T,TOWA CORPORATION,TOWA 公司,,Prime Market (Domestic),Machinery,
6316,6316.T,"MARUYAMA MFG.CO.,INC.","MARUYAMA MFG.CO.,INC.",,Standard Market(Domestic),Machinery,
6317,6317.T,Kitagawa Corporation,Kitagawa 公司,,Standard Market(Domestic),Machinery,
6322,6322.T,TACMINA CORPORATION,TACMINA 公司,,Standard Market(Domestic),Machinery,
6323,6323.T,RORZE CORPORATION,RORZE 公司,,Prime Market (Domestic),Machinery,469.96
6324,6324.T,Harmonic Drive Systems Inc.,Harmonic Drive 系统 Inc.,,Prime Market (Domestic),Machinery,
6325,6325.T,"TAKAKITA CO.,LTD.","TAKAKITA CO.,LTD.",,Standard Market(Domestic),Machinery,
6326,6326.T,KUBOTA CORPORATION,KUBOTA 公司,,Prime Market (Domestic),Machinery,20.72
6327,6327.T,"KITAGAWA SEIKI CO.,LTD.","KITAGAWA SEIKI CO.,LTD.",,Standard Market(Domestic),Machinery,
6328,6328.T,"EBARA JITSUGYO CO.,LTD.","EBARA JITSUGYO CO.,LTD.",,Prime Market (Domestic),Machinery,
6330,6330.T,TOYO ENGINEERING CORPORATION,TOYO 工程 公司,,Prime Market (Domestic),Construction,
6331,6331.T,"Mitsubishi Kakoki Kaisha,Ltd.","Mitsubishi Kakoki Kaisha,Ltd.",,Prime Market (Domestic),Machinery,
6332,6332.T,"TSUKISHIMA HOLDINGS CO.,LTD.","TSUKISHIMA 控股 CO.,LTD.",,Prime Market (Domestic),Machinery,
6333,6333.T,TEIKOKU CORPORATION,TEIKOKU 公司,,Prime Market (Domestic),Machinery,
6334,6334.T,"Meiji Machine Co.,Ltd.","Meiji Machine Co.,Ltd.",,Standard Market(Domestic),Machinery,
6335,6335.T,"TOKYO KIKAI SEISAKUSHO,LTD.","TOKYO KIKAI SEISAKUSHO,LTD.",,Standard Market(Domestic),Machinery,
6336,6336.T,"ISHII HYOKI CO.,LTD.","ISHII HYOKI CO.,LTD.",,Standard Market(Domestic),Machinery,
6337,6337.T,TESEC Corporation,TESEC 公司,,Standard Market(Domestic),Machinery,
6338,6338.T,Takatori Corporation,Takatori 公司,,Standard Market(Domestic),Machinery,
6339,6339.T,"Sintokogio,Ltd.","Sintokogio,Ltd.",,Prime Market (Domestic),Machinery,
6340,6340.T,SHIBUYA CORPORATION,SHIBUYA 公司,,Prime Market (Domestic),Machinery,
6342,6342.T,"Taihei Machinery Works,Limited","Taihei Machinery Works,Limited",,Standard Market(Domestic),Machinery,
6343,6343.T,FREESIA MACROSS CORPORATION,FREESIA MACROSS 公司,,Standard Market(Domestic),Machinery,
6345,6345.T,AICHI CORPORATION,AICHI 公司,,Prime Market (Domestic),Machinery,
6346,6346.T,"KIKUKAWA ENTERPRISE,INC.","KIKUKAWA ENTERPRISE,INC.",,Standard Market(Domestic),Machinery,
6347,6347.T,"PLACO CO.,LTD.","PLACO CO.,LTD.",,Standard Market(Domestic),Machinery,
6349,6349.T,KOMORI CORPORATION,KOMORI 公司,,Prime Market (Domestic),Machinery,
634,634.T,LAYERED Inc.,LAYERED Inc.,,Standard Market(Domestic),Information & Communication,
6351,6351.T,"TSURUMI MANUFACTURING CO.,LTD.","TSURUMI MANUFACTURING CO.,LTD.",,Prime Market (Domestic),Machinery,
6356,6356.T,"NIPPON GEAR CO.,LTD.","NIPPON GEAR CO.,LTD.",,Standard Market(Domestic),Machinery,
6357,6357.T,"Sansei Technologies,Inc.","Sansei 科技,Inc.",,Standard Market(Domestic),Machinery,
6358,6358.T,"SAKAI HEAVY INDUSTRIES,LTD.","SAKAI HEAVY 工业,LTD.",,Prime Market (Domestic),Machinery,
6360,6360.T,"TOKYO AUTOMATIC MACHINERY WORKS,LTD.","TOKYO AUTOMATIC MACHINERY WORKS,LTD.",,Standard Market(Domestic),Machinery,
6361,6361.T,EBARA CORPORATION,EBARA 公司,,Prime Market (Domestic),Machinery,
6363,6363.T,"Torishima Pump Mfg.Co.,Ltd.","Torishima Pump Mfg.Co.,Ltd.",,Prime Market (Domestic),Machinery,
6364,6364.T,AIRMAN CORPORATION,AIRMAN 公司,,Prime Market (Domestic),Machinery,
6365,6365.T,DMW CORPORATION,DMW 公司,,Standard Market(Domestic),Machinery,
6366,6366.T,Chiyoda Corporation,Chiyoda 公司,,Standard Market(Domestic),Construction,
6367,6367.T,"DAIKIN INDUSTRIES,LTD.","DAIKIN 工业,LTD.",,Prime Market (Domestic),Machinery,469.96
6368,6368.T,ORGANO CORPORATION,ORGANO 公司,,Prime Market (Domestic),Machinery,
6369,6369.T,TOYO KANETSU K.K.,TOYO KANETSU K.K.,,Prime Market (Domestic),Machinery,
6370,6370.T,Kurita Water Industries Ltd.,Kurita Water 工业 Ltd.,,Prime Market (Domestic),Machinery,
6371,6371.T,TSUBAKIMOTO CHAIN CO.,TSUBAKIMOTO CHAIN CO.,,Prime Market (Domestic),Machinery,
6376,6376.T,"NIKKISO CO.,LTD.","NIKKISO CO.,LTD.",,Prime Market (Domestic),Precision Instruments,
6378,6378.T,"KIMURA CHEMICAL PLANTS CO.,LTD.","KIMURA 化学 PLANTS CO.,LTD.",,Standard Market(Domestic),Machinery,
6379,6379.T,RAIZNEXT Corporation,RAIZNEXT 公司,,Prime Market (Domestic),Construction,
6380,6380.T,"ORIENTAL CHAIN MFG. CO.,LTD.","ORIENTAL CHAIN MFG. CO.,LTD.",,Standard Market(Domestic),Machinery,
6381,6381.T,ANEST IWATA Corporation,ANEST IWATA 公司,,Prime Market (Domestic),Machinery,
6382,6382.T,TRINITY INDUSTRIAL CORPORATION,TRINITY 工业 公司,,Standard Market(Domestic),Machinery,
6383,6383.T,"DAIFUKU CO.,LTD.","DAIFUKU CO.,LTD.",,Prime Market (Domestic),Machinery,
6384,6384.T,"SHOWA SHINKU CO.,LTD.","SHOWA SHINKU CO.,LTD.",,Standard Market(Domestic),Machinery,
6387,6387.T,SAMCO INC.,SAMCO INC.,,Prime Market (Domestic),Machinery,
6390,6390.T,"KATO WORKS CO.,LTD.","KATO WORKS CO.,LTD.",,Prime Market (Domestic),Machinery,
6391,6391.T,KAJI TECHNOLOGY CORPORATION,KAJI 科技 公司,,Standard Market(Domestic),Machinery,
6392,6392.T,YAMADA CORPORATION,YAMADA 公司,,Standard Market(Domestic),Machinery,
6393,6393.T,"YUKEN KOGYO CO.,LTD.","YUKEN KOGYO CO.,LTD.",,Standard Market(Domestic),Machinery,
6395,6395.T,TADANO LTD.,TADANO LTD.,,Prime Market (Domestic),Machinery,
6396,6396.T,"Unozawa-gumi Iron Works,Limited","Unozawa-gumi Iron Works,Limited",,Standard Market(Domestic),Machinery,
6400,6400.T,"FUJI SEIKI CO.,LTD.","FUJI SEIKI CO.,LTD.",,Standard Market(Domestic),Machinery,
6402,6402.T,"KANEMATSU ENGINEERING CO.,LTD.","KANEMATSU 工程 CO.,LTD.",,Standard Market(Domestic),Machinery,
6405,6405.T,"Suzumo Machinery Co.,Ltd.","Suzumo Machinery Co.,Ltd.",,Standard Market(Domestic),Machinery,
6407,6407.T,CKD Corporation,CKD 公司,,Prime Market (Domestic),Machinery,
6408,6408.T,"OGURA CLUTCH CO.,LTD.","OGURA CLUTCH CO.,LTD.",,Standard Market(Domestic),Machinery,
6412,6412.T,Heiwa Corporation,Heiwa 公司,,Prime Market (Domestic),Machinery,
6413,6413.T,RISO KAGAKU CORPORATION,RISO KAGAKU 公司,,Prime Market (Domestic),Machinery,
6417,6417.T,"SANKYO CO.,LTD.","SANKYO CO.,LTD.",,Prime Market (Domestic),Machinery,
6418,6418.T,"JAPAN CASH MACHINE CO.,LTD.","JAPAN CASH MACHINE CO.,LTD.",,Prime Market (Domestic),Machinery,
6419,6419.T,Mars Group Holdings Corporation,Mars 集团 控股 公司,,Prime Market (Domestic),Machinery,
6420,6420.T,GALILEI HOLDINGS CO.LTD.,GALILEI 控股 CO.LTD.,,Prime Market (Domestic),Machinery,
6424,6424.T,"TAKAMISAWA CYBERNETICS COMPANY,LTD.","TAKAMISAWA CYBERNETICS COMPANY,LTD.",,Standard Market(Domestic),Machinery,
6425,6425.T,Universal Entertainment Corporation,Universal Entertainment 公司,,Standard Market(Domestic),Machinery,
6428,6428.T,OIZUMI Corporation,OIZUMI 公司,,Standard Market(Domestic),Machinery,
6430,6430.T,"DAIKOKU DENKI CO.,LTD.","DAIKOKU DENKI CO.,LTD.",,Prime Market (Domestic),Machinery,
6432,6432.T,"TAKEUCHI MFG.CO.,LTD.","TAKEUCHI MFG.CO.,LTD.",,Prime Market (Domestic),Machinery,
6433,6433.T,"HEPHAIST CO.,LTD.","HEPHAIST CO.,LTD.",,Standard Market(Domestic),Machinery,
6436,6436.T,Amano Corporation,Amano 公司,,Prime Market (Domestic),Machinery,
6440,6440.T,JUKI CORPORATION,JUKI 公司,,Prime Market (Domestic),Machinery,
6444,6444.T,SANDEN CORPORATION,SANDEN 公司,,Standard Market(Domestic),Machinery,
6445,6445.T,JANOME Corporation,JANOME 公司,,Prime Market (Domestic),Machinery,
6448,6448.T,"BROTHER INDUSTRIES,LTD.","BROTHER 工业,LTD.",,Prime Market (Domestic),Electric Appliances,
6454,6454.T,"MAX CO.,LTD.","MAX CO.,LTD.",,Prime Market (Domestic),Machinery,
6455,6455.T,MORITA HOLDINGS CORPORATION,MORITA 控股 公司,,Prime Market (Domestic),Transportation Equipment,
6457,6457.T,GLORY LTD.,GLORY LTD.,,Prime Market (Domestic),Machinery,
6458,6458.T,SINKO INDUSTRIES LTD.,SINKO 工业 LTD.,,Prime Market (Domestic),Machinery,
6459,6459.T,DAIWA LTD.,DAIWA LTD.,,Prime Market (Domestic),Machinery,
6460,6460.T,SEGA SAMMY HOLDINGS INC.,SEGA SAMMY 控股 INC.,,Prime Market (Domestic),Machinery,
6463,6463.T,"TPR CO.,LTD.","TPR CO.,LTD.",,Prime Market (Domestic),Machinery,
6464,6464.T,"TSUBAKI NAKASHIMA CO.,LTD.","TSUBAKI NAKASHIMA CO.,LTD.",,Prime Market (Domestic),Machinery,
6465,6465.T,HOSHIZAKI CORPORATION,HOSHIZAKI 公司,,Prime Market (Domestic),Machinery,12028.94
6466,6466.T,"TVE Co.,Ltd.","TVE Co.,Ltd.",,Standard Market(Domestic),Machinery,
6467,6467.T,NICHIDAI CORPORATION,NICHIDAI 公司,,Standard Market(Domestic),Machinery,
6469,6469.T,"HODEN SEIMITSU KAKO KENKYUSHO CO.,LTD.","HODEN SEIMITSU KAKO KENKYUSHO CO.,LTD.",,Standard Market(Domestic),Machinery,
646,646.T,Crasus Chemical Inc.,Crasus 化学 Inc.,,Standard Market(Domestic),Chemicals,
6470,6470.T,"TAIHO KOGYO CO.,LTD.","TAIHO KOGYO CO.,LTD.",,Standard Market(Domestic),Machinery,
6471,6471.T,NSK Ltd.,NSK Ltd.,,Prime Market (Domestic),Machinery,
6472,6472.T,NTN CORPORATION,NTN 公司,,Prime Market (Domestic),Machinery,
6473,6473.T,JTEKT Corporation,JTEKT 公司,,Prime Market (Domestic),Machinery,
6474,6474.T,NACHI-FUJIKOSHI CORP.,NACHI-FUJIKOSHI CORP.,,Prime Market (Domestic),Machinery,
6479,6479.T,MINEBEA MITSUMI Inc.,MINEBEA MITSUMI Inc.,,Prime Market (Domestic),Electric Appliances,
6480,6480.T,"NIPPON THOMPSON CO.,LTD.","NIPPON THOMPSON CO.,LTD.",,Prime Market (Domestic),Machinery,
6481,6481.T,"THK CO.,LTD.","THK CO.,LTD.",,Prime Market (Domestic),Machinery,
6482,6482.T,Yushin Company,Yushin Company,,Standard Market(Domestic),Machinery,
6484,6484.T,KVK CORPORATION,KVK 公司,,Standard Market(Domestic),Machinery,
6485,6485.T,"MAEZAWA KYUSO INDUSTRIES CO.,LTD.","MAEZAWA KYUSO 工业 CO.,LTD.",,Standard Market(Domestic),Machinery,
6488,6488.T,Yoshitake Inc.,Yoshitake Inc.,,Standard Market(Domestic),Machinery,
6490,6490.T,PILLAR Corporation,PILLAR 公司,,Prime Market (Domestic),Machinery,
6492,6492.T,OKANO VALVE MFG.CO.LTD.,OKANO VALVE MFG.CO.LTD.,,Standard Market(Domestic),Machinery,
6493,6493.T,NITTAN Corporation,NITTAN 公司,,Standard Market(Domestic),Transportation Equipment,
6494,6494.T,"NFK HOLDINGS CO.,Ltd","NFK 控股 CO.,Ltd",,Standard Market(Domestic),Machinery,
6495,6495.T,"MIYAIRI VALVE MFG.CO.,LTD.","MIYAIRI VALVE MFG.CO.,LTD.",,Standard Market(Domestic),Machinery,
6496,6496.T,"NAKAKITA SEISAKUSHO CO.,LTD.","NAKAKITA SEISAKUSHO CO.,LTD.",,Standard Market(Domestic),Machinery,
6497,6497.T,HAMAI INDUSTRIES LTD,HAMAI 工业 LTD,,Standard Market(Domestic),Machinery,
6498,6498.T,KITZ CORPORATION,KITZ 公司,,Prime Market (Domestic),Machinery,
6501,6501.T,"Hitachi,Ltd.","Hitachi,Ltd.",,Prime Market (Domestic),Electric Appliances,1079.82
6503,6503.T,Mitsubishi Electric Corporation,Mitsubishi 电气 公司,,Prime Market (Domestic),Electric Appliances,
6504,6504.T,"FUJI ELECTRIC CO.,LTD.","FUJI 电气 CO.,LTD.",,Prime Market (Domestic),Electric Appliances,
6505,6505.T,"TOYO DENKI SEIZO K.K.(TOYO ELECTRIC MFG.CO.,LTD.)","TOYO DENKI SEIZO K.K.(TOYO 电气 MFG.CO.,LTD.)",,Standard Market(Domestic),Electric Appliances,
6506,6506.T,YASKAWA Electric Corporation,YASKAWA 电气 公司,,Prime Market (Domestic),Electric Appliances,
6507,6507.T,"SINFONIA TECHNOLOGY CO.,LTD.","SINFONIA 科技 CO.,LTD.",,Prime Market (Domestic),Electric Appliances,
6508,6508.T,MEIDENSHA CORPORATION,MEIDENSHA 公司,,Prime Market (Domestic),Electric Appliances,
6513,6513.T,"Origin Company,Limited","Origin Company,Limited",,Standard Market(Domestic),Electric Appliances,
6516,6516.T,"SANYO DENKI CO.,LTD.","SANYO DENKI CO.,LTD.",,Prime Market (Domestic),Electric Appliances,
6517,6517.T,"Denyo Co.,Ltd.","Denyo Co.,Ltd.",,Prime Market (Domestic),Electric Appliances,
6518,6518.T,"SANSO ELECTRIC CO.,LTD.","SANSO 电气 CO.,LTD.",,Standard Market(Domestic),Electric Appliances,
6521,6521.T,OXIDE Corporation,OXIDE 公司,,Growth Market(Domestic),Electric Appliances,
6522,6522.T,Asterisk Inc.,Asterisk Inc.,,Growth Market(Domestic),Electric Appliances,
6523,6523.T,PHC Holdings Corporation,PHC 控股 公司,,Prime Market (Domestic),Electric Appliances,11695.04
6524,6524.T,"KOHOKU KOGYO CO.,LTD.","KOHOKU KOGYO CO.,LTD.",,Standard Market(Domestic),Electric Appliances,
6525,6525.T,KOKUSAI ELECTRIC CORPORATION,KOKUSAI 电气 公司,,Prime Market (Domestic),Electric Appliances,
6526,6526.T,Socionext Inc.,Socionext Inc.,,Prime Market (Domestic),Electric Appliances,
6532,6532.T,"BayCurrent,Inc.","BayCurrent,Inc.",,Prime Market (Domestic),Services,
6533,6533.T,Orchestra Holdings Inc.,Orchestra 控股 Inc.,,Prime Market (Domestic),Services,
6535,6535.T,"i-mobile Co.,Ltd.","i-mobile Co.,Ltd.",,Prime Market (Domestic),Services,
6537,6537.T,"WASHHOUSE CO.,LTD.","WASHHOUSE CO.,LTD.",,Growth Market(Domestic),Services,
6538,6538.T,Disruptors Inc.,Disruptors Inc.,,Standard Market(Domestic),Services,
6539,6539.T,"MATCHING SERVICE JAPAN CO.,LTD.","MATCHING SERVICE JAPAN CO.,LTD.",,Prime Market (Domestic),Services,
6540,6540.T,SEMBA CORPORATION,SEMBA 公司,,Standard Market(Domestic),Services,
6543,6543.T,NISSEN INC.,NISSEN INC.,,Standard Market(Domestic),Services,
6544,6544.T,"JAPAN ELEVATOR SERVICE HOLDINGS CO.,LTD.","JAPAN ELEVATOR SERVICE 控股 CO.,LTD.",,Prime Market (Domestic),Services,
6545,6545.T,internet infinity INC.,internet infinity INC.,,Growth Market(Domestic),Services,
6546,6546.T,Fulltech Co.Ltd.,Fulltech Co.Ltd.,,Standard Market(Domestic),Services,
6547,6547.T,"GREENS CO.,LTD.","GREENS CO.,LTD.",,Standard Market(Domestic),Services,
6548,6548.T,TABIKOBO Co.Ltd.,TABIKOBO Co.Ltd.,,Growth Market(Domestic),Services,
6549,6549.T,"DM Solutions Co.,Ltd","DM Solutions Co.,Ltd",,Standard Market(Domestic),Services,
6551,6551.T,TSUNAGU GROUP HOLDINGS Inc.,TSUNAGU 集团 控股 Inc.,,Standard Market(Domestic),Services,
6552,6552.T,"GameWith,Inc.","GameWith,Inc.",,Standard Market(Domestic),Services,
6554,6554.T,"SUS Co.,Ltd.","SUS Co.,Ltd.",,Growth Market(Domestic),Services,
6555,6555.T,"MS&Consulting Co.,Ltd.","MS&Consulting Co.,Ltd.",,Standard Market(Domestic),Services,
6557,6557.T,AIAI Group Corporation,AIAI 集团 公司,,Growth Market(Domestic),Services,
6558,6558.T,"Cookbiz Co.,Ltd.","Cookbiz Co.,Ltd.",,Growth Market(Domestic),Services,
6560,6560.T,"LTS,Inc.","LTS,Inc.",,Prime Market (Domestic),Services,
6561,6561.T,"HANATOUR JAPAN CO.,LTD.","HANATOUR JAPAN CO.,LTD.",,Growth Market(Domestic),Services,
6562,6562.T,"Geniee,Inc.","Geniee,Inc.",,Growth Market(Domestic),Services,
6563,6563.T,Mirai Works Inc.,Mirai Works Inc.,,Growth Market(Domestic),Services,
6564,6564.T,"MIDAC HOLDINGS CO.,LTD.","MIDAC 控股 CO.,LTD.",,Prime Market (Domestic),Services,
6566,6566.T,"KANAME KOGYO CO.,LTD.","KANAME KOGYO CO.,LTD.",,Standard Market(Domestic),Services,
6568,6568.T,"KNC Laboratories Co.,Ltd.","KNC Laboratories Co.,Ltd.",,Growth Market(Domestic),Services,
6570,6570.T,Kyowa Corporation,Kyowa 公司,,Standard Market(Domestic),Services,
6571,6571.T,"QB Net Holdings Co.,Ltd.","QB Net 控股 Co.,Ltd.",,Prime Market (Domestic),Services,
6572,6572.T,"OPEN Group,Inc.","OPEN 集团,Inc.",,Prime Market (Domestic),Services,
6573,6573.T,CRAVIA Inc.,CRAVIA Inc.,,Growth Market(Domestic),Services,
6574,6574.T,Convano Inc.,Convano Inc.,,Growth Market(Domestic),Services,
6577,6577.T,"Bestone.Com Co.,Ltd","Bestone.Com Co.,Ltd",,Growth Market(Domestic),Services,
6578,6578.T,CORREC HOLDINGS Inc.,CORREC 控股 Inc.,,Standard Market(Domestic),Services,
6579,6579.T,"logly,Inc.","logly,Inc.",,Growth Market(Domestic),Services,
6580,6580.T,"Writeup Co.,Ltd.","Writeup Co.,Ltd.",,Growth Market(Domestic),Services,
6584,6584.T,"Sanoh Industrial Co.,Ltd.","Sanoh 工业 Co.,Ltd.",,Prime Market (Domestic),Transportation Equipment,
6586,6586.T,Makita Corporation,Makita 公司,,Prime Market (Domestic),Machinery,
6588,6588.T,TOSHIBA TEC CORPORATION,TOSHIBA TEC 公司,,Prime Market (Domestic),Electric Appliances,
6590,6590.T,SHIBAURA MECHATRONICS CORPORATION,SHIBAURA MECHATRONICS 公司,,Prime Market (Domestic),Electric Appliances,
6592,6592.T,"MABUCHI MOTOR CO.,LTD.","MABUCHI 汽车 CO.,LTD.",,Prime Market (Domestic),Electric Appliances,
6594,6594.T,NIDEC CORPORATION,NIDEC 公司,,Prime Market (Domestic),Electric Appliances,
6597,6597.T,HPC SYSTEMS Inc.,HPC 系统 Inc.,,Growth Market(Domestic),Electric Appliances,
6599,6599.T,"EBRAINS,INC.","EBRAINS,INC.",,Standard Market(Domestic),Electric Appliances,
6612,6612.T,BALMUDA Inc.,BALMUDA Inc.,,Growth Market(Domestic),Electric Appliances,
6613,6613.T,"QD Laser,Inc.","QD Laser,Inc.",,Growth Market(Domestic),Electric Appliances,
6614,6614.T,"Shikino High-Tech CO.,LTD.","Shikino High-Tech CO.,LTD.",,Standard Market(Domestic),Electric Appliances,
6615,6615.T,"UMC Electronics Co.,Ltd.","UMC Electronics Co.,Ltd.",,Standard Market(Domestic),Electric Appliances,
6616,6616.T,TOREX SEMICONDUCTOR LTD.,TOREX SEMICONDUCTOR LTD.,,Prime Market (Domestic),Electric Appliances,
6617,6617.T,"TAKAOKA TOKO CO.,LTD.","TAKAOKA TOKO CO.,LTD.",,Prime Market (Domestic),Electric Appliances,
6619,6619.T,W-SCOPE Corporation,W-SCOPE 公司,,Prime Market (Domestic),Electric Appliances,
6620,6620.T,"Miyakoshi Holdings,Inc.","Miyakoshi 控股,Inc.",,Prime Market (Domestic),Real Estate,
6622,6622.T,DAIHEN CORPORATION,DAIHEN 公司,,Prime Market (Domestic),Electric Appliances,
6625,6625.T,JALCO Holdings Inc.,JALCO 控股 Inc.,,Standard Market(Domestic),Real Estate,
6626,6626.T,SEMITEC Corporation,SEMITEC 公司,,Standard Market(Domestic),Electric Appliances,
6627,6627.T,"Tera Probe,Inc.","Tera Probe,Inc.",,Standard Market(Domestic),Electric Appliances,
6629,6629.T,"TECHNO HORIZON CO.,LTD.","TECHNO HORIZON CO.,LTD.",,Standard Market(Domestic),Electric Appliances,
6630,6630.T,YA-MAN LTD.,YA-MAN LTD.,,Prime Market (Domestic),Electric Appliances,
6632,6632.T,JVCKENWOOD Corporation,JVCKENWOOD 公司,,Prime Market (Domestic),Electric Appliances,
6633,6633.T,CGS HOLDINGS INC.,CGS 控股 INC.,,Standard Market(Domestic),Electric Appliances,
6634,6634.T,JN Group Inc.,JN 集团 Inc.,,Standard Market(Domestic),Electric Appliances,
6635,6635.T,KK DI-NIKKO ENGINEERING,KK DI-NIKKO 工程,,Standard Market(Domestic),Electric Appliances,
6637,6637.T,"TERASAKI ELECTRIC CO.,LTD.","TERASAKI 电气 CO.,LTD.",,Standard Market(Domestic),Electric Appliances,
6638,6638.T,"MIMAKI ENGINEERING CO.,LTD.","MIMAKI 工程 CO.,LTD.",,Prime Market (Domestic),Electric Appliances,
6643,6643.T,"Togami Electric Mfg.Co.,Ltd.","Togami 电气 Mfg.Co.,Ltd.",,Standard Market(Domestic),Electric Appliances,
6644,6644.T,"Osaki Electric Co.,Ltd.","Osaki 电气 Co.,Ltd.",,Prime Market (Domestic),Electric Appliances,
6645,6645.T,OMRON Corporation,OMRON 公司,,Prime Market (Domestic),Electric Appliances,
6647,6647.T,"MORIO DENKI CO.,LTD.","MORIO DENKI CO.,LTD.",,Standard Market(Domestic),Electric Appliances,
6648,6648.T,KAWADEN CORPORATION,KAWADEN 公司,,Standard Market(Domestic),Electric Appliances,
6651,6651.T,NITTO KOGYO CORPORATION,NITTO KOGYO 公司,,Prime Market (Domestic),Electric Appliances,
6652,6652.T,IDEC CORPORATION,IDEC 公司,,Prime Market (Domestic),Electric Appliances,
6653,6653.T,"SEIKO ELECTRIC CO.,LTD.","SEIKO 电气 CO.,LTD.",,Prime Market (Domestic),Electric Appliances,
6654,6654.T,"FUJI ELECTRIC INDUSTRY CO.,LTD.","FUJI 电气 INDUSTRY CO.,LTD.",,Standard Market(Domestic),Electric Appliances,
6656,6656.T,inspec Inc.,inspec Inc.,,Standard Market(Domestic),Electric Appliances,
6658,6658.T,"Shirai Electronics Industrial Co.,Ltd.","Shirai Electronics 工业 Co.,Ltd.",,Standard Market(Domestic),Electric Appliances,
6659,6659.T,"MEDIA LINKS CO.,LTD.","MEDIA LINKS CO.,LTD.",,Standard Market(Domestic),Electric Appliances,
6662,6662.T,"Ubiteq,INC.","Ubiteq,INC.",,Standard Market(Domestic),Electric Appliances,
6663,6663.T,"TAIYO TECHNOLEX CO.,LTD.","TAIYO TECHNOLEX CO.,LTD.",,Standard Market(Domestic),Electric Appliances,
6664,6664.T,"OPTOELECTRONICS CO.,LTD.","OPTOELECTRONICS CO.,LTD.",,Standard Market(Domestic),Electric Appliances,
6666,6666.T,RIVER ELETEC CORPORATION,RIVER ELETEC 公司,,Standard Market(Domestic),Electric Appliances,
6668,6668.T,"ADTEC PLASMA TECHNOLOGY CO.,LTD.","ADTEC PLASMA 科技 CO.,LTD.",,Standard Market(Domestic),Electric Appliances,
6674,6674.T,GS Yuasa Corporation,GS Yuasa 公司,,Prime Market (Domestic),Electric Appliances,
6675,6675.T,"SAXA,Inc.","SAXA,Inc.",,Standard Market(Domestic),Electric Appliances,
6676,6676.T,BUFFALO INC.,BUFFALO INC.,,Standard Market(Domestic),Electric Appliances,
6677,6677.T,"SK-Electronics CO.,LTD.","SK-Electronics CO.,LTD.",,Standard Market(Domestic),Electric Appliances,
6678,6678.T,"Techno Medica Co.,Ltd.","Techno Medica Co.,Ltd.",,Standard Market(Domestic),Electric Appliances,
6694,6694.T,ZOOM CORPORATION,ZOOM 公司,,Standard Market(Domestic),Electric Appliances,
6696,6696.T,TRaaS On Product Inc.,TRaaS On Product Inc.,,Growth Market(Domestic),Electric Appliances,
6699,6699.T,"DIAMOND ELECTRIC HOLDINGS Co.,Ltd.","DIAMOND 电气 控股 Co.,Ltd.",,Standard Market(Domestic),Electric Appliances,
6701,6701.T,NEC Corporation,NEC 公司,,Prime Market (Domestic),Electric Appliances,21.53
6702,6702.T,Fujitsu Limited,Fujitsu Limited,,Prime Market (Domestic),Electric Appliances,
6703,6703.T,"Oki Electric Industry Company,Limited","Oki 电气 Industry Company,Limited",,Prime Market (Domestic),Electric Appliances,
6706,6706.T,"DKK Co.,Ltd.","DKK Co.,Ltd.",,Prime Market (Domestic),Electric Appliances,
6707,6707.T,"Sanken Electric Co.,Ltd.","Sanken 电气 Co.,Ltd.",,Prime Market (Domestic),Electric Appliances,
6718,6718.T,"AIPHONE CO.,LTD.","AIPHONE CO.,LTD.",,Prime Market (Domestic),Electric Appliances,
6721,6721.T,Wintest Corp.,Wintest Corp.,,Standard Market(Domestic),Electric Appliances,
6723,6723.T,Renesas Electronics Corporation,Renesas Electronics 公司,,Prime Market (Domestic),Electric Appliances,469.96
6724,6724.T,SEIKO EPSON CORPORATION,SEIKO EPSON 公司,,Prime Market (Domestic),Electric Appliances,
6727,6727.T,"Wacom Co.,Ltd.","Wacom Co.,Ltd.",,Prime Market (Domestic),Electric Appliances,
6728,6728.T,"ULVAC, Inc.","ULVAC, Inc.",,Prime Market (Domestic),Electric Appliances,
6730,6730.T,AXELL CORPORATION,AXELL 公司,,Standard Market(Domestic),Electric Appliances,
6731,6731.T,PIXELA CORPORATION,PIXELA 公司,,Standard Market(Domestic),Electric Appliances,
6736,6736.T,SUNCORPORATION,SUNCORPORATION,,Standard Market(Domestic),Electric Appliances,
6737,6737.T,EIZO Corporation,EIZO 公司,,Prime Market (Domestic),Electric Appliances,
6740,6740.T,Japan Display Inc.,Japan Display Inc.,,Prime Market (Domestic),Electric Appliances,
6741,6741.T,"Nippon Signal Company,Limited","Nippon Signal Company,Limited",,Prime Market (Domestic),Electric Appliances,
6742,6742.T,"Kyosan Electric Manufacturing Co.,Ltd.","Kyosan 电气 Manufacturing Co.,Ltd.",,Prime Market (Domestic),Electric Appliances,
6743,6743.T,"Daido Signal Co.,Ltd.","Daido Signal Co.,Ltd.",,Standard Market(Domestic),Electric Appliances,
6744,6744.T,NOHMI BOSAI LTD.,NOHMI BOSAI LTD.,,Prime Market (Domestic),Electric Appliances,
6745,6745.T,HOCHIKI CORPORATION,HOCHIKI 公司,,Prime Market (Domestic),Electric Appliances,
6748,6748.T,"SEIWA ELECTRIC MFG. CO.,LTD.","SEIWA 电气 MFG. CO.,LTD.",,Standard Market(Domestic),Electric Appliances,
6750,6750.T,"ELECOM CO.,LTD.","ELECOM CO.,LTD.",,Prime Market (Domestic),Electric Appliances,
6752,6752.T,Panasonic Holdings Corporation,Panasonic 控股 公司,,Prime Market (Domestic),Electric Appliances,469.96
6753,6753.T,Sharp Corporation,Sharp 公司,,Prime Market (Domestic),Electric Appliances,
6754,6754.T,ANRITSU CORPORATION,ANRITSU 公司,,Prime Market (Domestic),Electric Appliances,
6757,6757.T,"OSG CORPORATION CO.,LTD.","OSG 公司 CO.,LTD.",,Standard Market(Domestic),Electric Appliances,
6758,6758.T,SONY GROUP CORPORATION,SONY 集团 公司,,Prime Market (Domestic),Electric Appliances,
6762,6762.T,TDK Corporation,TDK 公司,,Prime Market (Domestic),Electric Appliances,1090.15
6763,6763.T,"Teikoku Tsushin Kogyo Co.,Ltd.","Teikoku Tsushin Kogyo Co.,Ltd.",,Prime Market (Domestic),Electric Appliances,
6768,6768.T,TAMURA CORPORATION,TAMURA 公司,,Prime Market (Domestic),Electric Appliances,
6769,6769.T,"THine Electronics,Inc.","THine Electronics,Inc.",,Standard Market(Domestic),Electric Appliances,
6770,6770.T,"ALPS ALPINE CO.,LTD.","ALPS ALPINE CO.,LTD.",,Prime Market (Domestic),Electric Appliances,
6771,6771.T,"IKEGAMI TSUSHINKI CO.,LTD.","IKEGAMI TSUSHINKI CO.,LTD.",,Standard Market(Domestic),Electric Appliances,
6772,6772.T,"Tokyo Cosmos Electric Co.,Ltd.","Tokyo Cosmos 电气 Co.,Ltd.",,Standard Market(Domestic),Electric Appliances,
6775,6775.T,TB GROUP INC.,TB 集团 INC.,,Standard Market(Domestic),Electric Appliances,
6776,6776.T,"Tensho Electric Industries Co.,Ltd.","Tensho 电气 工业 Co.,Ltd.",,Standard Market(Domestic),Chemicals,
6777,6777.T,santec Holdings Corporation,santec 控股 公司,,Standard Market(Domestic),Electric Appliances,
6778,6778.T,"Artiza Networks,Inc.","Artiza Networks,Inc.",,Standard Market(Domestic),Electric Appliances,
6779,6779.T,"NIHON DEMPA KOGYO CO.,LTD.","NIHON DEMPA KOGYO CO.,LTD.",,Prime Market (Domestic),Electric Appliances,
6785,6785.T,"SUZUKI CO.,LTD.","SUZUKI CO.,LTD.",,Prime Market (Domestic),Electric Appliances,
6786,6786.T,RVH Inc.,RVH Inc.,,Standard Market(Domestic),Services,
6787,6787.T,"Meiko Electronics Co.,Ltd.","Meiko Electronics Co.,Ltd.",,Prime Market (Domestic),Electric Appliances,
6788,6788.T,"NIHON TRIM CO.,LTD.","NIHON TRIM CO.,LTD.",,Prime Market (Domestic),Electric Appliances,
6794,6794.T,"Foster Electric Company,Limited","Foster 电气 Company,Limited",,Prime Market (Domestic),Electric Appliances,
6797,6797.T,"NAGOYA ELECTRIC WORKS CO.,LTD.","NAGOYA 电气 WORKS CO.,LTD.",,Standard Market(Domestic),Electric Appliances,
6798,6798.T,SMK Corporation,SMK 公司,,Prime Market (Domestic),Electric Appliances,
6800,6800.T,"YOKOWO CO.,LTD.","YOKOWO CO.,LTD.",,Prime Market (Domestic),Electric Appliances,
6803,6803.T,TEAC CORPORATION,TEAC 公司,,Standard Market(Domestic),Electric Appliances,
6804,6804.T,Hosiden Corporation,Hosiden 公司,,Prime Market (Domestic),Electric Appliances,
6806,6806.T,"HIROSE ELECTRIC CO.,LTD.","HIROSE 电气 CO.,LTD.",,Prime Market (Domestic),Electric Appliances,12029.28
6807,6807.T,"Japan Aviation Electronics Industry,Limited","Japan Aviation Electronics Industry,Limited",,Prime Market (Domestic),Electric Appliances,
6809,6809.T,TOA CORPORATION,TOA 公司,,Prime Market (Domestic),Electric Appliances,
6810,6810.T,"Maxell,Ltd.","Maxell,Ltd.",,Prime Market (Domestic),Electric Appliances,
6814,6814.T,"FURUNO ELECTRIC CO.,LTD.","FURUNO 电气 CO.,LTD.",,Prime Market (Domestic),Electric Appliances,
6817,6817.T,SUMIDA CORPORATION,SUMIDA 公司,,Prime Market (Domestic),Electric Appliances,
6819,6819.T,"Izu Shaboten Resort Co.,Ltd","Izu Shaboten Resort Co.,Ltd",,Standard Market(Domestic),Services,
6820,6820.T,ICOM INCORPORATED,ICOM INCORPORATED,,Prime Market (Domestic),Electric Appliances,
6822,6822.T,"Oi Electric Co.,Ltd.","Oi 电气 Co.,Ltd.",,Standard Market(Domestic),Electric Appliances,
6823,6823.T,"RION CO.,LTD.","RION CO.,LTD.",,Prime Market (Domestic),Electric Appliances,
6824,6824.T,"NEW COSMOS ELECTRIC CO.,LTD.","NEW COSMOS 电气 CO.,LTD.",,Standard Market(Domestic),Electric Appliances,
6832,6832.T,"AOI ELECTRONICS CO.,LTD.","AOI ELECTRONICS CO.,LTD.",,Standard Market(Domestic),Electric Appliances,
6834,6834.T,"SEIKOH GIKEN Co.,Ltd.","SEIKOH GIKEN Co.,Ltd.",,Standard Market(Domestic),Electric Appliances,
6835,6835.T,ALLIED TELESIS HOLDINGS K.K.,ALLIED TELESIS 控股 K.K.,,Standard Market(Domestic),Electric Appliances,
6836,6836.T,"PLAT'HOME CO.,LTD.","PLAT'HOME CO.,LTD.",,Standard Market(Domestic),Electric Appliances,
6837,6837.T,"KYOSHA CO.,LTD.","KYOSHA CO.,LTD.",,Standard Market(Domestic),Electric Appliances,
6838,6838.T,"TAMAGAWA HOLDINGS CO.,LTD.","TAMAGAWA 控股 CO.,LTD.",,Standard Market(Domestic),Electric Appliances,
6840,6840.T,"AKIBA Holdings Co.,Ltd.","AKIBA 控股 Co.,Ltd.",,Standard Market(Domestic),Electric Appliances,
6841,6841.T,YOKOGAWA ELECTRIC CORPORATION,YOKOGAWA 电气 公司,,Prime Market (Domestic),Electric Appliances,
6844,6844.T,"Shindengen Electric Manufacturing Co.,Ltd.","Shindengen 电气 Manufacturing Co.,Ltd.",,Prime Market (Domestic),Electric Appliances,
6845,6845.T,Azbil Corporation,Azbil 公司,,Prime Market (Domestic),Electric Appliances,
6848,6848.T,DKK-TOA CORPORATION,DKK-TOA 公司,,Standard Market(Domestic),Electric Appliances,
6849,6849.T,NIHON KOHDEN CORPORATION,NIHON KOHDEN 公司,,Prime Market (Domestic),Electric Appliances,
6850,6850.T,Chino Corporation,Chino 公司,,Prime Market (Domestic),Electric Appliances,
6853,6853.T,"KYOWA ELECTRONIC INSTRUMENTS CO.,LTD.","KYOWA ELECTRONIC INSTRUMENTS CO.,LTD.",,Standard Market(Domestic),Electric Appliances,
6855,6855.T,JAPAN ELECTRONIC MATERIALS CORPORATION,JAPAN ELECTRONIC MATERIALS 公司,,Standard Market(Domestic),Electric Appliances,
6856,6856.T,"HORIBA,Ltd.","HORIBA,Ltd.",,Prime Market (Domestic),Electric Appliances,
6857,6857.T,ADVANTEST CORPORATION,ADVANTEST 公司,,Prime Market (Domestic),Electric Appliances,
6858,6858.T,"ONO SOKKI Co.,Ltd.","ONO SOKKI Co.,Ltd.",,Standard Market(Domestic),Electric Appliances,
6859,6859.T,ESPEC CORP.,ESPEC CORP.,,Prime Market (Domestic),Electric Appliances,
6861,6861.T,KEYENCE CORPORATION,KEYENCE 公司,,Prime Market (Domestic),Electric Appliances,1079.8
6862,6862.T,MINATO HOLDINGS INC.,MINATO 控股 INC.,,Standard Market(Domestic),Electric Appliances,
6863,6863.T,NIRECO CORPORATION,NIRECO 公司,,Standard Market(Domestic),Electric Appliances,
6864,6864.T,NF HOLDINGS CORPORATION,NF 控股 公司,,Standard Market(Domestic),Electric Appliances,
6866,6866.T,HIOKI E.E.CORPORATION,HIOKI E.E.公司,,Prime Market (Domestic),Electric Appliances,
6867,6867.T,LEADER ELECTRONICS CORPORATION,LEADER ELECTRONICS 公司,,Standard Market(Domestic),Electric Appliances,
6869,6869.T,SYSMEX CORPORATION,SYSMEX 公司,,Prime Market (Domestic),Electric Appliances,
6870,6870.T,"Fenwal Controls of Japan,Ltd.","Fenwal Controls of Japan,Ltd.",,Standard Market(Domestic),Electric Appliances,
6871,6871.T,"MICRONICS JAPAN CO.,LTD.","MICRONICS JAPAN CO.,LTD.",,Prime Market (Domestic),Electric Appliances,
6874,6874.T,KYORITSU ELECTRIC CORPORATION,KYORITSU 电气 公司,,Standard Market(Domestic),Electric Appliances,
6875,6875.T,MegaChips Corporation,MegaChips 公司,,Prime Market (Domestic),Electric Appliances,
6877,6877.T,Obara Group Incorporated,Obara 集团 Incorporated,,Standard Market(Domestic),Electric Appliances,
6882,6882.T,"Sansha Electric Manufacturing Co.,Ltd.","Sansha 电气 Manufacturing Co.,Ltd.",,Standard Market(Domestic),Electric Appliances,
6888,6888.T,ACMOS INC.,ACMOS INC.,,Standard Market(Domestic),Information & Communication,
6890,6890.T,Ferrotec Corporation,Ferrotec 公司,,Standard Market(Domestic),Electric Appliances,
6894,6894.T,"PULSTEC INDUSTRIAL CO.,LTD.","PULSTEC 工业 CO.,LTD.",,Standard Market(Domestic),Electric Appliances,
6897,6897.T,TWINBIRD CORPORATION,TWINBIRD 公司,,Standard Market(Domestic),Electric Appliances,
6898,6898.T,"TOMITA ELECTRIC CO.,LTD.","TOMITA 电气 CO.,LTD.",,Standard Market(Domestic),Electric Appliances,
6899,6899.T,ASTI CORPORATION,ASTI 公司,,Standard Market(Domestic),Electric Appliances,
6902,6902.T,DENSO CORPORATION,DENSO 公司,,Prime Market (Domestic),Transportation Equipment,
6904,6904.T,"HARADA INDUSTRY CO.,LTD.","HARADA INDUSTRY CO.,LTD.",,Standard Market(Domestic),Electric Appliances,
6905,6905.T,"COSEL CO.,LTD.","COSEL CO.,LTD.",,Prime Market (Domestic),Electric Appliances,
6907,6907.T,"GEOMATEC CO.,LTD.","GEOMATEC CO.,LTD.",,Standard Market(Domestic),Electric Appliances,
6908,6908.T,"IRISO ELECTRONICS CO.,LTD.","IRISO ELECTRONICS CO.,LTD.",,Prime Market (Domestic),Electric Appliances,
6912,6912.T,KIKUSUI HOLDINGS CORPORATION,KIKUSUI 控股 公司,,Standard Market(Domestic),Electric Appliances,
6914,6914.T,"OPTEX GROUP Company,Limited","OPTEX 集团 Company,Limited",,Prime Market (Domestic),Electric Appliances,
6915,6915.T,"CHIYODA INTEGRE CO.,LTD.","CHIYODA INTEGRE CO.,LTD.",,Standard Market(Domestic),Electric Appliances,
6918,6918.T,AVAL DATA CORPORATION,AVAL DATA 公司,,Standard Market(Domestic),Electric Appliances,
6919,6919.T,KEL CORPORATION,KEL 公司,,Standard Market(Domestic),Electric Appliances,
6920,6920.T,Lasertec Corporation,Lasertec 公司,,Prime Market (Domestic),Electric Appliances,
6923,6923.T,"Stanley Electric Co.,Ltd.","Stanley 电气 Co.,Ltd.",,Prime Market (Domestic),Electric Appliances,
6925,6925.T,USHIO INC.,USHIO INC.,,Prime Market (Domestic),Electric Appliances,
6926,6926.T,"OKAYA ELECTRIC INDUSTRIES CO.,LTD.","OKAYA 电气 工业 CO.,LTD.",,Standard Market(Domestic),Electric Appliances,
6927,6927.T,"Helios Techno Holding Co.,Ltd.","Helios Techno Holding Co.,Ltd.",,Standard Market(Domestic),Electric Appliances,
6928,6928.T,"ENOMOTO Co.,Ltd.","ENOMOTO Co.,Ltd.",,Standard Market(Domestic),Electric Appliances,
6929,6929.T,"NIPPON CERAMIC CO.,LTD.","NIPPON CERAMIC CO.,LTD.",,Prime Market (Domestic),Electric Appliances,
6932,6932.T,ENDO Lighting Corporation,ENDO Lighting 公司,,Standard Market(Domestic),Electric Appliances,
6941,6941.T,"YAMAICHI ELECTRONICS CO.,LTD.","YAMAICHI ELECTRONICS CO.,LTD.",,Prime Market (Domestic),Electric Appliances,
6942,6942.T,"SOPHIA HOLDINGS CO.,LTD.","SOPHIA 控股 CO.,LTD.",,Standard Market(Domestic),Information & Communication,
6943,6943.T,"NKK SWITCHES CO.,LTD.","NKK SWITCHES CO.,LTD.",,Standard Market(Domestic),Electric Appliances,
6946,6946.T,"Nippon Avionics Co.,Ltd.","Nippon Avionics Co.,Ltd.",,Standard Market(Domestic),Electric Appliances,
6947,6947.T,ZUKEN INC.,ZUKEN INC.,,Prime Market (Domestic),Electric Appliances,
6951,6951.T,JEOL Ltd.,JEOL Ltd.,,Prime Market (Domestic),Electric Appliances,
6952,6952.T,"CASIO COMPUTER CO.,LTD.","CASIO COMPUTER CO.,LTD.",,Prime Market (Domestic),Electric Appliances,
6954,6954.T,FANUC CORPORATION,FANUC 公司,,Prime Market (Domestic),Electric Appliances,1324.55
6955,6955.T,FDK CORPORATION,FDK 公司,,Standard Market(Domestic),Electric Appliances,
6958,6958.T,CMK CORPORATION,CMK 公司,,Prime Market (Domestic),Electric Appliances,
6960,6960.T,"FUKUDA DENSHI CO.,LTD.","FUKUDA DENSHI CO.,LTD.",,Standard Market(Domestic),Electric Appliances,
6961,6961.T,ENPLAS CORPORATION,ENPLAS 公司,,Prime Market (Domestic),Electric Appliances,
6962,6962.T,DAISHINKU CORP.,DAISHINKU CORP.,,Prime Market (Domestic),Electric Appliances,
6963,6963.T,ROHM COMPANY LIMITED,ROHM COMPANY LIMITED,,Prime Market (Domestic),Electric Appliances,
6964,6964.T,"SANKO CO.,LTD.","SANKO CO.,LTD.",,Standard Market(Domestic),Electric Appliances,
6965,6965.T,HAMAMATSU PHOTONICS K.K.,HAMAMATSU PHOTONICS K.K.,,Prime Market (Domestic),Electric Appliances,83.87
6966,6966.T,"Mitsui High-tec,Inc.","Mitsui High-tec,Inc.",,Prime Market (Domestic),Electric Appliances,
6969,6969.T,"MATSUO ELECTRIC CO.,LTD.","MATSUO 电气 CO.,LTD.",,Standard Market(Domestic),Electric Appliances,
6971,6971.T,KYOCERA CORPORATION,KYOCERA 公司,,Prime Market (Domestic),Electric Appliances,1487.16
6976,6976.T,"TAIYO YUDEN CO.,LTD.","TAIYO YUDEN CO.,LTD.",,Prime Market (Domestic),Electric Appliances,1044.91
6977,6977.T,"JAPAN RESISTOR MFG. CO.,LTD.","JAPAN RESISTOR MFG. CO.,LTD.",,Standard Market(Domestic),Electric Appliances,
6981,6981.T,"Murata Manufacturing Co.,Ltd.","Murata Manufacturing Co.,Ltd.",,Prime Market (Domestic),Electric Appliances,
6982,6982.T,"The Lead Co.,Inc.","The Lead Co.,Inc.",,Standard Market(Domestic),Transportation Equipment,
6986,6986.T,FUTABA CORPORATION,FUTABA 公司,,Prime Market (Domestic),Electric Appliances,
6988,6988.T,NITTO DENKO CORPORATION,NITTO DENKO 公司,,Prime Market (Domestic),Chemicals,
6989,6989.T,"HOKURIKU ELECTRIC INDUSTRY CO.,LTD.","HOKURIKU 电气 INDUSTRY CO.,LTD.",,Standard Market(Domestic),Electric Appliances,
6993,6993.T,"Daikokuya Holdings Co.,Ltd.","Daikokuya 控股 Co.,Ltd.",,Standard Market(Domestic),Retail Trade,
6994,6994.T,SHIZUKI ELECTRIC COMPANY INC.,SHIZUKI 电气 COMPANY INC.,,Standard Market(Domestic),Electric Appliances,
6995,6995.T,"TOKAI RIKA CO.,LTD.","TOKAI RIKA CO.,LTD.",,Prime Market (Domestic),Transportation Equipment,
6996,6996.T,NICHICON CORPORATION,NICHICON 公司,,Prime Market (Domestic),Electric Appliances,
6997,6997.T,NIPPON CHEMI-CON CORPORATION,NIPPON CHEMI-CON 公司,,Prime Market (Domestic),Electric Appliances,
6998,6998.T,"Nippon Tungsten Co.,Ltd.","Nippon Tungsten Co.,Ltd.",,Standard Market(Domestic),Electric Appliances,
6999,6999.T,KOA CORPORATION,KOA 公司,,Prime Market (Domestic),Electric Appliances,
7003,7003.T,"MITSUI E&S Co.,Ltd.","MITSUI E&S Co.,Ltd.",,Prime Market (Domestic),Machinery,
7004,7004.T,Kanadevia Corporation,Kanadevia 公司,,Prime Market (Domestic),Machinery,
7011,7011.T,"Mitsubishi Heavy Industries,Ltd.","Mitsubishi Heavy 工业,Ltd.",,Prime Market (Domestic),Machinery,
7012,7012.T,"Kawasaki Heavy Industries,Ltd.","Kawasaki Heavy 工业,Ltd.",,Prime Market (Domestic),Transportation Equipment,
7013,7013.T,IHI Corporation,IHI 公司,,Prime Market (Domestic),Machinery,
7014,7014.T,"Namura Shipbuilding Co.,Ltd.","Namura Shipbuilding Co.,Ltd.",,Standard Market(Domestic),Transportation Equipment,
7018,7018.T,Naikai Zosen Corporation,Naikai Zosen 公司,,Standard Market(Domestic),Transportation Equipment,
7021,7021.T,"NITCHITSU CO.,LTD.","NITCHITSU CO.,LTD.",,Standard Market(Domestic),Machinery,
7022,7022.T,Sanoyas Holdings Corporation,Sanoyas 控股 公司,,Standard Market(Domestic),Machinery,
7030,7030.T,SPRIX Inc.,SPRIX Inc.,,Standard Market(Domestic),Services,
7031,7031.T,Inbound Tech Inc.,Inbound Tech Inc.,,Growth Market(Domestic),Services,
7033,7033.T,"Management Solutions Co.,Ltd.","Management Solutions Co.,Ltd.",,Prime Market (Domestic),Services,
7034,7034.T,"Prored Partners CO.,LTD.","Prored Partners CO.,LTD.",,Prime Market (Domestic),Services,
7035,7035.T,"and factory,inc","and factory,inc",,Standard Market(Domestic),Services,
7036,7036.T,eMnet Japan.co.ltd.,eMnet Japan.co.ltd.,,Growth Market(Domestic),Services,
7037,7037.T,teno.Holdings Company Limited,teno.控股 Company Limited,,Standard Market(Domestic),Services,
7038,7038.T,Frontier Management Inc.,Frontier Management Inc.,,Prime Market (Domestic),Services,
7039,7039.T,BRIDGE International Group Corp.,BRIDGE International 集团 Corp.,,Growth Market(Domestic),Services,
7040,7040.T,"SUN-LIFE HOLDING CO.,LTD.","SUN-LIFE HOLDING CO.,LTD.",,Standard Market(Domestic),Services,
7041,7041.T,"CRG HOLDINGS CO.,LTD.","CRG 控股 CO.,LTD.",,Growth Market(Domestic),Services,
7042,7042.T,"ACCESS GROUP HOLDINGS CO.,LTD.","ACCESS 集团 控股 CO.,LTD.",,Standard Market(Domestic),Services,
7043,7043.T,"Alue Co.,Ltd.","Alue Co.,Ltd.",,Growth Market(Domestic),Services,
7044,7044.T,PIALA INC.,PIALA INC.,,Standard Market(Domestic),Services,
7046,7046.T,TDSE Inc.,TDSE Inc.,,Growth Market(Domestic),Services,
7047,7047.T,PORT INC.,PORT INC.,,Growth Market(Domestic),Services,
7048,7048.T,VELTRA Corporation,VELTRA 公司,,Growth Market(Domestic),Services,
7049,7049.T,"SHIKIGAKU.Co.,Ltd.","SHIKIGAKU.Co.,Ltd.",,Growth Market(Domestic),Services,
7050,7050.T,FRONTIER INTERNATIONAL INC.,FRONTIER INTERNATIONAL INC.,,Growth Market(Domestic),Services,
7057,7057.T,"New Constructor's Network Co.,Ltd.","New Constructor's Network Co.,Ltd.",,Standard Market(Domestic),Services,
7058,7058.T,"Kyoei Security Service Co.,Ltd.","Kyoei Security Service Co.,Ltd.",,Standard Market(Domestic),Services,
7059,7059.T,"COPRO-HOLDINGS.Co.,Ltd.","COPRO-控股.Co.,Ltd.",,Prime Market (Domestic),Services,
7060,7060.T,geechs inc.,geechs inc.,,Standard Market(Domestic),Services,
7061,7061.T,Japan Hospice Holdings Inc.,Japan Hospice 控股 Inc.,,Growth Market(Domestic),Services,
7062,7062.T,"Fureasu Co.,Ltd.","Fureasu Co.,Ltd.",,Growth Market(Domestic),Services,
7063,7063.T,Birdman Inc.,Birdman Inc.,,Growth Market(Domestic),Services,
7064,7064.T,"Howtelevision,Inc.","Howtelevision,Inc.",,Standard Market(Domestic),Services,
7065,7065.T,UPR Corporation,UPR 公司,,Standard Market(Domestic),Services,
7066,7066.T,"Peers Co.,Ltd.","Peers Co.,Ltd.",,Growth Market(Domestic),Services,
7067,7067.T,Branding Technology Inc.,Branding 科技 Inc.,,Growth Market(Domestic),Services,
7068,7068.T,Feedforce Group Inc.,Feedforce 集团 Inc.,,Growth Market(Domestic),Services,
7069,7069.T,"CyberBuzz,Inc.","CyberBuzz,Inc.",,Growth Market(Domestic),Services,
7071,7071.T,"Amvis Holdings,Inc.","Amvis 控股,Inc.",,Prime Market (Domestic),Services,
7072,7072.T,"Intimate Merger,Inc.","Intimate Merger,Inc.",,Growth Market(Domestic),Services,
7073,7073.T,"JAIC Co.,Ltd.","JAIC Co.,Ltd.",,Growth Market(Domestic),Services,
7074,7074.T,Twenty-four seven Holdings Inc.,Twenty-four seven 控股 Inc.,,Growth Market(Domestic),Services,
7075,7075.T,"QLS Holdings Co.,Ltd","QLS 控股 Co.,Ltd",,Growth Market(Domestic),Services,
7077,7077.T,"ALiNK Internet,INC.","ALiNK Internet,INC.",,Growth Market(Domestic),Services,
7078,7078.T,INCLUSIVE Holdings Inc.,INCLUSIVE 控股 Inc.,,Growth Market(Domestic),Services,
7079,7079.T,"WDB coco CO.,LTD.","WDB coco CO.,LTD.",,Growth Market(Domestic),Services,
7080,7080.T,"Sportsfield Co.,Ltd.","Sportsfield Co.,Ltd.",,Growth Market(Domestic),Services,
7081,7081.T,"Koyou Rentia Co.,Ltd.","Koyou Rentia Co.,Ltd.",,Standard Market(Domestic),Services,
7083,7083.T,AHC GROUP INC.,AHC 集团 INC.,,Growth Market(Domestic),Services,
7084,7084.T,Smile Holdings Inc.,Smile 控股 Inc.,,Growth Market(Domestic),Services,
7085,7085.T,"CURVES HOLDINGS Co.,Ltd.","CURVES 控股 Co.,Ltd.",,Prime Market (Domestic),Services,
7087,7087.T,"WILLTEC Co.,Ltd.","WILLTEC Co.,Ltd.",,Standard Market(Domestic),Services,
7089,7089.T,"for Startups,Inc.","for Startups,Inc.",,Growth Market(Domestic),Services,
7090,7090.T,Ligua Inc.,Ligua Inc.,,Growth Market(Domestic),Services,
7091,7091.T,"Living Platform,Ltd.","Living Platform,Ltd.",,Growth Market(Domestic),Services,
7093,7093.T,"adish Co.,Ltd.","adish Co.,Ltd.",,Growth Market(Domestic),Services,
7094,7094.T,NexTone Inc.,NexTone Inc.,,Growth Market(Domestic),Services,
7095,7095.T,"Macbee Planet,Inc.","Macbee Planet,Inc.",,Prime Market (Domestic),Services,
7096,7096.T,StemCell Institute,StemCell Institute,,Growth Market(Domestic),Services,
7097,7097.T,"SAKURASAKU PLUS,Co.,Ltd.","SAKURASAKU PLUS,Co.,Ltd.",,Growth Market(Domestic),Services,
7102,7102.T,"NIPPON SHARYO,LTD.","NIPPON SHARYO,LTD.",,Prime Market (Domestic),Transportation Equipment,
7110,7110.T,Kurashicom Inc.,Kurashicom Inc.,,Growth Market(Domestic),Retail Trade,
7111,7111.T,"INEST,Inc.","INEST,Inc.",,Standard Market(Domestic),Wholesale Trade,
7112,7112.T,"CUBE CO.,LTD.","CUBE CO.,LTD.",,Growth Market(Domestic),Retail Trade,
7114,7114.T,"Foodison,Inc.","Foodison,Inc.",,Growth Market(Domestic),Wholesale Trade,
7115,7115.T,AlphaPurchase Corporation,AlphaPurchase 公司,,Standard Market(Domestic),Wholesale Trade,
7119,7119.T,"halmek holdings Co.,Ltd.","halmek 控股 Co.,Ltd.",,Growth Market(Domestic),Retail Trade,
7120,7120.T,SHINKO Inc.,SHINKO Inc.,,Standard Market(Domestic),Wholesale Trade,
7122,7122.T,"THE KINKI SHARYO CO.,LTD.","THE KINKI SHARYO CO.,LTD.",,Standard Market(Domestic),Transportation Equipment,
7126,7126.T,"Global Style Co.,Ltd.","Global Style Co.,Ltd.",,Standard Market(Domestic),Retail Trade,
7127,7127.T,"Ikka Holdings Co.,Ltd.","Ikka 控股 Co.,Ltd.",,Standard Market(Domestic),Retail Trade,
7128,7128.T,UNISOL Holdings Corporation,UNISOL 控股 公司,,Prime Market (Domestic),Wholesale Trade,
7129,7129.T,Miahelsa Holdings Corporation,Miahelsa 控股 公司,,Standard Market(Domestic),Retail Trade,
7130,7130.T,"YAMAE GROUP HOLDINGS CO.,LTD.","YAMAE 集团 控股 CO.,LTD.",,Prime Market (Domestic),Wholesale Trade,
7131,7131.T,NOMURA CORPORATION,NOMURA 公司,,Standard Market(Domestic),Wholesale Trade,
7133,7133.T,"HYUGA PRIMARY CARE Co.,Ltd.","HYUGA PRIMARY CARE Co.,Ltd.",,Growth Market(Domestic),Retail Trade,
7134,7134.T,"UP GARAGE GROUP Co.,Ltd.","UP GARAGE 集团 Co.,Ltd.",,Standard Market(Domestic),Retail Trade,
7135,7135.T,"JAPAN CRAFT HOLDINGS CO.,LTD.","JAPAN CRAFT 控股 CO.,LTD.",,Standard Market(Domestic),Retail Trade,
7138,7138.T,"TORICO Co.,Ltd.","TORICO Co.,Ltd.",,Growth Market(Domestic),Retail Trade,
7140,7140.T,Petgo Corporation,Petgo 公司,,Growth Market(Domestic),Retail Trade,
7148,7148.T,"Financial Partners Group Co.,Ltd.","金融 Partners 集团 Co.,Ltd.",,Prime Market (Domestic),Securities and Commodities Futures,
7150,7150.T,"THE SHIMANE BANK,LTD.","THE SHIMANE 银行,LTD.",,Standard Market(Domestic),Banks,
7157,7157.T,LIFENET INSURANCE COMPANY,LIFENET 保险 COMPANY,,Prime Market (Domestic),Insurance,
7161,7161.T,"Jimoto Holdings,Inc.","Jimoto 控股,Inc.",,Standard Market(Domestic),Banks,
7162,7162.T,"ASTMAX Co.,Ltd.","ASTMAX Co.,Ltd.",,Standard Market(Domestic),Electric Power and Gas,
7164,7164.T,"ZENKOKU HOSHO Co.,Ltd.","ZENKOKU HOSHO Co.,Ltd.",,Prime Market (Domestic),Other Financing Business,
7167,7167.T,"Mebuki Financial Group,Inc.","Mebuki 金融 集团,Inc.",,Prime Market (Domestic),Banks,
7172,7172.T,"Japan Investment Adviser Co.,Ltd.","Japan Investment Adviser Co.,Ltd.",,Prime Market (Domestic),Securities and Commodities Futures,
7173,7173.T,"Tokyo Kiraboshi Financial Group,Inc.","Tokyo Kiraboshi 金融 集团,Inc.",,Prime Market (Domestic),Banks,
7175,7175.T,"The Imamura Securities Co.,Ltd.","The Imamura 证券 Co.,Ltd.",,Standard Market(Domestic),Securities and Commodities Futures,
7177,7177.T,"GMO Financial Holdings,Inc.","GMO 金融 控股,Inc.",,Standard Market(Domestic),Securities and Commodities Futures,
7180,7180.T,"Kyushu Financial Group,Inc.","Kyushu 金融 集团,Inc.",,Prime Market (Domestic),Banks,
7181,7181.T,"JAPAN POST INSURANCE Co.,Ltd.","JAPAN POST 保险 Co.,Ltd.",,Prime Market (Domestic),Insurance,
7182,7182.T,"JAPAN POST BANK Co.,Ltd.","JAPAN POST 银行 Co.,Ltd.",,Prime Market (Domestic),Banks,
7183,7183.T,"Anshin Guarantor Service Co.,Ltd.","Anshin Guarantor Service Co.,Ltd.",,Standard Market(Domestic),Other Financing Business,
7184,7184.T,"THE FIRST BANK OF TOYAMA,LTD.","THE FIRST 银行 OF TOYAMA,LTD.",,Prime Market (Domestic),Banks,
7185,7185.T,Hirose Tusyo Inc.,Hirose Tusyo Inc.,,Standard Market(Domestic),Securities and Commodities Futures,
7186,7186.T,"Yokohama Financial Group,Inc.","Yokohama 金融 集团,Inc.",,Prime Market (Domestic),Banks,
7187,7187.T,"J-LEASE CO.,LTD.","J-LEASE CO.,LTD.",,Prime Market (Domestic),Other Financing Business,
7189,7189.T,"Nishi-Nippon Financial Holdings,Inc.","Nishi-Nippon 金融 控股,Inc.",,Prime Market (Domestic),Banks,
7191,7191.T,Entrust Inc.,Entrust Inc.,,Standard Market(Domestic),Other Financing Business,
7192,7192.T,Mortgage Service Japan Limited,Mortgage Service Japan Limited,,Standard Market(Domestic),Other Financing Business,
7196,7196.T,Casa Inc.,Casa Inc.,,Standard Market(Domestic),Other Financing Business,
7198,7198.T,SBI ARUHI Corporation,SBI ARUHI 公司,,Prime Market (Domestic),Other Financing Business,
7199,7199.T,"Premium Group Co.,Ltd.","Premium 集团 Co.,Ltd.",,Prime Market (Domestic),Other Financing Business,
7201,7201.T,"NISSAN MOTOR CO.,LTD.","NISSAN 汽车 CO.,LTD.",,Prime Market (Domestic),Transportation Equipment,1084.57
7202,7202.T,ISUZU MOTORS LIMITED,ISUZU 汽车 LIMITED,,Prime Market (Domestic),Transportation Equipment,
7203,7203.T,TOYOTA MOTOR CORPORATION,TOYOTA 汽车 公司,,Prime Market (Domestic),Transportation Equipment,
7208,7208.T,KANEMITSU CORPORATION,KANEMITSU 公司,,Standard Market(Domestic),Transportation Equipment,
7211,7211.T,MITSUBISHI MOTORS CORPORATION,MITSUBISHI 汽车 公司,,Prime Market (Domestic),Transportation Equipment,1079.19
7212,7212.T,F-TECH INC.,F-TECH INC.,,Standard Market(Domestic),Transportation Equipment,
7213,7213.T,LECIP HOLDINGS CORPORATION,LECIP 控股 公司,,Standard Market(Domestic),Transportation Equipment,
7214,7214.T,GMB CORPORATION,GMB 公司,,Standard Market(Domestic),Transportation Equipment,
7215,7215.T,"FALTEC Co.,Ltd.","FALTEC Co.,Ltd.",,Standard Market(Domestic),Transportation Equipment,
7217,7217.T,"TEIN,INC.","TEIN,INC.",,Standard Market(Domestic),Transportation Equipment,
7218,7218.T,"TANAKA SEIMITSU KOGYO CO.,LTD.","TANAKA SEIMITSU KOGYO CO.,LTD.",,Standard Market(Domestic),Transportation Equipment,
7219,7219.T,"HKS CO.,LTD.","HKS CO.,LTD.",,Standard Market(Domestic),Transportation Equipment,
7220,7220.T,"MUSASHI SEIMITSU INDUSTRY CO.,LTD.","MUSASHI SEIMITSU INDUSTRY CO.,LTD.",,Prime Market (Domestic),Transportation Equipment,
7222,7222.T,"NISSAN SHATAI CO.,LTD.","NISSAN SHATAI CO.,LTD.",,Standard Market(Domestic),Transportation Equipment,
7224,7224.T,"ShinMaywa Industries,LTD.","ShinMaywa 工业,LTD.",,Prime Market (Domestic),Transportation Equipment,
7226,7226.T,"KYOKUTO KAIHATSU KOGYO CO.,LTD.","KYOKUTO KAIHATSU KOGYO CO.,LTD.",,Prime Market (Domestic),Transportation Equipment,
7228,7228.T,DAYTONA CORPORATION,DAYTONA 公司,,Standard Market(Domestic),Transportation Equipment,
7231,7231.T,"TOPY INDUSTRIES,LIMITED","TOPY 工业,LIMITED",,Prime Market (Domestic),Transportation Equipment,
7235,7235.T,"TOKYO RADIATOR MFG.CO.,LTD.","TOKYO RADIATOR MFG.CO.,LTD.",,Standard Market(Domestic),Transportation Equipment,
7236,7236.T,"T.RAD Co., Ltd.","T.RAD Co., Ltd.",,Prime Market (Domestic),Transportation Equipment,
7238,7238.T,"AKEBONO BRAKE INDUSTRY CO.,LTD.","AKEBONO BRAKE INDUSTRY CO.,LTD.",,Prime Market (Domestic),Transportation Equipment,
7239,7239.T,"TACHI-S CO.,LTD.","TACHI-S CO.,LTD.",,Prime Market (Domestic),Transportation Equipment,
7241,7241.T,"FUTABA INDUSTRIAL CO.,LTD.","FUTABA 工业 CO.,LTD.",,Prime Market (Domestic),Transportation Equipment,
7242,7242.T,KYB Corporation,KYB 公司,,Prime Market (Domestic),Transportation Equipment,
7244,7244.T,"ICHIKOH INDUSTRIES,LTD.","ICHIKOH 工业,LTD.",,Prime Market (Domestic),Electric Appliances,
7245,7245.T,"DAIDO METAL CO.,LTD.","DAIDO METAL CO.,LTD.",,Prime Market (Domestic),Transportation Equipment,
7246,7246.T,"PRESS KOGYO CO.,LTD.","PRESS KOGYO CO.,LTD.",,Prime Market (Domestic),Transportation Equipment,
7247,7247.T,MIKUNI CORPORATION,MIKUNI 公司,,Standard Market(Domestic),Transportation Equipment,
7254,7254.T,UNIVANCE CORPORATION,UNIVANCE 公司,,Standard Market(Domestic),Transportation Equipment,
7255,7255.T,SAKURAI LTD.,SAKURAI LTD.,,Standard Market(Domestic),Transportation Equipment,
7256,7256.T,"KASAI KOGYO CO.,LTD.","KASAI KOGYO CO.,LTD.",,Standard Market(Domestic),Transportation Equipment,
7259,7259.T,AISIN CORPORATION,AISIN 公司,,Prime Market (Domestic),Transportation Equipment,
7261,7261.T,Mazda Motor Corporation,Mazda 汽车 公司,,Prime Market (Domestic),Transportation Equipment,20.72
7264,7264.T,MURO CORPORATION,MURO 公司,,Standard Market(Domestic),Transportation Equipment,
7265,7265.T,"EIKEN INDUSTRIES CO.,LTD","EIKEN 工业 CO.,LTD",,Standard Market(Domestic),Transportation Equipment,
7266,7266.T,"Imasen Electric Industrial Co.,Ltd.","Imasen 电气 工业 Co.,Ltd.",,Standard Market(Domestic),Transportation Equipment,
7267,7267.T,"HONDA MOTOR CO.,LTD.","HONDA 汽车 CO.,LTD.",,Prime Market (Domestic),Transportation Equipment,
7269,7269.T,SUZUKI MOTOR CORPORATION,SUZUKI 汽车 公司,,Prime Market (Domestic),Transportation Equipment,
7270,7270.T,SUBARU CORPORATION,SUBARU 公司,,Prime Market (Domestic),Transportation Equipment,1316.47
7271,7271.T,YASUNAGA CORPORATION,YASUNAGA 公司,,Standard Market(Domestic),Transportation Equipment,
7272,7272.T,"Yamaha Motor Co.,Ltd.","Yamaha 汽车 Co.,Ltd.",,Prime Market (Domestic),Transportation Equipment,1080.14
7273,7273.T,"IKUYO CO.,LTD.","IKUYO CO.,LTD.",,Standard Market(Domestic),Transportation Equipment,
7276,7276.T,"KOITO MANUFACTURING CO.,LTD.","KOITO MANUFACTURING CO.,LTD.",,Prime Market (Domestic),Electric Appliances,
7277,7277.T,"TBK Co.,Ltd.","TBK Co.,Ltd.",,Standard Market(Domestic),Transportation Equipment,
7278,7278.T,EXEDY Corporation,EXEDY 公司,,Prime Market (Domestic),Transportation Equipment,
7279,7279.T,HI-LEX CORPORATION,HI-LEX 公司,,Standard Market(Domestic),Transportation Equipment,
7280,7280.T,MITSUBA Corporation,MITSUBA 公司,,Prime Market (Domestic),Electric Appliances,
7282,7282.T,"TOYODA GOSEI CO.,LTD.","TOYODA GOSEI CO.,LTD.",,Prime Market (Domestic),Transportation Equipment,
7283,7283.T,"AISAN INDUSTRY CO.,LTD.","AISAN INDUSTRY CO.,LTD.",,Prime Market (Domestic),Transportation Equipment,
7284,7284.T,"MEIWA INDUSTRY CO.,LTD.","MEIWA INDUSTRY CO.,LTD.",,Standard Market(Domestic),Transportation Equipment,
7287,7287.T,"NIPPON SEIKI CO.,LTD.","NIPPON SEIKI CO.,LTD.",,Standard Market(Domestic),Transportation Equipment,
7291,7291.T,"NIHON PLAST CO.,LTD.","NIHON PLAST CO.,LTD.",,Standard Market(Domestic),Transportation Equipment,
7292,7292.T,MURAKAMI CORPORATION,MURAKAMI 公司,,Standard Market(Domestic),Transportation Equipment,
7294,7294.T,YOROZU CORPORATION,YOROZU 公司,,Prime Market (Domestic),Transportation Equipment,
7296,7296.T,"F.C.C.CO.,LTD.","F.C.C.CO.,LTD.",,Prime Market (Domestic),Transportation Equipment,
7297,7297.T,"CAR MATE MFG. CO.,LTD.","CAR MATE MFG. CO.,LTD.",,Standard Market(Domestic),Transportation Equipment,
7299,7299.T,FUJI OOZX Inc.,FUJI OOZX Inc.,,Standard Market(Domestic),Transportation Equipment,
7305,7305.T,"ARAYA INDUSTRIAL CO.,LTD.","ARAYA 工业 CO.,LTD.",,Standard Market(Domestic),Iron and Steel,
7309,7309.T,SHIMANO INC.,SHIMANO INC.,,Prime Market (Domestic),Transportation Equipment,131.93
7313,7313.T,"TS TECH CO.,LTD.","TS TECH CO.,LTD.",,Prime Market (Domestic),Transportation Equipment,
7314,7314.T,"ODAWARA AUTO-MACHINE MFG.CO.,LTD.","ODAWARA AUTO-MACHINE MFG.CO.,LTD.",,Standard Market(Domestic),Transportation Equipment,
7318,7318.T,"SERENDIP HOLDINGS Co.,Ltd.","SERENDIP 控股 Co.,Ltd.",,Growth Market(Domestic),Transportation Equipment,
7320,7320.T,Solvvy Inc.,Solvvy Inc.,,Growth Market(Domestic),Other Financing Business,
7322,7322.T,"San ju San Financial Group,Inc.","San ju San 金融 集团,Inc.",,Prime Market (Domestic),Banks,
7325,7325.T,IRRC Corporation,IRRC 公司,,Growth Market(Domestic),Insurance,
7326,7326.T,"SBI Insurance Group Co.,Ltd.","SBI 保险 集团 Co.,Ltd.",,Growth Market(Domestic),Insurance,
7327,7327.T,"Daishi Hokuetsu Financial Group,Inc.","Daishi Hokuetsu 金融 集团,Inc.",,Prime Market (Domestic),Banks,
7337,7337.T,"Hirogin Holdings,Inc.","Hirogin 控股,Inc.",,Prime Market (Domestic),Banks,
7343,7343.T,"Broad-Minded Co.,Ltd.","Broad-Minded Co.,Ltd.",,Growth Market(Domestic),Insurance,
7345,7345.T,Ai Partners Financial Inc.,Ai Partners 金融 Inc.,,Growth Market(Domestic),Other Financing Business,
7347,7347.T,"Mercuria Holdings Co.,Ltd.","Mercuria 控股 Co.,Ltd.",,Prime Market (Domestic),Securities and Commodities Futures,
7350,7350.T,"Okinawa Financial Group,Inc.","Okinawa 金融 集团,Inc.",,Prime Market (Domestic),Banks,520.53
7351,7351.T,Goodpatch Inc.,Goodpatch Inc.,,Growth Market(Domestic),Services,
7352,7352.T,TWOSTONE&Sons Inc.,TWOSTONE&Sons Inc.,,Growth Market(Domestic),Services,
7353,7353.T,"KIYO Learning Co.,Ltd.","KIYO Learning Co.,Ltd.",,Growth Market(Domestic),Services,
7354,7354.T,Direct Marketing MiX Inc.,Direct Marketing MiX Inc.,,Standard Market(Domestic),Services,
7356,7356.T,Retty Inc.,Retty Inc.,,Growth Market(Domestic),Services,
7357,7357.T,"GEOCODE CO.,Ltd.","GEOCODE CO.,Ltd.",,Standard Market(Domestic),Services,
7358,7358.T,Poppins Corporation,Poppins 公司,,Standard Market(Domestic),Services,
7359,7359.T,"Tokyo Communications Group,Inc.","Tokyo 通信 集团,Inc.",,Growth Market(Domestic),Services,
7360,7360.T,"ONDECK Co.,Ltd.","ONDECK Co.,Ltd.",,Growth Market(Domestic),Services,
7361,7361.T,"Human Creation Holdings,Inc.","Human Creation 控股,Inc.",,Growth Market(Domestic),Services,
7362,7362.T,Terminalcare Support Institute Inc.,Terminalcare Support Institute Inc.,,Growth Market(Domestic),Services,
7363,7363.T,baby calendar Inc.,baby calendar Inc.,,Growth Market(Domestic),Services,
7366,7366.T,LITALICO Inc.,LITALICO Inc.,,Prime Market (Domestic),Services,
7367,7367.T,"CELM,Inc.","CELM,Inc.",,Standard Market(Domestic),Services,
7368,7368.T,"HYOJITO Co.,Ltd.","HYOJITO Co.,Ltd.",,Standard Market(Domestic),Services,
7369,7369.T,"Meiho Holdings,Inc.","Meiho 控股,Inc.",,Growth Market(Domestic),Services,
7370,7370.T,"Enjin Co.,Ltd.","Enjin Co.,Ltd.",,Growth Market(Domestic),Services,
7371,7371.T,Zenken Corporation,Zenken 公司,,Growth Market(Domestic),Services,
7372,7372.T,Decollte Holdings Corporation,Decollte 控股 公司,,Growth Market(Domestic),Services,
7373,7373.T,"Aidma Holdings,Inc.","Aidma 控股,Inc.",,Growth Market(Domestic),Services,
7374,7374.T,Interworks Confidence Inc.,Interworks Confidence Inc.,,Growth Market(Domestic),Services,
7375,7375.T,"REFINVERSE Group,Inc.","REFINVERSE 集团,Inc.",,Growth Market(Domestic),Services,
7376,7376.T,"BCC Co.,Ltd.","BCC Co.,Ltd.",,Growth Market(Domestic),Services,
7377,7377.T,"DN HOLDINGS CO.,LTD.","DN 控股 CO.,LTD.",,Standard Market(Domestic),Services,
7378,7378.T,ASIRO Inc.,ASIRO Inc.,,Growth Market(Domestic),Services,
7380,7380.T,"Juroku Financial Group,Inc.","Juroku 金融 集团,Inc.",,Prime Market (Domestic),Banks,
7381,7381.T,"CCI Group,Inc.","CCI 集团,Inc.",,Prime Market (Domestic),Banks,
7383,7383.T,"Net Protections Holdings,Inc.","Net Protections 控股,Inc.",,Prime Market (Domestic),Other Financing Business,
7384,7384.T,"Procrea Holdings,Inc.","Procrea 控股,Inc.",,Prime Market (Domestic),Banks,469.96
7388,7388.T,FP Partner Inc.,FP Partner Inc.,,Prime Market (Domestic),Insurance,
7389,7389.T,"Aichi Financial Group,Inc.","Aichi 金融 集团,Inc.",,Prime Market (Domestic),Banks,
7399,7399.T,"NANSIN CO.,LTD.","NANSIN CO.,LTD.",,Standard Market(Domestic),Transportation Equipment,
7409,7409.T,"AeroEdge Co.,Ltd","AeroEdge Co.,Ltd",,Growth Market(Domestic),Transportation Equipment,
7412,7412.T,ATOM CORPORATION,ATOM 公司,,Standard Market(Domestic),Retail Trade,
7413,7413.T,"Sokensha Co.,Ltd.","Sokensha Co.,Ltd.",,Standard Market(Domestic),Wholesale Trade,
7414,7414.T,"ONOKEN CO.,LTD.","ONOKEN CO.,LTD.",,Prime Market (Domestic),Wholesale Trade,
7416,7416.T,Haruyama Holdings Inc.,Haruyama 控股 Inc.,,Standard Market(Domestic),Retail Trade,
7417,7417.T,NANYO CORPORATION,NANYO 公司,,Standard Market(Domestic),Wholesale Trade,
7419,7419.T,"Nojima Co.,Ltd.","Nojima Co.,Ltd.",,Prime Market (Domestic),Retail Trade,
7421,7421.T,"KAPPA・CREATE CO.,LTD.","KAPPA・CREATE CO.,LTD.",,Prime Market (Domestic),Retail Trade,
7422,7422.T,"TOHO LAMAC CO.,LTD.","TOHO LAMAC CO.,LTD.",,Standard Market(Domestic),Wholesale Trade,
7425,7425.T,"HATSUHO SHOUJI CO.,LTD.","HATSUHO SHOUJI CO.,LTD.",,Standard Market(Domestic),Wholesale Trade,
7427,7427.T,"ECHO TRADING CO.,LTD.","ECHO 贸易 CO.,LTD.",,Standard Market(Domestic),Wholesale Trade,
7433,7433.T,"Hakuto Co.,Ltd.","Hakuto Co.,Ltd.",,Prime Market (Domestic),Wholesale Trade,
7434,7434.T,OTAKE CORPORATION,OTAKE 公司,,Standard Market(Domestic),Wholesale Trade,
7435,7435.T,"NADEX CO.,LTD.","NADEX CO.,LTD.",,Standard Market(Domestic),Wholesale Trade,
7438,7438.T,KONDOTEC INC.,KONDOTEC INC.,,Prime Market (Domestic),Wholesale Trade,
7442,7442.T,"NAKAYAMAFUKU CO.,LTD.","NAKAYAMAFUKU CO.,LTD.",,Standard Market(Domestic),Wholesale Trade,
7443,7443.T,"YOKOHAMA GYORUI CO.,LTD.","YOKOHAMA GYORUI CO.,LTD.",,Standard Market(Domestic),Wholesale Trade,
7444,7444.T,"Harima-Kyowa Co.,LTD.","Harima-Kyowa Co.,LTD.",,Standard Market(Domestic),Wholesale Trade,
7446,7446.T,"TOHOKU CHEMICAL Co.,LTD.","TOHOKU 化学 Co.,LTD.",,Standard Market(Domestic),Wholesale Trade,
7447,7447.T,"NAGAILEBEN Co.,Ltd.","NAGAILEBEN Co.,Ltd.",,Prime Market (Domestic),Wholesale Trade,
7453,7453.T,"RYOHIN KEIKAKU CO.,LTD.","RYOHIN KEIKAKU CO.,LTD.",,Prime Market (Domestic),Retail Trade,
7456,7456.T,"MATSUDA SANGYO Co.,Ltd.","MATSUDA SANGYO Co.,Ltd.",,Prime Market (Domestic),Wholesale Trade,
7458,7458.T,"DAIICHIKOSHO CO.,LTD.","DAIICHIKOSHO CO.,LTD.",,Prime Market (Domestic),Wholesale Trade,
7459,7459.T,MEDIPAL HOLDINGS CORPORATION,MEDIPAL 控股 公司,,Prime Market (Domestic),Wholesale Trade,12029.28
7460,7460.T,"YAGI & CO.,LTD.","YAGI & CO.,LTD.",,Standard Market(Domestic),Wholesale Trade,
7461,7461.T,"KIMURA CO.,LTD.","KIMURA CO.,LTD.",,Standard Market(Domestic),Wholesale Trade,
7462,7462.T,CAPITA Inc.,CAPITA Inc.,,Standard Market(Domestic),Retail Trade,
7463,7463.T,"ADVAN GROUP CO.,LTD.","ADVAN 集团 CO.,LTD.",,Standard Market(Domestic),Retail Trade,
7464,7464.T,"SAFTEC CO.,LTD.","SAFTEC CO.,LTD.",,Standard Market(Domestic),Wholesale Trade,
7466,7466.T,SPK CORPORATION,SPK 公司,,Prime Market (Domestic),Wholesale Trade,
7472,7472.T,"TOBA,INC.","TOBA,INC.",,Standard Market(Domestic),Wholesale Trade,
7475,7475.T,"ALBIS Co.,Ltd.","ALBIS Co.,Ltd.",,Prime Market (Domestic),Retail Trade,
7476,7476.T,AS ONE CORPORATION,AS ONE 公司,,Prime Market (Domestic),Wholesale Trade,
7477,7477.T,MURAKI CORPORATION,MURAKI 公司,,Standard Market(Domestic),Wholesale Trade,
7480,7480.T,SUZUDEN CORPORATION,SUZUDEN 公司,,Standard Market(Domestic),Wholesale Trade,
7481,7481.T,"OIE SANGYO CO.,LTD.","OIE SANGYO CO.,LTD.",,Standard Market(Domestic),Wholesale Trade,
7482,7482.T,"SHIMOJIMA Co.,Ltd.","SHIMOJIMA Co.,Ltd.",,Prime Market (Domestic),Wholesale Trade,
7483,7483.T,"DOSHISHA CO.,LTD.","DOSHISHA CO.,LTD.",,Prime Market (Domestic),Wholesale Trade,
7486,7486.T,"SANRIN CO.,LTD.","SANRIN CO.,LTD.",,Standard Market(Domestic),Wholesale Trade,
7487,7487.T,OZU CORPORATION,OZU 公司,,Standard Market(Domestic),Wholesale Trade,
7490,7490.T,"NISSIN SHOJI CO.,LTD.","NISSIN SHOJI CO.,LTD.",,Standard Market(Domestic),Wholesale Trade,
7494,7494.T,"KONAKA CO.,LTD.","KONAKA CO.,LTD.",,Standard Market(Domestic),Retail Trade,
7500,7500.T,"NISHIKAWA KEISOKU Co.,Ltd.","NISHIKAWA KEISOKU Co.,Ltd.",,Standard Market(Domestic),Wholesale Trade,
7501,7501.T,TIEMCO LTD.,TIEMCO LTD.,,Standard Market(Domestic),Wholesale Trade,
7502,7502.T,"PLAZA HOLDINGS CO.,LTD.","PLAZA 控股 CO.,LTD.",,Standard Market(Domestic),Services,
7504,7504.T,KOHSOKU CORPORATION,KOHSOKU 公司,,Prime Market (Domestic),Wholesale Trade,
7505,7505.T,"FUSO DENTSU CO.,LTD.","FUSO DENTSU CO.,LTD.",,Standard Market(Domestic),Wholesale Trade,
7506,7506.T,"HOUSE OF ROSE Co.,Ltd.","HOUSE OF ROSE Co.,Ltd.",,Standard Market(Domestic),Retail Trade,
7508,7508.T,G-7 HOLDINGS Inc.,G-7 控股 Inc.,,Prime Market (Domestic),Retail Trade,
7509,7509.T,I.A GROUP CORPORATION,I.A 集团 公司,,Standard Market(Domestic),Retail Trade,
7510,7510.T,TAKEBISHI CORPORATION,TAKEBISHI 公司,,Prime Market (Domestic),Wholesale Trade,
7512,7512.T,Aeon Hokkaido Corporation,Aeon Hokkaido 公司,,Standard Market(Domestic),Retail Trade,
7513,7513.T,"Kojima Co.,Ltd.","Kojima Co.,Ltd.",,Prime Market (Domestic),Retail Trade,
7514,7514.T,"HIMARAYA Co.,Ltd.","HIMARAYA Co.,Ltd.",,Standard Market(Domestic),Retail Trade,
7515,7515.T,Maruyoshi Center Inc.,Maruyoshi Center Inc.,,Standard Market(Domestic),Retail Trade,
7516,7516.T,"KOHNAN SHOJI CO.,LTD.","KOHNAN SHOJI CO.,LTD.",,Prime Market (Domestic),Retail Trade,
7520,7520.T,"Eco's Co.,Ltd.","Eco's Co.,Ltd.",,Prime Market (Domestic),Retail Trade,
7521,7521.T,"MUSASHI CO.,LTD.","MUSASHI CO.,LTD.",,Standard Market(Domestic),Wholesale Trade,
7522,7522.T,"WATAMI CO.,LTD.","WATAMI CO.,LTD.",,Prime Market (Domestic),Retail Trade,
7523,7523.T,"ART VIVANT CO.,LTD.","ART VIVANT CO.,LTD.",,Standard Market(Domestic),Retail Trade,
7524,7524.T,MARCHE CORPORATION,MARCHE 公司,,Standard Market(Domestic),Retail Trade,
7525,7525.T,RIX CORPORATION,RIX 公司,,Prime Market (Domestic),Wholesale Trade,
7527,7527.T,SystemSoft Corporation,SystemSoft 公司,,Standard Market(Domestic),Information & Communication,
7531,7531.T,SEIWA CHUO HOLDINGS CORPORATION,SEIWA CHUO 控股 公司,,Standard Market(Domestic),Wholesale Trade,
7532,7532.T,Pan Pacific International Holdings Corporation,Pan Pacific International 控股 公司,,Prime Market (Domestic),Retail Trade,
7537,7537.T,MARUBUN CORPORATION,MARUBUN 公司,,Prime Market (Domestic),Wholesale Trade,
7538,7538.T,"DAISUI CO.,LTD.","DAISUI CO.,LTD.",,Standard Market(Domestic),Wholesale Trade,
7539,7539.T,"AINAVO HOLDINGS Co.,Ltd.","AINAVO 控股 Co.,Ltd.",,Standard Market(Domestic),Wholesale Trade,
7544,7544.T,"Three F Co.,Ltd.","Three F Co.,Ltd.",,Standard Market(Domestic),Retail Trade,
7545,7545.T,"NISHIMATSUYA CHAIN Co.,Ltd.","NISHIMATSUYA CHAIN Co.,Ltd.",,Prime Market (Domestic),Retail Trade,
7550,7550.T,"ZENSHO HOLDINGS CO.,LTD.","ZENSHO 控股 CO.,LTD.",,Prime Market (Domestic),Retail Trade,
75505,75505.T,"Series 1 Bond-Type Class Shares of ZENSHO HOLDINGS CO.,LTD.","Series 1 Bond-Type Class Shares of ZENSHO 控股 CO.,LTD.",,Prime Market (Domestic),Retail Trade,
7551,7551.T,"WEDS CO.,LTD.","WEDS CO.,LTD.",,Standard Market(Domestic),Transportation Equipment,
7552,7552.T,HAPPINET CORPORATION,HAPPINET 公司,,Prime Market (Domestic),Wholesale Trade,
7554,7554.T,KOURAKUEN CORPORATION,KOURAKUEN 公司,,Prime Market (Domestic),Retail Trade,
7555,7555.T,"Ota Floriculture Auction Co.,Ltd.","Ota Floriculture Auction Co.,Ltd.",,Standard Market(Domestic),Wholesale Trade,
7561,7561.T,HURXLEY HOLDINGS CORPORATION,HURXLEY 控股 公司,,Standard Market(Domestic),Retail Trade,
7562,7562.T,"ANRAKUTEI Co.,Ltd","ANRAKUTEI Co.,Ltd",,Standard Market(Domestic),Retail Trade,
7564,7564.T,"WORKMAN CO.,LTD.","WORKMAN CO.,LTD.",,Standard Market(Domestic),Retail Trade,
7565,7565.T,MANSEI CORPORATION,MANSEI 公司,,Standard Market(Domestic),Wholesale Trade,
7567,7567.T,SAKAE ELECTRONICS CORPORATION,SAKAE ELECTRONICS 公司,,Standard Market(Domestic),Wholesale Trade,
7570,7570.T,"HASHIMOTO SOGYO HOLDINGS CO.,LTD.","HASHIMOTO SOGYO 控股 CO.,LTD.",,Standard Market(Domestic),Wholesale Trade,
7571,7571.T,YAMANO HOLDINGS CORPORATION,YAMANO 控股 公司,,Standard Market(Domestic),Retail Trade,
7575,7575.T,"Japan Lifeline Co.,Ltd.","Japan Lifeline Co.,Ltd.",,Prime Market (Domestic),Wholesale Trade,
7578,7578.T,"NICHIRYOKU CO.,LTD.","NICHIRYOKU CO.,LTD.",,Standard Market(Domestic),Retail Trade,
7581,7581.T,"SAIZERIYA CO.,LTD.","SAIZERIYA CO.,LTD.",,Prime Market (Domestic),Retail Trade,11876.7
7585,7585.T,KAN-NANMARU CORPORATION,KAN-NANMARU 公司,,Standard Market(Domestic),Retail Trade,
7590,7590.T,"TAKASHO CO.,LTD.","TAKASHO CO.,LTD.",,Standard Market(Domestic),Wholesale Trade,
7593,7593.T,"VT HOLDINGS CO.,LTD.","VT 控股 CO.,LTD.",,Prime Market (Domestic),Retail Trade,
7595,7595.T,ARGO GRAPHICS Inc.,ARGO GRAPHICS Inc.,,Prime Market (Domestic),Information & Communication,
7596,7596.T,"UORIKI CO.,LTD.","UORIKI CO.,LTD.",,Prime Market (Domestic),Retail Trade,
7599,7599.T,IDOM Inc.,IDOM Inc.,,Prime Market (Domestic),Wholesale Trade,
7600,7600.T,"Japan Medical Dynamic Marketing,INC.","Japan Medical Dynamic Marketing,INC.",,Prime Market (Domestic),Precision Instruments,
7601,7601.T,"POPLAR CO.,Ltd.","POPLAR CO.,Ltd.",,Standard Market(Domestic),Retail Trade,
7602,7602.T,"Ledax Co.,Ltd.","Ledax Co.,Ltd.",,Standard Market(Domestic),Wholesale Trade,
7603,7603.T,"Gyet Co.,Ltd.","Gyet Co.,Ltd.",,Standard Market(Domestic),Retail Trade,
7604,7604.T,"UMENOHANA GROUP CO.,LTD.","UMENOHANA 集团 CO.,LTD.",,Standard Market(Domestic),Retail Trade,
7606,7606.T,UNITED ARROWS LTD.,UNITED ARROWS LTD.,,Prime Market (Domestic),Retail Trade,
7607,7607.T,"Shinwa Co.,Ltd.","Shinwa Co.,Ltd.",,Prime Market (Domestic),Wholesale Trade,
7608,7608.T,"SK JAPAN CO.,LTD.","SK JAPAN CO.,LTD.",,Standard Market(Domestic),Wholesale Trade,
7609,7609.T,"Daitron Co.,Ltd.","Daitron Co.,Ltd.",,Prime Market (Domestic),Wholesale Trade,
7610,7610.T,"TAY TWO CO.,LTD.","TAY TWO CO.,LTD.",,Standard Market(Domestic),Retail Trade,
7611,7611.T,HIDAY HIDAKA Corp.,HIDAY HIDAKA Corp.,,Prime Market (Domestic),Retail Trade,
7613,7613.T,SIIX CORPORATION,SIIX 公司,,Prime Market (Domestic),Wholesale Trade,
7614,7614.T,"OM2Network Co.,Ltd.","OM2Network Co.,Ltd.",,Standard Market(Domestic),Retail Trade,
7615,7615.T,"KYOTO KIMONO YUZEN HOLDINGS Co.,Ltd.","KYOTO KIMONO YUZEN 控股 Co.,Ltd.",,Standard Market(Domestic),Retail Trade,
7616,7616.T,"COLOWIDE CO.,LTD.","COLOWIDE CO.,LTD.",,Prime Market (Domestic),Retail Trade,
7619,7619.T,"TANAKA CO.,LTD.","TANAKA CO.,LTD.",,Standard Market(Domestic),Wholesale Trade,
7621,7621.T,"UKAI CO.,LTD.","UKAI CO.,LTD.",,Standard Market(Domestic),Retail Trade,
7624,7624.T,"Naito & Co.,Ltd.","Naito & Co.,Ltd.",,Standard Market(Domestic),Wholesale Trade,
7625,7625.T,"GLOBAL-DINING,INC.","GLOBAL-DINING,INC.",,Standard Market(Domestic),Retail Trade,
7628,7628.T,OHASHI TECHNICA INC.,OHASHI TECHNICA INC.,,Prime Market (Domestic),Wholesale Trade,
7630,7630.T,"ICHIBANYA CO.,LTD.","ICHIBANYA CO.,LTD.",,Prime Market (Domestic),Retail Trade,1320.72
7634,7634.T,"HOSHIIRYO-SANKI CO.,LTD.","HOSHIIRYO-SANKI CO.,LTD.",,Standard Market(Domestic),Wholesale Trade,
7636,7636.T,"HANDSMAN CO.,LTD","HANDSMAN CO.,LTD",,Standard Market(Domestic),Retail Trade,
7637,7637.T,"Hakudo Co.,Ltd.","Hakudo Co.,Ltd.",,Prime Market (Domestic),Wholesale Trade,
7638,7638.T,"NEW ART HOLDINGS Co.,Ltd.","NEW ART 控股 Co.,Ltd.",,Standard Market(Domestic),Retail Trade,
7640,7640.T,"TOP CULTURE Co.,Ltd.","TOP CULTURE Co.,Ltd.",,Standard Market(Domestic),Retail Trade,
7643,7643.T,"DAIICHI CO.,LTD.","DAIICHI CO.,LTD.",,Standard Market(Domestic),Retail Trade,
7646,7646.T,"PLANT Co.,Ltd.","PLANT Co.,Ltd.",,Standard Market(Domestic),Retail Trade,
7649,7649.T,"SUGI HOLDINGS Co.,LTD.","SUGI 控股 Co.,LTD.",,Prime Market (Domestic),Retail Trade,
7670,7670.T,O-WELL CORPORATION,O-WELL 公司,,Standard Market(Domestic),Wholesale Trade,
7673,7673.T,"DAIKO TSUSAN CO.,LTD.","DAIKO TSUSAN CO.,LTD.",,Standard Market(Domestic),Wholesale Trade,
7674,7674.T,"NATTY SWANKY holdings Co.,Ltd.","NATTY SWANKY 控股 Co.,Ltd.",,Growth Market(Domestic),Retail Trade,
7677,7677.T,"Yashima & Co.,Ltd.","Yashima & Co.,Ltd.",,Standard Market(Domestic),Wholesale Trade,
7678,7678.T,"ASAKUMA CO.,LTD.","ASAKUMA CO.,LTD.",,Standard Market(Domestic),Retail Trade,
7679,7679.T,"YAKUODO HOLDINGS Co.,Ltd.","YAKUODO 控股 Co.,Ltd.",,Prime Market (Domestic),Retail Trade,
7681,7681.T,"LEOCLAN Co.,Ltd.","LEOCLAN Co.,Ltd.",,Standard Market(Domestic),Wholesale Trade,
7682,7682.T,"HAMAYUU CO.,LTD.","HAMAYUU CO.,LTD.",,Standard Market(Domestic),Retail Trade,
7683,7683.T,"WA,Inc.","WA,Inc.",,Prime Market (Domestic),Retail Trade,
7685,7685.T,"BuySell Technologies Co.,Ltd.","BuySell 科技 Co.,Ltd.",,Growth Market(Domestic),Wholesale Trade,
7686,7686.T,"HitoMile Co.,Ltd.","HitoMile Co.,Ltd.",,Standard Market(Domestic),Retail Trade,
7687,7687.T,"MICREED Co.,Ltd.","MICREED Co.,Ltd.",,Growth Market(Domestic),Wholesale Trade,
7689,7689.T,Copa Corporation Inc.,Copa 公司 Inc.,,Growth Market(Domestic),Wholesale Trade,
7692,7692.T,EARTH INFINITY CO.LTD.,EARTH INFINITY CO.LTD.,,Standard Market(Domestic),Electric Power and Gas,
7694,7694.T,itsumo.inc.,itsumo.inc.,,Growth Market(Domestic),Retail Trade,
7695,7695.T,"Koukandekirukun,Inc.","Koukandekirukun,Inc.",,Growth Market(Domestic),Retail Trade,
7698,7698.T,Iceco Inc.,Iceco Inc.,,Standard Market(Domestic),Wholesale Trade,
7699,7699.T,OMNI-PLUS SYSTEM LIMITED,OMNI-PLUS SYSTEM LIMITED,,Growth Market (Foreign),Wholesale Trade,
7701,7701.T,Shimadzu Corporation,Shimadzu 公司,,Prime Market (Domestic),Precision Instruments,
7702,7702.T,"JMS CO.,LTD.","JMS CO.,LTD.",,Standard Market(Domestic),Precision Instruments,
7707,7707.T,"Precision System Science Co.,Ltd.","Precision System Science Co.,Ltd.",,Growth Market(Domestic),Precision Instruments,
7709,7709.T,KUBOTEK CORPORATION,KUBOTEK 公司,,Standard Market(Domestic),Precision Instruments,
7711,7711.T,"SUKEGAWA ELECTRIC CO.,LTD.","SUKEGAWA 电气 CO.,LTD.",,Standard Market(Domestic),Precision Instruments,
7713,7713.T,"SIGMA KOKI CO.,LTD.","SIGMA KOKI CO.,LTD.",,Standard Market(Domestic),Precision Instruments,
7715,7715.T,"NAGANO KEIKI CO.,LTD.","NAGANO KEIKI CO.,LTD.",,Prime Market (Domestic),Precision Instruments,
7716,7716.T,NAKANISHI INC.,NAKANISHI INC.,,Standard Market(Domestic),Precision Instruments,
7717,7717.T,"V Technology Co.,Ltd.","V 科技 Co.,Ltd.",,Prime Market (Domestic),Precision Instruments,
7719,7719.T,TOKYO KOKI CO.LTD.,TOKYO KOKI CO.LTD.,,Standard Market(Domestic),Precision Instruments,
7721,7721.T,TOKYO KEIKI INC.,TOKYO KEIKI INC.,,Prime Market (Domestic),Precision Instruments,
7722,7722.T,"KOKUSAI CO.,LTD.","KOKUSAI CO.,LTD.",,Standard Market(Domestic),Precision Instruments,
7723,7723.T,"Aichi Tokei Denki Co.,Ltd.","Aichi Tokei Denki Co.,Ltd.",,Prime Market (Domestic),Precision Instruments,
7725,7725.T,INTER ACTION Corporation,INTER ACTION 公司,,Prime Market (Domestic),Precision Instruments,
7726,7726.T,KURODA PRECISION INDUSTRIES LTD.,KURODA PRECISION 工业 LTD.,,Standard Market(Domestic),Machinery,
7727,7727.T,OVAL Corporation,OVAL 公司,,Standard Market(Domestic),Precision Instruments,
7729,7729.T,"TOKYO SEIMITSU CO.,LTD.","TOKYO SEIMITSU CO.,LTD.",,Prime Market (Domestic),Precision Instruments,20.72
7730,7730.T,"MANI,INC.","MANI,INC.",,Prime Market (Domestic),Precision Instruments,
7731,7731.T,NIKON CORPORATION,NIKON 公司,,Prime Market (Domestic),Precision Instruments,
7733,7733.T,OLYMPUS CORPORATION,OLYMPUS 公司,,Prime Market (Domestic),Precision Instruments,
7734,7734.T,"RIKEN KEIKI CO.,LTD.","RIKEN KEIKI CO.,LTD.",,Prime Market (Domestic),Precision Instruments,
7735,7735.T,"SCREEN Holdings Co.,Ltd.","SCREEN 控股 Co.,Ltd.",,Prime Market (Domestic),Electric Appliances,
7740,7740.T,"Tamron Co.,Ltd.","Tamron Co.,Ltd.",,Prime Market (Domestic),Precision Instruments,
7741,7741.T,HOYA CORPORATION,HOYA 公司,,Prime Market (Domestic),Precision Instruments,
7743,7743.T,"SEED CO.,LTD.","SEED CO.,LTD.",,Standard Market(Domestic),Precision Instruments,
7744,7744.T,"Noritsu Koki Co.,Ltd.","Noritsu Koki Co.,Ltd.",,Prime Market (Domestic),Precision Instruments,
7745,7745.T,"A&D HOLON Holdings Company,Limited","A&D HOLON 控股 Company,Limited",,Prime Market (Domestic),Precision Instruments,
7746,7746.T,"OKAMOTO GLASS CO.,LTD.","OKAMOTO GLASS CO.,LTD.",,Standard Market(Domestic),Precision Instruments,
7747,7747.T,"ASAHI INTECC CO.,LTD.","ASAHI INTECC CO.,LTD.",,Prime Market (Domestic),Precision Instruments,
7749,7749.T,"MEDIKIT CO.,LTD.","MEDIKIT CO.,LTD.",,Standard Market(Domestic),Precision Instruments,
7751,7751.T,CANON INC.,CANON INC.,,Prime Market (Domestic),Electric Appliances,
7752,7752.T,"RICOH COMPANY,LTD.","RICOH COMPANY,LTD.",,Prime Market (Domestic),Electric Appliances,
7760,7760.T,IMV CORPORATION,IMV 公司,,Standard Market(Domestic),Precision Instruments,
7762,7762.T,"Citizen Watch Co.,Ltd.","Citizen Watch Co.,Ltd.",,Prime Market (Domestic),Precision Instruments,
7769,7769.T,"RHYTHM CO.,LTD.","RHYTHM CO.,LTD.",,Prime Market (Domestic),Precision Instruments,
7771,7771.T,"Nihon Seimitsu Co.,Ltd.","Nihon Seimitsu Co.,Ltd.",,Standard Market(Domestic),Precision Instruments,
7774,7774.T,"Japan Tissue Engineering Co.,Ltd.","Japan Tissue 工程 Co.,Ltd.",,Growth Market(Domestic),Precision Instruments,
7775,7775.T,"DAIKEN MEDICAL CO.,LTD.","DAIKEN MEDICAL CO.,LTD.",,Standard Market(Domestic),Precision Instruments,
7776,7776.T,CellSeed Inc.,CellSeed Inc.,,Growth Market(Domestic),Precision Instruments,
7777,7777.T,"3-D Matrix,Ltd.","3-D Matrix,Ltd.",,Growth Market(Domestic),Precision Instruments,
7779,7779.T,"CYBERDYNE,INC.","CYBERDYNE,INC.",,Growth Market(Domestic),Precision Instruments,
7780,7780.T,"Menicon Co.,Ltd.","Menicon Co.,Ltd.",,Prime Market (Domestic),Precision Instruments,
7781,7781.T,"HIRAYAMA HOLDINGS Co.,Ltd.","HIRAYAMA 控股 Co.,Ltd.",,Standard Market(Domestic),Precision Instruments,
7782,7782.T,"Sincere Co.,LTD.","Sincere Co.,LTD.",,Standard Market(Domestic),Precision Instruments,
7791,7791.T,"DREAMBED CO.,LTD.","DREAMBED CO.,LTD.",,Standard Market(Domestic),Other Products,
7792,7792.T,"Colan Totte.Co.,Ltd.","Colan Totte.Co.,Ltd.",,Growth Market(Domestic),Other Products,
7793,7793.T,IMAGE MAGIC Inc.,IMAGE MAGIC Inc.,,Growth Market(Domestic),Other Products,
7794,7794.T,EDP Corporation,EDP 公司,,Growth Market(Domestic),Other Products,
7795,7795.T,"KYORITSU CO.,LTD.","KYORITSU CO.,LTD.",,Standard Market(Domestic),Other Products,
7800,7800.T,"Amifa Co.,Ltd.","Amifa Co.,Ltd.",,Standard Market(Domestic),Other Products,
7803,7803.T,Bushiroad Inc.,Bushiroad Inc.,,Growth Market(Domestic),Other Products,
7804,7804.T,"B&P Co.,Ltd.","B&P Co.,Ltd.",,Standard Market(Domestic),Other Products,
7805,7805.T,PRINTNET INC.,PRINTNET INC.,,Standard Market(Domestic),Other Products,
7806,7806.T,"MTG Co.,Ltd.","MTG Co.,Ltd.",,Growth Market(Domestic),Other Products,
7807,7807.T,"KOWA CO.,LTD.","KOWA CO.,LTD.",,Standard Market(Domestic),Other Products,
7808,7808.T,"C.S. LUMBER CO.,INC","C.S. LUMBER CO.,INC",,Standard Market(Domestic),Other Products,
7809,7809.T,"KOTOBUKIYA CO.,LTD.","KOTOBUKIYA CO.,LTD.",,Standard Market(Domestic),Other Products,
7810,7810.T,"Crossfor Co.,Ltd.","Crossfor Co.,Ltd.",,Standard Market(Domestic),Other Products,
7811,7811.T,"NAKAMOTO PACKS CO.,LTD.","NAKAMOTO PACKS CO.,LTD.",,Standard Market(Domestic),Other Products,
7812,7812.T,CRESTEC Inc.,CRESTEC Inc.,,Standard Market(Domestic),Other Products,
7813,7813.T,"PLATZ Co.,Ltd.","PLATZ Co.,Ltd.",,Standard Market(Domestic),Other Products,
7814,7814.T,"JAPAN Creative Platform Group Co.,Ltd.","JAPAN Creative Platform 集团 Co.,Ltd.",,Standard Market(Domestic),Other Products,
7815,7815.T,"TOKYO BOARD INDUSTRIES CO.,LTD.","TOKYO BOARD 工业 CO.,LTD.",,Standard Market(Domestic),Other Products,
7818,7818.T,"TRANSACTION CO.,Ltd.","TRANSACTION CO.,Ltd.",,Prime Market (Domestic),Other Products,
7819,7819.T,SHOBIDO Corporation,SHOBIDO 公司,,Standard Market(Domestic),Other Products,
7820,7820.T,"NIHON FLUSH CO.,LTD.","NIHON FLUSH CO.,LTD.",,Prime Market (Domestic),Other Products,
7821,7821.T,"MAEDA KOSEN CO.,LTD.","MAEDA KOSEN CO.,LTD.",,Prime Market (Domestic),Other Products,
7822,7822.T,"Eidai Co.,Ltd.","Eidai Co.,Ltd.",,Standard Market(Domestic),Other Products,
7823,7823.T,ARTNATURE INC.,ARTNATURE INC.,,Standard Market(Domestic),Other Products,
7826,7826.T,"FURUYA METAL CO.,LTD.","FURUYA METAL CO.,LTD.",,Prime Market (Domestic),Other Products,
7827,7827.T,ORVIS CORPORATION,ORVIS 公司,,Standard Market(Domestic),Other Products,
7831,7831.T,Wellco Holdings Corporation,Wellco 控股 公司,,Standard Market(Domestic),Other Products,
7832,7832.T,Bandai Namco Holdings Inc.,Bandai Namco 控股 Inc.,,Prime Market (Domestic),Other Products,520.53
7833,7833.T,IFIS JAPAN LTD.,IFIS JAPAN LTD.,,Standard Market(Domestic),Other Products,
7836,7836.T,"AVIX,Inc.","AVIX,Inc.",,Standard Market(Domestic),Other Products,
7837,7837.T,"R.C.CORE CO.,LTD.","R.C.CORE CO.,LTD.",,Standard Market(Domestic),Other Products,
7839,7839.T,"SHOEI CO.,LTD.","SHOEI CO.,LTD.",,Prime Market (Domestic),Other Products,
7840,7840.T,"FRANCE BED HOLDINGS CO.,LTD.","FRANCE BED 控股 CO.,LTD.",,Prime Market (Domestic),Other Products,
7841,7841.T,"ENDO MANUFACTURING CO.,LTD.","ENDO MANUFACTURING CO.,LTD.",,Standard Market(Domestic),Other Products,
7844,7844.T,Marvelous Inc.,Marvelous Inc.,,Prime Market (Domestic),Information & Communication,
7846,7846.T,PILOT CORPORATION,PILOT 公司,,Prime Market (Domestic),Other Products,
7847,7847.T,GRAPHITE DESIGN INC.,GRAPHITE DESIGN INC.,,Standard Market(Domestic),Other Products,
7849,7849.T,Starts Publishing Corporation,Starts Publishing 公司,,Standard Market(Domestic),Information & Communication,
7850,7850.T,"SOUGOU SHOUKEN CO.,LTD.","SOUGOU SHOUKEN CO.,LTD.",,Standard Market(Domestic),Other Products,
7851,7851.T,"KAWASE COMPUTER SUPPLIES CO.,LTD.","KAWASE COMPUTER SUPPLIES CO.,LTD.",,Standard Market(Domestic),Other Products,
7856,7856.T,HAGIHARA INDUSTRIES INC.,HAGIHARA 工业 INC.,,Prime Market (Domestic),Other Products,
7857,7857.T,"SEKI CO.,LTD.","SEKI CO.,LTD.",,Standard Market(Domestic),Other Products,
7859,7859.T,ALMEDIO INC.,ALMEDIO INC.,,Standard Market(Domestic),Other Products,
7860,7860.T,Avex Inc.,Avex Inc.,,Prime Market (Domestic),Information & Communication,
7863,7863.T,"HIRAGA CO.,LTD.","HIRAGA CO.,LTD.",,Standard Market(Domestic),Other Products,
7864,7864.T,"FUJI SEAL INTERNATIONAL,INC.","FUJI SEAL INTERNATIONAL,INC.",,Prime Market (Domestic),Other Products,
7865,7865.T,"People Co.,Ltd.","People Co.,Ltd.",,Standard Market(Domestic),Other Products,
7867,7867.T,"TOMY COMPANY,LTD.","TOMY COMPANY,LTD.",,Prime Market (Domestic),Other Products,
7868,7868.T,"KOSAIDO Holdings Co.,Ltd.","KOSAIDO 控股 Co.,Ltd.",,Prime Market (Domestic),Other Products,
7871,7871.T,"FUKUVI CHEMICAL INDUSTRY CO.,LTD.","FUKUVI 化学 INDUSTRY CO.,LTD.",,Standard Market(Domestic),Chemicals,
7872,7872.T,"ESTELLE HOLDINGS CO.,LTD.","ESTELLE 控股 CO.,LTD.",,Standard Market(Domestic),Other Products,
7874,7874.T,"LEC,INC.","LEC,INC.",,Prime Market (Domestic),Chemicals,
7875,7875.T,"TAKEDA iP HOLDINGS CO.,LTD.","TAKEDA iP 控股 CO.,LTD.",,Standard Market(Domestic),Other Products,
7877,7877.T,"EIDAI KAKO CO.,LTD.","EIDAI KAKO CO.,LTD.",,Standard Market(Domestic),Chemicals,
7878,7878.T,"Kohsai Co.,Ltd.","Kohsai Co.,Ltd.",,Standard Market(Domestic),Other Products,
7879,7879.T,NODA CORPORATION,NODA 公司,,Standard Market(Domestic),Other Products,
7883,7883.T,"Sun Messe Co.,Ltd.","Sun Messe Co.,Ltd.",,Standard Market(Domestic),Other Products,
7885,7885.T,"TAKANO Co.,Ltd.","TAKANO Co.,Ltd.",,Standard Market(Domestic),Other Products,
7886,7886.T,"YAMATO Mobility & Mfg. Co.,Ltd.","YAMATO Mobility & Mfg. Co.,Ltd.",,Standard Market(Domestic),Chemicals,
7887,7887.T,"NANKAI PLYWOOD CO.,LTD.","NANKAI PLYWOOD CO.,LTD.",,Standard Market(Domestic),Other Products,
7888,7888.T,SANKO GOSEI LTD.,SANKO GOSEI LTD.,,Prime Market (Domestic),Chemicals,
7893,7893.T,PRONEXUS INC.,PRONEXUS INC.,,Prime Market (Domestic),Other Products,
7896,7896.T,"SEVEN INDUSTRIES CO.,LTD.","SEVEN 工业 CO.,LTD.",,Standard Market(Domestic),Other Products,
7897,7897.T,"HOKUSHIN CO.,LTD.","HOKUSHIN CO.,LTD.",,Standard Market(Domestic),Other Products,
7898,7898.T,"WOOD ONE CO.,LTD.","WOOD ONE CO.,LTD.",,Standard Market(Domestic),Other Products,
7901,7901.T,MATSUMOTO INC.,MATSUMOTO INC.,,Standard Market(Domestic),Other Products,
7902,7902.T,"SONOCOM CO.,LTD.","SONOCOM CO.,LTD.",,Standard Market(Domestic),Other Products,
7906,7906.T,"YONEX CO.,LTD.","YONEX CO.,LTD.",,Standard Market(Domestic),Other Products,
7908,7908.T,"KIMOTO CO.,LTD.","KIMOTO CO.,LTD.",,Standard Market(Domestic),Chemicals,
7911,7911.T,TOPPAN Holdings Inc.,TOPPAN 控股 Inc.,,Prime Market (Domestic),Other Products,65.45
7912,7912.T,"Dai Nippon Printing Co.,Ltd.","Dai Nippon Printing Co.,Ltd.",,Prime Market (Domestic),Other Products,
7914,7914.T,"Kyodo Printing Co.,Ltd.","Kyodo Printing Co.,Ltd.",,Prime Market (Domestic),Other Products,
7915,7915.T,"Nissha Co.,Ltd.","Nissha Co.,Ltd.",,Prime Market (Domestic),Other Products,
7916,7916.T,"MITSUMURA PRINTING CO.,LTD.","MITSUMURA PRINTING CO.,LTD.",,Standard Market(Domestic),Other Products,
7917,7917.T,ZACROS Corporation,ZACROS 公司,,Prime Market (Domestic),Chemicals,
7918,7918.T,"VIA Holdings,Inc.","VIA 控股,Inc.",,Standard Market(Domestic),Retail Trade,
7919,7919.T,"Nozaki Insatsu Shigyo Co.,Ltd.","Nozaki Insatsu Shigyo Co.,Ltd.",,Standard Market(Domestic),Other Products,
7921,7921.T,TAKARA & COMPANY LTD.,TAKARA & COMPANY LTD.,,Prime Market (Domestic),Other Products,
7927,7927.T,MUTO SEIKO CO.,MUTO SEIKO CO.,,Standard Market(Domestic),Chemicals,
7928,7928.T,"ASAHI KAGAKU KOGYO CO.,LTD.","ASAHI KAGAKU KOGYO CO.,LTD.",,Standard Market(Domestic),Chemicals,
7931,7931.T,"MIRAI INDUSTRY CO.,LTD.","MIRAI INDUSTRY CO.,LTD.",,Prime Market (Domestic),Chemicals,
7932,7932.T,"Nippi,Incorporated","Nippi,Incorporated",,Standard Market(Domestic),Other Products,
7936,7936.T,ASICS Corporation,ASICS 公司,,Prime Market (Domestic),Other Products,
7937,7937.T,"TSUTSUMI JEWELRY CO.,LTD.","TSUTSUMI JEWELRY CO.,LTD.",,Standard Market(Domestic),Other Products,
7938,7938.T,REGAL CORPORATION,REGAL 公司,,Standard Market(Domestic),Other Products,
7939,7939.T,"KENSOH CO.,LTD.","KENSOH CO.,LTD.",,Standard Market(Domestic),Other Products,
7942,7942.T,JSP Corporation,JSP 公司,,Prime Market (Domestic),Chemicals,
7943,7943.T,NICHIHA CORPORATION,NICHIHA 公司,,Prime Market (Domestic),Glass and Ceramics Products,
7944,7944.T,Roland Corporation,Roland 公司,,Prime Market (Domestic),Other Products,
7946,7946.T,KOYOSHA INC.,KOYOSHA INC.,,Standard Market(Domestic),Other Products,
7947,7947.T,FP CORPORATION,FP 公司,,Prime Market (Domestic),Chemicals,
7949,7949.T,"KOMATSU WALL INDUSTRY CO.,LTD.","KOMATSU WALL INDUSTRY CO.,LTD.",,Prime Market (Domestic),Other Products,
7951,7951.T,YAMAHA CORPORATION,YAMAHA 公司,,Prime Market (Domestic),Other Products,
7952,7952.T,"Kawai Musical Instruments Manufacturing Co.,Ltd.","Kawai Musical Instruments Manufacturing Co.,Ltd.",,Prime Market (Domestic),Other Products,
7953,7953.T,"KIKUSUI CHEMICAL INDUSTRIES CO.,LTD.","KIKUSUI 化学 工业 CO.,LTD.",,Standard Market(Domestic),Other Products,
7955,7955.T,Cleanup Corporation,Cleanup 公司,,Prime Market (Domestic),Other Products,
7956,7956.T,PIGEON CORPORATION,PIGEON 公司,,Prime Market (Domestic),Other Products,
7957,7957.T,"FUJICOPIAN CO.,LTD.","FUJICOPIAN CO.,LTD.",,Standard Market(Domestic),Other Products,
7962,7962.T,"KING JIM CO.,LTD.","KING JIM CO.,LTD.",,Prime Market (Domestic),Other Products,
7963,7963.T,KOKEN LTD.,KOKEN LTD.,,Standard Market(Domestic),Other Products,
7965,7965.T,Zojirushi Corporation,Zojirushi 公司,,Prime Market (Domestic),Electric Appliances,
7966,7966.T,LINTEC Corporation,LINTEC 公司,,Prime Market (Domestic),Other Products,
7970,7970.T,"Shin-Etsu Polymer Co.,Ltd.","Shin-Etsu Polymer Co.,Ltd.",,Prime Market (Domestic),Chemicals,
7971,7971.T,TOLI Corporation,TOLI 公司,,Standard Market(Domestic),Chemicals,
7972,7972.T,ITOKI CORPORATION,ITOKI 公司,,Prime Market (Domestic),Other Products,
7974,7974.T,"Nintendo Co.,Ltd.","Nintendo Co.,Ltd.",,Prime Market (Domestic),Other Products,
7975,7975.T,"LIHIT LAB.,INC.","LIHIT LAB.,INC.",,Standard Market(Domestic),Other Products,
7976,7976.T,"MITSUBISHI PENCIL COMPANY,LIMITED","MITSUBISHI PENCIL COMPANY,LIMITED",,Prime Market (Domestic),Other Products,
7979,7979.T,SHOFU INC.,SHOFU INC.,,Prime Market (Domestic),Precision Instruments,
7980,7980.T,"SHIGEMATSU WORKS CO.,LTD.","SHIGEMATSU WORKS CO.,LTD.",,Standard Market(Domestic),Other Products,
7981,7981.T,"TAKARA STANDARD CO.,LTD.","TAKARA STANDARD CO.,LTD.",,Prime Market (Domestic),Other Products,
7983,7983.T,Miroku Corporation,Miroku 公司,,Standard Market(Domestic),Other Products,
7984,7984.T,"KOKUYO CO.,LTD.","KOKUYO CO.,LTD.",,Prime Market (Domestic),Other Products,
7985,7985.T,NEPON Inc.,NEPON Inc.,,Standard Market(Domestic),Metal Products,
7986,7986.T,"NIHON ISK Company,Limited","NIHON ISK Company,Limited",,Standard Market(Domestic),Other Products,
7987,7987.T,"NAKABAYASHI CO.,LTD.","NAKABAYASHI CO.,LTD.",,Standard Market(Domestic),Other Products,
7988,7988.T,NIFCO INC.,NIFCO INC.,,Prime Market (Domestic),Chemicals,
7989,7989.T,TACHIKAWA CORPORATION,TACHIKAWA 公司,,Prime Market (Domestic),Metal Products,
7990,7990.T,"GLOBERIDE,Inc.","GLOBERIDE,Inc.",,Prime Market (Domestic),Other Products,
7991,7991.T,"MAMIYA-OP CO.,LTD","MAMIYA-OP CO.,LTD",,Standard Market(Domestic),Machinery,
7992,7992.T,"The Sailor Pen Co.,Ltd.","The Sailor Pen Co.,Ltd.",,Standard Market(Domestic),Other Products,
7994,7994.T,OKAMURA CORPORATION,OKAMURA 公司,,Prime Market (Domestic),Other Products,
7995,7995.T,"VALQUA,LTD.","VALQUA,LTD.",,Prime Market (Domestic),Chemicals,
7997,7997.T,Kurogane Kosakusho Ltd.,Kurogane Kosakusho Ltd.,,Standard Market(Domestic),Other Products,
8001,8001.T,ITOCHU Corporation,ITOCHU 公司,,Prime Market (Domestic),Wholesale Trade,1038.84
8002,8002.T,Marubeni Corporation,Marubeni 公司,,Prime Market (Domestic),Wholesale Trade,
8005,8005.T,Scroll Corporation,Scroll 公司,,Prime Market (Domestic),Retail Trade,
8006,8006.T,"YUASA FUNASHOKU Co.,Ltd.","YUASA FUNASHOKU Co.,Ltd.",,Standard Market(Domestic),Wholesale Trade,
8007,8007.T,"Takashima & Co.,Ltd.","Takashima & Co.,Ltd.",,Prime Market (Domestic),Wholesale Trade,
8008,8008.T,YONDOSHI HOLDINGS INC.,YONDOSHI 控股 INC.,,Prime Market (Domestic),Retail Trade,
8011,8011.T,SANYO SHOKAI LTD.,SANYO SHOKAI LTD.,,Prime Market (Domestic),Textiles and Apparels,
8012,8012.T,"NAGASE & CO.,LTD.","NAGASE & CO.,LTD.",,Prime Market (Domestic),Wholesale Trade,
8013,8013.T,"NAIGAI CO.,LTD.","NAIGAI CO.,LTD.",,Standard Market(Domestic),Textiles and Apparels,
8014,8014.T,"CHORI CO.,LTD.","CHORI CO.,LTD.",,Prime Market (Domestic),Wholesale Trade,
8015,8015.T,TOYOTA TSUSHO CORPORATION,TOYOTA TSUSHO 公司,,Prime Market (Domestic),Wholesale Trade,
8016,8016.T,"ONWARD HOLDINGS CO.,LTD.","ONWARD 控股 CO.,LTD.",,Prime Market (Domestic),Textiles and Apparels,
8018,8018.T,"SANKYO SEIKO CO.,LTD.","SANKYO SEIKO CO.,LTD.",,Standard Market(Domestic),Wholesale Trade,
8020,8020.T,KANEMATSU CORPORATION,KANEMATSU 公司,,Prime Market (Domestic),Wholesale Trade,
8022,8022.T,Mizuno Corporation,Mizuno 公司,,Prime Market (Domestic),Other Products,
8023,8023.T,"DAIKO XTECH,LTD.","DAIKO XTECH,LTD.",,Standard Market(Domestic),Information & Communication,
8025,8025.T,"TSUKAMOTO CORPORATION CO.,LTD.","TSUKAMOTO 公司 CO.,LTD.",,Standard Market(Domestic),Wholesale Trade,
8029,8029.T,LOOK HOLDINGS INCORPORATED,LOOK 控股 INCORPORATED,,Standard Market(Domestic),Textiles and Apparels,
8030,8030.T,"Chuo Gyorui Co.,Ltd.","Chuo Gyorui Co.,Ltd.",,Standard Market(Domestic),Wholesale Trade,
8031,8031.T,"MITSUI & CO.,LTD.","MITSUI & CO.,LTD.",,Prime Market (Domestic),Wholesale Trade,12029.28
8032,8032.T,JAPAN PULP AND PAPER COMPANY LIMITED,JAPAN PULP AND PAPER COMPANY LIMITED,,Prime Market (Domestic),Wholesale Trade,
8035,8035.T,Tokyo Electron Limited,Tokyo Electron Limited,,Prime Market (Domestic),Electric Appliances,469.96
8037,8037.T,KAMEI CORPORATION,KAMEI 公司,,Prime Market (Domestic),Wholesale Trade,
8039,8039.T,"TSUKIJI UOICHIBA COMPANY,LIMITED","TSUKIJI UOICHIBA COMPANY,LIMITED",,Standard Market(Domestic),Wholesale Trade,
8040,8040.T,"TOKYO SOIR CO.,LTD.","TOKYO SOIR CO.,LTD.",,Standard Market(Domestic),Textiles and Apparels,
8041,8041.T,OUG Holdings Inc.,OUG 控股 Inc.,,Standard Market(Domestic),Wholesale Trade,
8043,8043.T,Starzen Company Limited,Starzen Company Limited,,Prime Market (Domestic),Wholesale Trade,
8045,8045.T,"Yokohama Maruuo Co.,Ltd.","Yokohama Maruuo Co.,Ltd.",,Standard Market(Domestic),Wholesale Trade,
8046,8046.T,"MARUFUJI SHEET PILING CO.,LTD.","MARUFUJI SHEET PILING CO.,LTD.",,Standard Market(Domestic),Wholesale Trade,
8050,8050.T,SEIKO GROUP CORPORATION,SEIKO 集团 公司,,Prime Market (Domestic),Precision Instruments,
8051,8051.T,YAMAZEN CORPORATION,YAMAZEN 公司,,Prime Market (Domestic),Wholesale Trade,
8052,8052.T,"TSUBAKIMOTO KOGYO CO.,LTD.","TSUBAKIMOTO KOGYO CO.,LTD.",,Prime Market (Domestic),Wholesale Trade,
8053,8053.T,"SUMITOMO CORPORATION (SUMITOMO SHOJI KAISHA,LTD.)","SUMITOMO 公司 (SUMITOMO SHOJI KAISHA,LTD.)",,Prime Market (Domestic),Wholesale Trade,
8056,8056.T,BIPROGY Inc.,BIPROGY Inc.,,Prime Market (Domestic),Information & Communication,
8057,8057.T,"UCHIDA YOKO CO.,LTD.","UCHIDA YOKO CO.,LTD.",,Prime Market (Domestic),Wholesale Trade,
8058,8058.T,Mitsubishi Corporation,Mitsubishi 公司,,Prime Market (Domestic),Wholesale Trade,1079.19
8059,8059.T,"DAIICHI JITSUGYO CO.,LTD.","DAIICHI JITSUGYO CO.,LTD.",,Prime Market (Domestic),Wholesale Trade,
8060,8060.T,Canon Marketing Japan Inc.,Canon Marketing Japan Inc.,,Prime Market (Domestic),Wholesale Trade,
8061,8061.T,SEIKA CORPORATION,SEIKA 公司,,Prime Market (Domestic),Wholesale Trade,
8065,8065.T,SATO SHO-JI CORPORATION,SATO SHO-JI 公司,,Prime Market (Domestic),Wholesale Trade,
8066,8066.T,MITANI CORPORATION,MITANI 公司,,Standard Market(Domestic),Wholesale Trade,
8070,8070.T,"TOKYO SANGYO CO.,LTD.","TOKYO SANGYO CO.,LTD.",,Prime Market (Domestic),Wholesale Trade,
8074,8074.T,"YUASA CO.,LTD.","YUASA CO.,LTD.",,Prime Market (Domestic),Wholesale Trade,
8075,8075.T,Shinsho Corporation,Shinsho 公司,,Prime Market (Domestic),Wholesale Trade,
8076,8076.T,CANOX CORPORATION,CANOX 公司,,Standard Market(Domestic),Wholesale Trade,
8077,8077.T,TORQ Inc.,TORQ Inc.,,Standard Market(Domestic),Wholesale Trade,
8078,8078.T,"HANWA CO.,LTD.","HANWA CO.,LTD.",,Prime Market (Domestic),Wholesale Trade,
8079,8079.T,SHOEI FOODS CORPORATION,SHOEI 食品 公司,,Prime Market (Domestic),Wholesale Trade,
8081,8081.T,KANADEN CORPORATION,KANADEN 公司,,Prime Market (Domestic),Wholesale Trade,
8084,8084.T,RYODEN CORPORATION,RYODEN 公司,,Prime Market (Domestic),Wholesale Trade,
8085,8085.T,"NARASAKI SANGYO CO.,LTD.","NARASAKI SANGYO CO.,LTD.",,Standard Market(Domestic),Wholesale Trade,
8086,8086.T,NIPRO CORPORATION,NIPRO 公司,,Prime Market (Domestic),Precision Instruments,
8088,8088.T,IWATANI CORPORATION,IWATANI 公司,,Prime Market (Domestic),Wholesale Trade,
8089,8089.T,Nice Corporation,Nice 公司,,Standard Market(Domestic),Wholesale Trade,
8091,8091.T,"NICHIMO CO.,LTD.","NICHIMO CO.,LTD.",,Prime Market (Domestic),Wholesale Trade,
8093,8093.T,"Kyokuto Boeki Kaisha,Limited","Kyokuto Boeki Kaisha,Limited",,Prime Market (Domestic),Wholesale Trade,
8095,8095.T,"Astena Holdings Co.,Ltd.","Astena 控股 Co.,Ltd.",,Prime Market (Domestic),Wholesale Trade,
8097,8097.T,"SAN-AI OBBLI CO.,LTD.","SAN-AI OBBLI CO.,LTD.",,Prime Market (Domestic),Wholesale Trade,
8098,8098.T,"Inabata & Co.,Ltd.","Inabata & Co.,Ltd.",,Prime Market (Domestic),Wholesale Trade,
8101,8101.T,GSI Creos Corporation,GSI Creos 公司,,Prime Market (Domestic),Wholesale Trade,
8103,8103.T,Meiwa Corporation,Meiwa 公司,,Prime Market (Domestic),Wholesale Trade,
8104,8104.T,KUWAZAWA Holdings Corporation,KUWAZAWA 控股 公司,,Standard Market(Domestic),Wholesale Trade,
8105,8105.T,Bitcoin Japan Corporation,Bitcoin Japan 公司,,Standard Market(Domestic),Wholesale Trade,
8107,8107.T,KIMURATAN CORPORATION,KIMURATAN 公司,,Standard Market(Domestic),Textiles and Apparels,
8111,8111.T,Goldwin Inc.,Goldwin Inc.,,Prime Market (Domestic),Textiles and Apparels,
8113,8113.T,UNICHARM CORPORATION,UNICHARM 公司,,Prime Market (Domestic),Chemicals,
8115,8115.T,"MOONBAT Co.,Ltd.","MOONBAT Co.,Ltd.",,Standard Market(Domestic),Wholesale Trade,
8117,8117.T,CENTRAL AUTOMOTIVE PRODUCTS LTD.,CENTRAL AUTOMOTIVE PRODUCTS LTD.,,Standard Market(Domestic),Wholesale Trade,
8118,8118.T,"KING Co.,Ltd.","KING Co.,Ltd.",,Standard Market(Domestic),Textiles and Apparels,
8119,8119.T,SANYEI CORPORATION,SANYEI 公司,,Standard Market(Domestic),Wholesale Trade,
8123,8123.T,"T.KAWABE & CO.,LTD.","T.KAWABE & CO.,LTD.",,Standard Market(Domestic),Wholesale Trade,
8125,8125.T,"Wakita & Co.,LTD.","Wakita & Co.,LTD.",,Prime Market (Domestic),Wholesale Trade,
8127,8127.T,YAMATO INTERNATIONAL INC.,YAMATO INTERNATIONAL INC.,,Standard Market(Domestic),Textiles and Apparels,
8129,8129.T,"TOHO HOLDINGS CO.,LTD.","TOHO 控股 CO.,LTD.",,Prime Market (Domestic),Wholesale Trade,
8130,8130.T,Sangetsu Corporation,Sangetsu 公司,,Prime Market (Domestic),Wholesale Trade,
8131,8131.T,"Mitsuuroko Group Holdings Co.,Ltd.","Mitsuuroko 集团 控股 Co.,Ltd.",,Standard Market(Domestic),Wholesale Trade,
8132,8132.T,"SHINANEN HOLDINGS CO.,LTD.","SHINANEN 控股 CO.,LTD.",,Prime Market (Domestic),Wholesale Trade,
8133,8133.T,"ITOCHU ENEX CO.,LTD.","ITOCHU ENEX CO.,LTD.",,Prime Market (Domestic),Wholesale Trade,
8135,8135.T,ZETT CORPORATION,ZETT 公司,,Standard Market(Domestic),Wholesale Trade,
8136,8136.T,"Sanrio Company,Ltd.","Sanrio Company,Ltd.",,Prime Market (Domestic),Wholesale Trade,
8137,8137.T,SUN-WA TECHNOS CORPORATION,SUN-WA TECHNOS 公司,,Prime Market (Domestic),Wholesale Trade,
8138,8138.T,SANKYO KASEI CORPORATION,SANKYO KASEI 公司,,Standard Market(Domestic),Wholesale Trade,
8139,8139.T,NAGAHORI CORPORATION,NAGAHORI 公司,,Standard Market(Domestic),Wholesale Trade,
8141,8141.T,"Shinko Shoji Co.,Ltd.","Shinko Shoji Co.,Ltd.",,Prime Market (Domestic),Wholesale Trade,
8142,8142.T,"TOHO Co.,Ltd.","TOHO Co.,Ltd.",,Prime Market (Domestic),Wholesale Trade,
8143,8143.T,"LAPINE CO.,LTD.","LAPINE CO.,LTD.",,Standard Market(Domestic),Textiles and Apparels,
8144,8144.T,"Denkyo Group Holdings Co.,Ltd.","Denkyo 集团 控股 Co.,Ltd.",,Standard Market(Domestic),Wholesale Trade,
8147,8147.T,TOMITA CO.LTD.,TOMITA CO.LTD.,,Standard Market(Domestic),Wholesale Trade,
8150,8150.T,"SANSHIN ELECTRONICS CO.,LTD.","SANSHIN ELECTRONICS CO.,LTD.",,Prime Market (Domestic),Wholesale Trade,
8151,8151.T,TOYO Corporation,TOYO 公司,,Prime Market (Domestic),Wholesale Trade,
8152,8152.T,SOMAR CORPORATION,SOMAR 公司,,Standard Market(Domestic),Wholesale Trade,
8153,8153.T,"MOS FOOD SERVICES,INC.","MOS FOOD 服务,INC.",,Prime Market (Domestic),Wholesale Trade,
8154,8154.T,"KAGA ELECTRONICS CO.,LTD.","KAGA ELECTRONICS CO.,LTD.",,Prime Market (Domestic),Wholesale Trade,
8157,8157.T,"TSUZUKI DENKI CO.,LTD.","TSUZUKI DENKI CO.,LTD.",,Prime Market (Domestic),Information & Communication,
8158,8158.T,"SODA NIKKA CO.,LTD.","SODA NIKKA CO.,LTD.",,Prime Market (Domestic),Wholesale Trade,
8159,8159.T,"TACHIBANA ELETECH CO.,LTD.","TACHIBANA ELETECH CO.,LTD.",,Prime Market (Domestic),Wholesale Trade,
8160,8160.T,"KISOJI CO.,LTD.","KISOJI CO.,LTD.",,Prime Market (Domestic),Retail Trade,
8163,8163.T,"SRS HOLDINGS CO.,LTD.","SRS 控股 CO.,LTD.",,Prime Market (Domestic),Retail Trade,
8165,8165.T,"SENSHUKAI CO.,LTD.","SENSHUKAI CO.,LTD.",,Standard Market(Domestic),Retail Trade,
8166,8166.T,"Taka-Q Co.,Ltd.","Taka-Q Co.,Ltd.",,Standard Market(Domestic),Retail Trade,
8167,8167.T,"RETAIL PARTNERS CO.,LTD.","零售 PARTNERS CO.,LTD.",,Prime Market (Domestic),Retail Trade,
8173,8173.T,Joshin Corporation,Joshin 公司,,Prime Market (Domestic),Retail Trade,
8174,8174.T,"NIPPON GAS CO.,LTD.","NIPPON GAS CO.,LTD.",,Prime Market (Domestic),Retail Trade,
8179,8179.T,"ROYAL HOLDINGS Co., Ltd.","ROYAL 控股 Co., Ltd.",,Prime Market (Domestic),Retail Trade,
8181,8181.T,"Totenko Co.,Ltd.","Totenko Co.,Ltd.",,Standard Market(Domestic),Retail Trade,
8185,8185.T,"CHIYODA CO.,LTD.","CHIYODA CO.,LTD.",,Prime Market (Domestic),Retail Trade,
8194,8194.T,LIFE CORPORATION,LIFE 公司,,Prime Market (Domestic),Retail Trade,
8198,8198.T,"Maxvalu Tokai Co.,Ltd.","Maxvalu Tokai Co.,Ltd.",,Standard Market(Domestic),Retail Trade,
8200,8200.T,"RINGER HUT CO.,LTD.","RINGER HUT CO.,LTD.",,Prime Market (Domestic),Retail Trade,
8202,8202.T,"Laox Holdings CO.,LTD.","Laox 控股 CO.,LTD.",,Standard Market(Domestic),Retail Trade,
8203,8203.T,MrMax Holdings Ltd.,MrMax 控股 Ltd.,,Prime Market (Domestic),Retail Trade,
8207,8207.T,"TEN ALLIED Co.,Ltd.","TEN ALLIED Co.,Ltd.",,Standard Market(Domestic),Retail Trade,
8214,8214.T,AOKI Holdings Inc.,AOKI 控股 Inc.,,Prime Market (Domestic),Retail Trade,
8217,8217.T,"OKUWA CO.,LTD.","OKUWA CO.,LTD.",,Prime Market (Domestic),Retail Trade,
8218,8218.T,"KOMERI CO.,LTD.","KOMERI CO.,LTD.",,Prime Market (Domestic),Retail Trade,
8219,8219.T,"AOYAMA TRADING Co.,Ltd.","AOYAMA 贸易 Co.,Ltd.",,Prime Market (Domestic),Retail Trade,
8225,8225.T,"Takachiho Co.,Ltd.","Takachiho Co.,Ltd.",,Standard Market(Domestic),Wholesale Trade,
8226,8226.T,RIKEI CORPORATION,RIKEI 公司,,Standard Market(Domestic),Wholesale Trade,
8227,8227.T,"SHIMAMURA Co.,Ltd.","SHIMAMURA Co.,Ltd.",,Prime Market (Domestic),Retail Trade,
8230,8230.T,"HASEGAWA CO.,LTD.","HASEGAWA CO.,LTD.",,Standard Market(Domestic),Retail Trade,
8233,8233.T,"Takashimaya Company,Limited","Takashimaya Company,Limited",,Prime Market (Domestic),Retail Trade,
8237,8237.T,"MATSUYA CO.,LTD.","MATSUYA CO.,LTD.",,Prime Market (Domestic),Retail Trade,
8242,8242.T,H2O RETAILING CORPORATION,H2O RETAILING 公司,,Prime Market (Domestic),Retail Trade,
8244,8244.T,"Kintetsu Department Store CO.,Ltd.","Kintetsu Department Store CO.,Ltd.",,Standard Market(Domestic),Retail Trade,
8247,8247.T,"Daiwa Co.,Ltd.","Daiwa Co.,Ltd.",,Standard Market(Domestic),Retail Trade,
8252,8252.T,"MARUI GROUP CO.,LTD.","MARUI 集团 CO.,LTD.",,Prime Market (Domestic),Retail Trade,
8253,8253.T,"Credit Saison Co.,Ltd.","Credit Saison Co.,Ltd.",,Prime Market (Domestic),Other Financing Business,
8254,8254.T,"Saikaya Department Store Co.,Ltd.","Saikaya Department Store Co.,Ltd.",,Standard Market(Domestic),Retail Trade,
8255,8255.T,Axial Retailing Inc.,Axial Retailing Inc.,,Prime Market (Domestic),Retail Trade,
8260,8260.T,"IZUTSUYA CO.,LTD.","IZUTSUYA CO.,LTD.",,Standard Market(Domestic),Retail Trade,
8267,8267.T,"AEON CO.,LTD.","AEON CO.,LTD.",,Prime Market (Domestic),Retail Trade,
8273,8273.T,"IZUMI CO.,LTD.","IZUMI CO.,LTD.",,Prime Market (Domestic),Retail Trade,
8275,8275.T,FORVAL CORPORATION,FORVAL 公司,,Standard Market(Domestic),Wholesale Trade,
8276,8276.T,"HEIWADO CO.,LTD.","HEIWADO CO.,LTD.",,Prime Market (Domestic),Retail Trade,
8278,8278.T,"FUJI CO.,LTD.","FUJI CO.,LTD.",,Prime Market (Domestic),Retail Trade,
8281,8281.T,"XEBIO holdings CO.,LTD.","XEBIO 控股 CO.,LTD.",,Prime Market (Domestic),Retail Trade,
8282,8282.T,K'S HOLDINGS CORPORATION,K'S 控股 公司,,Prime Market (Domestic),Retail Trade,
8285,8285.T,"MITANI SANGYO CO.,LTD.","MITANI SANGYO CO.,LTD.",,Standard Market(Domestic),Wholesale Trade,
8291,8291.T,"NISSAN TOKYO SALES HOLDINGS CO.,LTD.","NISSAN TOKYO SALES 控股 CO.,LTD.",,Standard Market(Domestic),Retail Trade,
8303,8303.T,"SBI Shinsei Bank,Limited","SBI Shinsei 银行,Limited",,Prime Market (Domestic),Banks,
8304,8304.T,"Aozora Bank,Ltd.","Aozora 银行,Ltd.",,Prime Market (Domestic),Banks,
8306,8306.T,"Mitsubishi UFJ Financial Group,Inc.","Mitsubishi UFJ 金融 集团,Inc.",,Prime Market (Domestic),Banks,
8308,8308.T,"Resona Holdings, Inc.","Resona 控股, Inc.",,Prime Market (Domestic),Banks,
8309,8309.T,"Sumitomo Mitsui Trust Group,Inc.","Sumitomo Mitsui Trust 集团,Inc.",,Prime Market (Domestic),Banks,
8316,8316.T,"Sumitomo Mitsui Financial Group,Inc.","Sumitomo Mitsui 金融 集团,Inc.",,Prime Market (Domestic),Banks,
8331,8331.T,"The Chiba Bank,Ltd.","The Chiba 银行,Ltd.",,Prime Market (Domestic),Banks,
8334,8334.T,"The Gunma Bank,Ltd.","The Gunma 银行,Ltd.",,Prime Market (Domestic),Banks,
8336,8336.T,"The Musashino Bank,Ltd.","The Musashino 银行,Ltd.",,Prime Market (Domestic),Banks,
8337,8337.T,"The Chiba Kogyo Bank,Ltd.","The Chiba Kogyo 银行,Ltd.",,Prime Market (Domestic),Banks,
8338,8338.T,"Tsukuba Bank,Ltd.","Tsukuba 银行,Ltd.",,Prime Market (Domestic),Banks,
8341,8341.T,"The 77 Bank,Ltd.","The 77 银行,Ltd.",,Prime Market (Domestic),Banks,
8343,8343.T,"THE AKITA BANK,LTD.","THE AKITA 银行,LTD.",,Prime Market (Domestic),Banks,469.96
8344,8344.T,"The Yamagata Bank,Ltd.","The Yamagata 银行,Ltd.",,Prime Market (Domestic),Banks,469.96
8345,8345.T,"The Bank of Iwate,Ltd.","The 银行 of Iwate,Ltd.",,Prime Market (Domestic),Banks,
8346,8346.T,"The Toho Bank,Ltd.","The Toho 银行,Ltd.",,Prime Market (Domestic),Banks,
8349,8349.T,"THE TOHOKU BANK,LTD.","THE TOHOKU 银行,LTD.",,Standard Market(Domestic),Banks,
8354,8354.T,"Fukuoka Financial Group,Inc.","Fukuoka 金融 集团,Inc.",,Prime Market (Domestic),Banks,
8358,8358.T,Suruga Bank Ltd.,Suruga 银行 Ltd.,,Prime Market (Domestic),Banks,
8359,8359.T,"Hachijuni Nagano Bank,Ltd.","Hachijuni Nagano 银行,Ltd.",,Prime Market (Domestic),Banks,
8360,8360.T,"The Yamanashi Chuo Bank,Ltd.","The Yamanashi Chuo 银行,Ltd.",,Prime Market (Domestic),Banks,
8361,8361.T,"The Ogaki Kyoritsu Bank,Ltd.","The Ogaki Kyoritsu 银行,Ltd.",,Prime Market (Domestic),Banks,
8362,8362.T,"The Fukui Bank,Ltd.","The Fukui 银行,Ltd.",,Prime Market (Domestic),Banks,
8364,8364.T,"THE SHIMIZU BANK,LTD.","THE SHIMIZU 银行,LTD.",,Prime Market (Domestic),Banks,
8365,8365.T,"The Bank of Toyama,Ltd.","The 银行 of Toyama,Ltd.",,Standard Market(Domestic),Banks,
8366,8366.T,"THE SHIGA BANK,LTD.","THE SHIGA 银行,LTD.",,Prime Market (Domestic),Banks,
8367,8367.T,"The Nanto Bank,Ltd.","The Nanto 银行,Ltd.",,Prime Market (Domestic),Banks,
8368,8368.T,"The Hyakugo Bank,Ltd.","The Hyakugo 银行,Ltd.",,Prime Market (Domestic),Banks,
8370,8370.T,"The Kiyo Bank,Ltd.","The Kiyo 银行,Ltd.",,Prime Market (Domestic),Banks,
8377,8377.T,"Hokuhoku Financial Group, Inc.","Hokuhoku 金融 集团, Inc.",,Prime Market (Domestic),Banks,
8381,8381.T,"The San-in Godo Bank,Ltd.","The San-in Godo 银行,Ltd.",,Prime Market (Domestic),Banks,
8383,8383.T,"THE TOTTORI BANK,LTD.","THE TOTTORI 银行,LTD.",,Standard Market(Domestic),Banks,
8386,8386.T,"The Hyakujushi Bank,Ltd.","The Hyakujushi 银行,Ltd.",,Prime Market (Domestic),Banks,
8387,8387.T,"The Shikoku Bank, Ltd.","The Shikoku 银行, Ltd.",,Prime Market (Domestic),Banks,
8388,8388.T,"The Awa Bank,Ltd.","The Awa 银行,Ltd.",,Prime Market (Domestic),Banks,
8392,8392.T,"THE OITA BANK,LTD.","THE OITA 银行,LTD.",,Prime Market (Domestic),Banks,
8393,8393.T,"The Miyazaki Bank,Ltd.","The Miyazaki 银行,Ltd.",,Prime Market (Domestic),Banks,
8395,8395.T,THE BANK OF SAGA LTD.,THE 银行 OF SAGA LTD.,,Prime Market (Domestic),Banks,
8399,8399.T,"Bank of The Ryukyus,Limited","银行 of The Ryukyus,Limited",,Prime Market (Domestic),Banks,
8410,8410.T,"Seven Bank,Ltd.","Seven 银行,Ltd.",,Prime Market (Domestic),Banks,
8411,8411.T,"Mizuho Financial Group,Inc.","Mizuho 金融 集团,Inc.",,Prime Market (Domestic),Banks,
8416,8416.T,"THE BANK OF KOCHI,LTD.","THE 银行 OF KOCHI,LTD.",,Standard Market(Domestic),Banks,
8418,8418.T,"Yamaguchi Financial Group,Inc.","Yamaguchi 金融 集团,Inc.",,Prime Market (Domestic),Banks,
8424,8424.T,"Fuyo General Lease Co.,Ltd.","Fuyo General Lease Co.,Ltd.",,Prime Market (Domestic),Other Financing Business,
8425,8425.T,"Mizuho Leasing Company,Limited","Mizuho Leasing Company,Limited",,Prime Market (Domestic),Other Financing Business,469.96
8439,8439.T,Tokyo Century Corporation,Tokyo Century 公司,,Prime Market (Domestic),Other Financing Business,
8473,8473.T,"SBI Holdings,Inc.","SBI 控股,Inc.",,Prime Market (Domestic),Securities and Commodities Futures,
8508,8508.T,"J Trust Co.,Ltd.","J Trust Co.,Ltd.",,Standard Market(Domestic),Other Financing Business,
8511,8511.T,"Japan Securities Finance Co.,Ltd.","Japan 证券 Finance Co.,Ltd.",,Prime Market (Domestic),Other Financing Business,
8518,8518.T,"Japan Asia Investment Company,Limited","Japan Asia Investment Company,Limited",,Standard Market(Domestic),Securities and Commodities Futures,
8522,8522.T,"The Bank of Nagoya,Ltd.","The 银行 of Nagoya,Ltd.",,Prime Market (Domestic),Banks,
8524,8524.T,"North Pacific Bank,Ltd.","North Pacific 银行,Ltd.",,Prime Market (Domestic),Banks,
8537,8537.T,"THE TAIKO BANK,LTD.","THE TAIKO 银行,LTD.",,Standard Market(Domestic),Banks,
8541,8541.T,"The Ehime Bank,Ltd.","The Ehime 银行,Ltd.",,Prime Market (Domestic),Banks,
8542,8542.T,"TOMATO BANK,LTD.","TOMATO 银行,LTD.",,Standard Market(Domestic),Banks,
8544,8544.T,"The Keiyo Bank,Ltd.","The Keiyo 银行,Ltd.",,Prime Market (Domestic),Banks,
8550,8550.T,"THE TOCHIGI BANK,LTD.","THE TOCHIGI 银行,LTD.",,Prime Market (Domestic),Banks,
8551,8551.T,"The Kita-Nippon Bank,Ltd.","The Kita-Nippon 银行,Ltd.",,Prime Market (Domestic),Banks,
8558,8558.T,"THE TOWA BANK,LTD.","THE TOWA 银行,LTD.",,Prime Market (Domestic),Banks,
8562,8562.T,"THE FUKUSHIMA BANK,LTD.","THE FUKUSHIMA 银行,LTD.",,Standard Market(Domestic),Banks,
8563,8563.T,"THE DAITO BANK,LTD.","THE DAITO 银行,LTD.",,Standard Market(Domestic),Banks,
8566,8566.T,"RICOH LEASING COMPANY,LTD.","RICOH LEASING COMPANY,LTD.",,Prime Market (Domestic),Other Financing Business,
8570,8570.T,"AEON Financial Service Co.,Ltd.","AEON 金融 Service Co.,Ltd.",,Prime Market (Domestic),Other Financing Business,
8572,8572.T,"ACOM CO.,LTD.","ACOM CO.,LTD.",,Standard Market(Domestic),Other Financing Business,
8584,8584.T,"JACCS CO.,LTD.","JACCS CO.,LTD.",,Prime Market (Domestic),Other Financing Business,
8585,8585.T,Orient Corporation,Orient 公司,,Prime Market (Domestic),Other Financing Business,
8591,8591.T,ORIX CORPORATION,ORIX 公司,,Prime Market (Domestic),Other Financing Business,
8593,8593.T,Mitsubishi HC Capital Inc.,Mitsubishi HC Capital Inc.,,Prime Market (Domestic),Other Financing Business,
8595,8595.T,"JAFCO Group Co.,Ltd.","JAFCO 集团 Co.,Ltd.",,Prime Market (Domestic),Securities and Commodities Futures,
8596,8596.T,"KYUSHU LEASING SERVICE CO.,LTD.","KYUSHU LEASING SERVICE CO.,LTD.",,Standard Market(Domestic),Other Financing Business,
8600,8600.T,"TOMONY Holdings,Inc.","TOMONY 控股,Inc.",,Prime Market (Domestic),Banks,
8601,8601.T,Daiwa Securities Group Inc.,Daiwa 证券 集团 Inc.,,Prime Market (Domestic),Securities and Commodities Futures,469.96
8604,8604.T,"Nomura Holdings, Inc.","Nomura 控股, Inc.",,Prime Market (Domestic),Securities and Commodities Futures,
8609,8609.T,OKASAN SECURITIES GROUP INC.,OKASAN 证券 集团 INC.,,Prime Market (Domestic),Securities and Commodities Futures,
8613,8613.T,"Marusan Securities Co.,Ltd.","Marusan 证券 Co.,Ltd.",,Prime Market (Domestic),Securities and Commodities Futures,
8614,8614.T,"TOYO SECURITIES CO.,LTD.","TOYO 证券 CO.,LTD.",,Prime Market (Domestic),Securities and Commodities Futures,
8616,8616.T,"Tokai Tokyo Financial Holdings,Inc.","Tokai Tokyo 金融 控股,Inc.",,Prime Market (Domestic),Securities and Commodities Futures,
8617,8617.T,"The Kosei Securities Co.,Ltd.","The Kosei 证券 Co.,Ltd.",,Standard Market(Domestic),Securities and Commodities Futures,
8622,8622.T,"Mito Securities Co.,Ltd.","Mito 证券 Co.,Ltd.",,Prime Market (Domestic),Securities and Commodities Futures,
8624,8624.T,"Ichiyoshi Securities Co.,Ltd.","Ichiyoshi 证券 Co.,Ltd.",,Prime Market (Domestic),Securities and Commodities Futures,
8628,8628.T,"MATSUI SECURITIES CO.,LTD.","MATSUI 证券 CO.,LTD.",,Prime Market (Domestic),Securities and Commodities Futures,
8630,8630.T,"Sompo Holdings,Inc.","Sompo 控股,Inc.",,Prime Market (Domestic),Insurance,80.53
8697,8697.T,"Japan Exchange Group,Inc.","Japan Exchange 集团,Inc.",,Prime Market (Domestic),Other Financing Business,
8698,8698.T,"Monex Group,Inc.","Monex 集团,Inc.",,Prime Market (Domestic),Securities and Commodities Futures,
8699,8699.T,"HS Holdings Co.,Ltd.","HS 控股 Co.,Ltd.",,Standard Market(Domestic),Securities and Commodities Futures,
8700,8700.T,"Maruhachi Securities Co.,Ltd.","Maruhachi 证券 Co.,Ltd.",,Standard Market(Domestic),Securities and Commodities Futures,
8704,8704.T,"TRADERS HOLDINGS CO.,LTD.","TRADERS 控股 CO.,LTD.",,Standard Market(Domestic),Securities and Commodities Futures,
8705,8705.T,"Nissan Securities Group Co.,Ltd.","Nissan 证券 集团 Co.,Ltd.",,Standard Market(Domestic),Securities and Commodities Futures,
8706,8706.T,"KYOKUTO SECURITIES CO.,LTD.","KYOKUTO 证券 CO.,LTD.",,Prime Market (Domestic),Securities and Commodities Futures,
8707,8707.T,"IwaiCosmo Holdings,Inc.","IwaiCosmo 控股,Inc.",,Prime Market (Domestic),Securities and Commodities Futures,
8708,8708.T,"AIZAWA SECURITIES GROUP CO.,LTD.","AIZAWA 证券 集团 CO.,LTD.",,Prime Market (Domestic),Securities and Commodities Futures,
8713,8713.T,FIDEA Holdings Co.Ltd.,FIDEA 控股 Co.Ltd.,,Prime Market (Domestic),Banks,
8714,8714.T,"Senshu Ikeda Holdings,Inc.","Senshu Ikeda 控股,Inc.",,Prime Market (Domestic),Banks,
8715,8715.T,"Anicom Holdings,Inc.","Anicom 控股,Inc.",,Prime Market (Domestic),Insurance,
8725,8725.T,"MS&AD Insurance Group Holdings,Inc.","MS&AD 保险 集团 控股,Inc.",,Prime Market (Domestic),Insurance,
8729,8729.T,Sony Financial Group Inc.,Sony 金融 集团 Inc.,,Prime Market (Domestic),Insurance,
8737,8737.T,Akatsuki Corp.,Akatsuki Corp.,,Standard Market(Domestic),Securities and Commodities Futures,
8739,8739.T,"SPARX Group Co.,Ltd.","SPARX 集团 Co.,Ltd.",,Prime Market (Domestic),Securities and Commodities Futures,
8742,8742.T,"KOBAYASHI YOKO CO.,LTD.","KOBAYASHI YOKO CO.,LTD.",,Standard Market(Domestic),Securities and Commodities Futures,
8746,8746.T,unbanked inc.,unbanked inc.,,Standard Market(Domestic),Securities and Commodities Futures,
8747,8747.T,"YUTAKA TRUSTY SECURITIES CO.,LTD.","YUTAKA TRUSTY 证券 CO.,LTD.",,Standard Market(Domestic),Securities and Commodities Futures,
8750,8750.T,"Daiichi Life Group,Inc.","Daiichi Life 集团,Inc.",,Prime Market (Domestic),Insurance,133.45
8766,8766.T,"Tokio Marine Holdings,Inc.","Tokio Marine 控股,Inc.",,Prime Market (Domestic),Insurance,80.53
8769,8769.T,"Advantage Risk Management Co.,Ltd.","Advantage Risk Management Co.,Ltd.",,Standard Market(Domestic),Services,
8771,8771.T,"eGuarantee,Inc.","eGuarantee,Inc.",,Prime Market (Domestic),Other Financing Business,
8772,8772.T,"ASAX CO.,LTD.","ASAX CO.,LTD.",,Standard Market(Domestic),Other Financing Business,
8783,8783.T,"abc Co.,Ltd.","abc Co.,Ltd.",,Standard Market(Domestic),Other Financing Business,
8789,8789.T,FinTech Global Incorporated,FinTech Global Incorporated,,Standard Market(Domestic),Other Financing Business,1084.18
8793,8793.T,NEC Capital Solutions Limited,NEC Capital Solutions Limited,,Prime Market (Domestic),Other Financing Business,
8795,8795.T,"T&D Holdings, Inc.","T&D 控股, Inc.",,Prime Market (Domestic),Insurance,65.45
8798,8798.T,"Advance Create Co.,Ltd.","Advance Create Co.,Ltd.",,Prime Market (Domestic),Insurance,
8801,8801.T,"Mitsui Fudosan Co.,Ltd.","Mitsui Fudosan Co.,Ltd.",,Prime Market (Domestic),Real Estate,
8802,8802.T,"Mitsubishi Estate Company,Limited","Mitsubishi Estate Company,Limited",,Prime Market (Domestic),Real Estate,
8803,8803.T,"HEIWA REAL ESTATE CO.,LTD.","HEIWA REAL ESTATE CO.,LTD.",,Prime Market (Domestic),Real Estate,
8804,8804.T,"Tokyo Tatemono Co.,Ltd.","Tokyo Tatemono Co.,Ltd.",,Prime Market (Domestic),Real Estate,
8818,8818.T,"Keihanshin Building Co.,Ltd.","Keihanshin Building Co.,Ltd.",,Prime Market (Domestic),Real Estate,
8830,8830.T,"Sumitomo Realty & Development Co.,Ltd.","Sumitomo 地产 & Development Co.,Ltd.",,Prime Market (Domestic),Real Estate,
8835,8835.T,TAIHEIYO KOUHATSU INCORPORATED,TAIHEIYO KOUHATSU INCORPORATED,,Standard Market(Domestic),Wholesale Trade,
8836,8836.T,RISE Inc.,RISE Inc.,,Standard Market(Domestic),Real Estate,
8841,8841.T,"TOC Co.,Ltd.","TOC Co.,Ltd.",,Standard Market(Domestic),Real Estate,
8844,8844.T,"COSMOS INITIA Co.,Ltd.","COSMOS INITIA Co.,Ltd.",,Standard Market(Domestic),Real Estate,
8848,8848.T,LEOPALACE21 CORPORATION,LEOPALACE21 公司,,Prime Market (Domestic),Real Estate,
8850,8850.T,STARTS CORPORATION INC.,STARTS 公司 INC.,,Prime Market (Domestic),Real Estate,
8860,8860.T,FUJI CORPORATION LIMITED,FUJI 公司 LIMITED,,Prime Market (Domestic),Real Estate,
8864,8864.T,"AIRPORT FACILITIES Co.,LTD.","AIRPORT FACILITIES Co.,LTD.",,Standard Market(Domestic),Real Estate,
8869,8869.T,Meiwa Estate Company Limited,Meiwa Estate Company Limited,,Standard Market(Domestic),Real Estate,
8871,8871.T,"GOLDCREST Co.,Ltd.","GOLDCREST Co.,Ltd.",,Standard Market(Domestic),Real Estate,
8876,8876.T,"Relo Group,Inc.","Relo 集团,Inc.",,Prime Market (Domestic),Services,
8877,8877.T,ESLEAD CORPORATION,ESLEAD 公司,,Prime Market (Domestic),Real Estate,
8881,8881.T,"NISSHIN GROUP HOLDINGS Company,Limited","NISSHIN 集团 控股 Company,Limited",,Prime Market (Domestic),Real Estate,
8887,8887.T,"SYLA Holdings Co.,Ltd.","SYLA 控股 Co.,Ltd.",,Standard Market(Domestic),Real Estate,
8891,8891.T,"AMG HOLDINGS CO.,LTD.","AMG 控股 CO.,LTD.",,Standard Market(Domestic),Real Estate,
8892,8892.T,ES-CON JAPAN Ltd.,ES-CON JAPAN Ltd.,,Prime Market (Domestic),Real Estate,
8894,8894.T,"REVOLUTION CO.,LTD.","REVOLUTION CO.,LTD.",,Standard Market(Domestic),Real Estate,
8897,8897.T,"MIRARTH HOLDINGS,Inc.","MIRARTH 控股,Inc.",,Prime Market (Domestic),Real Estate,
8898,8898.T,CENTURY21 REAL ESTATE OF JAPAN LTD.,CENTURY21 REAL ESTATE OF JAPAN LTD.,,Standard Market(Domestic),Real Estate,
8904,8904.T,"AVANTIA CO.,LTD.","AVANTIA CO.,LTD.",,Standard Market(Domestic),Real Estate,
8908,8908.T,"MAINICHI COMNET CO.,LTD.","MAINICHI COMNET CO.,LTD.",,Standard Market(Domestic),Real Estate,
8912,8912.T,Area Quest Inc.,Area Quest Inc.,,Standard Market(Domestic),Real Estate,
8914,8914.T,"Arealink Co.,Ltd.","Arealink Co.,Ltd.",,Standard Market(Domestic),Real Estate,
8917,8917.T,"First Juken Co.,Ltd.","First Juken Co.,Ltd.",,Standard Market(Domestic),Real Estate,
8918,8918.T,"LAND Co.,Ltd.","LAND Co.,Ltd.",,Standard Market(Domestic),Real Estate,
8919,8919.T,"KATITAS CO.,LTD","KATITAS CO.,LTD",,Prime Market (Domestic),Real Estate,
8920,8920.T,"TOSHO CO.,LTD.","TOSHO CO.,LTD.",,Standard Market(Domestic),Services,
8923,8923.T,TOSEI CORPORATION,TOSEI 公司,,Prime Market (Domestic),Real Estate,
8927,8927.T,"MEIHO ENTERPRISE CO.,LTD.","MEIHO ENTERPRISE CO.,LTD.",,Standard Market(Domestic),Real Estate,
8928,8928.T,ANABUKI KOSAN INC.,ANABUKI KOSAN INC.,,Standard Market(Domestic),Real Estate,
8929,8929.T,"Aoyama Zaisan Networks Company,Limited","Aoyama Zaisan Networks Company,Limited",,Standard Market(Domestic),Real Estate,
8931,8931.T,WADAKOHSAN CORPORATION,WADAKOHSAN 公司,,Standard Market(Domestic),Real Estate,
8934,8934.T,"Sun Frontier Fudousan Co.,Ltd.","Sun Frontier Fudousan Co.,Ltd.",,Prime Market (Domestic),Real Estate,
8935,8935.T,"FJ NEXT HOLDINGS CO.,LTD.","FJ NEXT 控股 CO.,LTD.",,Prime Market (Domestic),Real Estate,
8938,8938.T,"GLOME Holdings,Inc.","GLOME 控股,Inc.",,Growth Market(Domestic),Real Estate,
8944,8944.T,"LAND BUSINESS CO.,LTD.","LAND BUSINESS CO.,LTD.",,Standard Market(Domestic),Real Estate,
8945,8945.T,SUNNEXTA GROUP Inc.,SUNNEXTA 集团 Inc.,,Standard Market(Domestic),Real Estate,
8946,8946.T,ASIAN STAR CO.,ASIAN STAR CO.,,Standard Market(Domestic),Real Estate,
8995,8995.T,"Makoto Construction CO,Ltd","Makoto 建设 CO,Ltd",,Standard Market(Domestic),Real Estate,
8996,8996.T,"HouseFreedom Co.,Ltd.","HouseFreedom Co.,Ltd.",,Standard Market(Domestic),Real Estate,
8999,8999.T,Grandy House Corporation,Grandy House 公司,,Prime Market (Domestic),Real Estate,
9001,9001.T,"TOBU RAILWAY CO.,LTD.","TOBU RAILWAY CO.,LTD.",,Prime Market (Domestic),Land Transportation,
9003,9003.T,"Sotetsu Holdings,Inc.","Sotetsu 控股,Inc.",,Prime Market (Domestic),Land Transportation,
9005,9005.T,TOKYU CORPORATION,TOKYU 公司,,Prime Market (Domestic),Land Transportation,
9006,9006.T,Keikyu Corporation,Keikyu 公司,,Prime Market (Domestic),Land Transportation,
9007,9007.T,"Odakyu Electric Railway Co.,Ltd.","Odakyu 电气 Railway Co.,Ltd.",,Prime Market (Domestic),Land Transportation,
9008,9008.T,Keio Corporation,Keio 公司,,Prime Market (Domestic),Land Transportation,
9009,9009.T,"Keisei Electric Railway Co.,Ltd.","Keisei 电气 Railway Co.,Ltd.",,Prime Market (Domestic),Land Transportation,
9010,9010.T,"FUJI KYUKO CO.,LTD.","FUJI KYUKO CO.,LTD.",,Prime Market (Domestic),Land Transportation,
9012,9012.T,"Chichibu Railway Co.,Ltd.","Chichibu Railway Co.,Ltd.",,Standard Market(Domestic),Land Transportation,
9017,9017.T,"Niigata Kotsu Co.,Ltd.","Niigata Kotsu Co.,Ltd.",,Standard Market(Domestic),Land Transportation,
9020,9020.T,East Japan Railway Company,East Japan Railway Company,,Prime Market (Domestic),Land Transportation,
9021,9021.T,West Japan Railway Company,West Japan Railway Company,,Prime Market (Domestic),Land Transportation,
9022,9022.T,Central Japan Railway Company,Central Japan Railway Company,,Prime Market (Domestic),Land Transportation,
9023,9023.T,"Tokyo Metro Co.,Ltd.","Tokyo Metro Co.,Ltd.",,Prime Market (Domestic),Land Transportation,
9024,9024.T,SEIBU HOLDINGS INC.,SEIBU 控股 INC.,,Prime Market (Domestic),Land Transportation,
9025,9025.T,"Konoike Transport Co.,Ltd.","Konoike Transport Co.,Ltd.",,Prime Market (Domestic),Land Transportation,
9028,9028.T,"ZERO CO.,LTD.","ZERO CO.,LTD.",,Standard Market(Domestic),Land Transportation,
9029,9029.T,"HIGASHI HOLDINGS CO.,LTD.","HIGASHI 控股 CO.,LTD.",,Standard Market(Domestic),Land Transportation,
9031,9031.T,"Nishi-Nippon Railroad Co.,Ltd.","Nishi-Nippon Railroad Co.,Ltd.",,Prime Market (Domestic),Land Transportation,
9033,9033.T,"Hiroshima Electric Railway Co.,Ltd.","Hiroshima 电气 Railway Co.,Ltd.",,Standard Market(Domestic),Land Transportation,
9034,9034.T,"NANSO Transport Co.,Ltd.","NANSO Transport Co.,Ltd.",,Standard Market(Domestic),Land Transportation,
9036,9036.T,"TOHBU NETWORK CO.,LTD.","TOHBU NETWORK CO.,LTD.",,Standard Market(Domestic),Land Transportation,
9037,9037.T,"HAMAKYOREX CO.,LTD.","HAMAKYOREX CO.,LTD.",,Prime Market (Domestic),Land Transportation,
9039,9039.T,"Sakai Moving Service Co.,Ltd.","Sakai Moving Service Co.,Ltd.",,Prime Market (Domestic),Land Transportation,
9041,9041.T,"Kintetsu Group Holdings Co.,Ltd.","Kintetsu 集团 控股 Co.,Ltd.",,Prime Market (Domestic),Land Transportation,
9042,9042.T,"Hankyu Hanshin Holdings,Inc.","Hankyu Hanshin 控股,Inc.",,Prime Market (Domestic),Land Transportation,
9044,9044.T,"NANKAI Co.,Ltd.","NANKAI Co.,Ltd.",,Prime Market (Domestic),Land Transportation,
9045,9045.T,"Keihan Holdings Co.,Ltd.","Keihan 控股 Co.,Ltd.",,Prime Market (Domestic),Land Transportation,
9046,9046.T,"Kobe Electric Railway Co.,Ltd.","Kobe 电气 Railway Co.,Ltd.",,Standard Market(Domestic),Land Transportation,
9048,9048.T,"Nagoya Railroad Co., Ltd.","Nagoya Railroad Co., Ltd.",,Prime Market (Domestic),Land Transportation,
9049,9049.T,"Keifuku Electric Railroad Co.,Ltd.","Keifuku 电气 Railroad Co.,Ltd.",,Standard Market(Domestic),Land Transportation,
9051,9051.T,"SENKON LOGISTICS CO.,LTD","SENKON 物流 CO.,LTD",,Standard Market(Domestic),Land Transportation,
9052,9052.T,"Sanyo Electric Railway Co.,Ltd.","Sanyo 电气 Railway Co.,Ltd.",,Prime Market (Domestic),Land Transportation,
9057,9057.T,"ENSHU TRUCK CO.,LTD.","ENSHU TRUCK CO.,LTD.",,Standard Market(Domestic),Land Transportation,
9059,9059.T,"Kanda Holdings Co.,Ltd.","Kanda 控股 Co.,Ltd.",,Standard Market(Domestic),Land Transportation,
9060,9060.T,JAPAN LOGISTIC SYSTEMS CORP.,JAPAN LOGISTIC 系统 CORP.,,Standard Market(Domestic),Land Transportation,
9063,9063.T,"Okayamaken Freight Transportation CO.,LTD.","Okayamaken Freight Transportation CO.,LTD.",,Standard Market(Domestic),Land Transportation,
9064,9064.T,"YAMATO HOLDINGS CO.,LTD.","YAMATO 控股 CO.,LTD.",,Prime Market (Domestic),Land Transportation,
9065,9065.T,SANKYU INC.,SANKYU INC.,,Prime Market (Domestic),Land Transportation,
9068,9068.T,"Maruzen Showa Unyu Co.,Ltd.","Maruzen Showa Unyu Co.,Ltd.",,Prime Market (Domestic),Land Transportation,
9069,9069.T,"SENKO Group Holdings Co.,Ltd.","SENKO 集团 控股 Co.,Ltd.",,Prime Market (Domestic),Land Transportation,
9072,9072.T,"NIKKON Holdings Co.,Ltd.","NIKKON 控股 Co.,Ltd.",,Prime Market (Domestic),Land Transportation,
9073,9073.T,"Kyogoku unyu shoji Co.,Ltd.","Kyogoku unyu shoji Co.,Ltd.",,Standard Market(Domestic),Land Transportation,
9074,9074.T,"Japan Oil Transportation Co.,Ltd.","Japan Oil Transportation Co.,Ltd.",,Standard Market(Domestic),Land Transportation,
9075,9075.T,"FUKUYAMA TRANSPORTING CO.,LTD.","FUKUYAMA TRANSPORTING CO.,LTD.",,Prime Market (Domestic),Land Transportation,
9076,9076.T,"SEINO HOLDINGS CO.,LTD.","SEINO 控股 CO.,LTD.",,Prime Market (Domestic),Land Transportation,
9081,9081.T,"Kanagawa Chuo Kotsu Co.,Ltd.","Kanagawa Chuo Kotsu Co.,Ltd.",,Prime Market (Domestic),Land Transportation,
9082,9082.T,"Daiwa Motor Transportation Co.,Ltd.","Daiwa 汽车 Transportation Co.,Ltd.",,Standard Market(Domestic),Land Transportation,
9083,9083.T,"Shinki Bus Co.,Ltd.","Shinki Bus Co.,Ltd.",,Standard Market(Domestic),Land Transportation,
9087,9087.T,TAKASE CORPORATION,TAKASE 公司,,Standard Market(Domestic),Land Transportation,
9090,9090.T,AZ-COM MARUWA Holdings Inc.,AZ-COM MARUWA 控股 Inc.,,Prime Market (Domestic),Land Transportation,
9101,9101.T,Nippon Yusen Kabushiki Kaisha,Nippon Yusen Kabushiki Kaisha,,Prime Market (Domestic),Marine Transportation,
9104,9104.T,"Mitsui O.S.K.Lines,Ltd.","Mitsui O.S.K.Lines,Ltd.",,Prime Market (Domestic),Marine Transportation,
9107,9107.T,"Kawasaki Kisen Kaisha,Ltd.","Kawasaki Kisen Kaisha,Ltd.",,Prime Market (Domestic),Marine Transportation,
9110,9110.T,"NS United Kaiun Kaisha,Ltd.","NS United Kaiun Kaisha,Ltd.",,Prime Market (Domestic),Marine Transportation,
9115,9115.T,"Meiji Shipping Group Co.,Ltd.","Meiji Shipping 集团 Co.,Ltd.",,Standard Market(Domestic),Marine Transportation,
9119,9119.T,"IINO KAIUN KAISHA,LTD.","IINO KAIUN KAISHA,LTD.",,Prime Market (Domestic),Marine Transportation,
9127,9127.T,"TAMAI STEAMSHIP CO.,LTD.","TAMAI STEAMSHIP CO.,LTD.",,Standard Market(Domestic),Marine Transportation,
9130,9130.T,"KYOEI TANKER CO.,LTD.","KYOEI TANKER CO.,LTD.",,Standard Market(Domestic),Marine Transportation,
9142,9142.T,Kyushu Railway Company,Kyushu Railway Company,,Prime Market (Domestic),Land Transportation,65.45
9143,9143.T,"SG HOLDINGS CO.,LTD.","SG 控股 CO.,LTD.",,Prime Market (Domestic),Land Transportation,
9145,9145.T,"BEING HOLDINGS CO.,LTD.","BEING 控股 CO.,LTD.",,Standard Market(Domestic),Land Transportation,
9147,9147.T,"NIPPON EXPRESS HOLDINGS,INC.","NIPPON EXPRESS 控股,INC.",,Prime Market (Domestic),Land Transportation,
9158,9158.T,CUC Inc.,CUC Inc.,,Growth Market(Domestic),Services,
9159,9159.T,W TOKYO Inc.,W TOKYO Inc.,,Growth Market(Domestic),Services,
9160,9160.T,"ON THE PAGE,Inc.","ON THE PAGE,Inc.",,Standard Market(Domestic),Services,
9162,9162.T,"Bleach,Inc.","Bleach,Inc.",,Growth Market(Domestic),Services,
9163,9163.T,Nareru Group Inc.,Nareru 集团 Inc.,,Growth Market(Domestic),Services,
9165,9165.T,"Qualtec Co.,Ltd.","Qualtec Co.,Ltd.",,Growth Market(Domestic),Services,
9166,9166.T,GENDA Inc.,GENDA Inc.,,Growth Market(Domestic),Services,
9168,9168.T,"Rise Consulting Group,Inc.","Rise Consulting 集团,Inc.",,Growth Market(Domestic),Services,
9171,9171.T,"Kuribayashi Steamship Co.,Ltd.","Kuribayashi Steamship Co.,Ltd.",,Standard Market(Domestic),Marine Transportation,
9173,9173.T,"Tokai Kisen Co.,Ltd.","Tokai Kisen Co.,Ltd.",,Standard Market(Domestic),Marine Transportation,
9193,9193.T,"Tokyo Kisen Co.,Ltd.","Tokyo Kisen Co.,Ltd.",,Standard Market(Domestic),Warehousing and Harbor Transportation Service,
9201,9201.T,"Japan Airlines Co.,Ltd.","Japan Airlines Co.,Ltd.",,Prime Market (Domestic),Air Transportation,
92015,92015.T,"Series 1 Bond-Type Class Shares of Japan Airlines Co.,Ltd.","Series 1 Bond-Type Class Shares of Japan Airlines Co.,Ltd.",,Prime Market (Domestic),Air Transportation,
9202,9202.T,ANA HOLDINGS INC.,ANA 控股 INC.,,Prime Market (Domestic),Air Transportation,
92025,92025.T,Series 1 Bond-Type Class Shares of ANA HOLDINGS INC.,Series 1 Bond-Type Class Shares of ANA 控股 INC.,,Prime Market (Domestic),Air Transportation,
9204,9204.T,Skymark Airlines Inc.,Skymark Airlines Inc.,,Growth Market(Domestic),Air Transportation,
9206,9206.T,Star Flyer Inc.,Star Flyer Inc.,,Standard Market(Domestic),Air Transportation,
9211,9211.T,f-code Inc.,f-code Inc.,,Growth Market(Domestic),Services,
9212,9212.T,"Green Earth Institute Co.,Ltd.","Green Earth Institute Co.,Ltd.",,Standard Market(Domestic),Services,
9213,9213.T,SEYFERT LTD.,SEYFERT LTD.,,Standard Market(Domestic),Services,
9214,9214.T,"Recovery International Co.,Ltd.","Recovery International Co.,Ltd.",,Growth Market(Domestic),Services,
9215,9215.T,"CaSy Co.,Ltd.","CaSy Co.,Ltd.",,Growth Market(Domestic),Services,
9216,9216.T,"Bewith,Inc.","Bewith,Inc.",,Prime Market (Domestic),Services,
9218,9218.T,"Mental Health Technologies Co.,Ltd.","Mental Health 科技 Co.,Ltd.",,Growth Market(Domestic),Services,
9219,9219.T,GiXo Ltd.,GiXo Ltd.,,Growth Market(Domestic),Services,
9220,9220.T,"FB CARE SERVICE CO.,LTD.","FB CARE SERVICE CO.,LTD.",,Standard Market(Domestic),Services,
9221,9221.T,FULUHASHI EPO CORPORATION,FULUHASHI EPO 公司,,Standard Market(Domestic),Services,
9225,9225.T,Bridge Consulting Group Inc.,Bridge Consulting 集团 Inc.,,Growth Market(Domestic),Services,
9227,9227.T,"Microwave Chemical Co.,Ltd.","Microwave 化学 Co.,Ltd.",,Growth Market(Domestic),Services,
9229,9229.T,"SUNWELS Co.,Ltd.","SUNWELS Co.,Ltd.",,Prime Market (Domestic),Services,
9233,9233.T,"Asia Air Survey Co.,Ltd.","Asia Air Survey Co.,Ltd.",,Standard Market(Domestic),Air Transportation,
9235,9235.T,"Ureru Net Advertising Group Co.,Ltd.","Ureru Net Advertising 集团 Co.,Ltd.",,Growth Market(Domestic),Services,
9236,9236.T,Japan M&A Solution Incorporated,Japan M&A Solution Incorporated,,Growth Market(Domestic),Services,
9237,9237.T,"Emimen Co.,Ltd.","Emimen Co.,Ltd.",,Growth Market(Domestic),Services,
9238,9238.T,"VALUE CREATION CO.,LTD.","VALUE CREATION CO.,LTD.",,Growth Market(Domestic),Services,
9240,9240.T,Delivery Consulting Inc.,Delivery Consulting Inc.,,Growth Market(Domestic),Services,
9241,9241.T,"Future Link Network Co.,Ltd.","Future Link Network Co.,Ltd.",,Growth Market(Domestic),Services,
9242,9242.T,"Media Research Institute,Inc.","Media 研究 Institute,Inc.",,Growth Market(Domestic),Services,
9244,9244.T,DIGITALIFT Inc.,DIGITALIFT Inc.,,Growth Market(Domestic),Services,
9245,9245.T,Livero Inc.,Livero Inc.,,Growth Market(Domestic),Services,
9246,9246.T,"ProjectHoldings,Inc.","ProjectHoldings,Inc.",,Growth Market(Domestic),Services,
9247,9247.T,TRE HOLDINGS CORPORATION,TRE 控股 公司,,Prime Market (Domestic),Services,
9248,9248.T,"People, Dreams & Technologies Group Co.,Ltd.","People, Dreams & 科技 集团 Co.,Ltd.",,Standard Market(Domestic),Services,
9249,9249.T,"Japan Ecosystem Co.,Ltd.","Japan Ecosystem Co.,Ltd.",,Standard Market(Domestic),Services,
9250,9250.T,GRCS Inc.,GRCS Inc.,,Growth Market(Domestic),Services,
9251,9251.T,"AB&Company Co.,Ltd.","AB&Company Co.,Ltd.",,Growth Market(Domestic),Services,
9252,9252.T,"Last One Mile Co.,Ltd.","Last One Mile Co.,Ltd.",,Growth Market(Domestic),Services,
9253,9253.T,Slogan Inc.,Slogan Inc.,,Growth Market(Domestic),Services,
9254,9254.T,"Lovable Marketing Group,inc.","Lovable Marketing 集团,inc.",,Growth Market(Domestic),Services,
9256,9256.T,"Succeed co.,ltd.","Succeed co.,ltd.",,Growth Market(Domestic),Services,
9257,9257.T,YCP Holdings (Global) Limited,YCP 控股 (Global) Limited,,Growth Market (Foreign),Services,
9258,9258.T,"CS-C.Co.,Ltd.","CS-C.Co.,Ltd.",,Growth Market(Domestic),Services,
9259,9259.T,"TAKAYOSHI Holdings,INC.","TAKAYOSHI 控股,INC.",,Growth Market(Domestic),Services,
9262,9262.T,"SILVER LIFE CO.,LTD.","SILVER LIFE CO.,LTD.",,Standard Market(Domestic),Retail Trade,
9264,9264.T,"Puequ CO.,LTD.","Puequ CO.,LTD.",,Standard Market(Domestic),Wholesale Trade,
9265,9265.T,"YAMASHITA HEALTH CARE HOLDINGS,INC.","YAMASHITA HEALTH CARE 控股,INC.",,Standard Market(Domestic),Wholesale Trade,
9267,9267.T,"Genky DrugStores Co.,Ltd.","Genky DrugStores Co.,Ltd.",,Prime Market (Domestic),Retail Trade,
9268,9268.T,OPTIMUS GROUP COMPANY LIMITED,OPTIMUS 集团 COMPANY LIMITED,,Standard Market(Domestic),Wholesale Trade,
9270,9270.T,Valuence Holdings Inc.,Valuence 控股 Inc.,,Growth Market(Domestic),Wholesale Trade,
9271,9271.T,"Wagokoro co.,ltd.","Wagokoro co.,ltd.",,Growth Market(Domestic),Retail Trade,
9272,9272.T,"Boutiques,Inc.","Boutiques,Inc.",,Growth Market(Domestic),Services,
9273,9273.T,"KOA SHOJI HOLDINGS CO.,LTD.","KOA SHOJI 控股 CO.,LTD.",,Prime Market (Domestic),Wholesale Trade,
9274,9274.T,"KPP GROUP HOLDINGS CO.,LTD.","KPP 集团 控股 CO.,LTD.",,Prime Market (Domestic),Wholesale Trade,
9278,9278.T,BOOKOFF GROUP HOLDINGS LIMITED,BOOKOFF 集团 控股 LIMITED,,Prime Market (Domestic),Retail Trade,
9279,9279.T,GIFT HOLDINGS INC.,GIFT 控股 INC.,,Prime Market (Domestic),Retail Trade,
9301,9301.T,Mitsubishi Logistics Corporation,Mitsubishi 物流 公司,,Prime Market (Domestic),Warehousing and Harbor Transportation Service,
9302,9302.T,"MITSUI-SOKO HOLDINGS Co.,Ltd.","MITSUI-SOKO 控股 Co.,Ltd.",,Prime Market (Domestic),Warehousing and Harbor Transportation Service,
9303,9303.T,"The Sumitomo Warehouse Co.,Ltd.","The Sumitomo Warehouse Co.,Ltd.",,Prime Market (Domestic),Warehousing and Harbor Transportation Service,
9304,9304.T,Shibusawa Logistics Corporation,Shibusawa 物流 公司,,Prime Market (Domestic),Warehousing and Harbor Transportation Service,
9305,9305.T,Yamatane Corporation,Yamatane 公司,,Prime Market (Domestic),Wholesale Trade,
9306,9306.T,"Toyo Logistics Co.,Ltd.","Toyo 物流 Co.,Ltd.",,Standard Market(Domestic),Warehousing and Harbor Transportation Service,
9307,9307.T,"Sugimura Warehouse Co.,Ltd.","Sugimura Warehouse Co.,Ltd.",,Standard Market(Domestic),Warehousing and Harbor Transportation Service,
9308,9308.T,"Inui Global Logistics Co.,Ltd.","Inui Global 物流 Co.,Ltd.",,Standard Market(Domestic),Marine Transportation,
9310,9310.T,Japan Transcity Corporation,Japan Transcity 公司,,Prime Market (Domestic),Warehousing and Harbor Transportation Service,
9311,9311.T,ASAGAMI CORPORATION,ASAGAMI 公司,,Standard Market(Domestic),Warehousing and Harbor Transportation Service,
9312,9312.T,"THE KEIHIN CO.,LTD.","THE KEIHIN CO.,LTD.",,Standard Market(Domestic),Warehousing and Harbor Transportation Service,
9313,9313.T,Maruhachi Warehouse Company Limited,Maruhachi Warehouse Company Limited,,Standard Market(Domestic),Warehousing and Harbor Transportation Service,
9319,9319.T,"Chuo Warehouse Co.,Ltd.","Chuo Warehouse Co.,Ltd.",,Prime Market (Domestic),Warehousing and Harbor Transportation Service,
9322,9322.T,"KAWANISHI WAREHOUSE CO.,LTD.","KAWANISHI WAREHOUSE CO.,LTD.",,Standard Market(Domestic),Warehousing and Harbor Transportation Service,
9324,9324.T,Yasuda Logistics Corporation,Yasuda 物流 公司,,Prime Market (Domestic),Warehousing and Harbor Transportation Service,
9325,9325.T,PHYZ Holdings Inc.,PHYZ 控股 Inc.,,Standard Market(Domestic),Warehousing and Harbor Transportation Service,
9326,9326.T,"KANTSU HD CO.,LTD.","KANTSU HD CO.,LTD.",,Growth Market(Domestic),Warehousing and Harbor Transportation Service,
9327,9327.T,"e-LogiT co.,ltd.","e-LogiT co.,ltd.",,Standard Market(Domestic),Warehousing and Harbor Transportation Service,
9330,9330.T,AGEHA Inc.,AGEHA Inc.,,Growth Market(Domestic),Services,
9331,9331.T,Caster Co.Ltd.,Caster Co.Ltd.,,Growth Market(Domestic),Services,
9332,9332.T,"NISSO HOLDINGS Co.,Ltd.","NISSO 控股 Co.,Ltd.",,Prime Market (Domestic),Services,
9336,9336.T,"Daiei Kankyo Co.,Ltd.","Daiei Kankyo Co.,Ltd.",,Prime Market (Domestic),Services,
9337,9337.T,toridori Inc.,toridori Inc.,,Growth Market(Domestic),Services,
9339,9339.T,"COACH A Co.,Ltd.","COACH A Co.,Ltd.",,Standard Market(Domestic),Services,
9340,9340.T,"ASO INTERNATIONAL,INC.","ASO INTERNATIONAL,INC.",,Standard Market(Domestic),Services,
9341,9341.T,"GENOVA,Inc.","GENOVA,Inc.",,Prime Market (Domestic),Services,
9342,9342.T,Sumasapo Inc.,Sumasapo Inc.,,Growth Market(Domestic),Services,
9343,9343.T,ibis inc.,ibis inc.,,Growth Market(Domestic),Services,
9344,9344.T,Axis Consulting Corporation,Axis Consulting 公司,,Growth Market(Domestic),Services,
9345,9345.T,"Bizmates,Inc.","Bizmates,Inc.",,Growth Market(Domestic),Services,
9346,9346.T,"Cocorport,Inc.","Cocorport,Inc.",,Growth Market(Domestic),Services,
9347,9347.T,"NIPPON KANZAI Holdings Co.,Ltd.","NIPPON KANZAI 控股 Co.,Ltd.",,Prime Market (Domestic),Services,
9348,9348.T,"ispace,inc.","ispace,inc.",,Growth Market(Domestic),Services,
9351,9351.T,"TOYO WHARF & WAREHOUSE CO.,LTD.","TOYO WHARF & WAREHOUSE CO.,LTD.",,Standard Market(Domestic),Warehousing and Harbor Transportation Service,
9353,9353.T,"SAKURAJIMA FUTO KAISHA,LTD.","SAKURAJIMA FUTO KAISHA,LTD.",,Standard Market(Domestic),Warehousing and Harbor Transportation Service,
9355,9355.T,RINKO CORPORATION,RINKO 公司,,Standard Market(Domestic),Warehousing and Harbor Transportation Service,
9360,9360.T,SUZUYO SHINWART CORPORATION,SUZUYO SHINWART 公司,,Standard Market(Domestic),Information & Communication,
9361,9361.T,"FUSHIKI KAIRIKU UNSO CO.,LTD.","FUSHIKI KAIRIKU UNSO CO.,LTD.",,Standard Market(Domestic),Warehousing and Harbor Transportation Service,
9362,9362.T,"HYOKI KAIUN KAISHA,LTD.","HYOKI KAIUN KAISHA,LTD.",,Standard Market(Domestic),Warehousing and Harbor Transportation Service,
9363,9363.T,"DAIUN CO.,LTD.","DAIUN CO.,LTD.",,Standard Market(Domestic),Warehousing and Harbor Transportation Service,
9364,9364.T,"Kamigumi Co.,Ltd.","Kamigumi Co.,Ltd.",,Prime Market (Domestic),Warehousing and Harbor Transportation Service,
9365,9365.T,TRADIA CORPORATION,TRADIA 公司,,Standard Market(Domestic),Warehousing and Harbor Transportation Service,
9366,9366.T,SANRITSU CORPORATION,SANRITSU 公司,,Standard Market(Domestic),Warehousing and Harbor Transportation Service,
9367,9367.T,"DAITO KOUN CO.,LTD.","DAITO KOUN CO.,LTD.",,Standard Market(Domestic),Warehousing and Harbor Transportation Service,
9368,9368.T,"KIMURA UNITY CO.,LTD.","KIMURA UNITY CO.,LTD.",,Standard Market(Domestic),Warehousing and Harbor Transportation Service,
9369,9369.T,K.R.S.Corporation,K.R.S.公司,,Standard Market(Domestic),Warehousing and Harbor Transportation Service,
9376,9376.T,"EURASIA TRAVEL Co.,Ltd.","EURASIA TRAVEL Co.,Ltd.",,Standard Market(Domestic),Services,
9380,9380.T,"Azuma Shipping Co.,Ltd.","Azuma Shipping Co.,Ltd.",,Standard Market(Domestic),Warehousing and Harbor Transportation Service,
9381,9381.T,AIT CORPORATION,AIT 公司,,Prime Market (Domestic),Warehousing and Harbor Transportation Service,
9385,9385.T,SHOEI CORPORATION,SHOEI 公司,,Standard Market(Domestic),Chemicals,
9399,9399.T,Beat Holdings Limited,Beat 控股 Limited,,Standard Market(Foreign),Information & Communication,
9401,9401.T,"TBS HOLDINGS,INC.","TBS 控股,INC.",,Prime Market (Domestic),Information & Communication,
9404,9404.T,"Nippon Television Holdings,Inc.","Nippon Television 控股,Inc.",,Prime Market (Domestic),Information & Communication,
9405,9405.T,ASAHI BROADCASTING GROUP HOLDINGS CORPORATION,ASAHI BROADCASTING 集团 控股 公司,,Prime Market (Domestic),Information & Communication,
9408,9408.T,"BSN MEDIA HOLDINGS,INC.","BSN MEDIA 控股,INC.",,Standard Market(Domestic),Information & Communication,
9409,9409.T,TV Asahi Holdings Corporation,TV Asahi 控股 公司,,Prime Market (Domestic),Information & Communication,
9412,9412.T,SKY Perfect JSAT Corporation,SKY Perfect JSAT 公司,,Prime Market (Domestic),Information & Communication,1070.54
9413,9413.T,TV TOKYO Holdings Corporation,TV TOKYO 控股 公司,,Prime Market (Domestic),Information & Communication,
9414,9414.T,Nippon BS Broadcasting Corporation,Nippon BS Broadcasting 公司,,Standard Market(Domestic),Information & Communication,
9416,9416.T,VISION INC.,VISION INC.,,Prime Market (Domestic),Information & Communication,
9417,9417.T,"Smartvalue Co.,Ltd.","Smartvalue Co.,Ltd.",,Standard Market(Domestic),Information & Communication,
9418,9418.T,"U-NEXT HOLDINGS Co.,Ltd.","U-NEXT 控股 Co.,Ltd.",,Prime Market (Domestic),Information & Communication,
9419,9419.T,"WirelessGate,Inc.","WirelessGate,Inc.",,Standard Market(Domestic),Information & Communication,
9421,9421.T,NJ Holdings Inc.,NJ 控股 Inc.,,Standard Market(Domestic),Information & Communication,
9423,9423.T,Forval RealStraight Inc.,Forval RealStraight Inc.,,Standard Market(Domestic),Information & Communication,
9424,9424.T,Japan Communications Inc.,Japan 通信 Inc.,,Prime Market (Domestic),Information & Communication,
9425,9425.T,ReYuu Japan Inc.,ReYuu Japan Inc.,,Standard Market(Domestic),Information & Communication,
9428,9428.T,CROPS CORPORATION,CROPS 公司,,Standard Market(Domestic),Information & Communication,
9432,9432.T,"NTT,Inc.","NTT,Inc.",,Prime Market (Domestic),Information & Communication,
9433,9433.T,KDDI CORPORATION,KDDI 公司,,Prime Market (Domestic),Information & Communication,
9434,9434.T,SoftBank Corp.,SoftBank Corp.,,Prime Market (Domestic),Information & Communication,520.53
94345,94345.T,Series 1 Bond-Type Class Shares of SoftBank Corp.,Series 1 Bond-Type Class Shares of SoftBank Corp.,,Prime Market (Domestic),Information & Communication,
94346,94346.T,Series 2 Bond-Type Class Shares of SoftBank Corp,Series 2 Bond-Type Class Shares of SoftBank Corp,,Prime Market (Domestic),Information & Communication,
9435,9435.T,"HIKARI TSUSHIN,INC.","HIKARI TSUSHIN,INC.",,Prime Market (Domestic),Information & Communication,
9436,9436.T,OKINAWA CELLULAR TELEPHONE COMPANY,OKINAWA CELLULAR TELEPHONE COMPANY,,Standard Market(Domestic),Information & Communication,
9438,9438.T,MTI Ltd.,MTI Ltd.,,Prime Market (Domestic),Information & Communication,
9439,9439.T,M・H・GROUP LTD.,M・H・集团 LTD.,,Standard Market(Domestic),Services,
9441,9441.T,"Bell-Park Co.,Ltd.","Bell-Park Co.,Ltd.",,Standard Market(Domestic),Information & Communication,
9444,9444.T,"TOSHIN HOLDINGS CO.,LTD","TOSHIN 控股 CO.,LTD",,Standard Market(Domestic),Information & Communication,
9445,9445.T,"FORVAL TELECOM,INC.","FORVAL 电信,INC.",,Standard Market(Domestic),Information & Communication,
9446,9446.T,"SAKAI Holdings CO.,LTD","SAKAI 控股 CO.,LTD",,Standard Market(Domestic),Information & Communication,
9449,9449.T,"GMO internet group,Inc.","GMO internet 集团,Inc.",,Prime Market (Domestic),Information & Communication,
9450,9450.T,Fibergate Inc.,Fibergate Inc.,,Standard Market(Domestic),Information & Communication,
9466,9466.T,Aidma Marketing Communication Corporation,Aidma Marketing Communication 公司,,Standard Market(Domestic),Information & Communication,
9467,9467.T,"AlphaPolis Co.,Ltd.","AlphaPolis Co.,Ltd.",,Growth Market(Domestic),Information & Communication,
9468,9468.T,KADOKAWA CORPORATION,KADOKAWA 公司,,Prime Market (Domestic),Information & Communication,
9470,9470.T,"GAKKEN HOLDINGS CO.,LTD.","GAKKEN 控股 CO.,LTD.",,Prime Market (Domestic),Information & Communication,
9474,9474.T,"ZENRIN CO.,LTD.","ZENRIN CO.,LTD.",,Prime Market (Domestic),Information & Communication,
9475,9475.T,"Shobunsha Holdings,Inc.","Shobunsha 控股,Inc.",,Standard Market(Domestic),Information & Communication,
9476,9476.T,"CHUOKEIZAI-SHA HOLDINGS,INC.","CHUOKEIZAI-SHA 控股,INC.",,Standard Market(Domestic),Information & Communication,
9478,9478.T,"SE Holdings and Incubations Co.,Ltd.","SE 控股 and Incubations Co.,Ltd.",,Standard Market(Domestic),Information & Communication,
9501,9501.T,"Tokyo Electric Power Company Holdings,Incorporated","Tokyo 电气 Power Company 控股,Incorporated",,Prime Market (Domestic),Electric Power and Gas,
9502,9502.T,"Chubu Electric Power Company,Incorporated","Chubu 电气 Power Company,Incorporated",,Prime Market (Domestic),Electric Power and Gas,12029.28
9503,9503.T,"The Kansai Electric Power Company,Incorporated","The Kansai 电气 Power Company,Incorporated",,Prime Market (Domestic),Electric Power and Gas,11700.17
9504,9504.T,"The Chugoku Electric Power Company,Incorporated","The Chugoku 电气 Power Company,Incorporated",,Prime Market (Domestic),Electric Power and Gas,
9505,9505.T,Hokuriku Electric Power Company,Hokuriku 电气 Power Company,,Prime Market (Domestic),Electric Power and Gas,
9506,9506.T,"Tohoku Electric Power Company,Incorporated","Tohoku 电气 Power Company,Incorporated",,Prime Market (Domestic),Electric Power and Gas,
9507,9507.T,"Shikoku Electric Power Company,Incorporated","Shikoku 电气 Power Company,Incorporated",,Prime Market (Domestic),Electric Power and Gas,
9509,9509.T,"Hokkaido Electric Power Company,Incorporated","Hokkaido 电气 Power Company,Incorporated",,Prime Market (Domestic),Electric Power and Gas,
9511,9511.T,"The Okinawa Electric Power Company,Incorporated","The Okinawa 电气 Power Company,Incorporated",,Prime Market (Domestic),Electric Power and Gas,
9513,9513.T,"Electric Power Development Co.,Ltd.","电气 Power Development Co.,Ltd.",,Prime Market (Domestic),Electric Power and Gas,
9514,9514.T,EF-ON INC.,EF-ON INC.,,Standard Market(Domestic),Electric Power and Gas,
9517,9517.T,"eREX Co.,Ltd.","eREX Co.,Ltd.",,Prime Market (Domestic),Electric Power and Gas,
9519,9519.T,"RENOVA,Inc.","RENOVA,Inc.",,Prime Market (Domestic),Electric Power and Gas,
9531,9531.T,"TOKYO GAS CO.,LTD.","TOKYO GAS CO.,LTD.",,Prime Market (Domestic),Electric Power and Gas,
9532,9532.T,"OSAKA GAS CO.,LTD.","OSAKA GAS CO.,LTD.",,Prime Market (Domestic),Electric Power and Gas,
9533,9533.T,"TOHO GAS CO.,LTD.","TOHO GAS CO.,LTD.",,Prime Market (Domestic),Electric Power and Gas,
9534,9534.T,"HOKKAIDO GAS CO.,LTD.","HOKKAIDO GAS CO.,LTD.",,Prime Market (Domestic),Electric Power and Gas,
9535,9535.T,"HIROSHIMA GAS CO.,LTD.","HIROSHIMA GAS CO.,LTD.",,Prime Market (Domestic),Electric Power and Gas,
9536,9536.T,"SAIBU GAS HOLDINGS CO.,LTD.","SAIBU GAS 控股 CO.,LTD.",,Prime Market (Domestic),Electric Power and Gas,
9537,9537.T,"HOKURIKU GAS CO.,LTD.","HOKURIKU GAS CO.,LTD.",,Standard Market(Domestic),Electric Power and Gas,
9539,9539.T,"KEIYO GAS CO.,LTD.","KEIYO GAS CO.,LTD.",,Standard Market(Domestic),Electric Power and Gas,
9543,9543.T,"SHIZUOKA GAS CO.,LTD.","SHIZUOKA GAS CO.,LTD.",,Prime Market (Domestic),Electric Power and Gas,1079.8
9551,9551.T,"METAWATER Co.,Ltd.","METAWATER Co.,Ltd.",,Prime Market (Domestic),Electric Power and Gas,
9552,9552.T,"Quants Research Institute Holdings,Inc.","Quants 研究 Institute 控股,Inc.",,Prime Market (Domestic),Services,
9553,9553.T,"MicroAd,Inc.","MicroAd,Inc.",,Growth Market(Domestic),Services,
9554,9554.T,"AViC Co.,Ltd.","AViC Co.,Ltd.",,Growth Market(Domestic),Services,
9556,9556.T,INTLOOP Inc.,INTLOOP Inc.,,Growth Market(Domestic),Services,
9557,9557.T,"airCloset,Inc.","airCloset,Inc.",,Growth Market(Domestic),Services,
9558,9558.T,"Japaniace Co.,Ltd.","Japaniace Co.,Ltd.",,Growth Market(Domestic),Services,
9560,9560.T,PROGRIT Inc.,PROGRIT Inc.,,Growth Market(Domestic),Services,
9561,9561.T,GLAD CUBE Inc.,GLAD CUBE Inc.,,Growth Market(Domestic),Services,
9562,9562.T,Business Coach Inc.,Business Coach Inc.,,Growth Market(Domestic),Services,
9563,9563.T,Atlas Technologies Corporation,Atlas 科技 公司,,Growth Market(Domestic),Services,
9564,9564.T,FCE Inc.,FCE Inc.,,Standard Market(Domestic),Services,
9565,9565.T,GLOE Inc.,GLOE Inc.,,Growth Market(Domestic),Services,
9601,9601.T,"Shochiku Co.,Ltd.","Shochiku Co.,Ltd.",,Prime Market (Domestic),Information & Communication,
9602,9602.T,"TOHO CO.,LTD","TOHO CO.,LTD",,Prime Market (Domestic),Information & Communication,
9603,9603.T,"H.I.S.Co.,Ltd.","H.I.S.Co.,Ltd.",,Prime Market (Domestic),Services,
9605,9605.T,"TOEI COMPANY,LTD.","TOEI COMPANY,LTD.",,Prime Market (Domestic),Information & Communication,
9610,9610.T,WILSON LEARNING WORLDWIDE INC.,WILSON LEARNING WORLDWIDE INC.,,Standard Market(Domestic),Services,
9612,9612.T,"LUCKLAND CO.,LTD.","LUCKLAND CO.,LTD.",,Prime Market (Domestic),Services,
9616,9616.T,"KYORITSU MAINTENANCE CO.,LTD.","KYORITSU MAINTENANCE CO.,LTD.",,Prime Market (Domestic),Services,
9619,9619.T,"ICHINEN HOLDINGS CO.,LTD.","ICHINEN 控股 CO.,LTD.",,Prime Market (Domestic),Services,
9621,9621.T,"CTI Engineering Co.,Ltd.","CTI 工程 Co.,Ltd.",,Prime Market (Domestic),Services,
9622,9622.T,"SPACE CO.,LTD.","SPACE CO.,LTD.",,Prime Market (Domestic),Services,
9625,9625.T,"CERESPO CO.,LTD.","CERESPO CO.,LTD.",,Standard Market(Domestic),Services,
9627,9627.T,AIN HOLDINGS INC.,AIN 控股 INC.,,Prime Market (Domestic),Retail Trade,
9628,9628.T,"SAN HOLDINGS,INC.","SAN 控股,INC.",,Prime Market (Domestic),Services,
9629,9629.T,PCA CORPORATION,PCA 公司,,Prime Market (Domestic),Information & Communication,
9632,9632.T,"Subaru Enterprise Co.,Ltd.","Subaru Enterprise Co.,Ltd.",,Standard Market(Domestic),Services,
9633,9633.T,"TOKYO THEATRES COMPANY,INCORPORATED","TOKYO THEATRES COMPANY,INCORPORATED",,Standard Market(Domestic),Real Estate,
9635,9635.T,"Musashino Kogyo Co.,Ltd.","Musashino Kogyo Co.,Ltd.",,Standard Market(Domestic),Services,
9636,9636.T,Kin-Ei Corp.,Kin-Ei Corp.,,Standard Market(Domestic),Services,
9639,9639.T,"SANKYO FRONTIER CO.,LTD.","SANKYO FRONTIER CO.,LTD.",,Standard Market(Domestic),Services,
9640,9640.T,"Saison Technology Co.,Ltd.","Saison 科技 Co.,Ltd.",,Standard Market(Domestic),Information & Communication,
9644,9644.T,"TANABE CONSULTING GROUP CO.,LTD.","TANABE CONSULTING 集团 CO.,LTD.",,Prime Market (Domestic),Services,
9647,9647.T,"KYOWA ENGINEERING CONSULTANTS CO.,LTD.","KYOWA 工程 CONSULTANTS CO.,LTD.",,Standard Market(Domestic),Services,
9651,9651.T,"Japan Process Development Co.,Ltd.","Japan Process Development Co.,Ltd.",,Standard Market(Domestic),Information & Communication,
9656,9656.T,GREENLAND RESORT COMPANY LIMITED,GREENLAND RESORT COMPANY LIMITED,,Standard Market(Domestic),Services,
9658,9658.T,BUSINESS BRAIN SHOWA・OTA INC.,BUSINESS BRAIN SHOWA・OTA INC.,,Prime Market (Domestic),Information & Communication,
9661,9661.T,"Kabuki-Za Co.,Ltd.","Kabuki-Za Co.,Ltd.",,Standard Market(Domestic),Services,
9663,9663.T,"NAGAWA CO.,Ltd","NAGAWA CO.,Ltd",,Prime Market (Domestic),Services,
9672,9672.T,"TOKYOTOKEIBA CO.,LTD.","TOKYOTOKEIBA CO.,LTD.",,Prime Market (Domestic),Services,
9678,9678.T,"KANAMOTO CO.,LTD.","KANAMOTO CO.,LTD.",,Prime Market (Domestic),Services,
9679,9679.T,"HORAI Co.,Ltd.","HORAI Co.,Ltd.",,Standard Market(Domestic),Services,
9682,9682.T,DTS CORPORATION,DTS 公司,,Prime Market (Domestic),Information & Communication,
9684,9684.T,"SQUARE ENIX HOLDINGS CO.,LTD.","SQUARE ENIX 控股 CO.,LTD.",,Prime Market (Domestic),Information & Communication,
9685,9685.T,"KYCOM HOLDINGS CO.,LTD.","KYCOM 控股 CO.,LTD.",,Standard Market(Domestic),Information & Communication,
9686,9686.T,"TOYO TEC CO.,LTD.","TOYO TEC CO.,LTD.",,Standard Market(Domestic),Services,
9687,9687.T,"KSK CO.,LTD","KSK CO.,LTD",,Standard Market(Domestic),Information & Communication,
9691,9691.T,"RYOMO SYSTEMS CO.,LTD.","RYOMO 系统 CO.,LTD.",,Standard Market(Domestic),Information & Communication,
9692,9692.T,COMPUTER ENGINEERING & CONSULTING LTD.,COMPUTER 工程 & CONSULTING LTD.,,Prime Market (Domestic),Information & Communication,
9697,9697.T,"CAPCOM CO.,LTD.","CAPCOM CO.,LTD.",,Prime Market (Domestic),Information & Communication,
9698,9698.T,"CREO CO.,LTD.","CREO CO.,LTD.",,Standard Market(Domestic),Information & Communication,
9699,9699.T,"NISHIO HOLDINGS CO.,LTD.","NISHIO 控股 CO.,LTD.",,Prime Market (Domestic),Services,
9701,9701.T,"Tokyo Kaikan Co.,Ltd.","Tokyo Kaikan Co.,Ltd.",,Standard Market(Domestic),Services,
9702,9702.T,ISB CORPORATION,ISB 公司,,Prime Market (Domestic),Information & Communication,
9704,9704.T,"Agora Hospitality Group Co.,Ltd.","Agora Hospitality 集团 Co.,Ltd.",,Standard Market(Domestic),Services,
9706,9706.T,"Japan Airport Terminal Co.,ltd.","Japan Airport Terminal Co.,ltd.",,Prime Market (Domestic),Real Estate,
9708,9708.T,"Imperial Hotel,Ltd.","Imperial Hotel,Ltd.",,Standard Market(Domestic),Services,
9709,9709.T,"NCS&A CO.,LTD.","NCS&A CO.,LTD.",,Standard Market(Domestic),Information & Communication,
9713,9713.T,"THE ROYAL HOTEL,LIMITED","THE ROYAL HOTEL,LIMITED",,Standard Market(Domestic),Services,
9715,9715.T,transcosmos inc.,transcosmos inc.,,Prime Market (Domestic),Services,
9716,9716.T,"NOMURA Co.,Ltd.","NOMURA Co.,Ltd.",,Prime Market (Domestic),Services,
9720,9720.T,"HOTEL NEWGRAND CO.,LTD.","HOTEL NEWGRAND CO.,LTD.",,Standard Market(Domestic),Services,
9722,9722.T,FUJITA KANKO INC.,FUJITA KANKO INC.,,Prime Market (Domestic),Services,
9723,9723.T,"THE KYOTO HOTEL,LTD.","THE KYOTO HOTEL,LTD.",,Standard Market(Domestic),Services,
9726,9726.T,"KNT-CT Holdings Co.,Ltd.","KNT-CT 控股 Co.,Ltd.",,Standard Market(Domestic),Services,
9729,9729.T,TOKAI Corp.,TOKAI Corp.,,Prime Market (Domestic),Services,
9731,9731.T,"Hakuyosha Company,Ltd.","Hakuyosha Company,Ltd.",,Standard Market(Domestic),Services,
9733,9733.T,Nagase Brothers Inc.,Nagase Brothers Inc.,,Standard Market(Domestic),Services,
9735,9735.T,"SECOM CO.,LTD.","SECOM CO.,LTD.",,Prime Market (Domestic),Services,
9739,9739.T,NSW Inc.,NSW Inc.,,Prime Market (Domestic),Information & Communication,
9740,9740.T,"CENTRAL SECURITY PATROLS CO.,LTD.","CENTRAL SECURITY PATROLS CO.,LTD.",,Prime Market (Domestic),Services,
9742,9742.T,INES Corporation,INES 公司,,Prime Market (Domestic),Information & Communication,
9743,9743.T,"TANSEISHA CO.,LTD.","TANSEISHA CO.,LTD.",,Prime Market (Domestic),Services,
9744,9744.T,MEITEC Group Holdings Inc.,MEITEC 集团 控股 Inc.,,Prime Market (Domestic),Services,
9746,9746.T,TKC Corporation,TKC 公司,,Prime Market (Domestic),Information & Communication,
9753,9753.T,IX Knowledge Incorporated,IX Knowledge Incorporated,,Standard Market(Domestic),Information & Communication,
9755,9755.T,OYO Corporation,OYO 公司,,Prime Market (Domestic),Services,
9757,9757.T,Funai Soken Holdings Incorporated,Funai Soken 控股 Incorporated,,Prime Market (Domestic),Services,
9759,9759.T,"NSD CO.,LTD.","NSD CO.,LTD.",,Prime Market (Domestic),Information & Communication,
9760,9760.T,"SHINGAKUKAI HOLDINGS CO.,LTD.","SHINGAKUKAI 控股 CO.,LTD.",,Standard Market(Domestic),Services,
9761,9761.T,"TOKAI LEASE CO.,LTD.","TOKAI LEASE CO.,LTD.",,Standard Market(Domestic),Services,
9763,9763.T,"Maruken Lease Co.,Ltd.","Maruken Lease Co.,Ltd.",,Standard Market(Domestic),Wholesale Trade,
9765,9765.T,"OHBA CO.,LTD.","OHBA CO.,LTD.",,Prime Market (Domestic),Services,
9766,9766.T,KONAMI GROUP CORPORATION,KONAMI 集团 公司,,Prime Market (Domestic),Information & Communication,1044.91
9767,9767.T,"NIKKEN KOGAKU CO.,LTD.","NIKKEN KOGAKU CO.,LTD.",,Standard Market(Domestic),Services,
9768,9768.T,"IDEA Consultants,Inc.","IDEA Consultants,Inc.",,Standard Market(Domestic),Services,
9769,9769.T,"GAKKYUSHA CO.,LTD.","GAKKYUSHA CO.,LTD.",,Prime Market (Domestic),Services,
9778,9778.T,"SUBARU CO.,LTD.","SUBARU CO.,LTD.",,Standard Market(Domestic),Services,
9780,9780.T,HARIMA B.STEM CORPORATION,HARIMA B.STEM 公司,,Standard Market(Domestic),Services,
9782,9782.T,DMS INC.,DMS INC.,,Standard Market(Domestic),Services,
9788,9788.T,"NAC CO.,LTD.","NAC CO.,LTD.",,Prime Market (Domestic),Services,
9790,9790.T,"Fukui Computer Holdings,Inc.","Fukui Computer 控股,Inc.",,Prime Market (Domestic),Information & Communication,
9791,9791.T,BIKEN TECHNO CORPORATION,BIKEN TECHNO 公司,,Standard Market(Domestic),Services,
9793,9793.T,"Daiseki Co.,Ltd.","Daiseki Co.,Ltd.",,Prime Market (Domestic),Services,
9795,9795.T,"STEP CO.,LTD.","STEP CO.,LTD.",,Prime Market (Domestic),Services,
9799,9799.T,"ASAHI INTELLIGENCE SERVICE CO.,LTD.","ASAHI INTELLIGENCE SERVICE CO.,LTD.",,Standard Market(Domestic),Information & Communication,
9812,9812.T,"T.O. Holdings CO.,LTD.","T.O. 控股 CO.,LTD.",,Standard Market(Domestic),Retail Trade,
9816,9816.T,Striders Corporation,Striders 公司,,Standard Market(Domestic),Real Estate,
9818,9818.T,"DAIMARU ENAWIN Co.,Ltd.","DAIMARU ENAWIN Co.,Ltd.",,Standard Market(Domestic),Wholesale Trade,
9820,9820.T,MT GENEX CORPORATION,MT GENEX 公司,,Standard Market(Domestic),Real Estate,
9823,9823.T,Mammy Mart Holdings Corporation,Mammy Mart 控股 公司,,Standard Market(Domestic),Retail Trade,
9824,9824.T,"SENSHU ELECTRIC CO.,LTD.","SENSHU 电气 CO.,LTD.",,Prime Market (Domestic),Wholesale Trade,
9827,9827.T,"Lilycolor Co.,Ltd.","Lilycolor Co.,Ltd.",,Standard Market(Domestic),Wholesale Trade,
9828,9828.T,Genki Global Dining Concepts Corporation,Genki Global Dining Concepts 公司,,Standard Market(Domestic),Retail Trade,
9830,9830.T,TRUSCO NAKAYAMA CORPORATION,TRUSCO NAKAYAMA 公司,,Prime Market (Domestic),Wholesale Trade,
9831,9831.T,"YAMADA HOLDINGS CO.,LTD.","YAMADA 控股 CO.,LTD.",,Prime Market (Domestic),Retail Trade,
9832,9832.T,"AUTOBACS SEVEN CO.,LTD.","AUTOBACS SEVEN CO.,LTD.",,Prime Market (Domestic),Wholesale Trade,
9835,9835.T,"JUNTENDO CO.,LTD.","JUNTENDO CO.,LTD.",,Standard Market(Domestic),Retail Trade,
9837,9837.T,"MORITO CO.,LTD.","MORITO CO.,LTD.",,Prime Market (Domestic),Wholesale Trade,
9842,9842.T,ARCLANDS CORPORATION,ARCLANDS 公司,,Prime Market (Domestic),Retail Trade,
9843,9843.T,"Nitori Holdings Co.,Ltd.","Nitori 控股 Co.,Ltd.",,Prime Market (Domestic),Retail Trade,
9845,9845.T,PARKER CORPORATION,PARKER 公司,,Standard Market(Domestic),Chemicals,
9846,9846.T,"TENMAYA STORE CO.,LTD.","TENMAYA STORE CO.,LTD.",,Standard Market(Domestic),Retail Trade,
9849,9849.T,KYODO PAPER HOLDINGS,KYODO PAPER 控股,,Standard Market(Domestic),Wholesale Trade,
9850,9850.T,"GOURMET KINEYA CO.,LTD.","GOURMET KINEYA CO.,LTD.",,Prime Market (Domestic),Retail Trade,
9853,9853.T,"GINZA RENOIR CO.,LTD.","GINZA RENOIR CO.,LTD.",,Standard Market(Domestic),Retail Trade,
9854,9854.T,"AIGAN CO.,LTD.","AIGAN CO.,LTD.",,Standard Market(Domestic),Retail Trade,
9856,9856.T,"KU HOLDINGS CO.,LTD.","KU 控股 CO.,LTD.",,Standard Market(Domestic),Retail Trade,
9857,9857.T,EIWA CORPORATION,EIWA 公司,,Standard Market(Domestic),Wholesale Trade,
9861,9861.T,"YOSHINOYA HOLDINGS CO.,LTD.","YOSHINOYA 控股 CO.,LTD.",,Prime Market (Domestic),Retail Trade,
9867,9867.T,Solekia Limited,Solekia Limited,,Standard Market(Domestic),Wholesale Trade,
9869,9869.T,"KATO SANGYO CO.,LTD.","KATO SANGYO CO.,LTD.",,Prime Market (Domestic),Wholesale Trade,
9872,9872.T,"KITAKEI CO.,LTD.","KITAKEI CO.,LTD.",,Standard Market(Domestic),Wholesale Trade,
9876,9876.T,"COX CO.,LTD.","COX CO.,LTD.",,Standard Market(Domestic),Retail Trade,
9878,9878.T,"SEKIDO CO.,LTD.","SEKIDO CO.,LTD.",,Standard Market(Domestic),Retail Trade,
9880,9880.T,INNOTECH CORPORATION,INNOTECH 公司,,Prime Market (Domestic),Electric Appliances,
9882,9882.T,YELLOW HAT LTD.,YELLOW HAT LTD.,,Prime Market (Domestic),Wholesale Trade,
9885,9885.T,"CHARLE CO.,LTD.","CHARLE CO.,LTD.",,Standard Market(Domestic),Wholesale Trade,
9887,9887.T,"MATSUYA FOODS HOLDINGS CO.,LTD.","MATSUYA 食品 控股 CO.,LTD.",,Prime Market (Domestic),Retail Trade,
9888,9888.T,"UEX,LTD.","UEX,LTD.",,Standard Market(Domestic),Wholesale Trade,
9889,9889.T,JBCC Holdings Inc.,JBCC 控股 Inc.,,Prime Market (Domestic),Information & Communication,
9890,9890.T,"MAKIYA CO.,LTD.","MAKIYA CO.,LTD.",,Standard Market(Domestic),Retail Trade,
9895,9895.T,CONSEC CORPORATION,CONSEC 公司,,Standard Market(Domestic),Wholesale Trade,
9896,9896.T,"JK Holdings Co.,Ltd.","JK 控股 Co.,Ltd.",,Standard Market(Domestic),Wholesale Trade,
9900,9900.T,Sagami Holdings Corporation,Sagami 控股 公司,,Prime Market (Domestic),Retail Trade,
9902,9902.T,NICHIDEN Corporation,NICHIDEN 公司,,Prime Market (Domestic),Wholesale Trade,
9903,9903.T,"KANSEKI CO.,LTD","KANSEKI CO.,LTD",,Standard Market(Domestic),Retail Trade,
9904,9904.T,"Verite Co.,Ltd.","Verite Co.,Ltd.",,Standard Market(Domestic),Retail Trade,
9906,9906.T,Fujii Sangyo Corporation,Fujii Sangyo 公司,,Standard Market(Domestic),Wholesale Trade,
9908,9908.T,"NIHON DENKEI CO.,LTD","NIHON DENKEI CO.,LTD",,Standard Market(Domestic),Wholesale Trade,
9913,9913.T,NIPPO LTD.,NIPPO LTD.,,Standard Market(Domestic),Wholesale Trade,
9928,9928.T,"MIROKU JYOHO SERVICE CO.,LTD.","MIROKU JYOHO SERVICE CO.,LTD.",,Prime Market (Domestic),Information & Communication,
9929,9929.T,"HEIWA PAPER CO.,LTD.","HEIWA PAPER CO.,LTD.",,Standard Market(Domestic),Wholesale Trade,
9930,9930.T,"KITAZAWA SANGYO CO.,LTD.","KITAZAWA SANGYO CO.,LTD.",,Standard Market(Domestic),Wholesale Trade,
9932,9932.T,"SUGIMOTO & CO.,LTD.","SUGIMOTO & CO.,LTD.",,Prime Market (Domestic),Wholesale Trade,
9934,9934.T,"INABA DENKISANGYO CO.,LTD.","INABA DENKISANGYO CO.,LTD.",,Prime Market (Domestic),Wholesale Trade,
9936,9936.T,OHSHO FOOD SERVICE CORP.,OHSHO FOOD SERVICE CORP.,,Prime Market (Domestic),Retail Trade,
9941,9941.T,"TAIYO BUSSAN KAISHA,LTD.","TAIYO BUSSAN KAISHA,LTD.",,Standard Market(Domestic),Wholesale Trade,
9946,9946.T,"MINISTOP CO.,LTD.","MINISTOP CO.,LTD.",,Prime Market (Domestic),Retail Trade,
9948,9948.T,"ARCS COMPANY,LIMITED","ARCS COMPANY,LIMITED",,Prime Market (Domestic),Retail Trade,
9950,9950.T,"HACHI-BAN CO.,LTD.","HACHI-BAN CO.,LTD.",,Standard Market(Domestic),Retail Trade,
9955,9955.T,"THE YONKYU CO.,LTD.","THE YONKYU CO.,LTD.",,Standard Market(Domestic),Wholesale Trade,
9956,9956.T,"VALOR HOLDINGS CO.,LTD.","VALOR 控股 CO.,LTD.",,Prime Market (Domestic),Retail Trade,
9959,9959.T,"ASEED HOLDINGS CO.,LTD.","ASEED 控股 CO.,LTD.",,Standard Market(Domestic),Retail Trade,
9960,9960.T,TOTECH CORPORATION,TOTECH 公司,,Prime Market (Domestic),Wholesale Trade,
9962,9962.T,MISUMI Group Inc.,MISUMI 集团 Inc.,,Prime Market (Domestic),Wholesale Trade,
9969,9969.T,"SHOKUBUN CO.,LTD.","SHOKUBUN CO.,LTD.",,Standard Market(Domestic),Retail Trade,
9972,9972.T,"ALTECH CO.,LTD.","ALTECH CO.,LTD.",,Standard Market(Domestic),Wholesale Trade,
9973,9973.T,"KOZO Holdings Co.,Ltd.","KOZO 控股 Co.,Ltd.",,Standard Market(Domestic),Retail Trade,
9974,9974.T,"Belc CO.,LTD.","Belc CO.,LTD.",,Prime Market (Domestic),Retail Trade,
9976,9976.T,"SEKICHU CO.,LTD.","SEKICHU CO.,LTD.",,Standard Market(Domestic),Retail Trade,
9978,9978.T,"BUNKYODO GROUP HOLDINGS CO.,LTD.","BUNKYODO 集团 控股 CO.,LTD.",,Standard Market(Domestic),Retail Trade,
9979,9979.T,DAISYO CORPORATION,DAISYO 公司,,Standard Market(Domestic),Retail Trade,
9980,9980.T,MRK HOLDINGS INC.,MRK 控股 INC.,,Standard Market(Domestic),Retail Trade,
9982,9982.T,"Takihyo Co.,Ltd.","Takihyo Co.,Ltd.",,Standard Market(Domestic),Wholesale Trade,
9983,9983.T,"FAST RETAILING CO.,LTD.","FAST RETAILING CO.,LTD.",,Prime Market (Domestic),Retail Trade,520.53
9984,9984.T,SoftBank Group Corp.,SoftBank 集团 Corp.,,Prime Market (Domestic),Information & Communication,948.2
9986,9986.T,"ZAOH COMPANY,LTD.","ZAOH COMPANY,LTD.",,Standard Market(Domestic),Wholesale Trade,
9987,9987.T,"SUZUKEN CO.,LTD.","SUZUKEN CO.,LTD.",,Prime Market (Domestic),Wholesale Trade,
9989,9989.T,"SUNDRUG CO.,LTD.","SUNDRUG CO.,LTD.",,Prime Market (Domestic),Retail Trade,
9990,9990.T,SAC'S BAR HOLDINGS INC.,SAC'S BAR 控股 INC.,,Prime Market (Domestic),Retail Trade,
9991,9991.T,GECOSS CORPORATION,GECOSS 公司,,Prime Market (Domestic),Wholesale Trade,
9993,9993.T,"YAMAZAWA CO.,LTD.","YAMAZAWA CO.,LTD.",,Standard Market(Domestic),Retail Trade,
9994,9994.T,YAMAYA CORPORATION,YAMAYA 公司,,Standard Market(Domestic),Retail Trade,
9996,9996.T,"Satoh&Co.,Ltd.","Satoh&Co.,Ltd.",,Standard Market(Domestic),Wholesale Trade,
9997,9997.T,"BELLUNA CO.,LTD.","BELLUNA CO.,LTD.",,Prime Market (Domestic),Retail Trade,
3670,3670.T,"Kyoritsu Computer & Communication Co.,Ltd.","Kyoritsu Computer & Communication Co.,Ltd.",,Standard Market(Domestic),Information & Communication,
