code,yahoo,name_en,name_zh,board_lot,category,sub_category,main_business,detailed_business,market_cap_100m_hkd,name_ja
1301,1301.T,"KYOKUYO CO.,LTD.",极洋,,Prime Market (Domestic),"Fishery, Agriculture and Forestry",农林水产,农林水产（具体品类待核验）,,極洋
0130,130.T,Veritas In Silico Inc.,Veritas In Silico Inc.,,Growth Market(Domestic),Pharmaceutical,医药品,医药、生物科技与处方药,10601.62,Ｖｅｒｉｔａｓ　Ｉｎ　Ｓｉｌｉｃｏ
1332,1332.T,Nissui Corporation,日本水产,,Prime Market (Domestic),"Fishery, Agriculture and Forestry",农林水产,农林水产（具体品类待核验）,10601.62,ニッスイ
1333,1333.T,Umios Corporation,Umios 公司,,Prime Market (Domestic),"Fishery, Agriculture and Forestry",农林水产,农林水产（具体品类待核验）,12029.28,Ｕｍｉｏｓ
0135,135.T,"VRAIN Solution,Inc.","VRAIN Solution,Inc.",,Growth Market(Domestic),Information & Communication,信息通信,通信、网络设备与通信服务,10601.62,ＶＲＡＩＮ　Ｓｏｌｕｔｉｏｎ
1375,1375.T,"YUKIGUNI FACTORY CO.,LTD.","YUKIGUNI FACTORY CO.,LTD.",,Prime Market (Domestic),"Fishery, Agriculture and Forestry",农林水产,农林水产（具体品类待核验）,,ユキグニファクトリー
1376,1376.T,"KANEKO SEEDS CO.,LTD.",カネコ種苗,,Standard Market(Domestic),"Fishery, Agriculture and Forestry",农林水产,农林水产（具体品类待核验）,,カネコ種苗
1377,1377.T,SAKATA SEED CORPORATION,SAKATA SEED 公司,,Prime Market (Domestic),"Fishery, Agriculture and Forestry",农林水产,农林水产（具体品类待核验）,,サカタのタネ
1379,1379.T,HOKUTO CORPORATION,HOKUTO 公司,,Prime Market (Domestic),"Fishery, Agriculture and Forestry",农林水产,农林水产（具体品类待核验）,,ホクト
0137,137.T,"Cocolive,Inc.","Cocolive,Inc.",,Growth Market(Domestic),Information & Communication,信息通信,通信、网络设备与通信服务,10601.62,Ｃｏｃｏｌｉｖｅ
1380,1380.T,"AKIKAWA FOODS & FARMS CO.,LTD.",秋川牧園,,Standard Market(Domestic),"Fishery, Agriculture and Forestry",农林水产,农林水产（具体品类待核验）,,秋川牧園
1381,1381.T,"AXYZ CO.,Ltd.","AXYZ CO.,Ltd.",,Standard Market(Domestic),"Fishery, Agriculture and Forestry",农林水产,农林水产（具体品类待核验）,,アクシーズ
1382,1382.T,"HOB Co.,Ltd.","HOB Co.,Ltd.",,Standard Market(Domestic),"Fishery, Agriculture and Forestry",农林水产,农林水产（具体品类待核验）,,ホーブ
1383,1383.T,"Berg Earth co.,ltd.","Berg Earth co.,ltd.",,Standard Market(Domestic),"Fishery, Agriculture and Forestry",农林水产,农林水产（具体品类待核验）,,ベルグアース
1384,1384.T,"Hokuryo Co.,Ltd.","Hokuryo Co.,Ltd.",,Standard Market(Domestic),"Fishery, Agriculture and Forestry",农林水产,农林水产（具体品类待核验）,,ホクリヨウ
0138,138.T,"Hikari Food Service Co.,Ltd.",光食品服务,,Growth Market(Domestic),Retail Trade,零售业,餐饮服务,10601.62,光フードサービス
1401,1401.T,"mbs,inc.","mbs,inc.",,Growth Market(Domestic),Construction,建设业,建筑工程、建材与房地产相关工程（具体业务待核验）,,エムビーエス
1407,1407.T,West Holdings Corporation,ウエスト控股,,Standard Market(Domestic),Construction,建设业,建筑工程、建材与房地产相关工程（具体业务待核验）,,ウエストホールディングス
1414,1414.T,"SHO-BOND Holdings Co.,Ltd.",ショーボンド控股,,Prime Market (Domestic),Construction,建设业,建筑工程、建材与房地产相关工程（具体业务待核验）,,ショーボンドホールディングス
1417,1417.T,MIRAIT ONE Corporation,MIRAIT ONE 公司,,Prime Market (Domestic),Construction,建设业,建筑工程、建材与房地产相关工程（具体业务待核验）,,ミライト・ワン
1418,1418.T,"INTERLIFE HOLDINGS CO.,LTD.",インターライフ控股,,Standard Market(Domestic),Construction,建设业,建筑工程、建材与房地产相关工程（具体业务待核验）,,インターライフホールディングス
1419,1419.T,"Tama Home Co.,Ltd.","Tama Home Co.,Ltd.",,Prime Market (Domestic),Construction,建设业,建筑工程、建材与房地产相关工程（具体业务待核验）,,タマホーム
0141,141.T,"TRIAL Holdings,Inc.",トライアル控股,,Growth Market(Domestic),Retail Trade,零售业,零售与消费品渠道,10601.62,トライアルホールディングス
1420,1420.T,Sanyo Homes Corporation,Sanyo Homes 公司,,Standard Market(Domestic),Construction,建设业,建筑工程、建材与房地产相关工程（具体业务待核验）,,サンヨーホームズ
1429,1429.T,"Nippon Aqua Co.,Ltd.",日本アクア,,Prime Market (Domestic),Construction,建设业,建筑工程、建材与房地产相关工程（具体业务待核验）,10601.62,日本アクア
0142,142.T,"JINJIB Co.,Ltd.","JINJIB Co.,Ltd.",,Growth Market(Domestic),Services,服务业,专业服务、消费服务与商业服务（具体业务待核验）,10601.62,ジンジブ
1430,1430.T,First-corporation Inc.,ファースト公司,,Standard Market(Domestic),Construction,建设业,建筑工程、建材与房地产相关工程（具体业务待核验）,,ファーストコーポレーション
1431,1431.T,"Lib Work Co.,Ltd.","Lib Work Co.,Ltd.",,Growth Market(Domestic),Construction,建设业,建筑工程、建材与房地产相关工程（具体业务待核验）,,Ｌｉｂ　Ｗｏｒｋ
1433,1433.T,"BESTERRA CO.,LTD","BESTERRA CO.,LTD",,Prime Market (Domestic),Construction,建设业,建筑工程、建材与房地产相关工程（具体业务待核验）,,ベステラ
1434,1434.T,"JESCO Holdings,Inc.",ＪＥＳＣＯ控股,,Standard Market(Domestic),Construction,建设业,建筑工程、建材与房地产相关工程（具体业务待核验）,,ＪＥＳＣＯホールディングス
1435,1435.T,robot home Inc.,robot home Inc.,,Standard Market(Domestic),Real Estate,不动产业,房地产开发与物业运营,,ｒｏｂｏｔ　ｈｏｍｅ
1436,1436.T,GreenEnergy & Company Inc.,GreenEnergy & Company Inc.,,Growth Market(Domestic),Construction,建设业,建筑工程、建材与房地产相关工程（具体业务待核验）,,グリーンエナジー＆カンパニー
1438,1438.T,"Gifu landscape architect Co.,Ltd.",岐阜造園,,Standard Market(Domestic),Construction,建设业,建筑工程、建材与房地产相关工程（具体业务待核验）,,岐阜造園
0143,143.T,"Ishin Co.,Ltd.","Ishin Co.,Ltd.",,Growth Market(Domestic),Services,服务业,专业服务、消费服务与商业服务（具体业务待核验）,10601.62,イシン
1443,1443.T,"Giken Holdings Co.,Ltd.",技研控股,,Standard Market(Domestic),Construction,建设业,建筑工程、建材与房地产相关工程（具体业务待核验）,,技研ホールディングス
1444,1444.T,"Nissou Co.,Ltd.","Nissou Co.,Ltd.",,Growth Market(Domestic),Construction,建设业,建筑工程、建材与房地产相关工程（具体业务待核验）,,ニッソウ
1446,1446.T,"CANDEAL Co.,Ltd.","CANDEAL Co.,Ltd.",,Standard Market(Domestic),Construction,建设业,建筑工程、建材与房地产相关工程（具体业务待核验）,,キャンディル
1447,1447.T,"SAAF Holdings Co.,Ltd.",ＳＡＡＦ控股,,Growth Market(Domestic),Construction,建设业,建筑工程、建材与房地产相关工程（具体业务待核验）,,ＳＡＡＦホールディングス
1450,1450.T,TANAKEN Inc.,TANAKEN Inc.,,Standard Market(Domestic),Construction,建设业,建筑工程、建材与房地产相关工程（具体业务待核验）,,ＴＡＮＡＫＥＮ
0145,145.T,L is B Corp.,L is B Corp.,,Growth Market(Domestic),Information & Communication,信息通信,通信、网络设备与通信服务,10601.62,Ｌ　ｉｓ　Ｂ
0146,146.T,Columbia Works Inc.,Columbia Works Inc.,,Standard Market(Domestic),Real Estate,不动产业,房地产开发与物业运营,10601.62,コロンビア・ワークス
0147,147.T,"SORACOM,INC.","SORACOM,INC.",,Growth Market(Domestic),Information & Communication,信息通信,通信、网络设备与通信服务,10601.62,ソラコム
0148,148.T,"HATCH WORK CO.,LTD.","HATCH WORK CO.,LTD.",,Growth Market(Domestic),Information & Communication,信息通信,通信、网络设备与通信服务,10601.62,ハッチ・ワーク
1491,1491.T,"Chugai Mining Co.,Ltd.",中外鉱業,,Standard Market(Domestic),Nonferrous Metals,非铁金属,有色金属、冶炼与金属材料（具体品类待核验）,10601.62,中外鉱業
0149,149.T,"Thinca Co.,Ltd.","Thinca Co.,Ltd.",,Growth Market(Domestic),Information & Communication,信息通信,通信、网络设备与通信服务,10601.62,シンカ
0150,150.T,"JSH Co.,Ltd.","JSH Co.,Ltd.",,Growth Market(Domestic),Services,服务业,专业服务、消费服务与商业服务（具体业务待核验）,10601.62,ＪＳＨ
1514,1514.T,"Sumiseki Holdings,Inc.",住石控股,,Standard Market(Domestic),Mining,矿业,矿产资源与能源（具体矿种待核验）,,住石ホールディングス
1515,1515.T,"Nittetsu Mining Co.,Ltd.",日鉄鉱業,,Prime Market (Domestic),Mining,矿业,矿产资源与能源（具体矿种待核验）,20.72,日鉄鉱業
1518,1518.T,"MITSUI MATSUSHIMA HOLDINGS CO.,LTD.",三井松島控股,,Prime Market (Domestic),Other Products,其他制品,其他制造业（公司级产品待核验）,,三井松島ホールディングス
0151,151.T,Dive Group Inc.,ダイブ集团,,Growth Market(Domestic),Services,服务业,专业服务、消费服务与商业服务（具体业务待核验）,10601.62,ダイブグループ
0153,153.T,Caulis Inc.,Caulis Inc.,,Growth Market(Domestic),Information & Communication,信息通信,通信、网络设备与通信服务,10601.62,カウリス
0155,155.T,"Information Strategy and Technology Co.,Ltd.",情報戦略科技,,Growth Market(Domestic),Information & Communication,信息通信,通信、网络设备与通信服务,10601.62,情報戦略テクノロジー
0156,156.T,Material Group Inc.,材料集团,,Growth Market(Domestic),Services,服务业,专业服务、消费服务与商业服务（具体业务待核验）,10601.62,マテリアルグループ
0157,157.T,Green Monster Inc.,Green Monster Inc.,,Growth Market(Domestic),Services,服务业,专业服务、消费服务与商业服务（具体业务待核验）,10601.62,グリーンモンスター
1605,1605.T,INPEX CORPORATION,INPEX,,Prime Market (Domestic),Mining,矿业,矿产资源与能源（具体矿种待核验）,,ＩＮＰＥＸ
0160,160.T,"As Partners CO.,LTD.",アズ合作伙伴,,Standard Market(Domestic),Services,服务业,专业服务、消费服务与商业服务（具体业务待核验）,10601.62,アズパートナーズ
1662,1662.T,"Japan Petroleum Exploration Co.,Ltd.",石油資源開発,,Prime Market (Domestic),Mining,矿业,矿产资源与能源（具体矿种待核验）,,石油資源開発
1663,1663.T,K&O Energy Group Inc.,Ｋ＆Ｏエナジー集团,,Prime Market (Domestic),Mining,矿业,矿产资源与能源（具体矿种待核验）,,Ｋ＆Ｏエナジーグループ
0166,166.T,TASUKI Holdings Inc.,タスキ控股,,Prime Market (Domestic),Real Estate,不动产业,房地产开发与物业运营,10601.62,タスキホールディングス
0167,167.T,"Ryoyo Ryosan Holdings,Inc.",リョーサン菱洋控股,,Prime Market (Domestic),Wholesale Trade,批发业,批发贸易/综合商社,10601.62,リョーサン菱洋ホールディングス
0168,168.T,itamiarts inc.,itamiarts inc.,,Growth Market(Domestic),Other Products,其他制品,其他制造业（公司级产品待核验）,10601.62,イタミアート
1711,1711.T,"SDS HOLDINGS Co.,Ltd.",ＳＤＳ控股,,Standard Market(Domestic),Construction,建设业,建筑工程、建材与房地产相关工程（具体业务待核验）,,ＳＤＳホールディングス
1716,1716.T,DAI-ICHI CUTTER KOGYO K.K.,第一カッター興業,,Standard Market(Domestic),Construction,建设业,建筑工程、建材与房地产相关工程（具体业务待核验）,,第一カッター興業
1717,1717.T,Meiho Facility Works Ltd.,明豊ファシリティワークス,,Standard Market(Domestic),Services,服务业,专业服务、消费服务与商业服务（具体业务待核验）,,明豊ファシリティワークス
1718,1718.T,"MIKIKOGYO CO.,LTD.",美樹工業,,Standard Market(Domestic),Construction,建设业,建筑工程、建材与房地产相关工程（具体业务待核验）,,美樹工業
1719,1719.T,HAZAMA ANDO CORPORATION,安藤・間,,Prime Market (Domestic),Construction,建设业,建筑工程、建材与房地产相关工程（具体业务待核验）,,安藤・間
1720,1720.T,"TOKYU CONSTRUCTION CO., LTD.",東急建設,,Prime Market (Domestic),Construction,建设业,建筑工程、建材与房地产相关工程（具体业务待核验）,,東急建設
1721,1721.T,COMSYS Holdings Corporation,コムシス控股,,Prime Market (Domestic),Construction,建设业,建筑工程、建材与房地产相关工程（具体业务待核验）,10601.62,コムシスホールディングス
1723,1723.T,"NIHON DENGI CO.,LTD.",日本電技,,Standard Market(Domestic),Construction,建设业,建筑工程、建材与房地产相关工程（具体业务待核验）,,日本電技
1724,1724.T,SYNCLAYER INC.,SYNCLAYER INC.,,Standard Market(Domestic),Construction,建设业,建筑工程、建材与房地产相关工程（具体业务待核验）,10601.62,シンクレイヤ
1736,1736.T,OTEC CORPORATION,OTEC 公司,,Standard Market(Domestic),Construction,建设业,建筑工程、建材与房地产相关工程（具体业务待核验）,,オーテック
0173,173.T,Hammock Inc.,Hammock Inc.,,Growth Market(Domestic),Information & Communication,信息通信,通信、网络设备与通信服务,10601.62,ハンモック
1758,1758.T,"Taiyo Kisokogyo Co.,Ltd.",太洋基礎工業,,Standard Market(Domestic),Construction,建设业,建筑工程、建材与房地产相关工程（具体业务待核验）,,太洋基礎工業
0175,175.T,"Will Smart Co.,LTD.","Will Smart Co.,LTD.",,Growth Market(Domestic),Information & Communication,信息通信,通信、网络设备与通信服务,10601.62,Ｗｉｌｌ　Ｓｍａｒｔ
1762,1762.T,"TAKAMATSU CONSTRUCTION GROUP CO.,LTD.",高松コンストラクション集团,,Prime Market (Domestic),Construction,建设业,建筑工程、建材与房地产相关工程（具体业务待核验）,,高松コンストラクショングループ
1764,1764.T,KUDO CORPORATION,工藤建設,,Standard Market(Domestic),Construction,建设业,建筑工程、建材与房地产相关工程（具体业务待核验）,,工藤建設
1766,1766.T,TOKEN CORPORATION,東建公司,,Prime Market (Domestic),Construction,建设业,建筑工程、建材与房地产相关工程（具体业务待核验）,,東建コーポレーション
1768,1768.T,SONEC CORPORATION,SONEC 公司,,Standard Market(Domestic),Construction,建设业,建筑工程、建材与房地产相关工程（具体业务待核验）,,ソネック
1770,1770.T,"FUJITA ENGINEERING CO.,LTD.",藤田工程,,Standard Market(Domestic),Construction,建设业,建筑工程、建材与房地产相关工程（具体业务待核验）,,藤田エンジニアリング
1773,1773.T,YTL Corporation Berhad,ワイ・ティー・エル・公司・バーハッド,,Prime Market(Foreign),Construction,建设业,建筑工程、建材与房地产相关工程（具体业务待核验）,,ワイ・ティー・エル・コーポレーション・バーハッド
0177,177.T,"Kohjin Bio Co.,Ltd.",コージン生物,,Growth Market(Domestic),Chemicals,化学,基础化工/特种化学品（具体品类待核验）,10601.62,コージンバイオ
1780,1780.T,YAMAURA CORPORATION,YAMAURA 公司,,Prime Market (Domestic),Construction,建设业,建筑工程、建材与房地产相关工程（具体业务待核验）,,ヤマウラ
1783,1783.T,"Fantasista Co.,Ltd.","Fantasista Co.,Ltd.",,Standard Market(Domestic),Real Estate,不动产业,房地产开发与物业运营,,ｆａｎｔａｓｉｓｔａ
1786,1786.T,Oriental Shiraishi Corporation,オリエンタル白石,,Prime Market (Domestic),Construction,建设业,建筑工程、建材与房地产相关工程（具体业务待核验）,,オリエンタル白石
1787,1787.T,"Nakabohtec Corrosion Protecting Co.,Ltd.","Nakabohtec Corrosion Protecting Co.,Ltd.",,Standard Market(Domestic),Construction,建设业,建筑工程、建材与房地产相关工程（具体业务待核验）,,ナカボーテック
1788,1788.T,SANTO CORPORATION,三東工業社,,Standard Market(Domestic),Construction,建设业,建筑工程、建材与房地产相关工程（具体业务待核验）,,三東工業社
1793,1793.T,"OHMOTO GUMI CO.,LTD.",大本組,,Standard Market(Domestic),Construction,建设业,建筑工程、建材与房地产相关工程（具体业务待核验）,,大本組
1795,1795.T,MASARU CORPORATION,MASARU 公司,,Standard Market(Domestic),Construction,建设业,建筑工程、建材与房地产相关工程（具体业务待核验）,,マサル
1798,1798.T,MORIYA CORPORATION,守谷商会,,Standard Market(Domestic),Construction,建设业,建筑工程、建材与房地产相关工程（具体业务待核验）,,守谷商会
1799,1799.T,DAIICHI KENSETSU CORPORATION,第一建設工業,,Standard Market(Domestic),Construction,建设业,建筑工程、建材与房地产相关工程（具体业务待核验）,,第一建設工業
1801,1801.T,TAISEI CORPORATION,大成建设,,Prime Market (Domestic),Construction,建设业,建筑工程、建材与房地产相关工程（具体业务待核验）,,大成建設
1802,1802.T,OBAYASHI CORPORATION,大林组,,Prime Market (Domestic),Construction,建设业,建筑工程、建材与房地产相关工程（具体业务待核验）,,大林組
1803,1803.T,SHIMIZU CORPORATION,清水建设,,Prime Market (Domestic),Construction,建设业,建筑工程、建材与房地产相关工程（具体业务待核验）,10601.62,清水建設
1807,1807.T,"WATANABE SATO CO.,LTD.",佐藤渡辺,,Standard Market(Domestic),Construction,建设业,建筑工程、建材与房地产相关工程（具体业务待核验）,,佐藤渡辺
1808,1808.T,HASEKO Corporation,長谷工公司,,Prime Market (Domestic),Construction,建设业,建筑工程、建材与房地产相关工程（具体业务待核验）,,長谷工コーポレーション
1810,1810.T,"MATSUI CONSTRUCTION CO.,LTD.",松井建設,,Standard Market(Domestic),Construction,建设业,建筑工程、建材与房地产相关工程（具体业务待核验）,,松井建設
1811,1811.T,THE ZENITAKA CORPORATION,錢高組,,Standard Market(Domestic),Construction,建设业,建筑工程、建材与房地产相关工程（具体业务待核验）,,錢高組
1812,1812.T,KAJIMA CORPORATION,鹿島建設,,Prime Market (Domestic),Construction,建设业,建筑工程、建材与房地产相关工程（具体业务待核验）,,鹿島建設
1813,1813.T,Fudo Tetra Corporation,不動テトラ,,Prime Market (Domestic),Construction,建设业,建筑工程、建材与房地产相关工程（具体业务待核验）,,不動テトラ
1814,1814.T,"DAISUE CONSTRUCTION CO.,LTD.",大末建設,,Prime Market (Domestic),Construction,建设业,建筑工程、建材与房地产相关工程（具体业务待核验）,10601.62,大末建設
1815,1815.T,TEKKEN CORPORATION,鉄建建設,,Prime Market (Domestic),Construction,建设业,建筑工程、建材与房地产相关工程（具体业务待核验）,10601.62,鉄建建設
1820,1820.T,"Nishimatsu Construction Co.,Ltd.",西松建設,,Prime Market (Domestic),Construction,建设业,建筑工程、建材与房地产相关工程（具体业务待核验）,,西松建設
1822,1822.T,DAIHO CORPORATION,大豊建設,,Standard Market(Domestic),Construction,建设业,建筑工程、建材与房地产相关工程（具体业务待核验）,,大豊建設
1826,1826.T,"Sata Construction Co.,Ltd.",佐田建設,,Standard Market(Domestic),Construction,建设业,建筑工程、建材与房地产相关工程（具体业务待核验）,10601.62,佐田建設
1827,1827.T,NAKANO CORPORATION,ナカノフドー建設,,Standard Market(Domestic),Construction,建设业,建筑工程、建材与房地产相关工程（具体业务待核验）,,ナカノフドー建設
1828,1828.T,TANABE ENGINEERING CORPORATION,田辺工業,,Standard Market(Domestic),Construction,建设业,建筑工程、建材与房地产相关工程（具体业务待核验）,,田辺工業
1833,1833.T,OKUMURA CORPORATION,奥村組,,Prime Market (Domestic),Construction,建设业,建筑工程、建材与房地产相关工程（具体业务待核验）,,奥村組
1835,1835.T,"TOTETSU KOGYO CO.,LTD.",東鉄工業,,Prime Market (Domestic),Construction,建设业,建筑工程、建材与房地产相关工程（具体业务待核验）,,東鉄工業
1840,1840.T,"TSUCHIYA HOLDINGS CO.,LTD.",土屋控股,,Standard Market(Domestic),Construction,建设业,建筑工程、建材与房地产相关工程（具体业务待核验）,,土屋ホールディングス
1844,1844.T,"OHMORI CO.,LTD.",大盛工業,,Standard Market(Domestic),Construction,建设业,建筑工程、建材与房地产相关工程（具体业务待核验）,,大盛工業
1847,1847.T,"ICHIKEN Co.,Ltd.","ICHIKEN Co.,Ltd.",,Standard Market(Domestic),Construction,建设业,建筑工程、建材与房地产相关工程（具体业务待核验）,,イチケン
1848,1848.T,FUJI P.S CORPORATION,富士ピー・エス,,Standard Market(Domestic),Construction,建设业,建筑工程、建材与房地产相关工程（具体业务待核验）,,富士ピー・エス
0184,184.T,"Manabi-aid Co.,Ltd.",学びエイド,,Growth Market(Domestic),Information & Communication,信息通信,通信、网络设备与通信服务,10601.62,学びエイド
1850,1850.T,"Nankai Tatsumura Construction Co.,Ltd.",南海辰村建設,,Standard Market(Domestic),Construction,建设业,建筑工程、建材与房地产相关工程（具体业务待核验）,,南海辰村建設
1852,1852.T,ASANUMA CORPORATION,淺沼組,,Prime Market (Domestic),Construction,建设业,建筑工程、建材与房地产相关工程（具体业务待核验）,,淺沼組
1853,1853.T,"Mori-Gumi Co.,Ltd.",森組,,Standard Market(Domestic),Construction,建设业,建筑工程、建材与房地产相关工程（具体业务待核验）,,森組
1860,1860.T,TODA CORPORATION,戸田建設,,Prime Market (Domestic),Construction,建设业,建筑工程、建材与房地产相关工程（具体业务待核验）,,戸田建設
1861,1861.T,"Kumagai Gumi Co.,Ltd.",熊谷組,,Prime Market (Domestic),Construction,建设业,建筑工程、建材与房地产相关工程（具体业务待核验）,,熊谷組
1866,1866.T,KITANO CONSTRUCTION CORP.,北野建設,,Standard Market(Domestic),Construction,建设业,建筑工程、建材与房地产相关工程（具体业务待核验）,,北野建設
1867,1867.T,UEKI CORPORATION,植木組,,Standard Market(Domestic),Construction,建设业,建筑工程、建材与房地产相关工程（具体业务待核验）,,植木組
0186,186.T,Astroscale Holdings Inc.,アストロスケール控股,,Growth Market(Domestic),Services,服务业,专业服务、消费服务与商业服务（具体业务待核验）,10601.62,アストロスケールホールディングス
1870,1870.T,"YAHAGI CONSTRUCTION CO.,LTD.",矢作建設工業,,Prime Market (Domestic),Construction,建设业,建筑工程、建材与房地产相关工程（具体业务待核验）,,矢作建設工業
1871,1871.T,"PS Construction Co.,Ltd.","PS 建设 Co.,Ltd.",,Prime Market (Domestic),Construction,建设业,建筑工程、建材与房地产相关工程（具体业务待核验）,,ピーエス・コンストラクション
1873,1873.T,"NIHON HOUSE HOLDINGS CO.,LTD.",日本ハウス控股,,Prime Market (Domestic),Construction,建设业,建筑工程、建材与房地产相关工程（具体业务待核验）,,日本ハウスホールディングス
1878,1878.T,"DAITO TRUST CONSTRUCTION CO.,LTD.",大東建託,,Prime Market (Domestic),Real Estate,不动产业,房地产开发与物业运营,10601.62,大東建託
1879,1879.T,SHINNIHON CORPORATION,新日本建設,,Prime Market (Domestic),Construction,建设业,建筑工程、建材与房地产相关工程（具体业务待核验）,,新日本建設
1882,1882.T,TOA ROAD CORPORATION,東亜道路工業,,Prime Market (Domestic),Construction,建设业,建筑工程、建材与房地产相关工程（具体业务待核验）,,東亜道路工業
1885,1885.T,TOA CORPORATION,東亜建設工業,,Prime Market (Domestic),Construction,建设业,建筑工程、建材与房地产相关工程（具体业务待核验）,,東亜建設工業
1887,1887.T,JDC CORPORATION,日本国土開発,,Prime Market (Domestic),Construction,建设业,建筑工程、建材与房地产相关工程（具体业务待核验）,,日本国土開発
1888,1888.T,"WAKACHIKU CONSTRUCTION CO.,LTD.",若築建設,,Prime Market (Domestic),Construction,建设业,建筑工程、建材与房地产相关工程（具体业务待核验）,,若築建設
1893,1893.T,"PENTA-OCEAN CONSTRUCTION CO.,LTD.",五洋建設,,Prime Market (Domestic),Construction,建设业,建筑工程、建材与房地产相关工程（具体业务待核验）,10601.62,五洋建設
1897,1897.T,"The Kaneshita Construction Co.,Ltd.",金下建設,,Standard Market(Domestic),Construction,建设业,建筑工程、建材与房地产相关工程（具体业务待核验）,10601.62,金下建設
1898,1898.T,"SEIKITOKYU KOGYO CO.,LTD.",世紀東急工業,,Prime Market (Domestic),Construction,建设业,建筑工程、建材与房地产相关工程（具体业务待核验）,10601.62,世紀東急工業
1899,1899.T,FUKUDA CORPORATION,福田組,,Prime Market (Domestic),Construction,建设业,建筑工程、建材与房地产相关工程（具体业务待核验）,,福田組
0189,189.T,"D&M COMPANY CO.,LTD","D&M COMPANY CO.,LTD",,Growth Market(Domestic),Services,服务业,专业服务、消费服务与商业服务（具体业务待核验）,10601.62,Ｄ＆Ｍカンパニー
1904,1904.T,"TAISEI ONCHO CO.,LTD.",大成温調,,Standard Market(Domestic),Construction,建设业,建筑工程、建材与房地产相关工程（具体业务待核验）,,大成温調
1905,1905.T,TENOX CORPORATION,TENOX 公司,,Standard Market(Domestic),Construction,建设业,建筑工程、建材与房地产相关工程（具体业务待核验）,,テノックス
0190,190.T,Chordia Therapeutics Inc.,Chordia Therapeutics Inc.,,Growth Market(Domestic),Pharmaceutical,医药品,医药、生物科技与处方药,10601.62,Ｃｈｏｒｄｉａ　Ｔｈｅｒａｐｅｕｔｉｃｓ
1911,1911.T,"Sumitomo Forestry Co.,Ltd.",住友林業,,Prime Market (Domestic),Construction,建设业,建筑工程、建材与房地产相关工程（具体业务待核验）,10601.62,住友林業
1914,1914.T,"JAPAN FOUNDATION ENGINEERING CO.,LTD.",日本基礎技術,,Standard Market(Domestic),Construction,建设业,建筑工程、建材与房地产相关工程（具体业务待核验）,,日本基礎技術
1921,1921.T,TOMOE CORPORATION,巴公司,,Standard Market(Domestic),Construction,建设业,建筑工程、建材与房地产相关工程（具体业务待核验）,,巴コーポレーション
1925,1925.T,"DAIWA HOUSE INDUSTRY CO.,LTD.",大和房屋工业,,Prime Market (Domestic),Construction,建设业,建筑工程、建材与房地产相关工程（具体业务待核验）,,大和ハウス工業
1926,1926.T,"RAITO KOGYO CO.,LTD.",ライト工業,,Prime Market (Domestic),Construction,建设业,建筑工程、建材与房地产相关工程（具体业务待核验）,,ライト工業
1928,1928.T,"Sekisui House,Ltd.",积水房屋,,Prime Market (Domestic),Construction,建设业,建筑工程、建材与房地产相关工程（具体业务待核验）,,積水ハウス
1929,1929.T,"NITTOC CONSTRUCTION CO.,LTD.",日特建設,,Prime Market (Domestic),Construction,建设业,建筑工程、建材与房地产相关工程（具体业务待核验）,,日特建設
0192,192.T,Integroup Inc.,インテ集团,,Growth Market(Domestic),Services,服务业,专业服务、消费服务与商业服务（具体业务待核验）,10601.62,インテグループ
1930,1930.T,"HOKURIKU ELECTRICAL CONSTRUCTION CO.,LTD.",北陸電気工事,,Prime Market (Domestic),Construction,建设业,电子设备/电气设备（具体产品待核验）,10601.62,北陸電気工事
1934,1934.T,YURTEC CORPORATION,YURTEC 公司,,Prime Market (Domestic),Construction,建设业,建筑工程、建材与房地产相关工程（具体业务待核验）,,ユアテック
1938,1938.T,"NIPPON RIETEC CO.,LTD.",日本リーテック,,Prime Market (Domestic),Construction,建设业,建筑工程、建材与房地产相关工程（具体业务待核验）,,日本リーテック
1939,1939.T,YONDENKO CORPORATION,四電工,,Prime Market (Domestic),Construction,建设业,建筑工程、建材与房地产相关工程（具体业务待核验）,,四電工
1941,1941.T,CHUDENKO CORPORATION,中電工,,Prime Market (Domestic),Construction,建设业,建筑工程、建材与房地产相关工程（具体业务待核验）,,中電工
1942,1942.T,"KANDENKO CO.,LTD.",関電工,,Prime Market (Domestic),Construction,建设业,建筑工程、建材与房地产相关工程（具体业务待核验）,,関電工
1944,1944.T,KINDEN CORPORATION,KINDEN 公司,,Prime Market (Domestic),Construction,建设业,建筑工程、建材与房地产相关工程（具体业务待核验）,,きんでん
1945,1945.T,TOKYO ENERGY & SYSTEMS INC.,東京エネシス,,Prime Market (Domestic),Construction,建设业,建筑工程、建材与房地产相关工程（具体业务待核验）,,東京エネシス
1946,1946.T,TOENEC CORPORATION,TOENEC 公司,,Prime Market (Domestic),Construction,建设业,建筑工程、建材与房地产相关工程（具体业务待核验）,,トーエネック
0194,194.T,"WOLVES HAND Co.,Ltd.","WOLVES HAND Co.,Ltd.",,Growth Market(Domestic),Services,服务业,专业服务、消费服务与商业服务（具体业务待核验）,10601.62,ＷＯＬＶＥＳ　ＨＡＮＤ
1950,1950.T,"NIPPON DENSETSU KOGYO CO.,LTD.",日本電設工業,,Prime Market (Domestic),Construction,建设业,建筑工程、建材与房地产相关工程（具体业务待核验）,10601.62,日本電設工業
1951,1951.T,"EXEO Group,Inc.",エクシオ集团,,Prime Market (Domestic),Construction,建设业,建筑工程、建材与房地产相关工程（具体业务待核验）,10601.62,エクシオグループ
1952,1952.T,"Shin Nippon Air Technologies Co.,Ltd.",新日本空調,,Prime Market (Domestic),Construction,建设业,建筑工程、建材与房地产相关工程（具体业务待核验）,,新日本空調
1959,1959.T,KRAFTIA CORPORATION,KRAFTIA 公司,,Prime Market (Domestic),Construction,建设业,建筑工程、建材与房地产相关工程（具体业务待核验）,,クラフティア
0195,195.T,MUSCAT GROUP Inc.,MUSCAT 集团 Inc.,,Growth Market(Domestic),Services,服务业,专业服务、消费服务与商业服务（具体业务待核验）,10601.62,ＭＵＳＣＡＴ　ＧＲＯＵＰ
1960,1960.T,Sanyo Engineering & Construction Inc.,Sanyo 工程 & 建设 Inc.,,Standard Market(Domestic),Construction,建设业,建筑工程、建材与房地产相关工程（具体业务待核验）,,サンテック
1961,1961.T,"SANKI ENGINEERING CO.,LTD.",三機工業,,Prime Market (Domestic),Construction,建设业,建筑工程、建材与房地产相关工程（具体业务待核验）,,三機工業
1963,1963.T,JGC HOLDINGS CORPORATION,日揮控股,,Prime Market (Domestic),Construction,建设业,建筑工程、建材与房地产相关工程（具体业务待核验）,,日揮ホールディングス
1964,1964.T,"Chugai Ro Co.,Ltd.",中外炉工業,,Prime Market (Domestic),Construction,建设业,建筑工程、建材与房地产相关工程（具体业务待核验）,,中外炉工業
1965,1965.T,TECHNO RYOWA LTD.,テクノ菱和,,Standard Market(Domestic),Construction,建设业,建筑工程、建材与房地产相关工程（具体业务待核验）,,テクノ菱和
1966,1966.T,TAKADA CORPORATION,高田工業所,,Standard Market(Domestic),Construction,建设业,建筑工程、建材与房地产相关工程（具体业务待核验）,,高田工業所
1967,1967.T,YAMATO CORPORATION,YAMATO 公司,,Standard Market(Domestic),Construction,建设业,建筑工程、建材与房地产相关工程（具体业务待核验）,,ヤマト
1968,1968.T,"TAIHEI DENGYO KAISHA,LTD.",太平電業,,Prime Market (Domestic),Construction,建设业,建筑工程、建材与房地产相关工程（具体业务待核验）,,太平電業
1969,1969.T,"Takasago Thermal Engineering Co.,Ltd.",高砂熱学工業,,Prime Market (Domestic),Construction,建设业,建筑工程、建材与房地产相关工程（具体业务待核验）,10601.62,高砂熱学工業
0196,196.T,"MFS,Inc.","MFS,Inc.",,Growth Market(Domestic),Other Financing Business,其他金融,融资租赁、消费金融与其他金融服务,10601.62,ＭＦＳ
1972,1972.T,"SANKO METAL INDUSTRIAL CO.,LTD.",三晃金属工業,,Standard Market(Domestic),Construction,建设业,工业机械与自动化设备（具体产品待核验）,,三晃金属工業
1975,1975.T,"ASAHI KOGYOSHA CO.,LTD.",朝日工業社,,Prime Market (Domestic),Construction,建设业,建筑工程、建材与房地产相关工程（具体业务待核验）,,朝日工業社
1976,1976.T,"MEISEI INDUSTRIAL Co.,Ltd.",明星工業,,Prime Market (Domestic),Construction,建设业,工业机械与自动化设备（具体产品待核验）,,明星工業
1979,1979.T,Taikisha Ltd.,大氣社,,Prime Market (Domestic),Construction,建设业,建筑工程、建材与房地产相关工程（具体业务待核验）,,大氣社
0197,197.T,"TAUNS Laboratories,Inc.","TAUNS Laboratories,Inc.",,Standard Market(Domestic),Pharmaceutical,医药品,医药、生物科技与处方药,10601.62,タウンズ
1980,1980.T,"DAI-DAN CO.,LTD.","DAI-DAN CO.,LTD.",,Prime Market (Domestic),Construction,建设业,建筑工程、建材与房地产相关工程（具体业务待核验）,,ダイダン
1981,1981.T,"KYOWANISSEI CO.,LTD.",協和日成,,Standard Market(Domestic),Construction,建设业,建筑工程、建材与房地产相关工程（具体业务待核验）,,協和日成
1982,1982.T,"Hibiya Engineering,Ltd.",日比谷総合設備,,Prime Market (Domestic),Construction,建设业,建筑工程、建材与房地产相关工程（具体业务待核验）,,日比谷総合設備
0198,198.T,PostPrime Inc.,PostPrime Inc.,,Growth Market(Domestic),Information & Communication,信息通信,通信、网络设备与通信服务,10601.62,ＰｏｓｔＰｒｉｍｅ
1992,1992.T,"KANDA TSUSHINKI CO.,LTD.",神田通信機,,Standard Market(Domestic),Construction,建设业,建筑工程、建材与房地产相关工程（具体业务待核验）,,神田通信機
1994,1994.T,TAKAHASHI CURTAIN WALL CORPORATION,高橋カーテンウォール工業,,Standard Market(Domestic),Construction,建设业,建筑工程、建材与房地产相关工程（具体业务待核验）,,高橋カーテンウォール工業
1997,1997.T,"AKATSUKI EAZIMA CO.,LTD.",暁飯島工業,,Standard Market(Domestic),Construction,建设业,建筑工程、建材与房地产相关工程（具体业务待核验）,,暁飯島工業
2001,2001.T,NIPPN CORPORATION,NIPPN 公司,,Prime Market (Domestic),Foods,食品,食品饮料与食品加工（具体品类待核验）,,ニップン
2002,2002.T,NISSHIN SEIFUN GROUP INC.,日清製粉集团本社,,Prime Market (Domestic),Foods,食品,食品饮料与食品加工（具体品类待核验）,,日清製粉グループ本社
2003,2003.T,"NITTO FUJI FLOUR MILLING CO.,LTD.",日東富士製粉,,Standard Market(Domestic),Foods,食品,食品饮料与食品加工（具体品类待核验）,,日東富士製粉
2004,2004.T,"Showa Sangyo Co.,Ltd.",昭和工业,,Prime Market (Domestic),Foods,食品,食品饮料与食品加工（具体品类待核验）,,昭和産業
2009,2009.T,"THE TORIGOE CO.,LTD.",鳥越製粉,,Standard Market(Domestic),Foods,食品,食品饮料与食品加工（具体品类待核验）,,鳥越製粉
2053,2053.T,"CHUBU SHIRYO CO.,LTD.",中部飼料,,Prime Market (Domestic),Foods,食品,食品饮料与食品加工（具体品类待核验）,,中部飼料
2055,2055.T,"NICHIWA SANGYO CO.,LTD.",日和工业,,Standard Market(Domestic),Foods,食品,食品饮料与食品加工（具体品类待核验）,,日和産業
0205,205.T,LOGOS HOLDINGS INC.,ロゴス控股,,Growth Market(Domestic),Construction,建设业,建筑工程、建材与房地产相关工程（具体业务待核验）,10601.62,ロゴスホールディングス
2060,2060.T,"FEED ONE CO.,LTD.","FEED ONE CO.,LTD.",,Prime Market (Domestic),Foods,食品,食品饮料与食品加工（具体品类待核验）,,フィード・ワン
0206,206.T,"PRISM BioLab Co.,LTD","PRISM BioLab Co.,LTD",,Growth Market(Domestic),Pharmaceutical,医药品,医药、生物科技与处方药,10601.62,ＰＲＩＳＭ　ＢｉｏＬａｂ
0208,208.T,KOZO KEIKAKU ENGINEERING HOLDINGS Inc.,構造計画研究所控股,,Standard Market(Domestic),Information & Communication,信息通信,通信、网络设备与通信服务,10601.62,構造計画研究所ホールディングス
2108,2108.T,"Nippon Beet Sugar Manufacturing Co.,Ltd.",日本甜菜製糖,,Prime Market (Domestic),Foods,食品,食品饮料与食品加工（具体品类待核验）,,日本甜菜製糖
2109,2109.T,"Mitsui DM Sugar Co.,Ltd.",ＤＭ三井製糖,,Prime Market (Domestic),Foods,食品,食品饮料与食品加工（具体品类待核验）,,ＤＭ三井製糖
2112,2112.T,"Ensuiko Sugar Refining Co.,Ltd.",塩水港精糖,,Standard Market(Domestic),Foods,食品,食品饮料与食品加工（具体品类待核验）,,塩水港精糖
2114,2114.T,Fuji Nihon Corporation,フジ日本,,Standard Market(Domestic),Foods,食品,食品饮料与食品加工（具体品类待核验）,,フジ日本
2117,2117.T,"WELLNEO SUGAR Co.,Ltd.","WELLNEO SUGAR Co.,Ltd.",,Prime Market (Domestic),Foods,食品,食品饮料与食品加工（具体品类待核验）,,ウェルネオシュガー
0211,211.T,Cados Corporation,カドス・公司,,Standard Market(Domestic),Construction,建设业,建筑工程、建材与房地产相关工程（具体业务待核验）,10601.62,カドス・コーポレーション
2120,2120.T,"LIFULL Co.,Ltd.","LIFULL Co.,Ltd.",,Prime Market (Domestic),Services,服务业,专业服务、消费服务与商业服务（具体业务待核验）,,ＬＩＦＵＬＬ
2121,2121.T,"MIXI,Inc.","MIXI,Inc.",,Prime Market (Domestic),Information & Communication,信息通信,通信、网络设备与通信服务,,ＭＩＸＩ
2122,2122.T,"Interspace Co.,Ltd.","Interspace Co.,Ltd.",,Standard Market(Domestic),Services,服务业,专业服务、消费服务与商业服务（具体业务待核验）,,インタースペース
2124,2124.T,"JAC Recruitment Co.,Ltd.","JAC Recruitment Co.,Ltd.",,Prime Market (Domestic),Services,服务业,人力资源与招聘服务,,ジェイエイシーリクルートメント
2127,2127.T,Nihon M&A Center Holdings Inc.,日本Ｍ＆Ａ中心控股,,Prime Market (Domestic),Services,服务业,专业服务、消费服务与商业服务（具体业务待核验）,10601.62,日本Ｍ＆Ａセンターホールディングス
0212,212.T,FIT EASY Inc.,FIT EASY Inc.,,Prime Market (Domestic),Services,服务业,专业服务、消费服务与商业服务（具体业务待核验）,10601.62,フィットイージー
2130,2130.T,"Members Co.,Ltd.","Members Co.,Ltd.",,Prime Market (Domestic),Services,服务业,专业服务、消费服务与商业服务（具体业务待核验）,,メンバーズ
2134,2134.T,"Kitahama Capital Partners Co.,Ltd.",北浜资本合作伙伴,,Standard Market(Domestic),Services,服务业,专业服务、消费服务与商业服务（具体业务待核验）,,北浜キャピタルパートナーズ
2136,2136.T,HIP CORPORATION,HIP 公司,,Standard Market(Domestic),Services,服务业,专业服务、消费服务与商业服务（具体业务待核验）,,ヒップ
2138,2138.T,"CROOZ,Inc.","CROOZ,Inc.",,Standard Market(Domestic),Information & Communication,信息通信,通信、网络设备与通信服务,,クルーズ
2139,2139.T,"CHUCO CO.,LTD.",中広,,Standard Market(Domestic),Services,服务业,专业服务、消费服务与商业服务（具体业务待核验）,,中広
2146,2146.T,"UT Group Co.,Ltd.",ＵＴ集团,,Prime Market (Domestic),Services,服务业,专业服务、消费服务与商业服务（具体业务待核验）,,ＵＴグループ
2148,2148.T,ITmedia Inc.,アイティ媒体,,Prime Market (Domestic),Services,服务业,广告、营销与媒体服务,,アイティメディア
2152,2152.T,Youji Corporation,幼児活動研究会,,Standard Market(Domestic),Services,服务业,专业服务、消费服务与商业服务（具体业务待核验）,,幼児活動研究会
2153,2153.T,E・J Holdings Inc.,Ｅ・Ｊ控股,,Prime Market (Domestic),Services,服务业,专业服务、消费服务与商业服务（具体业务待核验）,,Ｅ・Ｊホールディングス
2154,2154.T,Open Up Group Inc.,オープンアップ集团,,Prime Market (Domestic),Services,服务业,专业服务、消费服务与商业服务（具体业务待核验）,,オープンアップグループ
2156,2156.T,SAYLOR ADVERTISING INC.,セーラー広告,,Standard Market(Domestic),Services,服务业,广告、营销与媒体服务,,セーラー広告
2157,2157.T,"KOSHIDAKA HOLDINGS Co.,LTD.",コシダカ控股,,Prime Market (Domestic),Services,服务业,专业服务、消费服务与商业服务（具体业务待核验）,10601.62,コシダカホールディングス
2158,2158.T,"FRONTEO,Inc.","FRONTEO,Inc.",,Growth Market(Domestic),Services,服务业,专业服务、消费服务与商业服务（具体业务待核验）,,ＦＲＯＮＴＥＯ
0215,215.T,"Timee,Inc.","Timee,Inc.",,Growth Market(Domestic),Services,服务业,专业服务、消费服务与商业服务（具体业务待核验）,10601.62,タイミー
2160,2160.T,GNI Group Ltd.,ジーエヌアイ集团,,Growth Market(Domestic),Pharmaceutical,医药品,医药、生物科技与处方药,,ジーエヌアイグループ
2163,2163.T,"ARTNER CO.,LTD.","ARTNER CO.,LTD.",,Prime Market (Domestic),Services,服务业,专业服务、消费服务与商业服务（具体业务待核验）,,アルトナー
2164,2164.T,"CHIIKISHINBUNSHA CO.,LTD.",地域新聞社,,Standard Market(Domestic),Services,服务业,专业服务、消费服务与商业服务（具体业务待核验）,,地域新聞社
2168,2168.T,Pasona Group Inc.,パソナ集团,,Prime Market (Domestic),Services,服务业,专业服务、消费服务与商业服务（具体业务待核验）,,パソナグループ
2169,2169.T,"CDS Co.,Ltd.","CDS Co.,Ltd.",,Standard Market(Domestic),Services,服务业,专业服务、消费服务与商业服务（具体业务待核验）,,ＣＤＳ
2170,2170.T,Link and Motivation Inc.,Link and Motivation Inc.,,Prime Market (Domestic),Services,服务业,专业服务、消费服务与商业服务（具体业务待核验）,,リンクアンドモチベーション
2173,2173.T,Hakuten Corporation,博展,,Growth Market(Domestic),Services,服务业,专业服务、消费服务与商业服务（具体业务待核验）,,博展
2175,2175.T,"SMS CO.,LTD.","SMS CO.,LTD.",,Prime Market (Domestic),Services,服务业,专业服务、消费服务与商业服务（具体业务待核验）,,エス・エム・エス
2179,2179.T,"SEIGAKUSHA CO.,LTD.",成学社,,Standard Market(Domestic),Services,服务业,专业服务、消费服务与商业服务（具体业务待核验）,,成学社
2181,2181.T,"PERSOL HOLDINGS CO.,LTD.",パーソル控股,,Prime Market (Domestic),Services,服务业,专业服务、消费服务与商业服务（具体业务待核验）,,パーソルホールディングス
2183,2183.T,"Linical Co.,Ltd.","Linical Co.,Ltd.",,Standard Market(Domestic),Services,服务业,专业服务、消费服务与商业服务（具体业务待核验）,,リニカル
2185,2185.T,CMC CORPORATION,CMC 公司,,Standard Market(Domestic),Services,服务业,专业服务、消费服务与商业服务（具体业务待核验）,,シイエム・シイ
2186,2186.T,Sobal Corporation,Sobal 公司,,Standard Market(Domestic),Services,服务业,专业服务、消费服务与商业服务（具体业务待核验）,,ソーバル
0218,218.T,"Liberaware Co.,Ltd.","Liberaware Co.,Ltd.",,Growth Market(Domestic),Precision Instruments,精密仪器,精密仪器与光学设备,10601.62,Ｌｉｂｅｒａｗａｒｅ
2193,2193.T,Cookpad Inc.,Cookpad Inc.,,Standard Market(Domestic),Services,服务业,专业服务、消费服务与商业服务（具体业务待核验）,,クックパッド
2195,2195.T,"AMITA HOLDINGS CO.,LTD.",アミタ控股,,Growth Market(Domestic),Services,服务业,专业服务、消费服务与商业服务（具体业务待核验）,,アミタホールディングス
2198,2198.T,IKK Holdings Inc.,アイ・ケイ・ケイ控股,,Prime Market (Domestic),Services,服务业,专业服务、消费服务与商业服务（具体业务待核验）,,アイ・ケイ・ケイホールディングス
0219,219.T,Heartseed Inc.,Heartseed Inc.,,Growth Market(Domestic),Pharmaceutical,医药品,医药、生物科技与处方药,10601.62,Ｈｅａｒｔｓｅｅｄ
2201,2201.T,"Morinaga & Co.,Ltd.",森永製菓,,Prime Market (Domestic),Foods,食品,食品饮料与食品加工（具体品类待核验）,10601.62,森永製菓
2204,2204.T,"NAKAMURAYA CO.,LTD.",中村屋,,Standard Market(Domestic),Foods,食品,食品饮料与食品加工（具体品类待核验）,,中村屋
2206,2206.T,"Ezaki Glico Co.,Ltd.",江崎グリコ,,Prime Market (Domestic),Foods,食品,食品饮料与食品加工（具体品类待核验）,,江崎グリコ
2207,2207.T,"MEITO CO.,LTD.","MEITO CO.,LTD.",,Prime Market (Domestic),Foods,食品,食品饮料与食品加工（具体品类待核验）,,ｍｅｉｔｏ
2208,2208.T,BOURBON CORPORATION,BOURBON 公司,,Standard Market(Domestic),Foods,食品,食品饮料与食品加工（具体品类待核验）,,ブルボン
2209,2209.T,"IMURAYA GROUP CO.,LTD.",井村屋集团,,Prime Market (Domestic),Foods,食品,食品饮料与食品加工（具体品类待核验）,,井村屋グループ
0220,220.T,Faber Company Inc.,Faber Company Inc.,,Standard Market(Domestic),Information & Communication,信息通信,通信、网络设备与通信服务,10601.62,Ｆａｂｅｒ　Ｃｏｍｐａｎｙ
2211,2211.T,"Fujiya Co.,Ltd.",不二家,,Prime Market (Domestic),Foods,食品,食品饮料与食品加工（具体品类待核验）,10601.62,不二家
2212,2212.T,"YAMAZAKI BAKING CO.,LTD.",山崎製パン,,Prime Market (Domestic),Foods,食品,食品饮料与食品加工（具体品类待核验）,,山崎製パン
2215,2215.T,"FIRST BAKING CO.,LTD.",第一屋製パン,,Standard Market(Domestic),Foods,食品,食品饮料与食品加工（具体品类待核验）,,第一屋製パン
2216,2216.T,Kanro Inc.,Kanro Inc.,,Standard Market(Domestic),Foods,食品,食品饮料与食品加工（具体品类待核验）,,カンロ
2217,2217.T,Morozoff Limited,Morozoff Limited,,Prime Market (Domestic),Foods,食品,食品饮料与食品加工（具体品类待核验）,,モロゾフ
2220,2220.T,"KAMEDA SEIKA CO.,LTD.",亀田製菓,,Prime Market (Domestic),Foods,食品,食品饮料与食品加工（具体品类待核验）,,亀田製菓
2221,2221.T,"IWATSUKA CONFECTIONERY CO.,LTD.",岩塚製菓,,Standard Market(Domestic),Foods,食品,食品饮料与食品加工（具体品类待核验）,,岩塚製菓
2222,2222.T,"Kotobuki Spirits Co.,Ltd.",寿スピリッツ,,Prime Market (Domestic),Foods,食品,食品饮料与食品加工（具体品类待核验）,,寿スピリッツ
2224,2224.T,"COMO CO.,LTD.","COMO CO.,LTD.",,Standard Market(Domestic),Foods,食品,食品饮料与食品加工（具体品类待核验）,,コモ
2226,2226.T,KOIKE-YA Inc.,湖池屋,,Standard Market(Domestic),Foods,食品,食品饮料与食品加工（具体品类待核验）,,湖池屋
2229,2229.T,"CALBEE,Inc.","CALBEE,Inc.",,Prime Market (Domestic),Foods,食品,食品饮料与食品加工（具体品类待核验）,,カルビー
2264,2264.T,"MORINAGA MILK INDUSTRY CO.,LTD.",森永乳業,,Prime Market (Domestic),Foods,食品,食品饮料与食品加工（具体品类待核验）,10601.62,森永乳業
2266,2266.T,"ROKKO BUTTER CO.,LTD.",六甲バター,,Prime Market (Domestic),Foods,食品,食品饮料与食品加工（具体品类待核验）,10601.62,六甲バター
2267,2267.T,"YAKULT HONSHA CO.,LTD.",ヤクルト本社,,Prime Market (Domestic),Foods,食品,食品饮料与食品加工（具体品类待核验）,,ヤクルト本社
2268,2268.T,"B-R 31 ICE CREAM CO.,LTD.","B-R 31 ICE CREAM CO.,LTD.",,Standard Market(Domestic),Foods,食品,食品饮料与食品加工（具体品类待核验）,,Ｂ－Ｒ　サーティワン　アイスクリーム
2269,2269.T,"Meiji Holdings Co.,Ltd.",明治控股,,Prime Market (Domestic),Foods,食品,食品饮料与食品加工（具体品类待核验）,10601.62,明治ホールディングス
2270,2270.T,"MEGMILK SNOW BRAND Co.,Ltd.",雪印メグミルク,,Prime Market (Domestic),Foods,食品,食品饮料与食品加工（具体品类待核验）,,雪印メグミルク
2281,2281.T,"Prima Meat Packers,Ltd.","Prima Meat Packers,Ltd.",,Prime Market (Domestic),Foods,食品,食品饮料与食品加工（具体品类待核验）,,プリマハム
2282,2282.T,NH Foods Ltd.,日本ハム,,Prime Market (Domestic),Foods,食品,食品饮料与食品加工（具体品类待核验）,,日本ハム
2286,2286.T,"Hayashikane Sangyo Co.,Ltd.",林兼工业,,Standard Market(Domestic),Foods,食品,食品饮料与食品加工（具体品类待核验）,,林兼産業
2288,2288.T,"MARUDAI FOOD CO.,LTD.",丸大食品,,Prime Market (Domestic),Foods,食品,食品饮料与食品加工（具体品类待核验）,,丸大食品
0228,228.T,"OPRO Co.,Ltd.","OPRO Co.,Ltd.",,Growth Market(Domestic),Information & Communication,信息通信,通信、网络设备与通信服务,10601.62,オプロ
2291,2291.T,"FUKUTOME MEAT PACKERS,LTD.",福留ハム,,Standard Market(Domestic),Foods,食品,食品饮料与食品加工（具体品类待核验）,,福留ハム
2292,2292.T,S Foods Inc.,S 食品 Inc.,,Prime Market (Domestic),Foods,食品,食品饮料与食品加工（具体品类待核验）,,Ｓ　Ｆｏｏｄｓ
2293,2293.T,"TAKIZAWA HAM CO.,LTD.",滝沢ハム,,Standard Market(Domestic),Foods,食品,食品饮料与食品加工（具体品类待核验）,,滝沢ハム
2294,2294.T,"Kakiyasu Honten Co.,Ltd.",柿安本店,,Prime Market (Domestic),Foods,食品,食品饮料与食品加工（具体品类待核验）,,柿安本店
2296,2296.T,ITOHAM YONEKYU HOLDINGS INC.,伊藤ハム米久控股,,Prime Market (Domestic),Foods,食品,食品饮料与食品加工（具体品类待核验）,10601.62,伊藤ハム米久ホールディングス
2300,2300.T,"Kyokuto Co.,Ltd.","Kyokuto Co.,Ltd.",,Standard Market(Domestic),Services,服务业,专业服务、消费服务与商业服务（具体业务待核验）,10601.62,きょくとう
2301,2301.T,"GAKUJO CO.,Ltd.",学情,,Prime Market (Domestic),Services,服务业,专业服务、消费服务与商业服务（具体业务待核验）,10601.62,学情
2303,2303.T,Dawn Corporation,Dawn 公司,,Standard Market(Domestic),Information & Communication,信息通信,通信、网络设备与通信服务,,ドーン
2304,2304.T,"CSS HOLDINGS,LTD.",ＣＳＳ控股,,Standard Market(Domestic),Services,服务业,专业服务、消费服务与商业服务（具体业务待核验）,,ＣＳＳホールディングス
2305,2305.T,"STUDIO ALICE Co.,Ltd.","STUDIO ALICE Co.,Ltd.",,Standard Market(Domestic),Services,服务业,专业服务、消费服务与商业服务（具体业务待核验）,,スタジオアリス
2307,2307.T,"CROSS CAT CO.,LTD.","CROSS CAT CO.,LTD.",,Prime Market (Domestic),Information & Communication,信息通信,通信、网络设备与通信服务,10601.62,クロスキャット
2311,2311.T,"EPCO Co.,Ltd.","EPCO Co.,Ltd.",,Standard Market(Domestic),Services,服务业,专业服务、消费服务与商业服务（具体业务待核验）,,エプコ
2315,2315.T,CAICA DIGITAL Inc.,CAICA DIGITAL Inc.,,Standard Market(Domestic),Information & Communication,信息通信,通信、网络设备与通信服务,,ＣＡＩＣＡ　ＤＩＧＩＴＡＬ
2317,2317.T,Systena Corporation,Systena 公司,,Prime Market (Domestic),Information & Communication,信息通信,通信、网络设备与通信服务,,システナ
2321,2321.T,Softfront Holdings,ソフトフロント控股,,Growth Market(Domestic),Information & Communication,信息通信,通信、网络设备与通信服务,,ソフトフロントホールディングス
2323,2323.T,fonfun corporation,fonfun 公司,,Standard Market(Domestic),Information & Communication,信息通信,通信、网络设备与通信服务,10601.62,ｆｏｎｆｕｎ
2325,2325.T,"NJS Co.,Ltd.","NJS Co.,Ltd.",,Prime Market (Domestic),Services,服务业,专业服务、消费服务与商业服务（具体业务待核验）,,ＮＪＳ
2326,2326.T,Digital Arts Inc.,数字アーツ,,Prime Market (Domestic),Information & Communication,信息通信,通信、网络设备与通信服务,,デジタルアーツ
2327,2327.T,NS Solutions Corporation,日鉄解决方案,,Prime Market (Domestic),Information & Communication,信息通信,通信、网络设备与通信服务,10601.62,日鉄ソリューションズ
2329,2329.T,TOHOKUSHINSHA FILM CORPORATION,東北新社,,Standard Market(Domestic),Information & Communication,信息通信,通信、网络设备与通信服务,10601.62,東北新社
2330,2330.T,"Forside Co.,Ltd.","Forside Co.,Ltd.",,Standard Market(Domestic),Information & Communication,信息通信,通信、网络设备与通信服务,,フォーサイド
2331,2331.T,"ALSOK CO.,LTD.","ALSOK CO.,LTD.",,Prime Market (Domestic),Services,服务业,专业服务、消费服务与商业服务（具体业务待核验）,,ＡＬＳＯＫ
2332,2332.T,"Quest Co.,Ltd.","Quest Co.,Ltd.",,Standard Market(Domestic),Information & Communication,信息通信,通信、网络设备与通信服务,,クエスト
2334,2334.T,eole Inc.,eole Inc.,,Growth Market(Domestic),Services,服务业,专业服务、消费服务与商业服务（具体业务待核验）,,イオレ
2335,2335.T,CUBE SYSTEM INC.,キューブ系统,,Prime Market (Domestic),Information & Communication,信息通信,通信、网络设备与通信服务,10601.62,キューブシステム
2337,2337.T,Ichigo Inc.,Ichigo Inc.,,Prime Market (Domestic),Real Estate,不动产业,房地产开发与物业运营,10601.62,いちご
2338,2338.T,"Quantum Solutions Co.,Ltd.",クオンタム解决方案,,Standard Market(Domestic),Information & Communication,信息通信,通信、网络设备与通信服务,,クオンタムソリューションズ
2340,2340.T,"GOKURAKUYU HOLDINGS CO.,LTD.",極楽湯控股,,Standard Market(Domestic),Services,服务业,专业服务、消费服务与商业服务（具体业务待核验）,,極楽湯ホールディングス
2341,2341.T,"ARBEIT-TIMES CO.,LTD.","ARBEIT-TIMES CO.,LTD.",,Standard Market(Domestic),Services,服务业,专业服务、消费服务与商业服务（具体业务待核验）,,アルバイトタイムス
2342,2342.T,TRANSGENIC GROUP INC.,トランスジェニック集团,,Standard Market(Domestic),Services,服务业,专业服务、消费服务与商业服务（具体业务待核验）,,トランスジェニックグループ
2345,2345.T,"HODL1,inc.","HODL1,inc.",,Standard Market(Domestic),Information & Communication,信息通信,通信、网络设备与通信服务,,ＨＯＤＬ１
2349,2349.T,"Nippon Information Development Co.,Ltd.","Nippon Information Development Co.,Ltd.",,Standard Market(Domestic),Information & Communication,信息通信,房地产开发与物业运营,,エヌアイデイ
2351,2351.T,ASJ INC.,ASJ INC.,,Standard Market(Domestic),Information & Communication,信息通信,通信、网络设备与通信服务,,ＡＳＪ
2353,2353.T,"NIPPON PARKING DEVELOPMENT Co.,Ltd.",日本駐車場開発,,Prime Market (Domestic),Real Estate,不动产业,房地产开发与物业运营,,日本駐車場開発
2354,2354.T,YE DIGITAL Corporation,YE DIGITAL 公司,,Standard Market(Domestic),Information & Communication,信息通信,通信、网络设备与通信服务,,ＹＥ　ＤＩＧＩＴＡＬ
2359,2359.T,CORE CORPORATION,CORE 公司,,Prime Market (Domestic),Information & Communication,信息通信,通信、网络设备与通信服务,,コア
2370,2370.T,"MEDINET Co.,Ltd.","MEDINET Co.,Ltd.",,Growth Market(Domestic),Services,服务业,专业服务、消费服务与商业服务（具体业务待核验）,,メディネット
2371,2371.T,"Kakaku.com,Inc.","Kakaku.com,Inc.",,Prime Market (Domestic),Services,服务业,专业服务、消费服务与商业服务（具体业务待核验）,,カカクコム
2373,2373.T,CARE TWENTYONE CORPORATION,CARE TWENTYONE 公司,,Standard Market(Domestic),Services,服务业,专业服务、消费服务与商业服务（具体业务待核验）,10601.62,ケア２１
2375,2375.T,GiG Works Inc.,GiG Works Inc.,,Standard Market(Domestic),Services,服务业,专业服务、消费服务与商业服务（具体业务待核验）,,ギグワークス
2376,2376.T,SCINEX CORPORATION,SCINEX 公司,,Standard Market(Domestic),Services,服务业,专业服务、消费服务与商业服务（具体业务待核验）,,サイネックス
2378,2378.T,"RENAISSANCE,INCORPORATED","RENAISSANCE,INCORPORATED",,Prime Market (Domestic),Services,服务业,专业服务、消费服务与商业服务（具体业务待核验）,,ルネサンス
2379,2379.T,dip Corporation,dip 公司,,Prime Market (Domestic),Services,服务业,专业服务、消费服务与商业服务（具体业务待核验）,10601.62,ディップ
2384,2384.T,"SBS Holdings,Inc.",ＳＢＳ控股,,Prime Market (Domestic),Land Transportation,陆运,铁路、公路与城市交通服务,,ＳＢＳホールディングス
2385,2385.T,Soiken Holdings Inc.,総医研控股,,Growth Market(Domestic),Services,服务业,专业服务、消费服务与商业服务（具体业务待核验）,,総医研ホールディングス
2388,2388.T,"Wedge Holdings CO.,LTD.",ウェッジ控股,,Growth Market(Domestic),Other Financing Business,其他金融,融资租赁、消费金融与其他金融服务,,ウェッジホールディングス
2391,2391.T,"PLANET,INC.","PLANET,INC.",,Standard Market(Domestic),Services,服务业,专业服务、消费服务与商业服务（具体业务待核验）,,プラネット
2393,2393.T,"Nippon Care Supply Co.,Ltd.",日本ケアサプライ,,Standard Market(Domestic),Services,服务业,专业服务、消费服务与商业服务（具体业务待核验）,10601.62,日本ケアサプライ
2395,2395.T,"SHIN NIPPON BIOMEDICAL LABORATORIES,LTD.",新日本科学,,Prime Market (Domestic),Services,服务业,医疗服务与医疗器械,,新日本科学
2404,2404.T,"TETSUJIN Holdings,Inc.",鉄人化控股,,Standard Market(Domestic),Services,服务业,专业服务、消费服务与商业服务（具体业务待核验）,,鉄人化ホールディングス
2408,2408.T,"KG Intelligence CO.,LTD.",ＫＧ情報,,Standard Market(Domestic),Services,服务业,专业服务、消费服务与商业服务（具体业务待核验）,,ＫＧ情報
2410,2410.T,"CAREER DESIGN CENTER CO.,LTD.",キャリアデザイン中心,,Prime Market (Domestic),Services,服务业,专业服务、消费服务与商业服务（具体业务待核验）,,キャリアデザインセンター
2411,2411.T,GENDAI AGENCY INC.,GENDAI AGENCY INC.,,Standard Market(Domestic),Information & Communication,信息通信,通信、网络设备与通信服务,,ゲンダイエージェンシー
2413,2413.T,"M3,Inc.","M3,Inc.",,Prime Market (Domestic),Services,服务业,专业服务、消费服务与商业服务（具体业务待核验）,10601.62,エムスリー
2415,2415.T,"Human Holdings Co.,Ltd.",ヒューマン控股,,Standard Market(Domestic),Services,服务业,专业服务、消费服务与商业服务（具体业务待核验）,,ヒューマンホールディングス
2418,2418.T,TSUKADA GLOBAL HOLDINGS Inc.,TSUKADA GLOBAL 控股 Inc.,,Standard Market(Domestic),Services,服务业,专业服务、消费服务与商业服务（具体业务待核验）,,ツカダ・グローバルホールディング
0241,241.T,"ROXX,inc.","ROXX,inc.",,Growth Market(Domestic),Information & Communication,信息通信,通信、网络设备与通信服务,10601.62,ＲＯＸＸ
2424,2424.T,Brass Corporation,Brass 公司,,Standard Market(Domestic),Services,服务业,专业服务、消费服务与商业服务（具体业务待核验）,,ブラス
2425,2425.T,"Care Service Co.,Ltd.",ケア服务,,Standard Market(Domestic),Services,服务业,专业服务、消费服务与商业服务（具体业务待核验）,,ケアサービス
2428,2428.T,WELLNET CORPORATION,WELLNET 公司,,Standard Market(Domestic),Services,服务业,专业服务、消费服务与商业服务（具体业务待核验）,10601.62,ウェルネット
2429,2429.T,"WORLD HOLDINGS CO.,LTD.",ワールド控股,,Prime Market (Domestic),Services,服务业,专业服务、消费服务与商业服务（具体业务待核验）,,ワールドホールディングス
2432,2432.T,"DeNA Co.,Ltd.","DeNA Co.,Ltd.",,Prime Market (Domestic),Information & Communication,信息通信,通信、网络设备与通信服务,,ディー・エヌ・エー
2433,2433.T,HAKUHODO DY HOLDINGS INCORPORATED,博報堂ＤＹ控股,,Prime Market (Domestic),Services,服务业,专业服务、消费服务与商业服务（具体业务待核验）,,博報堂ＤＹホールディングス
2435,2435.T,"CEDAR.Co.,Ltd","CEDAR.Co.,Ltd",,Standard Market(Domestic),Services,服务业,专业服务、消费服务与商业服务（具体业务待核验）,,シダー
2436,2436.T,"KYODO PUBLIC RELATIONS CO.,LTD.",共同ピーアール,,Standard Market(Domestic),Services,服务业,专业服务、消费服务与商业服务（具体业务待核验）,,共同ピーアール
2437,2437.T,"SHINWA WISE HOLDINGS CO.,LTD.","SHINWA WISE 控股 CO.,LTD.",,Standard Market(Domestic),Services,服务业,专业服务、消费服务与商业服务（具体业务待核验）,10601.62,Ｓｈｉｎｗａ　Ｗｉｓｅ　Ｈｏｌｄｉｎｇｓ
2438,2438.T,"Asukanet Company,Limited","Asukanet Company,Limited",,Growth Market(Domestic),Services,服务业,专业服务、消费服务与商业服务（具体业务待核验）,,アスカネット
2440,2440.T,"Gurunavi,Inc.","Gurunavi,Inc.",,Standard Market(Domestic),Services,服务业,专业服务、消费服务与商业服务（具体业务待核验）,,ぐるなび
2445,2445.T,"Takamiya Co.,Ltd.","Takamiya Co.,Ltd.",,Standard Market(Domestic),Services,服务业,专业服务、消费服务与商业服务（具体业务待核验）,,タカミヤ
2449,2449.T,"PRAP Japan,Inc.","PRAP Japan,Inc.",,Standard Market(Domestic),Services,服务业,专业服务、消费服务与商业服务（具体业务待核验）,,プラップジャパン
0244,244.T,"Growth xPartners,Inc.",グロースエクス合作伙伴,,Growth Market(Domestic),Information & Communication,信息通信,通信、网络设备与通信服务,10601.62,グロースエクスパートナーズ
2454,2454.T,"All About,Inc.","All About,Inc.",,Standard Market(Domestic),Services,服务业,专业服务、消费服务与商业服务（具体业务待核验）,,オールアバウト
2459,2459.T,"AUN CONSULTING,Inc.",アウン咨询,,Standard Market(Domestic),Services,服务业,专业服务、消费服务与商业服务（具体业务待核验）,,アウンコンサルティング
0245,245.T,INGS inc.,INGS inc.,,Growth Market(Domestic),Retail Trade,零售业,零售与消费品渠道,10601.62,ＩＮＧＳ
2461,2461.T,"FAN Communications,Inc.",ファン通信ズ,,Prime Market (Domestic),Services,服务业,通信、网络设备与通信服务,,ファンコミュニケーションズ
2462,2462.T,"LIKE,Inc.","LIKE,Inc.",,Prime Market (Domestic),Services,服务业,专业服务、消费服务与商业服务（具体业务待核验）,,ライク
2464,2464.T,"Aoba-BBT,Inc.","Aoba-BBT,Inc.",,Standard Market(Domestic),Services,服务业,专业服务、消费服务与商业服务（具体业务待核验）,,Ａｏｂａ‐ＢＢＴ
2469,2469.T,Hibino Corporation,Hibino 公司,,Standard Market(Domestic),Services,服务业,专业服务、消费服务与商业服务（具体业务待核验）,,ヒビノ
0246,246.T,ASUA Inc.,ASUA Inc.,,Growth Market(Domestic),Services,服务业,专业服务、消费服务与商业服务（具体业务待核验）,10601.62,アスア
2471,2471.T,"S-Pool,Inc.","S-Pool,Inc.",,Prime Market (Domestic),Services,服务业,专业服务、消费服务与商业服务（具体业务待核验）,10601.62,エスプール
2475,2475.T,"WDB HOLDINGS CO.,LTD.",ＷＤＢ控股,,Prime Market (Domestic),Services,服务业,专业服务、消费服务与商业服务（具体业务待核验）,,ＷＤＢホールディングス
2477,2477.T,"Temairazu,Inc.",手間いらず,,Standard Market(Domestic),Information & Communication,信息通信,通信、网络设备与通信服务,,手間いらず
2479,2479.T,JTEC CORPORATION,JTEC 公司,,Standard Market(Domestic),Services,服务业,专业服务、消费服务与商业服务（具体业务待核验）,,ジェイテック
0247,247.T,Ai ROBOTICS INC.,Ai ROBOTICS INC.,,Growth Market(Domestic),Chemicals,化学,基础化工/特种化学品（具体品类待核验）,10601.62,Ａｉロボティクス
2480,2480.T,"System Location Co.,Ltd.",系统・ロケーション,,Standard Market(Domestic),Information & Communication,信息通信,通信、网络设备与通信服务,,システム・ロケーション
2481,2481.T,"TOWNNEWS-SHA CO.,LTD.",タウンニュース社,,Standard Market(Domestic),Services,服务业,专业服务、消费服务与商业服务（具体业务待核验）,,タウンニュース社
2483,2483.T,HONYAKU Center Inc.,翻訳中心,,Standard Market(Domestic),Services,服务业,专业服务、消费服务与商业服务（具体业务待核验）,,翻訳センター
2484,2484.T,"DEMAE-CAN CO.,LTD",出前館,,Standard Market(Domestic),Information & Communication,信息通信,通信、网络设备与通信服务,,出前館
2485,2485.T,TEAR Corporation,TEAR 公司,,Standard Market(Domestic),Services,服务业,专业服务、消费服务与商业服务（具体业务待核验）,,ティア
2488,2488.T,"JTP CO.,LTD.","JTP CO.,LTD.",,Standard Market(Domestic),Services,服务业,专业服务、消费服务与商业服务（具体业务待核验）,10601.62,ＪＴＰ
2489,2489.T,Adways Inc.,Adways Inc.,,Standard Market(Domestic),Services,服务业,专业服务、消费服务与商业服务（具体业务待核验）,,アドウェイズ
0248,248.T,KIDS STAR Inc.,KIDS STAR Inc.,,Growth Market(Domestic),Information & Communication,信息通信,通信、网络设备与通信服务,10601.62,キッズスター
2491,2491.T,"ValueCommerce Co.,Ltd.","ValueCommerce Co.,Ltd.",,Prime Market (Domestic),Services,服务业,批发贸易/综合商社,,バリューコマース
2492,2492.T,Infomart Corporation,Infomart 公司,,Prime Market (Domestic),Services,服务业,专业服务、消费服务与商业服务（具体业务待核验）,,インフォマート
2493,2493.T,"E-SUPPORTLINK,Ltd.","E-SUPPORTLINK,Ltd.",,Standard Market(Domestic),Services,服务业,专业服务、消费服务与商业服务（具体业务待核验）,,イーサポートリンク
2497,2497.T,"UNITED,Inc.","UNITED,Inc.",,Growth Market(Domestic),Services,服务业,专业服务、消费服务与商业服务（具体业务待核验）,,ユナイテッド
2498,2498.T,Oriental Consultants Holdings Company Limited,オリエンタルコンサルタンツ控股,,Standard Market(Domestic),Services,服务业,专业服务、消费服务与商业服务（具体业务待核验）,,オリエンタルコンサルタンツホールディングス
2499,2499.T,"NIHONWASOU HOLDINGS,INC.",日本和装控股,,Standard Market(Domestic),Services,服务业,专业服务、消费服务与商业服务（具体业务待核验）,,日本和装ホールディングス
2501,2501.T,SAPPORO BREWERIES LIMITED,SAPPORO BREWERIES LIMITED,,Prime Market (Domestic),Foods,食品,食品饮料与食品加工（具体品类待核验）,10601.62,サッポロビール
2502,2502.T,"Asahi Group Holdings,Ltd.",アサヒ集团控股,,Prime Market (Domestic),Foods,食品,食品饮料与食品加工（具体品类待核验）,10601.62,アサヒグループホールディングス
2503,2503.T,"Kirin Holdings Company,Limited",キリン控股,,Prime Market (Domestic),Foods,食品,食品饮料与食品加工（具体品类待核验）,10601.62,キリンホールディングス
0250,250.T,Shimadaya Corporation,Shimadaya 公司,,Standard Market(Domestic),Foods,食品,食品饮料与食品加工（具体品类待核验）,10601.62,シマダヤ
2531,2531.T,TAKARA HOLDINGS INC.,宝控股,,Prime Market (Domestic),Foods,食品,食品饮料与食品加工（具体品类待核验）,,宝ホールディングス
2533,2533.T,"Oenon Holdings,Inc.",オエノン控股,,Prime Market (Domestic),Foods,食品,食品饮料与食品加工（具体品类待核验）,,オエノンホールディングス
0253,253.T,"ETS Group Co.,Ltd.",ＥＴＳ集团,,Standard Market(Domestic),Construction,建设业,建筑工程、建材与房地产相关工程（具体业务待核验）,10601.62,ＥＴＳグループ
0254,254.T,AI FUSION CAPITAL GROUP CORP.,ＡＩフュージョン资本集团,,Standard Market(Domestic),Securities and Commodities Futures,证券商品期货,证券经纪与投资银行服务,10601.62,ＡＩフュージョンキャピタルグループ
0255,255.T,"GLTECHNO HOLDINGS,INC.",ジーエルテクノ控股,,Standard Market(Domestic),Precision Instruments,精密仪器,精密仪器与光学设备,10601.62,ジーエルテクノホールディングス
0256,256.T,TOBISHIMA HOLDINGS Inc.,飛島控股,,Prime Market (Domestic),Construction,建设业,建筑工程、建材与房地产相关工程（具体业务待核验）,10601.62,飛島ホールディングス
2573,2573.T,"HOKKAIDO COCA-COLA BOTTLING CO.,LTD.",北海道コカ・コーラボトリング,,Standard Market(Domestic),Foods,食品,食品饮料与食品加工（具体品类待核验）,,北海道コカ・コーラボトリング
2579,2579.T,Coca-Cola Bottlers Japan Holdings Inc.,コカ・コーラ ボトラーズジャパン控股,,Prime Market (Domestic),Foods,食品,食品饮料与食品加工（具体品类待核验）,10601.62,コカ・コーラ　ボトラーズジャパンホールディングス
2585,2585.T,"LIFEDRINK COMPANY,INC.","LIFEDRINK COMPANY,INC.",,Prime Market (Domestic),Foods,食品,食品饮料与食品加工（具体品类待核验）,,ライフドリンク　カンパニー
2586,2586.T,FRUTA FRUTA INC.,FRUTA FRUTA INC.,,Growth Market(Domestic),Foods,食品,食品饮料与食品加工（具体品类待核验）,,フルッタフルッタ
2587,2587.T,Suntory Beverage & Food Limited,サントリー饮料＆食品,,Prime Market (Domestic),Foods,食品,食品饮料与食品加工（具体品类待核验）,10601.62,サントリービバレッジ＆フード
2588,2588.T,"Premium Water Holdings,Inc.",プレミアムウォーター控股,,Standard Market(Domestic),Foods,食品,食品饮料与食品加工（具体品类待核验）,,プレミアムウォーターホールディングス
2590,2590.T,"DyDo GROUP HOLDINGS,INC.",ダイドー集团控股,,Prime Market (Domestic),Foods,食品,食品饮料与食品加工（具体品类待核验）,10601.62,ダイドーグループホールディングス
2593,2593.T,"ITO EN,LTD.",伊藤園,,Prime Market (Domestic),Foods,食品,食品饮料与食品加工（具体品类待核验）,10601.62,伊藤園
2594,2594.T,KEY COFFEE INC,KEY COFFEE INC,,Prime Market (Domestic),Foods,食品,食品饮料与食品加工（具体品类待核验）,,キーコーヒー
2597,2597.T,UNICAFE INC.,UNICAFE INC.,,Standard Market(Domestic),Foods,食品,食品饮料与食品加工（具体品类待核验）,,ユニカフェ
2602,2602.T,"The Nisshin OilliO Group,Ltd.",日清オイリオ集团,,Prime Market (Domestic),Foods,食品,食品饮料与食品加工（具体品类待核验）,,日清オイリオグループ
2607,2607.T,"FUJI OIL CO.,LTD.",不二製油,,Prime Market (Domestic),Foods,食品,食品饮料与食品加工（具体品类待核验）,,不二製油
2612,2612.T,KADOYA SESAME MILLS INCORPORATED,かどや製油,,Standard Market(Domestic),Foods,食品,食品饮料与食品加工（具体品类待核验）,,かどや製油
2613,2613.T,"J-OIL MILLS, INC.","J-OIL MILLS, INC.",,Prime Market (Domestic),Foods,食品,食品饮料与食品加工（具体品类待核验）,12029.28,Ｊ－オイルミルズ
0261,261.T,"Nihon Suido Consultants Co.,Ltd.",日水コン,,Standard Market(Domestic),Services,服务业,专业服务、消费服务与商业服务（具体业务待核验）,,日水コン
0262,262.T,INTERMESTIC INC.,INTERMESTIC INC.,,Prime Market (Domestic),Retail Trade,零售业,零售与消费品渠道,,インターメスティック
0264,264.T,"Schoo,inc.","Schoo,inc.",,Growth Market(Domestic),Services,服务业,专业服务、消费服务与商业服务（具体业务待核验）,,Ｓｃｈｏｏ
2652,2652.T,MANDARAKE INC.,MANDARAKE INC.,,Standard Market(Domestic),Retail Trade,零售业,零售与消费品渠道,,まんだらけ
2653,2653.T,"AEON KYUSHU CO.,LTD.",イオン九州,,Standard Market(Domestic),Retail Trade,零售业,零售与消费品渠道,,イオン九州
2654,2654.T,ASMO CORPORATION,ASMO 公司,,Standard Market(Domestic),Retail Trade,零售业,零售与消费品渠道,,アスモ
2656,2656.T,Vector HOLDINGS Inc.,ベクター控股,,Standard Market(Domestic),Retail Trade,零售业,零售与消费品渠道,,ベクターホールディングス
2659,2659.T,"SAN-A CO.,LTD.","SAN-A CO.,LTD.",,Prime Market (Domestic),Retail Trade,零售业,零售与消费品渠道,,サンエー
0265,265.T,Hmcomm Inc.,Hmcomm Inc.,,Growth Market(Domestic),Information & Communication,信息通信,通信、网络设备与通信服务,,Ｈｍｃｏｍｍ
2664,2664.T,CAWACHI LIMITED,カワチ薬品,,Prime Market (Domestic),Retail Trade,零售业,零售与消费品渠道,,カワチ薬品
2666,2666.T,"AUTOWAVE Co.,Ltd.","AUTOWAVE Co.,Ltd.",,Standard Market(Domestic),Retail Trade,零售业,零售与消费品渠道,,オートウェーブ
2667,2667.T,"ImageONE Co.,Ltd.","ImageONE Co.,Ltd.",,Standard Market(Domestic),Wholesale Trade,批发业,批发贸易/综合商社,,イメージ　ワン
2668,2668.T,Tabio Corporation,Tabio 公司,,Standard Market(Domestic),Wholesale Trade,批发业,批发贸易/综合商社,,タビオ
2669,2669.T,"Kanemi Co.,Ltd.",カネ美食品,,Standard Market(Domestic),Retail Trade,零售业,零售与消费品渠道,,カネ美食品
2670,2670.T,"ABC-MART,INC.","ABC-MART,INC.",,Prime Market (Domestic),Retail Trade,零售业,零售与消费品渠道,,エービーシー・マート
2673,2673.T,"YUMEMITSUKETAI Co.,Ltd.",夢みつけ隊,,Standard Market(Domestic),Retail Trade,零售业,零售与消费品渠道,,夢みつけ隊
2674,2674.T,"HARD OFF CORPORATION Co.,Ltd.",ハードオフ公司,,Prime Market (Domestic),Retail Trade,零售业,零售与消费品渠道,,ハードオフコーポレーション
2676,2676.T,"TAKACHIHO KOHEKI CO.,LTD.",高千穂交易,,Prime Market (Domestic),Wholesale Trade,批发业,批发贸易/综合商社,,高千穂交易
2678,2678.T,ASKUL Corporation,ASKUL 公司,,Prime Market (Domestic),Retail Trade,零售业,零售与消费品渠道,,アスクル
2681,2681.T,GEO HOLDINGS CORPORATION,ゲオ控股,,Prime Market (Domestic),Retail Trade,零售业,零售与消费品渠道,,ゲオホールディングス
2683,2683.T,"UOGroup CO.,LTD.","UOGroup CO.,LTD.",,Standard Market(Domestic),Retail Trade,零售业,零售与消费品渠道,,ＵＯＧｒｏｕｐ
2685,2685.T,"and ST HD Co.,Ltd.","and ST HD Co.,Ltd.",,Prime Market (Domestic),Retail Trade,零售业,零售与消费品渠道,,アンドエスティＨＤ
2687,2687.T,CVS Bay Area Inc.,CVS Bay Area Inc.,,Standard Market(Domestic),Services,服务业,专业服务、消费服务与商业服务（具体业务待核验）,,シー・ヴイ・エス・ベイエリア
2689,2689.T,"OLBA DVx HEALTHCARE,Inc.","OLBA DVx HEALTHCARE,Inc.",,Standard Market(Domestic),Wholesale Trade,批发业,批发贸易/综合商社,10601.62,オルバディーブイエックスヘルスケア
0268,268.T,Rigaku Holdings Corporation,リガク・控股,,Prime Market (Domestic),Precision Instruments,精密仪器,精密仪器与光学设备,10601.62,リガク・ホールディングス
2693,2693.T,YKT CORPORATION,YKT 公司,,Standard Market(Domestic),Wholesale Trade,批发业,批发贸易/综合商社,,ＹＫＴ
2694,2694.T,Yakiniku Sakai Holdings Inc.,焼肉坂井控股,,Standard Market(Domestic),Retail Trade,零售业,零售与消费品渠道,,焼肉坂井ホールディングス
2695,2695.T,"Kura Sushi,Inc.",くら寿司,,Prime Market (Domestic),Retail Trade,零售业,零售与消费品渠道,,くら寿司
2698,2698.T,"CAN DO CO.,LTD.","CAN DO CO.,LTD.",,Standard Market(Domestic),Retail Trade,零售业,零售与消费品渠道,,キャンドゥ
0269,269.T,Sapeet Inc.,Sapeet Inc.,,Growth Market(Domestic),Information & Communication,信息通信,通信、网络设备与通信服务,10601.62,Ｓａｐｅｅｔ
2700,2700.T,"KITOKU SHINRYO CO.,LTD.",木徳神糧,,Standard Market(Domestic),Wholesale Trade,批发业,批发贸易/综合商社,10601.62,木徳神糧
2702,2702.T,"McDonald's Holdings Company(Japan),Ltd.",日本マクドナルド控股,,Standard Market(Domestic),Retail Trade,零售业,零售与消费品渠道,10601.62,日本マクドナルドホールディングス
2705,2705.T,"OOTOYA Holdings Co.,Ltd.",大戸屋控股,,Standard Market(Domestic),Retail Trade,零售业,零售与消费品渠道,,大戸屋ホールディングス
2708,2708.T,"KUZE CO.,LTD.",久世,,Standard Market(Domestic),Wholesale Trade,批发业,批发贸易/综合商社,,久世
2721,2721.T,J-Holdings Corp.,ジェイ控股,,Standard Market(Domestic),Wholesale Trade,批发业,批发贸易/综合商社,,ジェイホールディングス
2722,2722.T,"IK HOLDINGS Co.,Ltd.",ＩＫ控股,,Standard Market(Domestic),Retail Trade,零售业,零售与消费品渠道,,ＩＫホールディングス
2726,2726.T,"PAL GROUP Holdings CO.,LTD",パル集团控股,,Prime Market (Domestic),Retail Trade,零售业,零售与消费品渠道,,パルグループホールディングス
2730,2730.T,EDION Corporation,EDION 公司,,Prime Market (Domestic),Retail Trade,零售业,零售与消费品渠道,,エディオン
2733,2733.T,ARATA CORPORATION,ARATA 公司,,Prime Market (Domestic),Wholesale Trade,批发业,批发贸易/综合商社,,あらた
2734,2734.T,SALA CORPORATION,サーラ公司,,Prime Market (Domestic),Retail Trade,零售业,零售与消费品渠道,,サーラコーポレーション
2735,2735.T,"WATTS CO.,LTD.","WATTS CO.,LTD.",,Standard Market(Domestic),Retail Trade,零售业,零售与消费品渠道,,ワッツ
2736,2736.T,"Festaria Holdings Co.,Ltd.",フェスタリア控股,,Standard Market(Domestic),Retail Trade,零售业,零售与消费品渠道,,フェスタリアホールディングス
2737,2737.T,TOMEN DEVICES CORPORATION,TOMEN DEVICES 公司,,Prime Market (Domestic),Wholesale Trade,批发业,批发贸易/综合商社,,トーメンデバイス
2742,2742.T,"HALOWS CO.,LTD.","HALOWS CO.,LTD.",,Prime Market (Domestic),Retail Trade,零售业,零售与消费品渠道,,ハローズ
2747,2747.T,"Hokuyu Lucky Co.,Ltd.",北雄ラッキー,,Standard Market(Domestic),Retail Trade,零售业,零售与消费品渠道,,北雄ラッキー
2749,2749.T,"JP-HOLDINGS,INC.",ＪＰ控股,,Prime Market (Domestic),Services,服务业,专业服务、消费服务与商业服务（具体业务待核验）,,ＪＰホールディングス
0274,274.T,"Garden Co.,Ltd.","Garden Co.,Ltd.",,Standard Market(Domestic),Retail Trade,零售业,零售与消费品渠道,10601.62,ガーデン
2750,2750.T,"S.ISHIMITSU&CO.,LTD.",石光商事,,Standard Market(Domestic),Wholesale Trade,批发业,批发贸易/综合商社,,石光商事
2751,2751.T,"TENPOS HOLDINGS Co.,Ltd.",テンポス控股,,Standard Market(Domestic),Wholesale Trade,批发业,批发贸易/综合商社,,テンポスホールディングス
2752,2752.T,FUJIO FOOD GROUP INC.,フジオ食品集团本社,,Prime Market (Domestic),Retail Trade,零售业,零售与消费品渠道,,フジオフードグループ本社
2753,2753.T,"AMIYAKI TEI CO.,LTD.",あみやき亭,,Prime Market (Domestic),Retail Trade,零售业,零售与消费品渠道,,あみやき亭
2760,2760.T,TOKYO ELECTRON DEVICE LIMITED,東京エレクトロン デバイス,,Prime Market (Domestic),Wholesale Trade,批发业,批发贸易/综合商社,10601.62,東京エレクトロン　デバイス
2762,2762.T,"SANKO MARKETING FOODS CO.,LTD.","SANKO MARKETING 食品 CO.,LTD.",,Standard Market(Domestic),Retail Trade,零售业,广告、营销与媒体服务,,ＳＡＮＫＯ　ＭＡＲＫＥＴＩＮＧ　ＦＯＯＤＳ
2764,2764.T,Hiramatsu Inc.,Hiramatsu Inc.,,Standard Market(Domestic),Retail Trade,零售业,零售与消费品渠道,,ひらまつ
2767,2767.T,TSUBURAYA FIELDS HOLDINGS INC.,円谷フィールズ控股,,Prime Market (Domestic),Wholesale Trade,批发业,批发贸易/综合商社,,円谷フィールズホールディングス
2768,2768.T,Sojitz Corporation,双日,,Prime Market (Domestic),Wholesale Trade,批发业,批发贸易/综合商社,,双日
2769,2769.T,"Village Vanguard CO.,LTD.",ヴィレッジヴァンガード公司,,Standard Market(Domestic),Retail Trade,零售业,零售与消费品渠道,10601.62,ヴィレッジヴァンガードコーポレーション
0276,276.T,CCReB Advisors Inc.,CCReB Advisors Inc.,,Growth Market(Domestic),Real Estate,不动产业,房地产开发与物业运营,10601.62,ククレブ・アドバイザーズ
2776,2776.T,"SHINTO Holdings,Inc.",新都控股,,Standard Market(Domestic),Wholesale Trade,批发业,批发贸易/综合商社,,新都ホールディングス
2778,2778.T,"PALEMO HOLDINGS CO.,LTD.",パレモ・控股,,Standard Market(Domestic),Retail Trade,零售业,零售与消费品渠道,,パレモ・ホールディングス
0277,277.T,Globe-ing Inc.,Globe-ing Inc.,,Prime Market (Domestic),Services,服务业,专业服务、消费服务与商业服务（具体业务待核验）,10601.62,グロービング
2780,2780.T,"Komehyo Holdings Co.,Ltd.",コメ兵控股,,Standard Market(Domestic),Retail Trade,零售业,零售与消费品渠道,,コメ兵ホールディングス
2782,2782.T,"Seria Co.,Ltd.","Seria Co.,Ltd.",,Standard Market(Domestic),Retail Trade,零售业,零售与消费品渠道,10601.62,セリア
2784,2784.T,Alfresa Holdings Corporation,アルフレッサ 控股,,Prime Market (Domestic),Wholesale Trade,批发业,批发贸易/综合商社,,アルフレッサ　ホールディングス
2788,2788.T,"APPLE INTERNATIONAL CO.,LTD.","APPLE INTERNATIONAL CO.,LTD.",,Standard Market(Domestic),Wholesale Trade,批发业,批发贸易/综合商社,10601.62,アップルインターナショナル
2789,2789.T,"Karula Co.,LTD.","Karula Co.,LTD.",,Standard Market(Domestic),Retail Trade,零售业,零售与消费品渠道,,カルラ
0278,278.T,Terra Drone Corporation,Terra Drone 公司,,Growth Market(Domestic),Precision Instruments,精密仪器,精密仪器与光学设备,10601.62,Ｔｅｒｒａ　Ｄｒｏｎｅ
2790,2790.T,"NAFCO Co.,Ltd.","NAFCO Co.,Ltd.",,Standard Market(Domestic),Retail Trade,零售业,零售与消费品渠道,,ナフコ
2791,2791.T,"DAIKOKUTENBUSSAN CO.,LTD.",大黒天物産,,Prime Market (Domestic),Retail Trade,零售业,零售与消费品渠道,,大黒天物産
2792,2792.T,"HONEYS HOLDINGS CO.,LTD.",ハニーズ控股,,Prime Market (Domestic),Retail Trade,零售业,零售与消费品渠道,,ハニーズホールディングス
2795,2795.T,NIPPON PRIMEX INC.,日本プリメックス,,Standard Market(Domestic),Wholesale Trade,批发业,批发贸易/综合商社,,日本プリメックス
2796,2796.T,Pharmarise Holdings Corporation,制药ライズ控股,,Standard Market(Domestic),Retail Trade,零售业,零售与消费品渠道,,ファーマライズホールディングス
2798,2798.T,Y's table corporation,ワイズテーブル公司,,Standard Market(Domestic),Retail Trade,零售业,零售与消费品渠道,,ワイズテーブルコーポレーション
2801,2801.T,KIKKOMAN CORPORATION,KIKKOMAN 公司,,Prime Market (Domestic),Foods,食品,食品饮料与食品加工（具体品类待核验）,10601.62,キッコーマン
2802,2802.T,"Ajinomoto Co.,Inc.",味の素,,Prime Market (Domestic),Foods,食品,食品饮料与食品加工（具体品类待核验）,10601.62,味の素
2804,2804.T,"BULL-DOG SAUCE CO.,LTD.","BULL-DOG SAUCE CO.,LTD.",,Prime Market (Domestic),Foods,食品,食品饮料与食品加工（具体品类待核验）,,ブルドックソース
2805,2805.T,S&B FOODS INC.,ヱスビー食品,,Standard Market(Domestic),Foods,食品,食品饮料与食品加工（具体品类待核验）,10601.62,ヱスビー食品
2806,2806.T,YUTAKA FOODS CORPORATION,YUTAKA 食品 公司,,Standard Market(Domestic),Foods,食品,食品饮料与食品加工（具体品类待核验）,,ユタカフーズ
2809,2809.T,Kewpie Corporation,Kewpie 公司,,Prime Market (Domestic),Foods,食品,食品饮料与食品加工（具体品类待核验）,,キユーピー
0280,280.T,TMH Inc.,TMH Inc.,,Growth Market(Domestic),Wholesale Trade,批发业,批发贸易/综合商社,10601.62,ＴＭＨ
2810,2810.T,House Foods Group Inc.,ハウス食品集团本社,,Prime Market (Domestic),Foods,食品,食品饮料与食品加工（具体品类待核验）,,ハウス食品グループ本社
2811,2811.T,"KAGOME CO.,LTD.","KAGOME CO.,LTD.",,Prime Market (Domestic),Foods,食品,食品饮料与食品加工（具体品类待核验）,10601.62,カゴメ
2813,2813.T,"Wakou Shokuhin Co.,Ltd.",和弘食品,,Standard Market(Domestic),Foods,食品,食品饮料与食品加工（具体品类待核验）,,和弘食品
2814,2814.T,"SATO FOODS INDUSTRIES CO.,LTD.",佐藤食品工業,,Standard Market(Domestic),Foods,食品,食品饮料与食品加工（具体品类待核验）,,佐藤食品工業
2815,2815.T,"ARIAKE JAPAN Co.,Ltd.","ARIAKE JAPAN Co.,Ltd.",,Prime Market (Domestic),Foods,食品,食品饮料与食品加工（具体品类待核验）,,アリアケジャパン
2816,2816.T,"DAISHO CO.,LTD.","DAISHO CO.,LTD.",,Standard Market(Domestic),Foods,食品,食品饮料与食品加工（具体品类待核验）,,ダイショー
2818,2818.T,"PIETRO Co.,Ltd.","PIETRO Co.,Ltd.",,Standard Market(Domestic),Foods,食品,食品饮料与食品加工（具体品类待核验）,,ピエトロ
2819,2819.T,"EBARA Foods Industry,Inc.",エバラ食品工業,,Standard Market(Domestic),Foods,食品,食品饮料与食品加工（具体品类待核验）,,エバラ食品工業
0281,281.T,"Informetis Co.,Ltd.","Informetis Co.,Ltd.",,Growth Market(Domestic),Information & Communication,信息通信,通信、网络设备与通信服务,10601.62,インフォメティス
2820,2820.T,Yamami Company,Yamami Company,,Standard Market(Domestic),Foods,食品,食品饮料与食品加工（具体品类待核验）,,やまみ
2831,2831.T,HAGOROMO FOODS CORPORATION,HAGOROMO 食品 公司,,Standard Market(Domestic),Foods,食品,食品饮料与食品加工（具体品类待核验）,,はごろもフーズ
0285,285.T,Kioxia Holdings Corporation,キオクシア控股,,Prime Market (Domestic),Electric Appliances,电气设备,电子设备/电气设备（具体产品待核验）,10601.62,キオクシアホールディングス
0286,286.T,EUCALIA Inc.,EUCALIA Inc.,,Growth Market(Domestic),Services,服务业,专业服务、消费服务与商业服务（具体业务待核验）,10601.62,ユカリア
2871,2871.T,NICHIREI CORPORATION,NICHIREI 公司,,Prime Market (Domestic),Foods,食品,食品饮料与食品加工（具体品类待核验）,,ニチレイ
2872,2872.T,"SEIHYO CO.,LTD.","SEIHYO CO.,LTD.",,Standard Market(Domestic),Foods,食品,食品饮料与食品加工（具体品类待核验）,,セイヒョー
2874,2874.T,"YOKOREI CO.,LTD.",横浜冷凍,,Prime Market (Domestic),Wholesale Trade,批发业,批发贸易/综合商社,,横浜冷凍
2875,2875.T,"TOYO SUISAN KAISHA,LTD.",東洋水産,,Prime Market (Domestic),Foods,食品,食品饮料与食品加工（具体品类待核验）,,東洋水産
2876,2876.T,Delsole Corporation,Delsole 公司,,Standard Market(Domestic),Foods,食品,食品饮料与食品加工（具体品类待核验）,,デルソーレ
2877,2877.T,NittoBest Corporation,日東ベスト,,Standard Market(Domestic),Foods,食品,食品饮料与食品加工（具体品类待核验）,,日東ベスト
0287,287.T,"Kuroda Group Co.,Ltd.",黒田集团,,Standard Market(Domestic),Wholesale Trade,批发业,批发贸易/综合商社,10601.62,黒田グループ
2882,2882.T,"EAT&HOLDINGS Co.,Ltd",イートアンド控股,,Prime Market (Domestic),Foods,食品,食品饮料与食品加工（具体品类待核验）,,イートアンドホールディングス
2883,2883.T,"DAIREI CO.,LTD.",大冷,,Standard Market(Domestic),Foods,食品,食品饮料与食品加工（具体品类待核验）,,大冷
2884,2884.T,Yoshimura Food Holdings K.K.,ヨシムラ・食品・控股,,Prime Market (Domestic),Foods,食品,食品饮料与食品加工（具体品类待核验）,,ヨシムラ・フード・ホールディングス
0288,288.T,Laxus Technologies Inc.,ラクサス・科技,,Growth Market(Domestic),Services,服务业,专业服务、消费服务与商业服务（具体业务待核验）,10601.62,ラクサス・テクノロジーズ
2892,2892.T,"NIHON SHOKUHIN KAKO CO.,LTD.",日本食品化工,,Standard Market(Domestic),Foods,食品,食品饮料与食品加工（具体品类待核验）,,日本食品化工
2894,2894.T,"Ishii Food Co.,Ltd.",石井食品,,Standard Market(Domestic),Foods,食品,食品饮料与食品加工（具体品类待核验）,,石井食品
2897,2897.T,"NISSIN FOODS HOLDINGS CO.,LTD.",日清食品控股,,Prime Market (Domestic),Foods,食品,食品饮料与食品加工（具体品类待核验）,,日清食品ホールディングス
2901,2901.T,Wel-Dish.Incorporated,Wel-Dish.Incorporated,,Standard Market(Domestic),Foods,食品,食品饮料与食品加工（具体品类待核验）,10601.62,ウェルディッシュ
2903,2903.T,"SHINOBU FOODS PRODUCTS CO.,LTD.","SHINOBU 食品 PRODUCTS CO.,LTD.",,Standard Market(Domestic),Foods,食品,食品饮料与食品加工（具体品类待核验）,,シノブフーズ
2904,2904.T,"ICHIMASA KAMABOKO CO.,LTD.",一正蒲鉾,,Standard Market(Domestic),Foods,食品,食品饮料与食品加工（具体品类待核验）,,一正蒲鉾
2907,2907.T,"AHJIKAN CO.,LTD.","AHJIKAN CO.,LTD.",,Standard Market(Domestic),Foods,食品,食品饮料与食品加工（具体品类待核验）,,あじかん
2908,2908.T,"FUJICCO CO.,LTD.","FUJICCO CO.,LTD.",,Prime Market (Domestic),Foods,食品,食品饮料与食品加工（具体品类待核验）,,フジッコ
0290,290.T,Synspective Inc.,Synspective Inc.,,Growth Market(Domestic),Information & Communication,信息通信,通信、网络设备与通信服务,10601.62,Ｓｙｎｓｐｅｃｔｉｖｅ
2910,2910.T,"ROCK FIELD CO.,LTD.","ROCK FIELD CO.,LTD.",,Prime Market (Domestic),Foods,食品,食品饮料与食品加工（具体品类待核验）,,ロック・フィールド
2911,2911.T,"ASAHIMATSU FOODS CO.,LTD.",旭松食品,,Standard Market(Domestic),Foods,食品,食品饮料与食品加工（具体品类待核验）,,旭松食品
2914,2914.T,JAPAN TOBACCO INC.,日本烟草,,Prime Market (Domestic),Foods,食品,食品饮料与食品加工（具体品类待核验）,10601.62,日本たばこ産業
2915,2915.T,"KENKO Mayonnaise Co.,Ltd.","KENKO Mayonnaise Co.,Ltd.",,Prime Market (Domestic),Foods,食品,食品饮料与食品加工（具体品类待核验）,10601.62,ケンコーマヨネーズ
2916,2916.T,"Semba Tohka Industries Co.,Ltd",仙波糖化工業,,Standard Market(Domestic),Foods,食品,食品饮料与食品加工（具体品类待核验）,,仙波糖化工業
2917,2917.T,"OHMORIYA Co.,LTD.",大森屋,,Standard Market(Domestic),Foods,食品,食品饮料与食品加工（具体品类待核验）,,大森屋
2918,2918.T,"WARABEYA NICHIYO HOLDINGS CO.,LTD.",わらべや日洋控股,,Prime Market (Domestic),Foods,食品,食品饮料与食品加工（具体品类待核验）,,わらべや日洋ホールディングス
0291,291.T,Reskill Corp.,Reskill Corp.,,Growth Market(Domestic),Services,服务业,专业服务、消费服务与商业服务（具体业务待核验）,10601.62,リスキル
2922,2922.T,"NATORI CO.,LTD.","NATORI CO.,LTD.",,Prime Market (Domestic),Foods,食品,食品饮料与食品加工（具体品类待核验）,,なとり
2923,2923.T,"SATO FOODS CO.,LTD.",サトウ食品,,Standard Market(Domestic),Foods,食品,食品饮料与食品加工（具体品类待核验）,,サトウ食品
2924,2924.T,"Ifuji Sangyo Co.,Ltd.",イフジ工业,,Standard Market(Domestic),Foods,食品,食品饮料与食品加工（具体品类待核验）,,イフジ産業
2926,2926.T,"SHINOZAKIYA,INC.",篠崎屋,,Standard Market(Domestic),Foods,食品,食品饮料与食品加工（具体品类待核验）,10601.62,篠崎屋
2927,2927.T,"AFC-HD AMS Life Science Co.,Ltd.","AFC-HD AMS Life Science Co.,Ltd.",,Standard Market(Domestic),Foods,食品,食品饮料与食品加工（具体品类待核验）,,ＡＦＣ－ＨＤアムスライフサイエンス
2929,2929.T,"Pharma Foods International Co.,Ltd.",制药フーズ,,Prime Market (Domestic),Foods,食品,医药、生物科技与处方药,,ファーマフーズ
2930,2930.T,Kitanotatsujin Corporation,北の達人公司,,Prime Market (Domestic),Chemicals,化学,基础化工/特种化学品（具体品类待核验）,,北の達人コーポレーション
2931,2931.T,"Euglena Co.,Ltd.","Euglena Co.,Ltd.",,Prime Market (Domestic),Foods,食品,食品饮料与食品加工（具体品类待核验）,,ユーグレナ
2932,2932.T,"STI Foods Holdings,Inc.",ＳＴＩ食品控股,,Standard Market(Domestic),Foods,食品,食品饮料与食品加工（具体品类待核验）,,ＳＴＩフードホールディングス
2933,2933.T,KIBUN FOODS INC.,紀文食品,,Prime Market (Domestic),Foods,食品,食品饮料与食品加工（具体品类待核验）,,紀文食品
2934,2934.T,"J Frontier Co.,Ltd.","J Frontier Co.,Ltd.",,Growth Market(Domestic),Foods,食品,食品饮料与食品加工（具体品类待核验）,,ジェイフロンティア
2935,2935.T,"PICKLES HOLDINGS CO.,LTD.",ピックルス控股,,Prime Market (Domestic),Foods,食品,食品饮料与食品加工（具体品类待核验）,,ピックルスホールディングス
2936,2936.T,"BASE FOOD,Inc.",ベース食品,,Growth Market(Domestic),Foods,食品,食品饮料与食品加工（具体品类待核验）,,ベースフード
2937,2937.T,"St.Cousair CO.,LTD.","St.Cousair CO.,LTD.",,Growth Market(Domestic),Foods,食品,食品饮料与食品加工（具体品类待核验）,,サンクゼール
2938,2938.T,"Okamura Foods Co.,Ltd.",オカムラ食品工業,,Standard Market(Domestic),Foods,食品,食品饮料与食品加工（具体品类待核验）,,オカムラ食品工業
2961,2961.T,NITCHO CORPORATION,日本調理機,,Standard Market(Domestic),Metal Products,金属制品,金属制品、零部件与加工（具体产品待核验）,,日本調理機
2962,2962.T,"TECNISCO,LTD.","TECNISCO,LTD.",,Standard Market(Domestic),Metal Products,金属制品,金属制品、零部件与加工（具体产品待核验）,10601.62,テクニスコ
0296,296.T,"Reiwa Accounting Holdings Co.,Ltd.",令和アカウンティング・控股,,Growth Market(Domestic),Services,服务业,专业服务、消费服务与商业服务（具体业务待核验）,10601.62,令和アカウンティング・ホールディングス
2970,2970.T,"GLC GROUP,INC.","GLC 集团,INC.",,Standard Market(Domestic),Real Estate,不动产业,房地产开发与物业运营,,ＧＬＣ　ＧＲＯＵＰ
2975,2975.T,"Star Mica Holdings Co.,Ltd.",スター・マイカ・控股,,Prime Market (Domestic),Real Estate,不动产业,房地产开发与物业运营,,スター・マイカ・ホールディングス
2978,2978.T,TSUKURUBA Inc.,TSUKURUBA Inc.,,Growth Market(Domestic),Real Estate,不动产业,房地产开发与物业运营,,ツクルバ
0297,297.T,"ALPICO HOLDINGS CO.,LTD.",アルピコ控股,,Standard Market(Domestic),Retail Trade,零售业,零售与消费品渠道,10601.62,アルピコホールディングス
2980,2980.T,SRE Holdings Corporation,ＳＲＥ控股,,Prime Market (Domestic),Real Estate,不动产业,房地产开发与物业运营,,ＳＲＥホールディングス
2981,2981.T,Landix Inc.,Landix Inc.,,Growth Market(Domestic),Real Estate,不动产业,房地产开发与物业运营,,ランディックス
2982,2982.T,"A.D.Works Group Co.,Ltd.",ＡＤワークス集团,,Prime Market (Domestic),Real Estate,不动产业,房地产开发与物业运营,,ＡＤワークスグループ
2983,2983.T,"Arr Planner Co.,Ltd.","Arr Planner Co.,Ltd.",,Growth Market(Domestic),Real Estate,不动产业,房地产开发与物业运营,10601.62,アールプランナー
2984,2984.T,"Yamaichi Real Estate Co.,Ltd","Yamaichi Real Estate Co.,Ltd",,Standard Market(Domestic),Real Estate,不动产业,房地产开发与物业运营,,ヤマイチエステート
2986,2986.T,"LA Holdings Co.,Ltd.",ＬＡ控股,,Growth Market(Domestic),Real Estate,不动产业,房地产开发与物业运营,,ＬＡホールディングス
0298,298.T,"GVA TECH,Inc.","GVA TECH,Inc.",,Growth Market(Domestic),Information & Communication,信息通信,通信、网络设备与通信服务,10601.62,ＧＶＡ　ＴＥＣＨ
2991,2991.T,LANDNET Inc.,LANDNET Inc.,,Standard Market(Domestic),Real Estate,不动产业,房地产开发与物业运营,,ランドネット
2993,2993.T,Choei Inc.,長栄,,Standard Market(Domestic),Real Estate,不动产业,房地产开发与物业运营,,長栄
2997,2997.T,"STORAGE-OH Co.,Ltd.",ストレージ王,,Growth Market(Domestic),Real Estate,不动产业,房地产开发与物业运营,,ストレージ王
2998,2998.T,CREAL Inc.,CREAL Inc.,,Growth Market(Domestic),Real Estate,不动产业,房地产开发与物业运营,10601.62,クリアル
2999,2999.T,"Home Position Co.,Ltd.","Home Position Co.,Ltd.",,Standard Market(Domestic),Real Estate,不动产业,房地产开发与物业运营,,ホームポジション
0299,299.T,"Kurashiru,Inc.","Kurashiru,Inc.",,Growth Market(Domestic),Services,服务业,专业服务、消费服务与商业服务（具体业务待核验）,,クラシル
3001,3001.T,"Katakura Industries Co.,Ltd.",片倉工業,,Standard Market(Domestic),Textiles and Apparels,纤维制品,纺织、服装与生活消费品（具体品类待核验）,,片倉工業
3002,3002.T,GUNZE LIMITED,GUNZE LIMITED,,Prime Market (Domestic),Textiles and Apparels,纤维制品,纺织、服装与生活消费品（具体品类待核验）,,グンゼ
3003,3003.T,"Hulic Co.,Ltd.","Hulic Co.,Ltd.",,Prime Market (Domestic),Real Estate,不动产业,房地产开发与物业运营,,ヒューリック
3004,3004.T,SHINYEI KAISHA,神栄,,Standard Market(Domestic),Wholesale Trade,批发业,批发贸易/综合商社,,神栄
0300,300.T,"MIC Co.,Ltd.","MIC Co.,Ltd.",,Standard Market(Domestic),Services,服务业,专业服务、消费服务与商业服务（具体业务待核验）,,ＭＩＣ
3010,3010.T,"Polaris Holdings Co.,Ltd.",ポラリス・控股,,Standard Market(Domestic),Services,服务业,专业服务、消费服务与商业服务（具体业务待核验）,,ポラリス・ホールディングス
3011,3011.T,"BANNERS CO.,LTD.","BANNERS CO.,LTD.",,Standard Market(Domestic),Retail Trade,零售业,零售与消费品渠道,,バナーズ
3020,3020.T,"Applied Co.,Ltd.","Applied Co.,Ltd.",,Standard Market(Domestic),Retail Trade,零售业,零售与消费品渠道,,アプライド
3021,3021.T,"Pacific Net Co.,Ltd.","Pacific Net Co.,Ltd.",,Standard Market(Domestic),Services,服务业,专业服务、消费服务与商业服务（具体业务待核验）,,パシフィックネット
3023,3023.T,Rasa Corporation,ラサ商事,,Standard Market(Domestic),Wholesale Trade,批发业,批发贸易/综合商社,,ラサ商事
3024,3024.T,CREATE CORPORATION,CREATE 公司,,Standard Market(Domestic),Wholesale Trade,批发业,批发贸易/综合商社,,クリエイト
3028,3028.T,"Alpen Co.,Ltd.","Alpen Co.,Ltd.",,Prime Market (Domestic),Retail Trade,零售业,零售与消费品渠道,,アルペン
0302,302.T,"b-style holdings,Inc.",ビースタイル控股,,Growth Market(Domestic),Services,服务业,专业服务、消费服务与商业服务（具体业务待核验）,,ビースタイルホールディングス
3030,3030.T,"HUB CO.,LTD.","HUB CO.,LTD.",,Standard Market(Domestic),Retail Trade,零售业,零售与消费品渠道,,ハブ
3031,3031.T,"RACCOON HOLDINGS,Inc.",ラクーン控股,,Prime Market (Domestic),Information & Communication,信息通信,通信、网络设备与通信服务,,ラクーンホールディングス
3034,3034.T,"Qol Holdings Co.,Ltd.",クオール控股,,Prime Market (Domestic),Retail Trade,零售业,零售与消费品渠道,,クオールホールディングス
3035,3035.T,ktk INC.,ktk INC.,,Standard Market(Domestic),Wholesale Trade,批发业,批发贸易/综合商社,,ケイティケイ
3036,3036.T,ALCONIX CORPORATION,ALCONIX 公司,,Prime Market (Domestic),Wholesale Trade,批发业,批发贸易/综合商社,,アルコニックス
3038,3038.T,"KOBE BUSSAN CO.,LTD.",神戸物産,,Prime Market (Domestic),Wholesale Trade,批发业,批发贸易/综合商社,,神戸物産
0303,303.T,visumo Inc.,visumo Inc.,,Growth Market(Domestic),Information & Communication,信息通信,通信、网络设备与通信服务,,ｖｉｓｕｍｏ
3040,3040.T,SOLITON SYSTEMS K.K.,ソリトン系统,,Prime Market (Domestic),Information & Communication,信息通信,通信、网络设备与通信服务,,ソリトンシステムズ
3041,3041.T,"Beauty Kadan Holdings Co.,Ltd.",ビューティカダン控股,,Standard Market(Domestic),Wholesale Trade,批发业,批发贸易/综合商社,,ビューティカダンホールディングス
3042,3042.T,SecuAvail Inc.,SecuAvail Inc.,,Standard Market(Domestic),Information & Communication,信息通信,通信、网络设备与通信服务,,セキュアヴェイル
3045,3045.T,"Kawasaki & Co.,Ltd.","Kawasaki & Co.,Ltd.",,Standard Market(Domestic),Wholesale Trade,批发业,批发贸易/综合商社,,カワサキ
3046,3046.T,JINS HOLDINGS Inc.,ジンズ控股,,Prime Market (Domestic),Retail Trade,零售业,零售与消费品渠道,,ジンズホールディングス
3048,3048.T,BIC CAMERA INC.,BIC CAMERA INC.,,Prime Market (Domestic),Retail Trade,零售业,零售与消费品渠道,,ビックカメラ
0304,304.T,"FORCIA,Inc.","FORCIA,Inc.",,Growth Market(Domestic),Information & Communication,信息通信,通信、网络设备与通信服务,,フォルシア
3050,3050.T,"DCM Holdings Co.,Ltd.",ＤＣＭ控股,,Prime Market (Domestic),Retail Trade,零售业,零售与消费品渠道,,ＤＣＭホールディングス
3053,3053.T,"PEPPER FOOD SERVICE CO.,LTD.",ペッパー食品服务,,Standard Market(Domestic),Retail Trade,零售业,餐饮服务,,ペッパーフードサービス
3054,3054.T,HYPER Inc.,HYPER Inc.,,Standard Market(Domestic),Wholesale Trade,批发业,批发贸易/综合商社,,ハイパー
3058,3058.T,Sanyodo Holdings Inc.,三洋堂控股,,Standard Market(Domestic),Retail Trade,零售业,零售与消费品渠道,,三洋堂ホールディングス
3059,3059.T,"HIRAKI CO.,LTD.","HIRAKI CO.,LTD.",,Standard Market(Domestic),Retail Trade,零售业,零售与消费品渠道,,ヒラキ
3063,3063.T,j-Group Holdings Corp.,ジェイ集团控股,,Growth Market(Domestic),Retail Trade,零售业,零售与消费品渠道,,ジェイグループホールディングス
3064,3064.T,"MonotaRO Co.,Ltd.","MonotaRO Co.,Ltd.",,Prime Market (Domestic),Retail Trade,零售业,零售与消费品渠道,,ＭｏｎｏｔａＲＯ
3065,3065.T,"Life Foods Co.,Ltd.","Life 食品 Co.,Ltd.",,Standard Market(Domestic),Retail Trade,零售业,零售与消费品渠道,,ライフフーズ
3067,3067.T,"TOKYO ICHIBAN FOODS CO.,LTD.",東京一番フーズ,,Standard Market(Domestic),Retail Trade,零售业,零售与消费品渠道,,東京一番フーズ
3068,3068.T,WDI Corporation,WDI 公司,,Standard Market(Domestic),Retail Trade,零售业,零售与消费品渠道,,ＷＤＩ
3069,3069.T,JFLA Holdings Inc.,ＪＦＬＡ控股,,Standard Market(Domestic),Foods,食品,食品饮料与食品加工（具体品类待核验）,,ＪＦＬＡホールディングス
3070,3070.T,"JELLY BEANS GROUP Co.,Ltd.",ジェリービーンズ集团,,Growth Market(Domestic),Wholesale Trade,批发业,批发贸易/综合商社,,ジェリービーンズグループ
3071,3071.T,"Stream Co.,Ltd.","Stream Co.,Ltd.",,Standard Market(Domestic),Retail Trade,零售业,零售与消费品渠道,10601.62,ストリーム
3075,3075.T,"Choushimaru Co.,Ltd.",銚子丸,,Standard Market(Domestic),Retail Trade,零售业,零售与消费品渠道,,銚子丸
3076,3076.T,Ai Holdings Corporation,あい 控股,,Prime Market (Domestic),Wholesale Trade,批发业,批发贸易/综合商社,,あい　ホールディングス
3077,3077.T,"Horiifoodservice Co.,Ltd.",ホリイ食品服务,,Standard Market(Domestic),Retail Trade,零售业,零售与消费品渠道,,ホリイフードサービス
3080,3080.T,"JASON CO.,LTD.","JASON CO.,LTD.",,Standard Market(Domestic),Retail Trade,零售业,零售与消费品渠道,,ジェーソン
3082,3082.T,"KICHIRI HOLDINGS & Co.,Ltd.",きちり控股,,Standard Market(Domestic),Retail Trade,零售业,零售与消费品渠道,,きちりホールディングス
3083,3083.T,"Star seeds Co.,Ltd.","Star seeds Co.,Ltd.",,Standard Market(Domestic),Retail Trade,零售业,零售与消费品渠道,,スターシーズ
3086,3086.T,"J.FRONT RETAILING Co.,Ltd.","J.FRONT RETAILING Co.,Ltd.",,Prime Market (Domestic),Retail Trade,零售业,零售与消费品渠道,,Ｊ．フロント　リテイリング
3087,3087.T,"DOUTOR・NICHIRES Holdings Co.,Ltd.",ドトール・日レス控股,,Prime Market (Domestic),Retail Trade,零售业,零售与消费品渠道,10601.62,ドトール・日レスホールディングス
3088,3088.T,MatsukiyoCocokara & Co.,MatsukiyoCocokara & Co.,,Prime Market (Domestic),Retail Trade,零售业,零售与消费品渠道,10601.62,マツキヨココカラ＆カンパニー
3089,3089.T,"Techno Alpha Co.,Ltd.","Techno Alpha Co.,Ltd.",,Standard Market(Domestic),Wholesale Trade,批发业,批发贸易/综合商社,,テクノアルファ
3091,3091.T,"BRONCO BILLY Co.,LTD.","BRONCO BILLY Co.,LTD.",,Prime Market (Domestic),Retail Trade,零售业,零售与消费品渠道,10601.62,ブロンコビリー
3092,3092.T,"ZOZO,Inc.","ZOZO,Inc.",,Prime Market (Domestic),Retail Trade,零售业,零售与消费品渠道,10601.62,ＺＯＺＯ
3093,3093.T,"Treasure Factory Co.,LTD.","Treasure Factory Co.,LTD.",,Prime Market (Domestic),Retail Trade,零售业,零售与消费品渠道,,トレジャー・ファクトリー
3096,3096.T,OCEAN SYSTEM CORPORATION,オーシャン系统,,Standard Market(Domestic),Retail Trade,零售业,零售与消费品渠道,,オーシャンシステム
3097,3097.T,The Monogatari Corporation,物語公司,,Prime Market (Domestic),Retail Trade,零售业,零售与消费品渠道,10601.62,物語コーポレーション
3099,3099.T,Isetan Mitsukoshi Holdings Ltd.,三越伊勢丹控股,,Prime Market (Domestic),Retail Trade,零售业,零售与消费品渠道,,三越伊勢丹ホールディングス
3101,3101.T,"TOYOBO CO.,LTD.",東洋紡,,Prime Market (Domestic),Chemicals,化学,基础化工/特种化学品（具体品类待核验）,,東洋紡
3103,3103.T,UNITIKA LTD.,UNITIKA LTD.,,Standard Market(Domestic),Textiles and Apparels,纤维制品,纺织、服装与生活消费品（具体品类待核验）,,ユニチカ
3104,3104.T,"Fujibo Holdings,Inc.",富士紡控股,,Prime Market (Domestic),Textiles and Apparels,纤维制品,纺织、服装与生活消费品（具体品类待核验）,,富士紡ホールディングス
3105,3105.T,Nisshinbo Holdings Inc.,日清紡控股,,Prime Market (Domestic),Electric Appliances,电气设备,电子设备/电气设备（具体产品待核验）,10601.62,日清紡ホールディングス
3106,3106.T,KURABO INDUSTRIES LTD.,倉敷紡績,,Prime Market (Domestic),Textiles and Apparels,纤维制品,纺织、服装与生活消费品（具体品类待核验）,,倉敷紡績
3107,3107.T,"Daiwabo Holdings Co.,Ltd.",ダイワボウ控股,,Prime Market (Domestic),Wholesale Trade,批发业,批发贸易/综合商社,,ダイワボウホールディングス
3109,3109.T,SHIKIBO LTD.,SHIKIBO LTD.,,Prime Market (Domestic),Textiles and Apparels,纤维制品,纺织、服装与生活消费品（具体品类待核验）,,シキボウ
3110,3110.T,"NITTO BOSEKI CO.,LTD.",日東紡績,,Prime Market (Domestic),Glass and Ceramics Products,玻璃土石制品,玻璃、陶瓷与建筑材料（具体产品待核验）,10601.62,日東紡績
3111,3111.T,"OMIKENSHI CO.,LTD.","OMIKENSHI CO.,LTD.",,Standard Market(Domestic),Textiles and Apparels,纤维制品,纺织、服装与生活消费品（具体品类待核验）,,オーミケンシ
3113,3113.T,UNIVA Oak Holdings Limited,ＵＮＩＶＡ・Ｏａｋ控股,,Standard Market(Domestic),Securities and Commodities Futures,证券商品期货,证券经纪与投资银行服务,,ＵＮＩＶＡ・Ｏａｋホールディングス
3116,3116.T,TOYOTA BOSHOKU CORPORATION,トヨタ紡織,,Prime Market (Domestic),Transportation Equipment,运输用设备,工业机械与自动化设备（具体产品待核验）,,トヨタ紡織
3121,3121.T,"MBK Co.,Ltd.","MBK Co.,Ltd.",,Standard Market(Domestic),Services,服务业,专业服务、消费服务与商业服务（具体业务待核验）,,マーチャント・バンカーズ
3123,3123.T,"SAIBO Co.,Ltd.","SAIBO Co.,Ltd.",,Standard Market(Domestic),Textiles and Apparels,纤维制品,纺织、服装与生活消费品（具体品类待核验）,,サイボー
3131,3131.T,SHINDEN HIGHTEX CORPORATION,SHINDEN HIGHTEX 公司,,Standard Market(Domestic),Wholesale Trade,批发业,批发贸易/综合商社,,シンデン・ハイテックス
3132,3132.T,"MACNICA HOLDINGS,INC.",マクニカ控股,,Prime Market (Domestic),Wholesale Trade,批发业,批发贸易/综合商社,10601.62,マクニカホールディングス
3133,3133.T,"kaihan co.,Ltd.",海帆,,Growth Market(Domestic),Retail Trade,零售业,零售与消费品渠道,,海帆
3134,3134.T,Hamee Corp.,Hamee Corp.,,Standard Market(Domestic),Retail Trade,零售业,零售与消费品渠道,,Ｈａｍｅｅ
3135,3135.T,"MarketEnterprise Co.,Ltd","MarketEnterprise Co.,Ltd",,Standard Market(Domestic),Retail Trade,零售业,零售与消费品渠道,,マーケットエンタープライズ
3137,3137.T,"Fundely Co.,Ltd.","Fundely Co.,Ltd.",,Standard Market(Domestic),Retail Trade,零售业,零售与消费品渠道,,ファンデリー
3138,3138.T,"Fujisan Magazine Service Co.,Ltd.",富士山マガジン服务,,Standard Market(Domestic),Retail Trade,零售业,零售与消费品渠道,10601.62,富士山マガジンサービス
3139,3139.T,"Lacto Japan Co.,Ltd.","Lacto Japan Co.,Ltd.",,Prime Market (Domestic),Wholesale Trade,批发业,批发贸易/综合商社,,ラクト・ジャパン
3140,3140.T,"BRUNO,Inc.","BRUNO,Inc.",,Growth Market(Domestic),Wholesale Trade,批发业,批发贸易/综合商社,,ＢＲＵＮＯ
3143,3143.T,O'will Corporation,O'will 公司,,Standard Market(Domestic),Wholesale Trade,批发业,批发贸易/综合商社,,オーウイル
3148,3148.T,"CREATE SD HOLDINGS CO.,LTD.",クリエイトＳＤ控股,,Prime Market (Domestic),Retail Trade,零售业,零售与消费品渠道,,クリエイトＳＤホールディングス
3150,3150.T,"grems,Inc.","grems,Inc.",,Prime Market (Domestic),Electric Power and Gas,电力燃气,电子设备/电气设备（具体产品待核验）,,グリムス
3151,3151.T,"VITAL KSK HOLDINGS,INC.",バイタルケーエスケー・控股,,Prime Market (Domestic),Wholesale Trade,批发业,批发贸易/综合商社,,バイタルケーエスケー・ホールディングス
3153,3153.T,"Yashima Denki Co.,Ltd.",八洲電機,,Prime Market (Domestic),Wholesale Trade,批发业,批发贸易/综合商社,,八洲電機
3154,3154.T,"MEDIUS HOLDINGS Co.,Ltd.",媒体ス控股,,Prime Market (Domestic),Wholesale Trade,批发业,批发贸易/综合商社,,メディアスホールディングス
3156,3156.T,Restar Corporation,Restar 公司,,Prime Market (Domestic),Wholesale Trade,批发业,批发贸易/综合商社,,レスター
3157,3157.T,GEOLIVE Group Corporation,ジオリーブ集团,,Standard Market(Domestic),Wholesale Trade,批发业,批发贸易/综合商社,10601.62,ジオリーブグループ
3159,3159.T,"Maruzen CHI Holdings Co.,Ltd.",丸善ＣＨＩ控股,,Standard Market(Domestic),Retail Trade,零售业,零售与消费品渠道,,丸善ＣＨＩホールディングス
3160,3160.T,"OOMITSU CO.,LTD.",大光,,Standard Market(Domestic),Wholesale Trade,批发业,批发贸易/综合商社,,大光
3161,3161.T,AZEARTH Corporation,AZEARTH 公司,,Standard Market(Domestic),Wholesale Trade,批发业,批发贸易/综合商社,,アゼアス
3166,3166.T,"OCHI HOLDINGS CO.,LTD.",ＯＣＨＩ控股,,Standard Market(Domestic),Wholesale Trade,批发业,批发贸易/综合商社,,ＯＣＨＩホールディングス
3167,3167.T,TOKAI Holdings Corporation,ＴＯＫＡＩ控股,,Prime Market (Domestic),Wholesale Trade,批发业,批发贸易/综合商社,10601.62,ＴＯＫＡＩホールディングス
3168,3168.T,MERF Inc.,MERF Inc.,,Standard Market(Domestic),Wholesale Trade,批发业,批发贸易/综合商社,,ＭＥＲＦ
3169,3169.T,"Misawa & Co.,Ltd.","Misawa & Co.,Ltd.",,Standard Market(Domestic),Retail Trade,零售业,零售与消费品渠道,,ミサワ
3172,3172.T,"Tea Life Co.,Ltd.","Tea Life Co.,Ltd.",,Standard Market(Domestic),Retail Trade,零售业,零售与消费品渠道,,ティーライフ
3173,3173.T,"Cominix Co.,Ltd.","Cominix Co.,Ltd.",,Standard Market(Domestic),Wholesale Trade,批发业,批发贸易/综合商社,,Ｃｏｍｉｎｉｘ
3174,3174.T,"Happiness and D Co.,Ltd.","Happiness and D Co.,Ltd.",,Standard Market(Domestic),Retail Trade,零售业,零售与消费品渠道,,ハピネス・アンド・ディ
3175,3175.T,"AP HOLDINGS CO.,LTD.",エー・ピー控股,,Standard Market(Domestic),Retail Trade,零售业,零售与消费品渠道,,エー・ピーホールディングス
3176,3176.T,"Sanyo Trading Co.,Ltd.",三洋貿易,,Prime Market (Domestic),Wholesale Trade,批发业,批发贸易/综合商社,10601.62,三洋貿易
3177,3177.T,"ARIGATOU SERVICES COMPANY,LIMITED",ありがとう服务,,Standard Market(Domestic),Retail Trade,零售业,零售与消费品渠道,10601.62,ありがとうサービス
3178,3178.T,"CHIMNEY CO.,LTD.","CHIMNEY CO.,LTD.",,Standard Market(Domestic),Retail Trade,零售业,零售与消费品渠道,,チムニー
3179,3179.T,"Syuppin Co.,Ltd.","Syuppin Co.,Ltd.",,Prime Market (Domestic),Retail Trade,零售业,零售与消费品渠道,,シュッピン
3180,3180.T,BEAUTY GARAGE Inc.,BEAUTY GARAGE Inc.,,Prime Market (Domestic),Wholesale Trade,批发业,批发贸易/综合商社,,ビューティガレージ
3181,3181.T,"KAITORI OKOKU CO.,LTD.",買取王国,,Standard Market(Domestic),Retail Trade,零售业,零售与消费品渠道,,買取王国
3182,3182.T,Oisix Inc.,Oisix Inc.,,Prime Market (Domestic),Retail Trade,零售业,零售与消费品渠道,,オイシックス
3183,3183.T,"WIN-Partners Co.,Ltd.",ウイン・合作伙伴,,Prime Market (Domestic),Wholesale Trade,批发业,批发贸易/综合商社,,ウイン・パートナーズ
3184,3184.T,"International Conglomerate of Distribution for Automobile Holdings Co.,Ltd.",ＩＣＤＡ控股,,Standard Market(Domestic),Retail Trade,零售业,零售与消费品渠道,,ＩＣＤＡホールディングス
3185,3185.T,"DREAM VISION CO.,LTD.",夢展望,,Growth Market(Domestic),Retail Trade,零售业,零售与消费品渠道,,夢展望
3186,3186.T,"NEXTAGE Co.,Ltd.","NEXTAGE Co.,Ltd.",,Prime Market (Domestic),Retail Trade,零售业,零售与消费品渠道,10601.62,ネクステージ
3187,3187.T,miratap inc.,miratap inc.,,Growth Market(Domestic),Retail Trade,零售业,零售与消费品渠道,,ミラタップ
3189,3189.T,ANAP HOLDINGS INC.,ＡＮＡＰ控股,,Standard Market(Domestic),Retail Trade,零售业,零售与消费品渠道,10601.62,ＡＮＡＰホールディングス
3190,3190.T,"HOTMAN Co.,Ltd.","HOTMAN Co.,Ltd.",,Standard Market(Domestic),Retail Trade,零售业,零售与消费品渠道,,ホットマン
3191,3191.T,"JOYFUL HONDA CO.,LTD.",ジョイフル本田,,Prime Market (Domestic),Retail Trade,零售业,零售与消费品渠道,,ジョイフル本田
3192,3192.T,"Shirohato Co.,Ltd.",白鳩,,Standard Market(Domestic),Retail Trade,零售业,零售与消费品渠道,,白鳩
3193,3193.T,"Eternal Hospitality Group Co.,Ltd.",エターナルホスピタリティ集团,,Prime Market (Domestic),Retail Trade,零售业,零售与消费品渠道,,エターナルホスピタリティグループ
3195,3195.T,"GENERATION PASS CO.,LTD.","GENERATION PASS CO.,LTD.",,Standard Market(Domestic),Retail Trade,零售业,零售与消费品渠道,,ジェネレーションパス
3196,3196.T,"HOTLAND HOLDINGS Co.,Ltd.",ホットランド控股,,Prime Market (Domestic),Retail Trade,零售业,零售与消费品渠道,,ホットランドホールディングス
3197,3197.T,"SKYLARK HOLDINGS CO.,LTD.",すかいらーく控股,,Prime Market (Domestic),Retail Trade,零售业,零售与消费品渠道,10601.62,すかいらーくホールディングス
3199,3199.T,"Watahan & Co.,Ltd.",綿半控股,,Prime Market (Domestic),Retail Trade,零售业,零售与消费品渠道,,綿半ホールディングス
0319,319.T,Next Generation Technology Group Inc.,技術承継機構,,Growth Market(Domestic),Metal Products,金属制品,金属制品、零部件与加工（具体产品待核验）,10601.62,技術承継機構
3201,3201.T,"THE JAPAN WOOL TEXTILE CO.,LTD.",日本毛織,,Prime Market (Domestic),Textiles and Apparels,纤维制品,纺织、服装与生活消费品（具体品类待核验）,,日本毛織
3202,3202.T,"Daitobo Co.,Ltd.","Daitobo Co.,Ltd.",,Standard Market(Domestic),Textiles and Apparels,纤维制品,纺织、服装与生活消费品（具体品类待核验）,,ダイトウボウ
3204,3204.T,Toabo Corporation,トーア紡公司,,Standard Market(Domestic),Textiles and Apparels,纤维制品,纺织、服装与生活消费品（具体品类待核验）,,トーア紡コーポレーション
3205,3205.T,DAIDOH LIMITED,DAIDOH LIMITED,,Standard Market(Domestic),Textiles and Apparels,纤维制品,纺织、服装与生活消费品（具体品类待核验）,,ダイドーリミテッド
3221,3221.T,"Yossix Holdings Co.,Ltd.",ヨシックス控股,,Prime Market (Domestic),Retail Trade,零售业,零售与消费品渠道,,ヨシックスホールディングス
3222,3222.T,United Super Markets Holdings Inc.,ユナイテッド・スーパーマーケット・控股,,Standard Market(Domestic),Retail Trade,零售业,零售与消费品渠道,10601.62,ユナイテッド・スーパーマーケット・ホールディングス
3223,3223.T,SLD Entertainment Inc.,SLD Entertainment Inc.,,Standard Market(Domestic),Retail Trade,零售业,零售与消费品渠道,,エスエルディー
3224,3224.T,"General Oyster,Inc.","General Oyster,Inc.",,Growth Market(Domestic),Retail Trade,零售业,零售与消费品渠道,10601.62,ゼネラル・オイスター
3231,3231.T,"Nomura Real Estate Holdings,Inc.",野村不動産控股,,Prime Market (Domestic),Real Estate,不动产业,房地产开发与物业运营,,野村不動産ホールディングス
3232,3232.T,"Mie Kotsu Group Holdings,Inc.",三重交通集团控股,,Prime Market (Domestic),Real Estate,不动产业,房地产开发与物业运营,,三重交通グループホールディングス
3236,3236.T,"PROPERST CO.,LTD.","PROPERST CO.,LTD.",,Standard Market(Domestic),Real Estate,不动产业,房地产开发与物业运营,,プロパスト
3237,3237.T,"INTRANCE CO.,LTD.","INTRANCE CO.,LTD.",,Growth Market(Domestic),Real Estate,不动产业,房地产开发与物业运营,,イントランス
3238,3238.T,"CENTRAL GENERAL DEVELOPMENT CO.,LTD.",セントラル総合開発,,Standard Market(Domestic),Real Estate,不动产业,房地产开发与物业运营,,セントラル総合開発
0323,323.T,Flier Inc.,Flier Inc.,,Growth Market(Domestic),Information & Communication,信息通信,通信、网络设备与通信服务,10601.62,フライヤー
3241,3241.T,"WILL,Co.,Ltd.","WILL,Co.,Ltd.",,Standard Market(Domestic),Real Estate,不动产业,房地产开发与物业运营,,ウィル
3242,3242.T,"URBANET CORPORATION CO.,LTD.",アーバネット公司,,Standard Market(Domestic),Real Estate,不动产业,房地产开发与物业运营,,アーバネットコーポレーション
3245,3245.T,"DEAR LIFE CO.,LTD.","DEAR LIFE CO.,LTD.",,Prime Market (Domestic),Real Estate,不动产业,房地产开发与物业运营,10601.62,ディア・ライフ
3246,3246.T,"KOSE R.E. Co.,Ltd.","KOSE R.E. Co.,Ltd.",,Standard Market(Domestic),Real Estate,不动产业,房地产开发与物业运营,,コーセーアールイー
3248,3248.T,"EARLY AGE CO.,Ltd.","EARLY AGE CO.,Ltd.",,Standard Market(Domestic),Real Estate,不动产业,房地产开发与物业运营,,アールエイジ
0324,324.T,"Booking Resort Co.,Ltd.",ブッキング度假,,Growth Market(Domestic),Services,服务业,酒店、旅游与休闲服务,10601.62,ブッキングリゾート
3252,3252.T,"JINUSHI Co.,Ltd.",地主,,Prime Market (Domestic),Real Estate,不动产业,房地产开发与物业运营,,地主
0325,325.T,TENTIAL Inc.,TENTIAL Inc.,,Growth Market(Domestic),Textiles and Apparels,纤维制品,纺织、服装与生活消费品（具体品类待核验）,10601.62,ＴＥＮＴＩＡＬ
3261,3261.T,"GRANDES,Inc.","GRANDES,Inc.",,Growth Market(Domestic),Real Estate,不动产业,房地产开发与物业运营,,グランディーズ
3266,3266.T,"Fund Creation Group Co.,Ltd.",基金クリエーション集团,,Standard Market(Domestic),Real Estate,不动产业,房地产开发与物业运营,,ファンドクリエーショングループ
3267,3267.T,"Phil Company,Inc.","Phil Company,Inc.",,Standard Market(Domestic),Construction,建设业,建筑工程、建材与房地产相关工程（具体业务待核验）,,フィル・カンパニー
3276,3276.T,"Japan Property Management Center Co.,Ltd.","Japan Property Management Center Co.,Ltd.",,Prime Market (Domestic),Real Estate,不动产业,房地产开发与物业运营,,ＪＰＭＣ
3277,3277.T,"Sansei Landic Co.,Ltd","Sansei Landic Co.,Ltd",,Standard Market(Domestic),Real Estate,不动产业,房地产开发与物业运营,,サンセイランディック
3280,3280.T,"STrust Co.,Ltd.","STrust Co.,Ltd.",,Standard Market(Domestic),Real Estate,不动产业,房地产开发与物业运营,,エストラスト
3284,3284.T,"Hoosiers Holdings Co.,Ltd.",フージャース控股,,Prime Market (Domestic),Real Estate,不动产业,房地产开发与物业运营,,フージャースホールディングス
3286,3286.T,TRUST Holdings Inc.,トラスト控股,,Standard Market(Domestic),Real Estate,不动产业,房地产开发与物业运营,,トラストホールディングス
3288,3288.T,"Open House Group Co.,Ltd.",オープンハウス集团,,Prime Market (Domestic),Real Estate,不动产业,房地产开发与物业运营,,オープンハウスグループ
3289,3289.T,Tokyu Fudosan Holdings Corporation,東急不動産控股,,Prime Market (Domestic),Real Estate,不动产业,房地产开发与物业运营,,東急不動産ホールディングス
3291,3291.T,"Iida Group Holdings Co.,Ltd.",飯田集团控股,,Prime Market (Domestic),Real Estate,不动产业,房地产开发与物业运营,,飯田グループホールディングス
3293,3293.T,"AZUMA HOUSE Co.,Ltd.","AZUMA HOUSE Co.,Ltd.",,Standard Market(Domestic),Real Estate,不动产业,房地产开发与物业运营,,アズマハウス
3297,3297.T,"Toubujyuhan Co.,Ltd.",東武住販,,Standard Market(Domestic),Real Estate,不动产业,房地产开发与物业运营,,東武住販
3299,3299.T,"MUGEN ESTATE Co.,Ltd.","MUGEN ESTATE Co.,Ltd.",,Standard Market(Domestic),Real Estate,不动产业,房地产开发与物业运营,,ムゲンエステート
3300,3300.T,"AMBITION DX HOLDINGS Co.,Ltd.",アンビション ＤＸ 控股,,Growth Market(Domestic),Real Estate,不动产业,房地产开发与物业运营,,アンビション　ＤＸ　ホールディングス
3302,3302.T,"TEIKOKU SEN-I Co.,Ltd.",帝国繊維,,Prime Market (Domestic),Textiles and Apparels,纤维制品,纺织、服装与生活消费品（具体品类待核验）,,帝国繊維
3306,3306.T,"THE NIHON SEIMA CO.,LTD.",日本製麻,,Standard Market(Domestic),Wholesale Trade,批发业,批发贸易/综合商社,,日本製麻
0330,330.T,TalentX Inc.,TalentX Inc.,,Growth Market(Domestic),Information & Communication,信息通信,通信、网络设备与通信服务,10601.62,ＴａｌｅｎｔＸ
3315,3315.T,"NIPPON COKE & ENGINEERING COMPANY,LIMITED",日本コークス工業,,Prime Market (Domestic),Oil and Coal Products,石油煤炭制品,石油炼化、燃料与石化产品（具体品类待核验）,,日本コークス工業
3317,3317.T,"FLYING GARDEN CO.,LTD.","FLYING GARDEN CO.,LTD.",,Standard Market(Domestic),Retail Trade,零售业,零售与消费品渠道,,フライングガーデン
0331,331.T,Medix Inc.,Medix Inc.,,Standard Market(Domestic),Services,服务业,专业服务、消费服务与商业服务（具体业务待核验）,10601.62,メディックス
3320,3320.T,CROSS PLUS INC.,CROSS PLUS INC.,,Standard Market(Domestic),Wholesale Trade,批发业,批发贸易/综合商社,,クロスプラス
3321,3321.T,"MITACHI CO.,LTD.",ミタチ工业,,Standard Market(Domestic),Wholesale Trade,批发业,批发贸易/综合商社,10601.62,ミタチ産業
3323,3323.T,"RECOMM CO.,LTD.","RECOMM CO.,LTD.",,Standard Market(Domestic),Wholesale Trade,批发业,批发贸易/综合商社,,レカム
3326,3326.T,"RUNSYSTEM CO.,LTD.",ラン系统,,Standard Market(Domestic),Services,服务业,专业服务、消费服务与商业服务（具体业务待核验）,,ランシステム
3329,3329.T,"TOWA FOOD SERVICE CO.,LTD.",東和食品服务,,Standard Market(Domestic),Retail Trade,零售业,餐饮服务,,東和フードサービス
0332,332.T,MEEQ Inc.,MEEQ Inc.,,Growth Market(Domestic),Information & Communication,信息通信,通信、网络设备与通信服务,10601.62,ミーク
3333,3333.T,"ASAHI CO.,LTD.","ASAHI CO.,LTD.",,Prime Market (Domestic),Retail Trade,零售业,零售与消费品渠道,,あさひ
3349,3349.T,COSMOS Pharmaceutical Corporation,コスモス薬品,,Prime Market (Domestic),Retail Trade,零售业,零售与消费品渠道,,コスモス薬品
0334,334.T,"Visual Processing Japan Co.,Ltd.","Visual Processing Japan Co.,Ltd.",,Growth Market(Domestic),Information & Communication,信息通信,通信、网络设备与通信服务,10601.62,ビジュアル・プロセッシング・ジャパン
3350,3350.T,Metaplanet Inc.,Metaplanet Inc.,,Standard Market(Domestic),Wholesale Trade,批发业,批发贸易/综合商社,10601.62,メタプラネット
3352,3352.T,"BUFFALO CO.,LTD.","BUFFALO CO.,LTD.",,Standard Market(Domestic),Retail Trade,零售业,零售与消费品渠道,,バッファロー
3353,3353.T,"Medical Ikkou Group Co.,Ltd.",医疗一光集团,,Standard Market(Domestic),Retail Trade,零售业,零售与消费品渠道,,メディカル一光グループ
3355,3355.T,KURIYAMA HOLDINGS CORPORATION,クリヤマ控股,,Standard Market(Domestic),Wholesale Trade,批发业,批发贸易/综合商社,,クリヤマホールディングス
3358,3358.T,"Trailhead Global Holdings,Inc.","Trailhead Global 控股,Inc.",,Standard Market(Domestic),Retail Trade,零售业,零售与消费品渠道,,Ｔｒａｉｌｈｅａｄ　Ｇｌｏｂａｌ　Ｈｏｌｄｉｎｇｓ
3359,3359.T,"cotta CO.,LTD","cotta CO.,LTD",,Growth Market(Domestic),Wholesale Trade,批发业,批发贸易/综合商社,,ｃｏｔｔａ
0335,335.T,Mirairo Inc.,Mirairo Inc.,,Growth Market(Domestic),Information & Communication,信息通信,通信、网络设备与通信服务,10601.62,ミライロ
3360,3360.T,"SHIP HEALTHCARE HOLDINGS,INC.",シップヘルスケア控股,,Prime Market (Domestic),Wholesale Trade,批发业,批发贸易/综合商社,,シップヘルスケアホールディングス
3361,3361.T,"Toell Co.,Ltd.","Toell Co.,Ltd.",,Standard Market(Domestic),Retail Trade,零售业,零售与消费品渠道,,トーエル
0336,336.T,"Dynamic Map Platform Co.,Ltd.","Dynamic Map Platform Co.,Ltd.",,Growth Market(Domestic),Information & Communication,信息通信,通信、网络设备与通信服务,10601.62,ダイナミックマッププラットフォーム
3370,3370.T,"FUJITA CORPORATION Co.,Ltd.",フジタ公司,,Standard Market(Domestic),Retail Trade,零售业,零售与消费品渠道,,フジタコーポレーション
3371,3371.T,SOFTCREATE HOLDINGS CORP.,ソフトクリエイト控股,,Prime Market (Domestic),Information & Communication,信息通信,通信、网络设备与通信服务,,ソフトクリエイトホールディングス
3372,3372.T,"KANMONKAI Co.,Ltd.",関門海,,Standard Market(Domestic),Retail Trade,零售业,零售与消费品渠道,,関門海
3374,3374.T,Naigai Tec Corporation,内外テック,,Standard Market(Domestic),Wholesale Trade,批发业,批发贸易/综合商社,,内外テック
3375,3375.T,ZOA CORPORATION,ZOA 公司,,Standard Market(Domestic),Retail Trade,零售业,零售与消费品渠道,,ＺＯＡ
3377,3377.T,BIKE O & COMPANY Ltd.,バイク王＆カンパニー,,Standard Market(Domestic),Wholesale Trade,批发业,批发贸易/综合商社,,バイク王＆カンパニー
3382,3382.T,"Seven & i Holdings Co.,Ltd.",7&I控股,,Prime Market (Domestic),Retail Trade,零售业,零售与消费品渠道,10601.62,セブン＆アイ・ホールディングス
3386,3386.T,"COSMO BIO COMPANY,LIMITED",コスモ・生物,,Standard Market(Domestic),Wholesale Trade,批发业,批发贸易/综合商社,,コスモ・バイオ
3387,3387.T,create restaurants holdings inc.,クリエイト・餐饮ツ・控股,,Prime Market (Domestic),Retail Trade,零售业,餐饮服务,10601.62,クリエイト・レストランツ・ホールディングス
3388,3388.T,"MEIJI ELECTRIC INDUSTRIES CO.,LTD.",明治電機工業,,Prime Market (Domestic),Wholesale Trade,批发业,批发贸易/综合商社,,明治電機工業
0338,338.T,"ZenmuTech,Inc.","ZenmuTech,Inc.",,Growth Market(Domestic),Information & Communication,信息通信,通信、网络设备与通信服务,,ＺｅｎｍｕＴｅｃｈ
3391,3391.T,TSURUHA HOLDINGS INC.,ツルハ控股,,Prime Market (Domestic),Retail Trade,零售业,零售与消费品渠道,10601.62,ツルハホールディングス
3392,3392.T,"DELICA FOODS HOLDINGS CO.,LTD.",デリカフーズ控股,,Standard Market(Domestic),Wholesale Trade,批发业,批发贸易/综合商社,,デリカフーズホールディングス
3393,3393.T,"Startia Holdings,Inc.",スターティア控股,,Prime Market (Domestic),Wholesale Trade,批发业,批发贸易/综合商社,,スターティアホールディングス
3395,3395.T,"Saint Marc Holdings Co.,Ltd.",サンマルク控股,,Prime Market (Domestic),Retail Trade,零售业,零售与消费品渠道,,サンマルクホールディングス
3396,3396.T,FELISSIMO CORPORATION,FELISSIMO 公司,,Standard Market(Domestic),Retail Trade,零售业,零售与消费品渠道,,フェリシモ
3397,3397.T,TORIDOLL Holdings Corporation,トリドール控股,,Prime Market (Domestic),Retail Trade,零售业,零售与消费品渠道,,トリドールホールディングス
3399,3399.T,Maruchiyo Yamaokaya Corporation,丸千代山岡家,,Standard Market(Domestic),Retail Trade,零售业,零售与消费品渠道,,丸千代山岡家
0339,339.T,"PROGRESS TECHNOLOGIES GROUP,Inc.",プログレス・科技 集团,,Growth Market(Domestic),Services,服务业,专业服务、消费服务与商业服务（具体业务待核验）,,プログレス・テクノロジーズ　グループ
3401,3401.T,TEIJIN LIMITED,帝人,,Prime Market (Domestic),Textiles and Apparels,纤维制品,纺织、服装与生活消费品（具体品类待核验）,,帝人
3402,3402.T,"TORAY INDUSTRIES,INC.",東レ,,Prime Market (Domestic),Textiles and Apparels,纤维制品,纺织、服装与生活消费品（具体品类待核验）,,東レ
3405,3405.T,"KURARAY CO.,LTD.","KURARAY CO.,LTD.",,Prime Market (Domestic),Chemicals,化学,基础化工/特种化学品（具体品类待核验）,,クラレ
3407,3407.T,ASAHI KASEI CORPORATION,旭化成,,Prime Market (Domestic),Chemicals,化学,基础化工/特种化学品（具体品类待核验）,,旭化成
3409,3409.T,"KITABO CO.,LTD",北紡,,Standard Market(Domestic),Textiles and Apparels,纤维制品,纺织、服装与生活消费品（具体品类待核验）,,北紡
0340,340.T,"zig-zag,Inc.","zig-zag,Inc.",,Growth Market(Domestic),Information & Communication,信息通信,通信、网络设备与通信服务,,ジグザグ
3415,3415.T,"TOKYO BASE Co.,Ltd.","TOKYO BASE Co.,Ltd.",,Prime Market (Domestic),Retail Trade,零售业,零售与消费品渠道,,ＴＯＫＹＯ　ＢＡＳＥ
3416,3416.T,PIXTA Inc.,PIXTA Inc.,,Standard Market(Domestic),Retail Trade,零售业,零售与消费品渠道,,ピクスタ
3417,3417.T,"OHKI HEALTHCARE HOLDINGS CO.,LTD.",大木ヘルスケア控股,,Standard Market(Domestic),Wholesale Trade,批发业,批发贸易/综合商社,,大木ヘルスケアホールディングス
3418,3418.T,"BALNIBARBI Co.,Ltd.","BALNIBARBI Co.,Ltd.",,Growth Market(Domestic),Retail Trade,零售业,零售与消费品渠道,,バルニバービ
0341,341.T,TOYOKOH Inc.,TOYOKOH Inc.,,Growth Market(Domestic),Construction,建设业,建筑工程、建材与房地产相关工程（具体业务待核验）,,トヨコー
3420,3420.T,KFC Ltd,KFC Ltd,,Standard Market(Domestic),Metal Products,金属制品,金属制品、零部件与加工（具体产品待核验）,,ケー・エフ・シー
3421,3421.T,"INABA SEISAKUSHO Co.,Ltd.",稲葉制作所,,Standard Market(Domestic),Metal Products,金属制品,金属制品、零部件与加工（具体产品待核验）,,稲葉製作所
3422,3422.T,"J-MAX Co.,Ltd.","J-MAX Co.,Ltd.",,Standard Market(Domestic),Metal Products,金属制品,金属制品、零部件与加工（具体产品待核验）,,Ｊ－ＭＡＸ
3423,3423.T,S E Corporation,S E 公司,,Standard Market(Domestic),Metal Products,金属制品,金属制品、零部件与加工（具体产品待核验）,,エスイー
3426,3426.T,"ATOM LIVIN TECH Co.,Ltd.","ATOM LIVIN TECH Co.,Ltd.",,Standard Market(Domestic),Metal Products,金属制品,金属制品、零部件与加工（具体产品待核验）,,アトムリビンテック
3431,3431.T,"MIYAJI ENGINEERING GROUP,INC.",宮地工程集团,,Prime Market (Domestic),Metal Products,金属制品,金属制品、零部件与加工（具体产品待核验）,,宮地エンジニアリンググループ
3433,3433.T,"TOCALO Co.,Ltd.","TOCALO Co.,Ltd.",,Prime Market (Domestic),Metal Products,金属制品,金属制品、零部件与加工（具体产品待核验）,,トーカロ
3434,3434.T,ALPHA Corporation,ALPHA 公司,,Standard Market(Domestic),Metal Products,金属制品,金属制品、零部件与加工（具体产品待核验）,,アルファＣｏ
3435,3435.T,"SANKO TECHNO CO.,LTD.","SANKO TECHNO CO.,LTD.",,Standard Market(Domestic),Metal Products,金属制品,金属制品、零部件与加工（具体产品待核验）,,サンコーテクノ
3436,3436.T,SUMCO CORPORATION,SUMCO 公司,,Prime Market (Domestic),Metal Products,金属制品,金属制品、零部件与加工（具体产品待核验）,10601.62,ＳＵＭＣＯ
3437,3437.T,"TOKUDEN CO.,LTD.",特殊電極,,Standard Market(Domestic),Metal Products,金属制品,金属制品、零部件与加工（具体产品待核验）,,特殊電極
3439,3439.T,Mitsuchi Corporation,三ツ知,,Standard Market(Domestic),Metal Products,金属制品,金属制品、零部件与加工（具体产品待核验）,,三ツ知
0343,343.T,IACE TRAVEL Corporation.,IACE TRAVEL 公司.,,Standard Market(Domestic),Services,服务业,酒店、旅游与休闲服务,10601.62,ＩＡＣＥトラベル
3440,3440.T,"NISSO GROUP Co.,Ltd.",日創集团,,Standard Market(Domestic),Metal Products,金属制品,金属制品、零部件与加工（具体产品待核验）,,日創グループ
3441,3441.T,"SANNO Co.,Ltd.",山王,,Standard Market(Domestic),Metal Products,金属制品,金属制品、零部件与加工（具体产品待核验）,,山王
3443,3443.T,"KAWADA TECHNOLOGIES,INC.",川田科技,,Prime Market (Domestic),Metal Products,金属制品,金属制品、零部件与加工（具体产品待核验）,,川田テクノロジーズ
3444,3444.T,"KIKUCHI SEISAKUSHO CO.,LTD.",菊池制作所,,Standard Market(Domestic),Metal Products,金属制品,金属制品、零部件与加工（具体产品待核验）,,菊池製作所
3445,3445.T,"RS Technologies Co.,Ltd.","RS 科技 Co.,Ltd.",,Prime Market (Domestic),Metal Products,金属制品,金属制品、零部件与加工（具体产品待核验）,,ＲＳ　Ｔｅｃｈｎｏｌｏｇｉｅｓ
3446,3446.T,JTEC CORPORATION,ジェイテック公司,,Standard Market(Domestic),Metal Products,金属制品,金属制品、零部件与加工（具体产品待核验）,10601.62,ジェイテックコーポレーション
3447,3447.T,"Shinwa Co.,Ltd.",信和,,Standard Market(Domestic),Metal Products,金属制品,金属制品、零部件与加工（具体产品待核验）,10601.62,信和
3449,3449.T,TECHNOFLEX CORPORATION,TECHNOFLEX 公司,,Standard Market(Domestic),Metal Products,金属制品,金属制品、零部件与加工（具体产品待核验）,,テクノフレックス
3452,3452.T,B-Lot Company Limited,B-Lot Company Limited,,Standard Market(Domestic),Real Estate,不动产业,房地产开发与物业运营,,ビーロット
3454,3454.T,"First Brothers Co.,Ltd.","First Brothers Co.,Ltd.",,Standard Market(Domestic),Real Estate,不动产业,房地产开发与物业运营,,ファーストブラザーズ
3457,3457.T,"&Do Holdings Co.,Ltd.",Ａｎｄ Ｄｏ控股,,Prime Market (Domestic),Real Estate,不动产业,房地产开发与物业运营,,Ａｎｄ　Ｄｏホールディングス
3461,3461.T,"Palma Co.,Ltd.","Palma Co.,Ltd.",,Standard Market(Domestic),Real Estate,不动产业,房地产开发与物业运营,,パルマ
3465,3465.T,"KI-STAR REAL ESTATE CO.,LTD",ケイアイスター不動産,,Prime Market (Domestic),Real Estate,不动产业,房地产开发与物业运营,,ケイアイスター不動産
3467,3467.T,Agratio urban design Inc.,アグレ都市デザイン,,Standard Market(Domestic),Real Estate,不动产业,房地产开发与物业运营,,アグレ都市デザイン
3469,3469.T,"Dualtap Co.,Ltd.","Dualtap Co.,Ltd.",,Standard Market(Domestic),Real Estate,不动产业,房地产开发与物业运营,,デュアルタップ
3474,3474.T,"G-FACTORY CO.,LTD.","G-FACTORY CO.,LTD.",,Growth Market(Domestic),Real Estate,不动产业,房地产开发与物业运营,,Ｇ－ＦＡＣＴＯＲＹ
3475,3475.T,"Good Com Asset Co.,Ltd.",グッドコム资产,,Prime Market (Domestic),Real Estate,不动产业,房地产开发与物业运营,,グッドコムアセット
3477,3477.T,"FORLIFE Co.,Ltd.","FORLIFE Co.,Ltd.",,Standard Market(Domestic),Real Estate,不动产业,房地产开发与物业运营,,フォーライフ
3479,3479.T,TKP Corporation,TKP 公司,,Growth Market(Domestic),Real Estate,不动产业,房地产开发与物业运营,,ＴＫＰ
3482,3482.T,Loadstar Capital K.K.,ロードスター资本,,Prime Market (Domestic),Real Estate,不动产业,房地产开发与物业运营,,ロードスターキャピタル
3484,3484.T,"Innovation Holdings CO.,LTD.",イノベーション控股,,Standard Market(Domestic),Real Estate,不动产业,房地产开发与物业运营,,イノベーションホールディングス
3486,3486.T,GLOBAL LINK MANAGEMENT INC.,GLOBAL LINK MANAGEMENT INC.,,Prime Market (Domestic),Real Estate,不动产业,房地产开发与物业运营,,グローバル・リンク・マネジメント
3489,3489.T,"FaithNetwork Co.,Ltd",フェイス网络,,Standard Market(Domestic),Real Estate,不动产业,房地产开发与物业运营,,フェイスネットワーク
3490,3490.T,"Azplanning Co.,Ltd.",アズ企画設計,,Standard Market(Domestic),Real Estate,不动产业,房地产开发与物业运营,,アズ企画設計
3491,3491.T,"GAtechnologies Co.,Ltd.","GAtechnologies Co.,Ltd.",,Growth Market(Domestic),Real Estate,不动产业,房地产开发与物业运营,,ＧＡ　ｔｅｃｈｎｏｌｏｇｉｅｓ
3494,3494.T,"Mullion Co.,Ltd.","Mullion Co.,Ltd.",,Standard Market(Domestic),Real Estate,不动产业,房地产开发与物业运营,,マリオン
3495,3495.T,"Koryojyuhan Co.,Ltd.",香陵住販,,Standard Market(Domestic),Real Estate,不动产业,房地产开发与物业运营,,香陵住販
3496,3496.T,"AZOOM CO.,LTD","AZOOM CO.,LTD",,Prime Market (Domestic),Real Estate,不动产业,房地产开发与物业运营,,アズーム
3498,3498.T,"Kasumigaseki Capital Co.,Ltd.",霞ヶ関资本,,Prime Market (Domestic),Real Estate,不动产业,房地产开发与物业运营,10601.62,霞ヶ関キャピタル
3501,3501.T,"SUMINOE Co.,Ltd.","SUMINOE Co.,Ltd.",,Prime Market (Domestic),Textiles and Apparels,纤维制品,纺织、服装与生活消费品（具体品类待核验）,,ＳＵＭＩＮＯＥ
0350,350.T,DIGITAL GRID Corporation,数字グリッド,,Growth Market(Domestic),Electric Power and Gas,电力燃气,电子设备/电气设备（具体产品待核验）,,デジタルグリッド
3512,3512.T,Nippon Felt Company Limited,日本フエルト,,Standard Market(Domestic),Textiles and Apparels,纤维制品,纺织、服装与生活消费品（具体品类待核验）,,日本フエルト
3513,3513.T,"ICHIKAWA CO.,LTD.","ICHIKAWA CO.,LTD.",,Standard Market(Domestic),Textiles and Apparels,纤维制品,纺织、服装与生活消费品（具体品类待核验）,,イチカワ
3521,3521.T,"THERMAE-YU HOLDINGS CO.,LTD.",テルマー湯控股,,Standard Market(Domestic),Services,服务业,专业服务、消费服务与商业服务（具体业务待核验）,,テルマー湯ホールディングス
3524,3524.T,"NITTO SEIMO CO.,LTD.",日東製網,,Standard Market(Domestic),Textiles and Apparels,纤维制品,纺织、服装与生活消费品（具体品类待核验）,,日東製網
3529,3529.T,"ATSUGI CO.,LTD.","ATSUGI CO.,LTD.",,Standard Market(Domestic),Textiles and Apparels,纤维制品,纺织、服装与生活消费品（具体品类待核验）,,アツギ
0352,352.T,"LOIVE Co.,Ltd.","LOIVE Co.,Ltd.",,Growth Market(Domestic),Services,服务业,专业服务、消费服务与商业服务（具体业务待核验）,10601.62,ＬＯＩＶＥ
3536,3536.T,"AXAS HOLDINGS CO.,LTD.",アクサス控股,,Standard Market(Domestic),Retail Trade,零售业,零售与消费品渠道,,アクサスホールディングス
3537,3537.T,"SHOEI YAKUHIN CO.,LTD.",昭栄薬品,,Standard Market(Domestic),Wholesale Trade,批发业,批发贸易/综合商社,10601.62,昭栄薬品
3538,3538.T,WILLPLUS Holdings Corporation,ウイルプラス控股,,Standard Market(Domestic),Retail Trade,零售业,零售与消费品渠道,,ウイルプラスホールディングス
3539,3539.T,"JM HOLDINGS CO.,LTD.",ＪＭ控股,,Prime Market (Domestic),Retail Trade,零售业,零售与消费品渠道,,ＪＭホールディングス
3542,3542.T,"Vega corporation Co.,Ltd.",ベガ公司,,Growth Market(Domestic),Retail Trade,零售业,零售与消费品渠道,,ベガコーポレーション
3543,3543.T,"KOMEDA Holdings Co.,Ltd.",コメダ控股,,Prime Market (Domestic),Wholesale Trade,批发业,批发贸易/综合商社,,コメダホールディングス
3544,3544.T,"SATUDORA HOLDINGS CO.,LTD.",サツドラ控股,,Standard Market(Domestic),Retail Trade,零售业,零售与消费品渠道,,サツドラホールディングス
3547,3547.T,UNISIA HOLDINGS CO.,ユニシア控股,,Standard Market(Domestic),Retail Trade,零售业,零售与消费品渠道,,ユニシアホールディングス
3548,3548.T,BAROQUE JAPAN LIMITED,BAROQUE JAPAN LIMITED,,Prime Market (Domestic),Retail Trade,零售业,零售与消费品渠道,,バロックジャパンリミテッド
3549,3549.T,"KUSURI NO AOKI HOLDINGS CO.,LTD.",クスリのアオキ控股,,Standard Market(Domestic),Retail Trade,零售业,零售与消费品渠道,10601.62,クスリのアオキホールディングス
3550,3550.T,"STUDIO ATAO Co.,Ltd.","STUDIO ATAO Co.,Ltd.",,Growth Market(Domestic),Retail Trade,零售业,零售与消费品渠道,,スタジオアタオ
3551,3551.T,DYNIC CORPORATION,DYNIC 公司,,Standard Market(Domestic),Textiles and Apparels,纤维制品,纺织、服装与生活消费品（具体品类待核验）,,ダイニック
3553,3553.T,"KYOWA LEATHER CLOTH CO.,LTD.",共和レザー,,Standard Market(Domestic),Chemicals,化学,基础化工/特种化学品（具体品类待核验）,,共和レザー
3556,3556.T,"RenetJapanGroup,Inc.",リネットジャパン集团,,Growth Market(Domestic),Retail Trade,零售业,零售与消费品渠道,,リネットジャパングループ
3557,3557.T,UNITED&COLLECTIVE CO.LTD.,UNITED&COLLECTIVE CO.LTD.,,Growth Market(Domestic),Retail Trade,零售业,零售与消费品渠道,10601.62,ユナイテッド＆コレクティブ
3558,3558.T,"JADE GROUP,Inc.",ジェイド集团,,Growth Market(Domestic),Retail Trade,零售业,零售与消费品渠道,,ジェイドグループ
3559,3559.T,p-ban.com Corp.,p-ban.com Corp.,,Standard Market(Domestic),Wholesale Trade,批发业,批发贸易/综合商社,,ピーバンドットコム
3560,3560.T,"Hobonichi Co.,Ltd.",ほぼ日,,Standard Market(Domestic),Retail Trade,零售业,零售与消费品渠道,,ほぼ日
3561,3561.T,"CHIKARANOMOTO HOLDINGS Co.,Ltd.",力の源控股,,Prime Market (Domestic),Retail Trade,零售业,零售与消费品渠道,,力の源ホールディングス
3562,3562.T,"No.1 Co.,Ltd","No.1 Co.,Ltd",,Standard Market(Domestic),Wholesale Trade,批发业,批发贸易/综合商社,,Ｎｏ．１
3563,3563.T,FOOD & LIFE COMPANIES LTD.,FOOD & LIFE COMPANIES LTD.,,Prime Market (Domestic),Retail Trade,零售业,零售与消费品渠道,10601.62,ＦＯＯＤ　＆　ＬＩＦＥ　ＣＯＭＰＡＮＩＥＳ
3565,3565.T,Ascentech K.K.,Ascentech K.K.,,Standard Market(Domestic),Wholesale Trade,批发业,批发贸易/综合商社,,アセンテック
3566,3566.T,"UNIFORM NEXT CO.,LTD.","UNIFORM NEXT CO.,LTD.",,Growth Market(Domestic),Retail Trade,零售业,零售与消费品渠道,10601.62,ユニフォームネクスト
3569,3569.T,"SEIREN CO.,LTD.","SEIREN CO.,LTD.",,Prime Market (Domestic),Textiles and Apparels,纤维制品,纺织、服装与生活消费品（具体品类待核验）,10601.62,セーレン
3571,3571.T,"SOTOH CO.,LTD.","SOTOH CO.,LTD.",,Standard Market(Domestic),Textiles and Apparels,纤维制品,纺织、服装与生活消费品（具体品类待核验）,,ソトー
3577,3577.T,Tokai Senko K.K.,東海染工,,Standard Market(Domestic),Textiles and Apparels,纤维制品,纺织、服装与生活消费品（具体品类待核验）,,東海染工
3580,3580.T,"KOMATSU MATERE Co.,Ltd.",小松マテーレ,,Prime Market (Domestic),Textiles and Apparels,纤维制品,纺织、服装与生活消费品（具体品类待核验）,,小松マテーレ
3583,3583.T,AuBEX CORPORATION,AuBEX 公司,,Standard Market(Domestic),Textiles and Apparels,纤维制品,纺织、服装与生活消费品（具体品类待核验）,,オーベクス
3591,3591.T,WACOAL HOLDINGS CORP.,ワコール控股,,Prime Market (Domestic),Textiles and Apparels,纤维制品,纺织、服装与生活消费品（具体品类待核验）,,ワコールホールディングス
3597,3597.T,"JICHODO Co.,Ltd.",自重堂,,Standard Market(Domestic),Textiles and Apparels,纤维制品,纺织、服装与生活消费品（具体品类待核验）,,自重堂
3598,3598.T,"YAMAKI CO.,LTD.",山喜,,Standard Market(Domestic),Textiles and Apparels,纤维制品,纺织、服装与生活消费品（具体品类待核验）,,山喜
3600,3600.T,FUJIX Ltd.,FUJIX Ltd.,,Standard Market(Domestic),Textiles and Apparels,纤维制品,纺织、服装与生活消费品（具体品类待核验）,,フジックス
3607,3607.T,"KURAUDIA HOLDINGS CO.,LTD.",クラウディア控股,,Standard Market(Domestic),Textiles and Apparels,纤维制品,纺织、服装与生活消费品（具体品类待核验）,,クラウディアホールディングス
3608,3608.T,"TSI HOLDINGS CO.,LTD.",ＴＳＩ控股,,Prime Market (Domestic),Textiles and Apparels,纤维制品,纺织、服装与生活消费品（具体品类待核验）,10601.62,ＴＳＩホールディングス
3611,3611.T,MATSUOKA CORPORATION,マツオカ公司,,Standard Market(Domestic),Textiles and Apparels,纤维制品,纺织、服装与生活消费品（具体品类待核验）,,マツオカコーポレーション
3612,3612.T,"WORLD CO.,LTD.","WORLD CO.,LTD.",,Prime Market (Domestic),Textiles and Apparels,纤维制品,纺织、服装与生活消费品（具体品类待核验）,10601.62,ワールド
3622,3622.T,Netyear Group Corporation,ネットイヤー集团,,Standard Market(Domestic),Information & Communication,信息通信,通信、网络设备与通信服务,,ネットイヤーグループ
3623,3623.T,Billing System Corporation,ビリング系统,,Growth Market(Domestic),Information & Communication,信息通信,通信、网络设备与通信服务,,ビリングシステム
3624,3624.T,AXEL MARK INC.,AXEL MARK INC.,,Growth Market(Domestic),Information & Communication,信息通信,通信、网络设备与通信服务,,アクセルマーク
3625,3625.T,Techfirm Holdings Inc.,テックファーム控股,,Growth Market(Domestic),Information & Communication,信息通信,通信、网络设备与通信服务,,テックファームホールディングス
3626,3626.T,TISI Inc.,TISI Inc.,,Prime Market (Domestic),Information & Communication,信息通信,通信、网络设备与通信服务,10601.62,ＴＩＳＩ
3627,3627.T,TECMIRA HOLDINGS INC.,テクミラ控股,,Standard Market(Domestic),Information & Communication,信息通信,通信、网络设备与通信服务,,テクミラホールディングス
3628,3628.T,"DATA HORIZON CO.,LTD.",数据ホライゾン,,Growth Market(Domestic),Information & Communication,信息通信,通信、网络设备与通信服务,,データホライゾン
3632,3632.T,"GREE Holdings,Inc.",グリー控股,,Prime Market (Domestic),Information & Communication,信息通信,通信、网络设备与通信服务,10601.62,グリーホールディングス
3633,3633.T,"GMO Pepabo,Inc.","GMO Pepabo,Inc.",,Standard Market(Domestic),Information & Communication,信息通信,通信、网络设备与通信服务,,ＧＭＯペパボ
3634,3634.T,Sockets Inc.,Sockets Inc.,,Standard Market(Domestic),Information & Communication,信息通信,通信、网络设备与通信服务,10601.62,ソケッツ
3635,3635.T,"KOEI TECMO HOLDINGS CO.,LTD.",コーエーテクモ控股,,Prime Market (Domestic),Information & Communication,信息通信,通信、网络设备与通信服务,10601.62,コーエーテクモホールディングス
3636,3636.T,"Mitsubishi Research Institute,Inc.",三菱総合研究所,,Prime Market (Domestic),Information & Communication,信息通信,通信、网络设备与通信服务,,三菱総合研究所
3639,3639.T,Voltage Incorporation,Voltage Incorporation,,Standard Market(Domestic),Information & Communication,信息通信,通信、网络设备与通信服务,,ボルテージ
3640,3640.T,"DENSAN CO.,LTD.",電算,,Standard Market(Domestic),Information & Communication,信息通信,通信、网络设备与通信服务,10601.62,電算
3641,3641.T,"PAPYLESS CO.,LTD.","PAPYLESS CO.,LTD.",,Standard Market(Domestic),Information & Communication,信息通信,通信、网络设备与通信服务,,パピレス
3645,3645.T,"Medical Net,Inc.",医疗ネット,,Standard Market(Domestic),Information & Communication,信息通信,医疗服务与医疗器械,,メディカルネット
3646,3646.T,"Ekitan & Co.,Ltd.",駅探,,Standard Market(Domestic),Information & Communication,信息通信,通信、网络设备与通信服务,,駅探
3647,3647.T,"ASULINA Co.,Ltd.","ASULINA Co.,Ltd.",,Standard Market(Domestic),Information & Communication,信息通信,通信、网络设备与通信服务,,アスリナ
3648,3648.T,AGS Corporation,AGS 公司,,Standard Market(Domestic),Information & Communication,信息通信,通信、网络设备与通信服务,,ＡＧＳ
3649,3649.T,FINDEX Inc.,FINDEX Inc.,,Prime Market (Domestic),Information & Communication,信息通信,通信、网络设备与通信服务,10601.62,ファインデックス
3652,3652.T,Digital Media Professionals Inc.,ディジタル媒体プロフェッショナル,,Growth Market(Domestic),Information & Communication,信息通信,广告、营销与媒体服务,,ディジタルメディアプロフェッショナル
3653,3653.T,"Morpho,Inc.","Morpho,Inc.",,Growth Market(Domestic),Information & Communication,信息通信,通信、网络设备与通信服务,,モルフォ
3656,3656.T,KLab Inc.,KLab Inc.,,Prime Market (Domestic),Information & Communication,信息通信,通信、网络设备与通信服务,,ＫＬａｂ
3657,3657.T,"Pole To Win Holdings,Inc.",ポールトゥウィン控股,,Prime Market (Domestic),Information & Communication,信息通信,通信、网络设备与通信服务,,ポールトゥウィンホールディングス
3659,3659.T,"NEXON Co.,Ltd.","NEXON Co.,Ltd.",,Prime Market (Domestic),Information & Communication,信息通信,通信、网络设备与通信服务,10601.62,ネクソン
0365,365.T,"IZAWA TOWEL CO.,LTD.",伊澤タオル,,Standard Market(Domestic),Textiles and Apparels,纤维制品,纺织、服装与生活消费品（具体品类待核验）,10601.62,伊澤タオル
3660,3660.T,istyle Inc.,istyle Inc.,,Prime Market (Domestic),Information & Communication,信息通信,通信、网络设备与通信服务,,アイスタイル
3661,3661.T,"m-up holdings,Inc.",エムアップ控股,,Prime Market (Domestic),Information & Communication,信息通信,通信、网络设备与通信服务,10601.62,エムアップホールディングス
3662,3662.T,"Ateam Holdings Co.,Ltd.",エイチーム控股,,Prime Market (Domestic),Information & Communication,信息通信,通信、网络设备与通信服务,,エイチームホールディングス
3663,3663.T,"CELSYS,Inc.","CELSYS,Inc.",,Prime Market (Domestic),Information & Communication,信息通信,通信、网络设备与通信服务,,セルシス
3664,3664.T,WIZE INC.,WIZE INC.,,Growth Market(Domestic),Information & Communication,信息通信,通信、网络设备与通信服务,,ＷＩＺＥ
3665,3665.T,Enigmo Inc.,Enigmo Inc.,,Prime Market (Domestic),Information & Communication,信息通信,通信、网络设备与通信服务,,エニグモ
3667,3667.T,"enish,inc.","enish,inc.",,Standard Market(Domestic),Information & Communication,信息通信,通信、网络设备与通信服务,,ｅｎｉｓｈ
3668,3668.T,"COLOPL,Inc.","COLOPL,Inc.",,Prime Market (Domestic),Information & Communication,信息通信,通信、网络设备与通信服务,10601.62,コロプラ
0366,366.T,Wellness Communications Corporation,ウェルネス・通信ズ,,Growth Market(Domestic),Services,服务业,通信、网络设备与通信服务,10601.62,ウェルネス・コミュニケーションズ
3671,3671.T,"SOFTMAX CO.,LTD","SOFTMAX CO.,LTD",,Standard Market(Domestic),Information & Communication,信息通信,通信、网络设备与通信服务,,ソフトマックス
3672,3672.T,AltPlusInc.,AltPlusInc.,,Standard Market(Domestic),Information & Communication,信息通信,通信、网络设备与通信服务,,オルトプラス
3673,3673.T,"Broadleaf Co.,Ltd.","Broadleaf Co.,Ltd.",,Prime Market (Domestic),Information & Communication,信息通信,通信、网络设备与通信服务,,ブロードリーフ
3674,3674.T,"Aucfan Co.,Ltd.","Aucfan Co.,Ltd.",,Growth Market(Domestic),Information & Communication,信息通信,通信、网络设备与通信服务,,オークファン
3675,3675.T,Cross Marketing Group Inc.,クロス・マーケティング集团,,Standard Market(Domestic),Information & Communication,信息通信,广告、营销与媒体服务,,クロス・マーケティンググループ
3676,3676.T,"DIGITAL HEARTS HOLDINGS Co.,Ltd.",数字ハーツ控股,,Prime Market (Domestic),Information & Communication,信息通信,通信、网络设备与通信服务,,デジタルハーツホールディングス
3678,3678.T,"MEDIA DO Co.,Ltd.",媒体ドゥ,,Prime Market (Domestic),Information & Communication,信息通信,广告、营销与媒体服务,10601.62,メディアドゥ
3679,3679.T,"ZIGExN Co.,Ltd.","ZIGExN Co.,Ltd.",,Prime Market (Domestic),Information & Communication,信息通信,通信、网络设备与通信服务,,じげん
0367,367.T,"Primo Global Holdings Co.,Ltd.",プリモグローバル控股,,Standard Market(Domestic),Retail Trade,零售业,零售与消费品渠道,10601.62,プリモグローバルホールディングス
3680,3680.T,Hotto Link Inc.,Hotto Link Inc.,,Growth Market(Domestic),Information & Communication,信息通信,通信、网络设备与通信服务,10601.62,ホットリンク
3682,3682.T,"Encourage Technologies Co.,Ltd.","Encourage 科技 Co.,Ltd.",,Standard Market(Domestic),Information & Communication,信息通信,通信、网络设备与通信服务,,エンカレッジ・テクノロジ
3683,3683.T,"CYBERLINKS CO.,LTD.","CYBERLINKS CO.,LTD.",,Standard Market(Domestic),Information & Communication,信息通信,通信、网络设备与通信服务,,サイバーリンクス
3686,3686.T,DLE Inc.,DLE Inc.,,Standard Market(Domestic),Information & Communication,信息通信,通信、网络设备与通信服务,,ディー・エル・イー
3687,3687.T,Fixstars Corporation,Fixstars 公司,,Prime Market (Domestic),Information & Communication,信息通信,通信、网络设备与通信服务,10601.62,フィックスターズ
0368,368.T,Kitazato Corporation,北里,,Prime Market (Domestic),Precision Instruments,精密仪器,精密仪器与光学设备,10601.62,北里
3690,3690.T,YRGLM Inc.,YRGLM Inc.,,Standard Market(Domestic),Information & Communication,信息通信,通信、网络设备与通信服务,,イルグルム
3691,3691.T,"DIGITAL PLUS,Inc.",数字プラス,,Growth Market(Domestic),Information & Communication,信息通信,通信、网络设备与通信服务,,デジタルプラス
3692,3692.T,"FFRI Security,Inc.","FFRI Security,Inc.",,Growth Market(Domestic),Information & Communication,信息通信,通信、网络设备与通信服务,,ＦＦＲＩセキュリティ
3694,3694.T,OPTiM CORPORATION,OPTiM 公司,,Prime Market (Domestic),Information & Communication,信息通信,通信、网络设备与通信服务,,オプティム
3695,3695.T,"GMO Product Platform,Inc.","GMO Product Platform,Inc.",,Growth Market(Domestic),Information & Communication,信息通信,通信、网络设备与通信服务,,ＧＭＯプロダクトプラットフォーム
3696,3696.T,CERES INC.,CERES INC.,,Prime Market (Domestic),Information & Communication,信息通信,通信、网络设备与通信服务,10601.62,セレス
3697,3697.T,SHIFT Inc.,SHIFT Inc.,,Prime Market (Domestic),Information & Communication,信息通信,通信、网络设备与通信服务,520.53,ＳＨＩＦＴ
3698,3698.T,"CRI Middleware Co.,Ltd.","CRI Middleware Co.,Ltd.",,Standard Market(Domestic),Information & Communication,信息通信,通信、网络设备与通信服务,,ＣＲＩ・ミドルウェア
0369,369.T,"A-tie Co.,Ltd.","A-tie Co.,Ltd.",,Growth Market(Domestic),Services,服务业,专业服务、消费服务与商业服务（具体业务待核验）,10601.62,エータイ
3708,3708.T,"Tokushu Tokai Paper Co.,Ltd.",特種東海製紙,,Prime Market (Domestic),Pulp and Paper,纸浆纸业,纸浆、纸品与包装材料（具体品类待核验）,,特種東海製紙
3710,3710.T,"Jorudan Co.,Ltd.","Jorudan Co.,Ltd.",,Standard Market(Domestic),Information & Communication,信息通信,通信、网络设备与通信服务,,ジョルダン
3712,3712.T,"Information Planning CO.,LTD.",情報企画,,Standard Market(Domestic),Information & Communication,信息通信,通信、网络设备与通信服务,,情報企画
3719,3719.T,"AI storm Co.,Ltd.","AI storm Co.,Ltd.",,Standard Market(Domestic),Information & Communication,信息通信,通信、网络设备与通信服务,,ＡＩストーム
3723,3723.T,NIHON FALCOM CORPORATION,日本ファルコム,,Growth Market(Domestic),Information & Communication,信息通信,通信、网络设备与通信服务,,日本ファルコム
3726,3726.T,"4Cs HD Co.,Ltd.","4Cs HD Co.,Ltd.",,Standard Market(Domestic),Retail Trade,零售业,零售与消费品渠道,,フォーシーズＨＤ
3727,3727.T,Aplix Corporation,Aplix 公司,,Growth Market(Domestic),Information & Communication,信息通信,通信、网络设备与通信服务,,アプリックス
0372,372.T,RENT CORPORATION,RENT 公司,,Standard Market(Domestic),Services,服务业,专业服务、消费服务与商业服务（具体业务待核验）,,レント
3733,3733.T,"Software Service,Inc.",软件・服务,,Standard Market(Domestic),Information & Communication,信息通信,软件/IT服务/系统集成,,ソフトウェア・サービス
0373,373.T,"LIPPS CO.,LTD","LIPPS CO.,LTD",,Growth Market(Domestic),Chemicals,化学,基础化工/特种化学品（具体品类待核验）,,リップス
3741,3741.T,"Systems Engineering Consultants Co.,LTD.","系统 工程 Consultants Co.,LTD.",,Prime Market (Domestic),Information & Communication,信息通信,通信、网络设备与通信服务,,セック
3744,3744.T,SIOS Corporation,SIOS 公司,,Standard Market(Domestic),Information & Communication,信息通信,通信、网络设备与通信服务,,サイオス
3747,3747.T,"INTERTRADE Co.,Ltd.","INTERTRADE Co.,Ltd.",,Standard Market(Domestic),Information & Communication,信息通信,通信、网络设备与通信服务,,インタートレード
3750,3750.T,ADR Biomedical Holdings Inc.,ＡＤＲ生物医疗控股,,Standard Market(Domestic),Information & Communication,信息通信,医疗服务与医疗器械,,ＡＤＲバイオメディカルホールディングス
3753,3753.T,FLIGHT SOLUTIONS Inc.,フライト解决方案,,Standard Market(Domestic),Information & Communication,信息通信,通信、网络设备与通信服务,,フライトソリューションズ
3758,3758.T,Aeria Inc.,Aeria Inc.,,Standard Market(Domestic),Information & Communication,信息通信,通信、网络设备与通信服务,,アエリア
3760,3760.T,"CAVE Interactive CO.,LTD.","CAVE Interactive CO.,LTD.",,Standard Market(Domestic),Information & Communication,信息通信,通信、网络设备与通信服务,,ケイブ
3762,3762.T,TECHMATRIX CORPORATION,TECHMATRIX 公司,,Prime Market (Domestic),Information & Communication,信息通信,通信、网络设备与通信服务,,テクマトリックス
3763,3763.T,Pro-Ship Incorporated,Pro-Ship Incorporated,,Prime Market (Domestic),Information & Communication,信息通信,通信、网络设备与通信服务,,プロシップ
3765,3765.T,"GungHo Online Entertainment,Inc.","GungHo Online Entertainment,Inc.",,Prime Market (Domestic),Information & Communication,信息通信,通信、网络设备与通信服务,,ガンホー・オンライン・エンターテイメント
3766,3766.T,"SYSTEMS DESIGN Co.,Ltd.",系统・デザイン,,Standard Market(Domestic),Information & Communication,信息通信,通信、网络设备与通信服务,,システムズ・デザイン
3768,3768.T,Riskmonster.com,Riskmonster.com,,Standard Market(Domestic),Information & Communication,信息通信,通信、网络设备与通信服务,,リスクモンスター
3769,3769.T,"GMO Payment Gateway,Inc.","GMO Payment Gateway,Inc.",,Prime Market (Domestic),Information & Communication,信息通信,通信、网络设备与通信服务,,ＧＭＯペイメントゲートウェイ
3771,3771.T,"SYSTEM RESEARCH CO.,LTD.",系统研究,,Prime Market (Domestic),Information & Communication,信息通信,通信、网络设备与通信服务,,システムリサーチ
3772,3772.T,"Wealth Management,Inc.","Wealth Management,Inc.",,Standard Market(Domestic),Real Estate,不动产业,房地产开发与物业运营,,ウェルス・マネジメント
3773,3773.T,"Advanced Media,Inc.",アドバンスト・媒体,,Growth Market(Domestic),Information & Communication,信息通信,广告、营销与媒体服务,,アドバンスト・メディア
3774,3774.T,Internet Initiative Japan Inc.,互联网イニシアティブ,,Prime Market (Domestic),Information & Communication,信息通信,通信、网络设备与通信服务,,インターネットイニシアティブ
3776,3776.T,"BroadBand Tower,Inc.","BroadBand Tower,Inc.",,Standard Market(Domestic),Information & Communication,信息通信,通信、网络设备与通信服务,,ブロードバンドタワー
3777,3777.T,Environment Friendly Holdings Corp.,環境フレンドリー控股,,Growth Market(Domestic),Information & Communication,信息通信,通信、网络设备与通信服务,,環境フレンドリーホールディングス
3778,3778.T,SAKURA internet Inc.,さくら互联网,,Prime Market (Domestic),Information & Communication,信息通信,通信、网络设备与通信服务,,さくらインターネット
3779,3779.T,"J ESCOM HOLDINGS,INC.",ジェイ・エスコム控股,,Standard Market(Domestic),Information & Communication,信息通信,通信、网络设备与通信服务,,ジェイ・エスコムホールディングス
3787,3787.T,"Techno Mathematical Co.,Ltd.","Techno Mathematical Co.,Ltd.",,Standard Market(Domestic),Information & Communication,信息通信,通信、网络设备与通信服务,,テクノマセマティカル
3788,3788.T,GMO GlobalSign Holdings K.K.,ＧＭＯグローバルサイン・控股,,Prime Market (Domestic),Information & Communication,信息通信,通信、网络设备与通信服务,,ＧＭＯグローバルサイン・ホールディングス
0378,378.T,"Hit Co.,Ltd.","Hit Co.,Ltd.",,Growth Market(Domestic),Services,服务业,专业服务、消费服务与商业服务（具体业务待核验）,10601.62,ヒット
3791,3791.T,"IG Port,Inc.","IG Port,Inc.",,Standard Market(Domestic),Information & Communication,信息通信,通信、网络设备与通信服务,,ＩＧポート
3793,3793.T,"Drecom Co.,Ltd.","Drecom Co.,Ltd.",,Growth Market(Domestic),Information & Communication,信息通信,通信、网络设备与通信服务,,ドリコム
3796,3796.T,"e-Seikatsu Co.,Ltd.",いい生活,,Standard Market(Domestic),Information & Communication,信息通信,通信、网络设备与通信服务,,いい生活
3798,3798.T,"ULS Group,Inc.",ＵＬＳ集团,,Standard Market(Domestic),Information & Communication,信息通信,通信、网络设备与通信服务,,ＵＬＳグループ
3799,3799.T,Keyware Solutions Inc.,キーウェア解决方案,,Standard Market(Domestic),Information & Communication,信息通信,通信、网络设备与通信服务,,キーウェアソリューションズ
3800,3800.T,UNIRITA Inc.,UNIRITA Inc.,,Standard Market(Domestic),Information & Communication,信息通信,通信、网络设备与通信服务,,ユニリタ
3802,3802.T,"ECOMIC CO.,LTD","ECOMIC CO.,LTD",,Standard Market(Domestic),Information & Communication,信息通信,通信、网络设备与通信服务,10601.62,エコミック
3803,3803.T,Image Information Inc.,イメージ情報開発,,Growth Market(Domestic),Information & Communication,信息通信,通信、网络设备与通信服务,,イメージ情報開発
3804,3804.T,System D Inc.,系统 ディ,,Standard Market(Domestic),Information & Communication,信息通信,通信、网络设备与通信服务,10601.62,システム　ディ
3807,3807.T,FISCO Ltd.,FISCO Ltd.,,Growth Market(Domestic),Information & Communication,信息通信,通信、网络设备与通信服务,,フィスコ
3810,3810.T,"CyberStep Holdings,Inc.",サイバーステップ控股,,Standard Market(Domestic),Information & Communication,信息通信,通信、网络设备与通信服务,,サイバーステップホールディングス
3815,3815.T,"Media Kobo,Inc.",媒体工房,,Growth Market(Domestic),Information & Communication,信息通信,广告、营销与媒体服务,,メディア工房
3816,3816.T,"DAIWA COMPUTER CO.,LTD.",大和コンピューター,,Standard Market(Domestic),Information & Communication,信息通信,通信、网络设备与通信服务,,大和コンピューター
3817,3817.T,"SRA Holdings,Inc.",ＳＲＡ控股,,Prime Market (Domestic),Information & Communication,信息通信,通信、网络设备与通信服务,,ＳＲＡホールディングス
3823,3823.T,"THE WHY HOW DO COMPANY,Inc.","THE WHY HOW DO COMPANY,Inc.",,Standard Market(Domestic),Information & Communication,信息通信,通信、网络设备与通信服务,,ＴＨＥ　ＷＨＹ　ＨＯＷ　ＤＯ　ＣＯＭＰＡＮＹ
3825,3825.T,"Remixpoint,inc.","Remixpoint,inc.",,Standard Market(Domestic),Retail Trade,零售业,零售与消费品渠道,10601.62,リミックスポイント
3826,3826.T,System Integrator Corp.,系统インテグレータ,,Standard Market(Domestic),Information & Communication,信息通信,通信、网络设备与通信服务,,システムインテグレータ
3834,3834.T,"Asahi Net,Inc.",朝日ネット,,Prime Market (Domestic),Information & Communication,信息通信,通信、网络设备与通信服务,10601.62,朝日ネット
3835,3835.T,"eBASE Co.,Ltd.","eBASE Co.,Ltd.",,Prime Market (Domestic),Information & Communication,信息通信,通信、网络设备与通信服务,,ｅＢＡＳＥ
3836,3836.T,AVANT GROUP CORPORATION,アバント集团,,Prime Market (Domestic),Information & Communication,信息通信,通信、网络设备与通信服务,,アバントグループ
3837,3837.T,Ad-Sol Nissin Corporation,アドソル日進,,Prime Market (Domestic),Information & Communication,信息通信,通信、网络设备与通信服务,,アドソル日進
3839,3839.T,"ODK Solutions Company,Ltd.",ＯＤＫ解决方案,,Standard Market(Domestic),Information & Communication,信息通信,通信、网络设备与通信服务,,ＯＤＫソリューションズ
3840,3840.T,VIXTON corporation,VIXTON 公司,,Standard Market(Domestic),Information & Communication,信息通信,通信、网络设备与通信服务,,ヴィクトン
3841,3841.T,Jedat Inc.,Jedat Inc.,,Standard Market(Domestic),Information & Communication,信息通信,通信、网络设备与通信服务,,ジーダット
3842,3842.T,"Nextgen,Inc.","Nextgen,Inc.",,Standard Market(Domestic),Information & Communication,信息通信,通信、网络设备与通信服务,10601.62,ネクストジェン
3843,3843.T,"FreeBit Co.,Ltd.","FreeBit Co.,Ltd.",,Prime Market (Domestic),Information & Communication,信息通信,通信、网络设备与通信服务,,フリービット
3844,3844.T,COMTURE CORPORATION,COMTURE 公司,,Prime Market (Domestic),Information & Communication,信息通信,通信、网络设备与通信服务,,コムチュア
3845,3845.T,I-FREEK MOBILE INC.,I-FREEK MOBILE INC.,,Standard Market(Domestic),Information & Communication,信息通信,通信、网络设备与通信服务,,アイフリークモバイル
3848,3848.T,"Data Applications Company,Limited",数据・アプリケーション,,Standard Market(Domestic),Information & Communication,信息通信,通信、网络设备与通信服务,,データ・アプリケーション
3850,3850.T,NTT DATA INTRAMART CORPORATION,エヌ・ティ・ティ・数据・イントラマート,,Standard Market(Domestic),Information & Communication,信息通信,通信、网络设备与通信服务,,エヌ・ティ・ティ・データ・イントラマート
3851,3851.T,"Nippon Ichi Software,Inc.",日本一软件,,Standard Market(Domestic),Information & Communication,信息通信,软件/IT服务/系统集成,,日本一ソフトウェア
3853,3853.T,ASTERIA Corporation,ASTERIA 公司,,Prime Market (Domestic),Information & Communication,信息通信,通信、网络设备与通信服务,10601.62,アステリア
3854,3854.T,I'LL INC,I'LL INC,,Prime Market (Domestic),Information & Communication,信息通信,通信、网络设备与通信服务,,アイル
3858,3858.T,Ubiquitous AI Corporation,Ubiquitous AI 公司,,Standard Market(Domestic),Information & Communication,信息通信,通信、网络设备与通信服务,10601.62,ユビキタスＡＩ
3861,3861.T,Oji Holdings Corporation,王子控股,,Prime Market (Domestic),Pulp and Paper,纸浆纸业,纸浆、纸品与包装材料（具体品类待核验）,,王子ホールディングス
3863,3863.T,"Nippon Paper Industries Co.,Ltd.",日本製紙,,Prime Market (Domestic),Pulp and Paper,纸浆纸业,纸浆、纸品与包装材料（具体品类待核验）,10601.62,日本製紙
3864,3864.T,Mitsubishi Paper Mills Limited,三菱製紙,,Prime Market (Domestic),Pulp and Paper,纸浆纸业,纸浆、纸品与包装材料（具体品类待核验）,,三菱製紙
3865,3865.T,Hokuetsu Corporation,北越公司,,Prime Market (Domestic),Pulp and Paper,纸浆纸业,纸浆、纸品与包装材料（具体品类待核验）,,北越コーポレーション
0386,386.T,"MINOYA CO.,LTD.","MINOYA CO.,LTD.",,Standard Market(Domestic),Retail Trade,零售业,零售与消费品渠道,10601.62,みのや
3877,3877.T,"Chuetsu Pulp & Paper Co.,Ltd.",中越パルプ工業,,Prime Market (Domestic),Pulp and Paper,纸浆纸业,纸浆、纸品与包装材料（具体品类待核验）,,中越パルプ工業
3878,3878.T,TOMOEGAWA CORPORATION,巴川公司,,Standard Market(Domestic),Chemicals,化学,基础化工/特种化学品（具体品类待核验）,,巴川コーポレーション
0387,387.T,"Fuller,Inc.","Fuller,Inc.",,Growth Market(Domestic),Information & Communication,信息通信,通信、网络设备与通信服务,10601.62,フラー
3880,3880.T,Daio Paper Corporation,大王製紙,,Prime Market (Domestic),Pulp and Paper,纸浆纸业,纸浆、纸品与包装材料（具体品类待核验）,,大王製紙
3891,3891.T,NIPPON KODOSHI CORPORATION,ニッポン高度紙工業,,Standard Market(Domestic),Pulp and Paper,纸浆纸业,纸浆、纸品与包装材料（具体品类待核验）,,ニッポン高度紙工業
3892,3892.T,"Okayama Paper Industries Co.,Ltd.",岡山製紙,,Standard Market(Domestic),Pulp and Paper,纸浆纸业,纸浆、纸品与包装材料（具体品类待核验）,,岡山製紙
3895,3895.T,HAVIX CORPORATION,HAVIX 公司,,Standard Market(Domestic),Pulp and Paper,纸浆纸业,纸浆、纸品与包装材料（具体品类待核验）,,ハビックス
3896,3896.T,"AWA PAPER & TECHNOLOGICAL COMPANY,Inc.",阿波製紙,,Standard Market(Domestic),Pulp and Paper,纸浆纸业,纸浆、纸品与包装材料（具体品类待核验）,,阿波製紙
3900,3900.T,CrowdWorks Inc.,CrowdWorks Inc.,,Growth Market(Domestic),Information & Communication,信息通信,通信、网络设备与通信服务,,クラウドワークス
3901,3901.T,"MarkLines Co.,Ltd.","MarkLines Co.,Ltd.",,Prime Market (Domestic),Information & Communication,信息通信,通信、网络设备与通信服务,,マークラインズ
3903,3903.T,gumi Inc.,gumi Inc.,,Prime Market (Domestic),Information & Communication,信息通信,通信、网络设备与通信服务,,ｇｕｍｉ
3904,3904.T,KAYAC Inc.,KAYAC Inc.,,Growth Market(Domestic),Information & Communication,信息通信,通信、网络设备与通信服务,,カヤック
3905,3905.T,Datasection Inc.,数据セクション,,Growth Market(Domestic),Information & Communication,信息通信,通信、网络设备与通信服务,10601.62,データセクション
3907,3907.T,Silicon Studio Corp.,Silicon Studio Corp.,,Standard Market(Domestic),Information & Communication,信息通信,通信、网络设备与通信服务,,シリコンスタジオ
3908,3908.T,Collabos Corporation,Collabos 公司,,Standard Market(Domestic),Information & Communication,信息通信,通信、网络设备与通信服务,,コラボス
3909,3909.T,Showcase Inc.,Showcase Inc.,,Standard Market(Domestic),Information & Communication,信息通信,通信、网络设备与通信服务,,ショーケース
3910,3910.T,MKSystem Corporation,エムケイ系统,,Standard Market(Domestic),Information & Communication,信息通信,通信、网络设备与通信服务,,エムケイシステム
3911,3911.T,Aiming Inc.,Aiming Inc.,,Growth Market(Domestic),Information & Communication,信息通信,通信、网络设备与通信服务,,Ａｉｍｉｎｇ
3912,3912.T,"Mobile Factory,Inc.","Mobile Factory,Inc.",,Standard Market(Domestic),Information & Communication,信息通信,通信、网络设备与通信服务,,モバイルファクトリー
3913,3913.T,"GreenBee,Inc.","GreenBee,Inc.",,Standard Market(Domestic),Information & Communication,信息通信,通信、网络设备与通信服务,,ＧｒｅｅｎＢｅｅ
3914,3914.T,JIG-SAW INC.,JIG-SAW INC.,,Growth Market(Domestic),Information & Communication,信息通信,通信、网络设备与通信服务,,ＪＩＧ－ＳＡＷ
3915,3915.T,"TerraSky Co.,Ltd","TerraSky Co.,Ltd",,Prime Market (Domestic),Information & Communication,信息通信,通信、网络设备与通信服务,,テラスカイ
3916,3916.T,Digital Information Technologies Corporation,数字・インフォメーション・科技,,Prime Market (Domestic),Information & Communication,信息通信,通信、网络设备与通信服务,10601.62,デジタル・インフォメーション・テクノロジー
3917,3917.T,"iRidge,Inc.","iRidge,Inc.",,Growth Market(Domestic),Information & Communication,信息通信,通信、网络设备与通信服务,,アイリッジ
3918,3918.T,"PCI Holdings,INC.",ＰＣＩ控股,,Standard Market(Domestic),Information & Communication,信息通信,通信、网络设备与通信服务,,ＰＣＩホールディングス
3920,3920.T,"Internetworking and Broadband Consulting Co.,Ltd.","Internetworking and Broadband Consulting Co.,Ltd.",,Standard Market(Domestic),Information & Communication,信息通信,通信、网络设备与通信服务,,アイビーシー
3921,3921.T,NEOJAPAN Inc.,NEOJAPAN Inc.,,Prime Market (Domestic),Information & Communication,信息通信,通信、网络设备与通信服务,,ネオジャパン
3922,3922.T,PR TIMES Corporation,PR TIMES 公司,,Prime Market (Domestic),Information & Communication,信息通信,通信、网络设备与通信服务,,ＰＲ　ＴＩＭＥＳ
3923,3923.T,"RAKUS Co.,Ltd.","RAKUS Co.,Ltd.",,Prime Market (Domestic),Information & Communication,信息通信,通信、网络设备与通信服务,,ラクス
3925,3925.T,Double Standard Inc.,Double Standard Inc.,,Prime Market (Domestic),Information & Communication,信息通信,通信、网络设备与通信服务,,ダブルスタンダード
3926,3926.T,Open Door Inc.,Open Door Inc.,,Standard Market(Domestic),Information & Communication,信息通信,通信、网络设备与通信服务,,オープンドア
3927,3927.T,Fuva Brain Limited,Fuva Brain Limited,,Standard Market(Domestic),Information & Communication,信息通信,通信、网络设备与通信服务,,フーバーブレイン
3928,3928.T,Mynet Inc.,Mynet Inc.,,Standard Market(Domestic),Information & Communication,信息通信,通信、网络设备与通信服务,,マイネット
3929,3929.T,"SOCIALWIRE CO.,LTD.","SOCIALWIRE CO.,LTD.",,Growth Market(Domestic),Information & Communication,信息通信,通信、网络设备与通信服务,,ソーシャルワイヤー
3930,3930.T,"Hatena Co.,Ltd.","Hatena Co.,Ltd.",,Growth Market(Domestic),Information & Communication,信息通信,通信、网络设备与通信服务,,はてな
3931,3931.T,VALUE GOLF Inc.,VALUE GOLF Inc.,,Growth Market(Domestic),Information & Communication,信息通信,通信、网络设备与通信服务,,バリューゴルフ
3932,3932.T,Akatsuki Inc.,Akatsuki Inc.,,Prime Market (Domestic),Information & Communication,信息通信,通信、网络设备与通信服务,,アカツキ
3933,3933.T,"CHIeru Co.,Ltd.","CHIeru Co.,Ltd.",,Standard Market(Domestic),Information & Communication,信息通信,通信、网络设备与通信服务,,チエル
3934,3934.T,"BENEFIT JAPAN Co.,LTD.","BENEFIT JAPAN Co.,LTD.",,Standard Market(Domestic),Information & Communication,信息通信,通信、网络设备与通信服务,,ベネフィットジャパン
3935,3935.T,"Edia Co.,Ltd.","Edia Co.,Ltd.",,Standard Market(Domestic),Information & Communication,信息通信,通信、网络设备与通信服务,,エディア
3936,3936.T,"Globalway,Inc.","Globalway,Inc.",,Growth Market(Domestic),Information & Communication,信息通信,通信、网络设备与通信服务,,グローバルウェイ
3937,3937.T,"Ubicom Holdings,Inc.",Ｕｂｉｃｏｍ控股,,Standard Market(Domestic),Information & Communication,信息通信,通信、网络设备与通信服务,10601.62,Ｕｂｉｃｏｍホールディングス
3939,3939.T,"Kanamic Network Co.,LTD",カナミック网络,,Prime Market (Domestic),Information & Communication,信息通信,通信、网络设备与通信服务,,カナミックネットワーク
3940,3940.T,"Nomura System Corporation Co,Ltd.",ノムラ系统公司,,Standard Market(Domestic),Information & Communication,信息通信,通信、网络设备与通信服务,,ノムラシステムコーポレーション
3941,3941.T,"Rengo Co.,Ltd.","Rengo Co.,Ltd.",,Prime Market (Domestic),Pulp and Paper,纸浆纸业,纸浆、纸品与包装材料（具体品类待核验）,,レンゴー
3943,3943.T,"OHISHI SANGYO CO.,LTD.",大石工业,,Standard Market(Domestic),Pulp and Paper,纸浆纸业,纸浆、纸品与包装材料（具体品类待核验）,,大石産業
3944,3944.T,"Furubayashi Shiko Co.,Ltd.",古林紙工,,Standard Market(Domestic),Pulp and Paper,纸浆纸业,纸浆、纸品与包装材料（具体品类待核验）,,古林紙工
3945,3945.T,"Superbag Company,Limited","Superbag Company,Limited",,Standard Market(Domestic),Pulp and Paper,纸浆纸业,纸浆、纸品与包装材料（具体品类待核验）,,スーパーバッグ
3946,3946.T,"TOMOKU CO.,LTD.","TOMOKU CO.,LTD.",,Prime Market (Domestic),Pulp and Paper,纸浆纸业,纸浆、纸品与包装材料（具体品类待核验）,,トーモク
3947,3947.T,"Dynapac Co.,Ltd.","Dynapac Co.,Ltd.",,Standard Market(Domestic),Pulp and Paper,纸浆纸业,纸浆、纸品与包装材料（具体品类待核验）,,ダイナパック
3948,3948.T,"HIKARI BUSINESS FORM CO.,LTD.",光ビジネスフォーム,,Standard Market(Domestic),Pulp and Paper,纸浆纸业,纸浆、纸品与包装材料（具体品类待核验）,,光ビジネスフォーム
3950,3950.T,THE PACK CORPORATION,THE PACK 公司,,Prime Market (Domestic),Pulp and Paper,纸浆纸业,纸浆、纸品与包装材料（具体品类待核验）,10601.62,ザ・パック
3951,3951.T,"ASAHI PRINTING CO.,LTD.",朝日印刷,,Standard Market(Domestic),Pulp and Paper,纸浆纸业,纸浆、纸品与包装材料（具体品类待核验）,,朝日印刷
3953,3953.T,"OHMURA SHIGYO CO.,LTD.",大村紙業,,Standard Market(Domestic),Pulp and Paper,纸浆纸业,纸浆、纸品与包装材料（具体品类待核验）,,大村紙業
3954,3954.T,SHOWA PAXXS CORPORATION,昭和パックス,,Standard Market(Domestic),Pulp and Paper,纸浆纸业,纸浆、纸品与包装材料（具体品类待核验）,,昭和パックス
3955,3955.T,"IMURA & Co.,Ltd.","IMURA & Co.,Ltd.",,Standard Market(Domestic),Pulp and Paper,纸浆纸业,纸浆、纸品与包装材料（具体品类待核验）,,イムラ
3958,3958.T,"Sasatoku Printing Co.,Ltd.",笹徳印刷,,Standard Market(Domestic),Pulp and Paper,纸浆纸业,纸浆、纸品与包装材料（具体品类待核验）,,笹徳印刷
3962,3962.T,"CHANGE Holdings,Inc.",チェンジ控股,,Prime Market (Domestic),Information & Communication,信息通信,通信、网络设备与通信服务,10601.62,チェンジホールディングス
3963,3963.T,"Synchro Food Co.,Ltd.",シンクロ・食品,,Prime Market (Domestic),Information & Communication,信息通信,通信、网络设备与通信服务,10601.62,シンクロ・フード
3964,3964.T,AUCNET INC.,AUCNET INC.,,Prime Market (Domestic),Information & Communication,信息通信,通信、网络设备与通信服务,10601.62,オークネット
3965,3965.T,"Capital Asset Planning,Inc.",资本・资产・プランニング,,Standard Market(Domestic),Information & Communication,信息通信,通信、网络设备与通信服务,,キャピタル・アセット・プランニング
3967,3967.T,"Eltes Co.,Ltd.","Eltes Co.,Ltd.",,Growth Market(Domestic),Information & Communication,信息通信,通信、网络设备与通信服务,,エルテス
3968,3968.T,"Segue Group Co.,Ltd.",セグエ集团,,Prime Market (Domestic),Information & Communication,信息通信,通信、网络设备与通信服务,,セグエグループ
3969,3969.T,ATLED CORP.,ATLED CORP.,,Standard Market(Domestic),Information & Communication,信息通信,通信、网络设备与通信服务,,エイトレッド
3970,3970.T,Innovation Inc.,Innovation Inc.,,Standard Market(Domestic),Information & Communication,信息通信,通信、网络设备与通信服务,,イノベーション
3974,3974.T,SCAT Inc.,SCAT Inc.,,Standard Market(Domestic),Information & Communication,信息通信,通信、网络设备与通信服务,,ＳＣＡＴ
3976,3976.T,SHANON Inc.,SHANON Inc.,,Growth Market(Domestic),Information & Communication,信息通信,通信、网络设备与通信服务,,シャノン
3979,3979.T,"ULURU.CO.,LTD.","ULURU.CO.,LTD.",,Growth Market(Domestic),Information & Communication,信息通信,通信、网络设备与通信服务,,うるる
3981,3981.T,Beaglee Inc.,Beaglee Inc.,,Standard Market(Domestic),Information & Communication,信息通信,通信、网络设备与通信服务,,ビーグリー
3983,3983.T,"ORO Co.,Ltd.","ORO Co.,Ltd.",,Prime Market (Domestic),Information & Communication,信息通信,通信、网络设备与通信服务,,オロ
3984,3984.T,"User Local,Inc.","User Local,Inc.",,Prime Market (Domestic),Information & Communication,信息通信,通信、网络设备与通信服务,,ユーザーローカル
3985,3985.T,TEMONA.inc.,TEMONA.inc.,,Standard Market(Domestic),Information & Communication,信息通信,通信、网络设备与通信服务,,テモナ
3986,3986.T,"bBreak Systems Company,Limited",ビーブレイク系统,,Standard Market(Domestic),Information & Communication,信息通信,通信、网络设备与通信服务,,ビーブレイクシステムズ
3987,3987.T,Ecomott Inc.,Ecomott Inc.,,Growth Market(Domestic),Information & Communication,信息通信,通信、网络设备与通信服务,,エコモット
3988,3988.T,"SYS Holdings Co.,Ltd.",ＳＹＳ控股,,Standard Market(Domestic),Information & Communication,信息通信,通信、网络设备与通信服务,,ＳＹＳホールディングス
3989,3989.T,SHARINGTECHNOLOGY INC.,シェアリング科技,,Growth Market(Domestic),Information & Communication,信息通信,通信、网络设备与通信服务,,シェアリングテクノロジー
3991,3991.T,"Wantedly,Inc","Wantedly,Inc",,Growth Market(Domestic),Information & Communication,信息通信,通信、网络设备与通信服务,,ウォンテッドリー
3992,3992.T,Needs Well Inc.,Needs Well Inc.,,Prime Market (Domestic),Information & Communication,信息通信,通信、网络设备与通信服务,,ニーズウェル
3993,3993.T,PKSHA Technology Inc.,PKSHA 科技 Inc.,,Prime Market (Domestic),Information & Communication,信息通信,通信、网络设备与通信服务,,ＰＫＳＨＡ　Ｔｅｃｈｎｏｌｏｇｙ
3994,3994.T,"Money Forward,Inc.","Money Forward,Inc.",,Prime Market (Domestic),Information & Communication,信息通信,通信、网络设备与通信服务,,マネーフォワード
3996,3996.T,Signpost Corporation,Signpost 公司,,Standard Market(Domestic),Information & Communication,信息通信,通信、网络设备与通信服务,10601.62,サインポスト
3997,3997.T,"TRADE WORKS Co.,Ltd","TRADE WORKS Co.,Ltd",,Standard Market(Domestic),Information & Communication,信息通信,通信、网络设备与通信服务,,トレードワークス
3998,3998.T,"SuRaLa Net Co.,Ltd.","SuRaLa Net Co.,Ltd.",,Growth Market(Domestic),Information & Communication,信息通信,通信、网络设备与通信服务,,すららネット
4004,4004.T,Resonac Holdings Corporation,レゾナック・控股,,Prime Market (Domestic),Chemicals,化学,基础化工/特种化学品（具体品类待核验）,10601.62,レゾナック・ホールディングス
4005,4005.T,"SUMITOMO CHEMICAL COMPANY,LIMITED",住友化学,,Prime Market (Domestic),Chemicals,化学,基础化工/特种化学品（具体品类待核验）,10601.62,住友化学
4008,4008.T,"Sumitomo Seika Chemicals Company,Limited.",住友精化,,Prime Market (Domestic),Chemicals,化学,基础化工/特种化学品（具体品类待核验）,,住友精化
4011,4011.T,"Headwaters Co.,Ltd","Headwaters Co.,Ltd",,Growth Market(Domestic),Information & Communication,信息通信,通信、网络设备与通信服务,,ヘッドウォータース
4012,4012.T,"AXIS CO.,LTD.","AXIS CO.,LTD.",,Standard Market(Domestic),Information & Communication,信息通信,通信、网络设备与通信服务,,アクシス
4013,4013.T,"Kinjiro Co.,Ltd.",勤次郎,,Growth Market(Domestic),Information & Communication,信息通信,通信、网络设备与通信服务,,勤次郎
4014,4014.T,"KARADANOTE,INC.","KARADANOTE,INC.",,Growth Market(Domestic),Information & Communication,信息通信,通信、网络设备与通信服务,,カラダノート
4015,4015.T,Paycloud Holdings Inc.,ペイクラウド控股,,Growth Market(Domestic),Information & Communication,信息通信,软件/IT服务/系统集成,,ペイクラウドホールディングス
4016,4016.T,"MIT Holdings CO.,LTD.",ＭＩＴ控股,,Standard Market(Domestic),Information & Communication,信息通信,通信、网络设备与通信服务,,ＭＩＴホールディングス
4017,4017.T,CREEMA LTD.,CREEMA LTD.,,Growth Market(Domestic),Information & Communication,信息通信,通信、网络设备与通信服务,,クリーマ
4019,4019.T,"Stmn,Inc.","Stmn,Inc.",,Growth Market(Domestic),Information & Communication,信息通信,通信、网络设备与通信服务,,スタメン
4020,4020.T,BETREND CORPORATION,BETREND 公司,,Growth Market(Domestic),Information & Communication,信息通信,通信、网络设备与通信服务,,ビートレンド
4021,4021.T,Nissan Chemical Corporation,日産化学,,Prime Market (Domestic),Chemicals,化学,基础化工/特种化学品（具体品类待核验）,,日産化学
4022,4022.T,"Rasa Industries,Ltd.",ラサ工業,,Prime Market (Domestic),Chemicals,化学,基础化工/特种化学品（具体品类待核验）,10601.62,ラサ工業
4023,4023.T,KUREHA CORPORATION,KUREHA 公司,,Prime Market (Domestic),Chemicals,化学,基础化工/特种化学品（具体品类待核验）,,クレハ
4025,4025.T,"TAKI CHEMICAL CO.,LTD.",多木化学,,Prime Market (Domestic),Chemicals,化学,基础化工/特种化学品（具体品类待核验）,,多木化学
4026,4026.T,"Konoshima Chemical Co.,Ltd.",神島化学工業,,Standard Market(Domestic),Glass and Ceramics Products,玻璃土石制品,基础化工/特种化学品（具体品类待核验）,,神島化学工業
4027,4027.T,TAYCA CORPORATION,TAYCA 公司,,Prime Market (Domestic),Chemicals,化学,基础化工/特种化学品（具体品类待核验）,10601.62,テイカ
4028,4028.T,"ISHIHARA SANGYO KAISHA,LTD.",石原工业,,Prime Market (Domestic),Chemicals,化学,基础化工/特种化学品（具体品类待核验）,10601.62,石原産業
0402,402.T,Axelspace Holdings Corporation,アクセルスペース控股,,Growth Market(Domestic),Transportation Equipment,运输用设备,工业机械与自动化设备（具体产品待核验）,,アクセルスペースホールディングス
4031,4031.T,Katakura & Co-op Agri Corporation,片倉コープアグリ,,Standard Market(Domestic),Chemicals,化学,基础化工/特种化学品（具体品类待核验）,10601.62,片倉コープアグリ
4040,4040.T,"NANKAI CHEMICAL COMPANY,LIMITED",南海化学,,Standard Market(Domestic),Chemicals,化学,基础化工/特种化学品（具体品类待核验）,,南海化学
4041,4041.T,"Nippon Soda Co.,Ltd.",日本曹達,,Prime Market (Domestic),Chemicals,化学,基础化工/特种化学品（具体品类待核验）,,日本曹達
4042,4042.T,TOSOH CORPORATION,東ソー,,Prime Market (Domestic),Chemicals,化学,基础化工/特种化学品（具体品类待核验）,,東ソー
4043,4043.T,Tokuyama Corporation,Tokuyama 公司,,Prime Market (Domestic),Chemicals,化学,基础化工/特种化学品（具体品类待核验）,,トクヤマ
4044,4044.T,"Central Glass Co.,Ltd.",セントラル硝子,,Prime Market (Domestic),Chemicals,化学,基础化工/特种化学品（具体品类待核验）,,セントラル硝子
4045,4045.T,"TOAGOSEI CO.,LTD.",東亞合成,,Prime Market (Domestic),Chemicals,化学,基础化工/特种化学品（具体品类待核验）,,東亞合成
4046,4046.T,"OSAKA SODA CO.,LTD.",大阪ソーダ,,Prime Market (Domestic),Chemicals,化学,基础化工/特种化学品（具体品类待核验）,,大阪ソーダ
4047,4047.T,"KANTO DENKA KOGYO CO.,LTD.",関東電化工業,,Prime Market (Domestic),Chemicals,化学,基础化工/特种化学品（具体品类待核验）,10601.62,関東電化工業
4051,4051.T,"GMO Financial Gate,Inc.",ＧＭＯ金融ゲート,,Prime Market (Domestic),Information & Communication,信息通信,通信、网络设备与通信服务,,ＧＭＯフィナンシャルゲート
4052,4052.T,Ficha Inc.,Ficha Inc.,,Growth Market(Domestic),Information & Communication,信息通信,通信、网络设备与通信服务,,フィーチャ
4053,4053.T,Sun* Inc.,Sun* Inc.,,Prime Market (Domestic),Information & Communication,信息通信,通信、网络设备与通信服务,10601.62,Ｓｕｎ　Ａｓｔｅｒｉｓｋ
4054,4054.T,"Japan PropTech Co.,Ltd.",日本情報クリエイト,,Growth Market(Domestic),Information & Communication,信息通信,通信、网络设备与通信服务,,日本情報クリエイト
4055,4055.T,T&S Group Inc.,ティアンドエス集团,,Growth Market(Domestic),Information & Communication,信息通信,通信、网络设备与通信服务,,ティアンドエスグループ
4056,4056.T,Neural Group Inc.,ニューラル集团,,Growth Market(Domestic),Information & Communication,信息通信,通信、网络设备与通信服务,,ニューラルグループ
4057,4057.T,"Interfactory,Inc.","Interfactory,Inc.",,Growth Market(Domestic),Information & Communication,信息通信,通信、网络设备与通信服务,,インターファクトリー
4058,4058.T,"Toyokumo,Inc.","Toyokumo,Inc.",,Growth Market(Domestic),Information & Communication,信息通信,通信、网络设备与通信服务,10601.62,トヨクモ
4059,4059.T,"Magmag,Inc.","Magmag,Inc.",,Standard Market(Domestic),Information & Communication,信息通信,通信、网络设备与通信服务,,まぐまぐ
4060,4060.T,rakumo Inc.,rakumo Inc.,,Growth Market(Domestic),Information & Communication,信息通信,通信、网络设备与通信服务,,ｒａｋｕｍｏ
4061,4061.T,Denka Company Limited,Denka Company Limited,,Prime Market (Domestic),Chemicals,化学,基础化工/特种化学品（具体品类待核验）,,デンカ
4062,4062.T,"IBIDEN CO.,LTD.","IBIDEN CO.,LTD.",,Prime Market (Domestic),Electric Appliances,电气设备,电子设备/电气设备（具体产品待核验）,10601.62,イビデン
4063,4063.T,"Shin-Etsu Chemical Co.,Ltd.",信越化学工业,,Prime Market (Domestic),Chemicals,化学,电子化学品/半导体材料（硅片、光刻胶等）,10601.62,信越化学工業
4064,4064.T,"Nippon Carbide Industries Company,Incorporated",日本カーバイド工業,,Prime Market (Domestic),Chemicals,化学,基础化工/特种化学品（具体品类待核验）,,日本カーバイド工業
4068,4068.T,Basis Corporation,Basis 公司,,Growth Market(Domestic),Information & Communication,信息通信,通信、网络设备与通信服务,,ベイシス
4069,4069.T,BlueMeme Inc.,BlueMeme Inc.,,Growth Market(Domestic),Information & Communication,信息通信,通信、网络设备与通信服务,,ＢｌｕｅＭｅｍｅ
4071,4071.T,"Plus Alpha Consulting Co.,LTD.",プラスアルファ・咨询,,Prime Market (Domestic),Information & Communication,信息通信,通信、网络设备与通信服务,,プラスアルファ・コンサルティング
4072,4072.T,"Densan System Holdings Co.,Ltd.",電算系统控股,,Prime Market (Domestic),Information & Communication,信息通信,通信、网络设备与通信服务,,電算システムホールディングス
4073,4073.T,"Global Communication Planning Co.,Ltd.",ジィ・シィ企画,,Growth Market(Domestic),Information & Communication,信息通信,通信、网络设备与通信服务,,ジィ・シィ企画
4074,4074.T,"LaKeel,Inc.","LaKeel,Inc.",,Growth Market(Domestic),Information & Communication,信息通信,通信、网络设备与通信服务,,ラキール
4075,4075.T,"Brains Technology,Inc.",ブレインズ科技,,Growth Market(Domestic),Information & Communication,信息通信,通信、网络设备与通信服务,,ブレインズテクノロジー
4076,4076.T,"CNS Co.,Ltd.","CNS Co.,Ltd.",,Growth Market(Domestic),Information & Communication,信息通信,通信、网络设备与通信服务,,シイエヌエス
4078,4078.T,"Sakai Chemical Industry Co.,Ltd.",堺化学工業,,Prime Market (Domestic),Chemicals,化学,基础化工/特种化学品（具体品类待核验）,,堺化学工業
0407,407.T,"UNICON Holdings Co.,Ltd.",ＵＮＩＣＯＮ控股,,Standard Market(Domestic),Construction,建设业,建筑工程、建材与房地产相关工程（具体业务待核验）,,ＵＮＩＣＯＮホールディングス
4082,4082.T,"DAIICHI KIGENSO KAGAKU-KOGYO CO.,LTD",第一稀元素化学工業,,Prime Market (Domestic),Chemicals,化学,基础化工/特种化学品（具体品类待核验）,,第一稀元素化学工業
4088,4088.T,AIR WATER INC.,AIR WATER INC.,,Prime Market (Domestic),Chemicals,化学,基础化工/特种化学品（具体品类待核验）,,エア・ウォーター
4091,4091.T,NIPPON SANSO HOLDINGS CORPORATION,日本酸素控股,,Prime Market (Domestic),Chemicals,化学,基础化工/特种化学品（具体品类待核验）,,日本酸素ホールディングス
4092,4092.T,"Nippon Chemical Industrial Co.,Ltd.",日本化学工業,,Prime Market (Domestic),Chemicals,化学,工业机械与自动化设备（具体产品待核验）,,日本化学工業
4093,4093.T,"Toho Acetylene Co.,Ltd.",東邦アセチレン,,Standard Market(Domestic),Chemicals,化学,基础化工/特种化学品（具体品类待核验）,,東邦アセチレン
4094,4094.T,"NIHON KAGAKU SANGYO CO.,LTD.",日本化学工业,,Standard Market(Domestic),Chemicals,化学,基础化工/特种化学品（具体品类待核验）,,日本化学産業
4095,4095.T,"NIHON PARKERIZING CO.,LTD.",日本パーカライジング,,Prime Market (Domestic),Chemicals,化学,基础化工/特种化学品（具体品类待核验）,,日本パーカライジング
4097,4097.T,"KOATSU GAS KOGYO CO.,LTD.",高圧ガス工業,,Prime Market (Domestic),Chemicals,化学,基础化工/特种化学品（具体品类待核验）,,高圧ガス工業
4098,4098.T,"Titan Kogyo ,Ltd.",チタン工業,,Standard Market(Domestic),Chemicals,化学,基础化工/特种化学品（具体品类待核验）,,チタン工業
4099,4099.T,SHIKOKU KASEI HOLDINGS CORPORATION,四国化成控股,,Prime Market (Domestic),Chemicals,化学,基础化工/特种化学品（具体品类待核验）,,四国化成ホールディングス
0409,409.T,"ORION BREWERIES,LTD.","ORION BREWERIES,LTD.",,Prime Market (Domestic),Foods,食品,食品饮料与食品加工（具体品类待核验）,10601.62,オリオンビール
4100,4100.T,TODA KOGYO CORP.,戸田工業,,Standard Market(Domestic),Chemicals,化学,基础化工/特种化学品（具体品类待核验）,,戸田工業
4102,4102.T,"Maruo Calcium Co.,Ltd.",丸尾カルシウム,,Standard Market(Domestic),Chemicals,化学,基础化工/特种化学品（具体品类待核验）,,丸尾カルシウム
4107,4107.T,ISE CHEMICALS CORPORATION,伊勢化学工業,,Standard Market(Domestic),Chemicals,化学,基础化工/特种化学品（具体品类待核验）,10601.62,伊勢化学工業
4109,4109.T,STELLA CHEMIFA CORPORATION,STELLA CHEMIFA 公司,,Prime Market (Domestic),Chemicals,化学,基础化工/特种化学品（具体品类待核验）,,ステラ　ケミファ
0410,410.T,"GMO Commerce,Inc.","GMO Commerce,Inc.",,Growth Market(Domestic),Services,服务业,批发贸易/综合商社,,ＧＭＯコマース
4112,4112.T,"Hodogaya Chemical Co.,Ltd.",保土谷化学工業,,Prime Market (Domestic),Chemicals,化学,基础化工/特种化学品（具体品类待核验）,,保土谷化学工業
4113,4113.T,"TAOKA CHEMICAL COMPANY,LIMITED",田岡化学工業,,Standard Market(Domestic),Chemicals,化学,基础化工/特种化学品（具体品类待核验）,,田岡化学工業
4114,4114.T,"NIPPON SHOKUBAI CO.,LTD.",日本触媒,,Prime Market (Domestic),Chemicals,化学,基础化工/特种化学品（具体品类待核验）,10601.62,日本触媒
4116,4116.T,"Dainichiseika Color & Chemicals Mfg.Co.,Ltd.",大日精化工業,,Prime Market (Domestic),Chemicals,化学,基础化工/特种化学品（具体品类待核验）,,大日精化工業
4118,4118.T,KANEKA CORPORATION,KANEKA 公司,,Prime Market (Domestic),Chemicals,化学,基础化工/特种化学品（具体品类待核验）,,カネカ
4119,4119.T,Nippon Pigment Holdings Company Limited,日本ピグメント控股,,Standard Market(Domestic),Chemicals,化学,基础化工/特种化学品（具体品类待核验）,,日本ピグメントホールディングス
4120,4120.T,"SUGAI CHEMICAL INDUSTRY CO.,LTD.",スガイ化学工業,,Standard Market(Domestic),Chemicals,化学,基础化工/特种化学品（具体品类待核验）,,スガイ化学工業
4124,4124.T,OSAKA YUKA INDUSTRY LTD.,大阪油化工業,,Standard Market(Domestic),Chemicals,化学,基础化工/特种化学品（具体品类待核验）,,大阪油化工業
4125,4125.T,SANWAYUKA INDUSTRY CORPORATION,三和油化工業,,Standard Market(Domestic),Chemicals,化学,基础化工/特种化学品（具体品类待核验）,,三和油化工業
0414,414.T,"OVERLAP Holdings,Inc.",オーバーラップ控股,,Growth Market(Domestic),Information & Communication,信息通信,通信、网络设备与通信服务,10601.62,オーバーラップホールディングス
4151,4151.T,"Kyowa Kirin Co.,Ltd.",協和キリン,,Prime Market (Domestic),Pharmaceutical,医药品,医药、生物科技与处方药,,協和キリン
0415,415.T,"GMO TECH Holdings,Inc.",ＧＭＯ ＴＥＣＨ控股,,Growth Market(Domestic),Services,服务业,专业服务、消费服务与商业服务（具体业务待核验）,10601.62,ＧＭＯ　ＴＥＣＨホールディングス
4165,4165.T,"PLAID,Inc.","PLAID,Inc.",,Growth Market(Domestic),Information & Communication,信息通信,通信、网络设备与通信服务,948.2,プレイド
4166,4166.T,Cacco Inc.,Cacco Inc.,,Growth Market(Domestic),Information & Communication,信息通信,通信、网络设备与通信服务,,かっこ
4167,4167.T,Kokopelli Inc.,Kokopelli Inc.,,Growth Market(Domestic),Information & Communication,信息通信,通信、网络设备与通信服务,,ココペリ
4168,4168.T,"Yappli,Inc.","Yappli,Inc.",,Growth Market(Domestic),Information & Communication,信息通信,通信、网络设备与通信服务,,ヤプリ
4169,4169.T,ENECHANGE Ltd.,ENECHANGE Ltd.,,Growth Market(Domestic),Information & Communication,信息通信,通信、网络设备与通信服务,,ＥＮＥＣＨＡＮＧＥ
0416,416.T,"FUJI UNITED HOLDINGS COMPANY,LTD.",富士ユナイト控股,,Standard Market(Domestic),Wholesale Trade,批发业,批发贸易/综合商社,10601.62,富士ユナイトホールディングス
4170,4170.T,"Kaizen Platform,Inc.","Kaizen Platform,Inc.",,Growth Market(Domestic),Information & Communication,信息通信,通信、网络设备与通信服务,,Ｋａｉｚｅｎ　Ｐｌａｔｆｏｒｍ
4172,4172.T,"Hi-CRATES CO.,LTD.","Hi-CRATES CO.,LTD.",,Standard Market(Domestic),Information & Communication,信息通信,通信、网络设备与通信服务,,Ｈｉクラテス
4174,4174.T,Appirits Inc.,Appirits Inc.,,Standard Market(Domestic),Information & Communication,信息通信,通信、网络设备与通信服务,,アピリッツ
4175,4175.T,coly Inc.,coly Inc.,,Growth Market(Domestic),Information & Communication,信息通信,通信、网络设备与通信服务,,ｃｏｌｙ
4176,4176.T,coconala Inc.,coconala Inc.,,Growth Market(Domestic),Information & Communication,信息通信,通信、网络设备与通信服务,,ココナラ
4177,4177.T,"i-plug,Inc.","i-plug,Inc.",,Growth Market(Domestic),Information & Communication,信息通信,通信、网络设备与通信服务,,ｉ‐ｐｌｕｇ
4178,4178.T,Sharing Innovations Inc.,Sharing Innovations Inc.,,Growth Market(Domestic),Information & Communication,信息通信,通信、网络设备与通信服务,10601.62,Ｓｈａｒｉｎｇ　Ｉｎｎｏｖａｔｉｏｎｓ
4179,4179.T,G-NEXT Inc.,G-NEXT Inc.,,Growth Market(Domestic),Information & Communication,信息通信,通信、网络设备与通信服务,,ジーネクスト
0417,417.T,"BLUE ZONES HOLDINGS CO.,LTD.",ブルーゾーン控股,,Prime Market (Domestic),Retail Trade,零售业,零售与消费品渠道,10601.62,ブルーゾーンホールディングス
4180,4180.T,"Appier Group,Inc.","Appier 集团,Inc.",,Prime Market (Domestic),Information & Communication,信息通信,通信、网络设备与通信服务,1037.54,Ａｐｐｉｅｒ　Ｇｒｏｕｐ
4182,4182.T,"Mitsubishi Gas Chemical Company,Inc.",三菱瓦斯化学,,Prime Market (Domestic),Chemicals,化学,基础化工/特种化学品（具体品类待核验）,469.96,三菱瓦斯化学
4183,4183.T,"Mitsui Chemicals,Inc.",三井化学,,Prime Market (Domestic),Chemicals,化学,基础化工/特种化学品（具体品类待核验）,10601.62,三井化学
4186,4186.T,"TOKYO OHKA KOGYO CO.,LTD.",東京応化工業,,Prime Market (Domestic),Chemicals,化学,基础化工/特种化学品（具体品类待核验）,10601.62,東京応化工業
4187,4187.T,OSAKA ORGANIC CHEMICAL INDUSTRY LTD.,大阪有機化学工業,,Prime Market (Domestic),Chemicals,化学,基础化工/特种化学品（具体品类待核验）,10601.62,大阪有機化学工業
4188,4188.T,Mitsubishi Chemical Group Corporation,三菱化学集团,,Prime Market (Domestic),Chemicals,化学,基础化工/特种化学品（具体品类待核验）,,三菱ケミカルグループ
4189,4189.T,"KH Neochem Co.,Ltd.","KH Neochem Co.,Ltd.",,Prime Market (Domestic),Chemicals,化学,基础化工/特种化学品（具体品类待核验）,,ＫＨネオケム
4192,4192.T,SpiderPlus & Co.,SpiderPlus & Co.,,Growth Market(Domestic),Information & Communication,信息通信,通信、网络设备与通信服务,,スパイダープラス
4193,4193.T,"Fabrica Holdings Co.,Ltd.",ファブリカ控股,,Standard Market(Domestic),Information & Communication,信息通信,通信、网络设备与通信服务,,ファブリカホールディングス
4194,4194.T,"Visional,Inc.","Visional,Inc.",,Prime Market (Domestic),Information & Communication,信息通信,通信、网络设备与通信服务,,ビジョナル
4196,4196.T,NEO MARKETING Inc.,NEO MARKETING Inc.,,Standard Market(Domestic),Information & Communication,信息通信,广告、营销与媒体服务,,ネオマーケティング
4197,4197.T,"ASMARQ Co.,Ltd.","ASMARQ Co.,Ltd.",,Standard Market(Domestic),Information & Communication,信息通信,通信、网络设备与通信服务,,アスマーク
4198,4198.T,"TENDA Co.,LTD.","TENDA Co.,LTD.",,Standard Market(Domestic),Information & Communication,信息通信,通信、网络设备与通信服务,,テンダ
4199,4199.T,WonderPlanet Inc.,WonderPlanet Inc.,,Growth Market(Domestic),Information & Communication,信息通信,通信、网络设备与通信服务,,ワンダープラネット
4202,4202.T,Daicel Corporation,Daicel 公司,,Prime Market (Domestic),Chemicals,化学,基础化工/特种化学品（具体品类待核验）,,ダイセル
4203,4203.T,"Sumitomo Bakelite Company,Limited",住友ベークライト,,Prime Market (Domestic),Chemicals,化学,基础化工/特种化学品（具体品类待核验）,,住友ベークライト
4204,4204.T,"Sekisui Chemical Co.,Ltd.",積水化学工業,,Prime Market (Domestic),Chemicals,化学,基础化工/特种化学品（具体品类待核验）,10601.62,積水化学工業
4205,4205.T,ZEON CORPORATION,日本ゼオン,,Prime Market (Domestic),Chemicals,化学,基础化工/特种化学品（具体品类待核验）,10601.62,日本ゼオン
4206,4206.T,"Aica Kogyo Company,Limited",アイカ工業,,Prime Market (Domestic),Chemicals,化学,基础化工/特种化学品（具体品类待核验）,,アイカ工業
4208,4208.T,UBE Corporation,UBE 公司,,Prime Market (Domestic),Chemicals,化学,基础化工/特种化学品（具体品类待核验）,,ＵＢＥ
4212,4212.T,Sekisui Jushi Corporation,積水樹脂,,Prime Market (Domestic),Chemicals,化学,基础化工/特种化学品（具体品类待核验）,,積水樹脂
4216,4216.T,ASAHI YUKIZAI CORPORATION,旭有機材,,Prime Market (Domestic),Chemicals,化学,基础化工/特种化学品（具体品类待核验）,,旭有機材
4218,4218.T,"NICHIBAN CO.,LTD.","NICHIBAN CO.,LTD.",,Prime Market (Domestic),Chemicals,化学,基础化工/特种化学品（具体品类待核验）,10601.62,ニチバン
0421,421.T,"Movin' Strategic Career CO.,LTD.","Movin' Strategic Career CO.,LTD.",,Growth Market(Domestic),Services,服务业,专业服务、消费服务与商业服务（具体业务待核验）,10601.62,ムービン・ストラテジック・キャリア
4220,4220.T,RIKEN TECHNOS CORPORATION,RIKEN TECHNOS 公司,,Prime Market (Domestic),Chemicals,化学,基础化工/特种化学品（具体品类待核验）,10601.62,リケンテクノス
4221,4221.T,"Okura Industrial Co.,Ltd.",大倉工業,,Prime Market (Domestic),Chemicals,化学,工业机械与自动化设备（具体产品待核验）,,大倉工業
4222,4222.T,"KODAMA CHEMICAL INDUSTRY CO.,LTD.",児玉化学工業,,Standard Market(Domestic),Chemicals,化学,基础化工/特种化学品（具体品类待核验）,,児玉化学工業
4224,4224.T,LONSEAL CORPORATION,ロンシール工業,,Standard Market(Domestic),Chemicals,化学,基础化工/特种化学品（具体品类待核验）,,ロンシール工業
4228,4228.T,"Sekisui Kasei Co.,Ltd.",積水化成品工業,,Prime Market (Domestic),Chemicals,化学,基础化工/特种化学品（具体品类待核验）,,積水化成品工業
4229,4229.T,"Gun Ei Chemical Industry Co.,Ltd.",群栄化学工業,,Prime Market (Domestic),Chemicals,化学,基础化工/特种化学品（具体品类待核验）,,群栄化学工業
4231,4231.T,TIGERS POLYMER CORPORATION,TIGERS POLYMER 公司,,Standard Market(Domestic),Chemicals,化学,基础化工/特种化学品（具体品类待核验）,,タイガースポリマー
4234,4234.T,"Sun A.Kaken Company,Limited",サンエー化研,,Standard Market(Domestic),Chemicals,化学,基础化工/特种化学品（具体品类待核验）,,サンエー化研
4235,4235.T,"Ultrafabrics Holdings Co.,Ltd.",ウルトラファブリックス・控股,,Standard Market(Domestic),Chemicals,化学,基础化工/特种化学品（具体品类待核验）,,ウルトラファブリックス・ホールディングス
4237,4237.T,Fujipream Corporation,Fujipream 公司,,Standard Market(Domestic),Chemicals,化学,基础化工/特种化学品（具体品类待核验）,,フジプレアム
4238,4238.T,"Miraial Co.,Ltd.","Miraial Co.,Ltd.",,Standard Market(Domestic),Chemicals,化学,基础化工/特种化学品（具体品类待核验）,,ミライアル
0423,423.T,LION OFFICE PRODUCTS CORP.,ライオン事務器,,Standard Market(Domestic),Wholesale Trade,批发业,批发贸易/综合商社,10601.62,ライオン事務器
4240,4240.T,"CLUSTER TECHNOLOGY CO.,LTD.",クラスター科技,,Standard Market(Domestic),Chemicals,化学,基础化工/特种化学品（具体品类待核验）,,クラスターテクノロジー
4241,4241.T,atect corporation,atect 公司,,Standard Market(Domestic),Chemicals,化学,基础化工/特种化学品（具体品类待核验）,,アテクト
4242,4242.T,TAKAGI SEIKO CORPORATION,TAKAGI SEIKO 公司,,Standard Market(Domestic),Chemicals,化学,基础化工/特种化学品（具体品类待核验）,,タカギセイコー
4243,4243.T,"NIX,INC.","NIX,INC.",,Standard Market(Domestic),Chemicals,化学,基础化工/特种化学品（具体品类待核验）,,ニックス
4245,4245.T,"Daiki Axis Co.,Ltd.","Daiki Axis Co.,Ltd.",,Standard Market(Domestic),Chemicals,化学,基础化工/特种化学品（具体品类待核验）,,ダイキアクシス
4246,4246.T,DaikyoNishikawa Corporation,DaikyoNishikawa 公司,,Prime Market (Domestic),Chemicals,化学,基础化工/特种化学品（具体品类待核验）,,ダイキョーニシカワ
4247,4247.T,"POVAL KOGYO CO.,LTD.",ポバール興業,,Standard Market(Domestic),Chemicals,化学,基础化工/特种化学品（具体品类待核验）,,ポバール興業
4248,4248.T,"Takemoto Yohki Co.,Ltd.",竹本容器,,Standard Market(Domestic),Chemicals,化学,基础化工/特种化学品（具体品类待核验）,,竹本容器
4249,4249.T,"MORIROKU COMPANY,LTD.",森六,,Prime Market (Domestic),Chemicals,化学,基础化工/特种化学品（具体品类待核验）,,森六
4251,4251.T,KEIWA Incorporated,恵和,,Prime Market (Domestic),Chemicals,化学,基础化工/特种化学品（具体品类待核验）,,恵和
4255,4255.T,THECOO Inc.,THECOO Inc.,,Growth Market(Domestic),Information & Communication,信息通信,通信、网络设备与通信服务,,ＴＨＥＣＯＯ
4256,4256.T,"CYND Co.,Ltd.","CYND Co.,Ltd.",,Growth Market(Domestic),Information & Communication,信息通信,通信、网络设备与通信服务,,サインド
4258,4258.T,AMIYA Corporation,網屋,,Growth Market(Domestic),Information & Communication,信息通信,通信、网络设备与通信服务,,網屋
4259,4259.T,ExaWizards Inc.,ExaWizards Inc.,,Growth Market(Domestic),Information & Communication,信息通信,通信、网络设备与通信服务,,エクサウィザーズ
4260,4260.T,"Hybrid Technologies Co.,Ltd.",ハイブリッド科技,,Growth Market(Domestic),Information & Communication,信息通信,通信、网络设备与通信服务,,ハイブリッドテクノロジーズ
4261,4261.T,"AsiaQuest Co.,Ltd.","AsiaQuest Co.,Ltd.",,Growth Market(Domestic),Information & Communication,信息通信,通信、网络设备与通信服务,,アジアクエスト
4262,4262.T,"NIFTY Lifestyle Co.,Ltd.","NIFTY Lifestyle Co.,Ltd.",,Growth Market(Domestic),Information & Communication,信息通信,通信、网络设备与通信服务,,ニフティライフスタイル
4263,4263.T,"SUSMED,Inc.","SUSMED,Inc.",,Growth Market(Domestic),Information & Communication,信息通信,通信、网络设备与通信服务,,サスメド
4264,4264.T,"SECURE,INC.","SECURE,INC.",,Growth Market(Domestic),Information & Communication,信息通信,通信、网络设备与通信服务,10601.62,セキュア
4265,4265.T,Institution for a Global Society Corporation,Institution for a Global Society 公司,,Growth Market(Domestic),Information & Communication,信息通信,通信、网络设备与通信服务,10601.62,Ｉｎｓｔｉｔｕｔｉｏｎ　ｆｏｒ　ａ　Ｇｌｏｂａｌ　Ｓｏｃｉｅｔｙ
4270,4270.T,BeeX Inc.,BeeX Inc.,,Growth Market(Domestic),Information & Communication,信息通信,通信、网络设备与通信服务,,ＢｅｅＸ
4272,4272.T,"NIPPON KAYAKU CO.,LTD.",日本化薬,,Prime Market (Domestic),Chemicals,化学,基础化工/特种化学品（具体品类待核验）,10601.62,日本化薬
4274,4274.T,"HOSOYA PYRO-ENGINEERING CO.,LTD.",細谷火工,,Standard Market(Domestic),Chemicals,化学,基础化工/特种化学品（具体品类待核验）,10601.62,細谷火工
4275,4275.T,"Carlit Co.,Ltd.","Carlit Co.,Ltd.",,Prime Market (Domestic),Chemicals,化学,基础化工/特种化学品（具体品类待核验）,,カーリット
4284,4284.T,"SOLXYZ Co.,Ltd.","SOLXYZ Co.,Ltd.",,Standard Market(Domestic),Information & Communication,信息通信,通信、网络设备与通信服务,,ソルクシーズ
4286,4286.T,CL Holdings Inc.,ＣＬ控股,,Standard Market(Domestic),Services,服务业,专业服务、消费服务与商业服务（具体业务待核验）,10601.62,ＣＬホールディングス
4287,4287.T,JUST PLANNING INC.,JUST PLANNING INC.,,Standard Market(Domestic),Information & Communication,信息通信,通信、网络设备与通信服务,,ジャストプランニング
4288,4288.T,"Asgent,Inc.","Asgent,Inc.",,Standard Market(Domestic),Information & Communication,信息通信,通信、网络设备与通信服务,10601.62,アズジェント
0428,428.T,"Cypress Holdings Co.,Ltd.",サイプレス・控股,,Standard Market(Domestic),Retail Trade,零售业,零售与消费品渠道,10601.62,サイプレス・ホールディングス
4290,4290.T,Prestige International Inc.,Prestige International Inc.,,Prime Market (Domestic),Services,服务业,专业服务、消费服务与商业服务（具体业务待核验）,10601.62,プレステージ・インターナショナル
4293,4293.T,"SEPTENI HOLDINGS CO.,LTD.",セプテーニ・控股,,Standard Market(Domestic),Services,服务业,专业服务、消费服务与商业服务（具体业务待核验）,,セプテーニ・ホールディングス
4299,4299.T,"HIMACS,Ltd.","HIMACS,Ltd.",,Standard Market(Domestic),Information & Communication,信息通信,通信、网络设备与通信服务,,ハイマックス
0429,429.T,Tekscend Photomask Corp.,Tekscend Photomask Corp.,,Prime Market (Domestic),Other Products,其他制品,其他制造业（公司级产品待核验）,10601.62,テクセンドフォトマスク
4301,4301.T,AMUSE INC.,AMUSE INC.,,Prime Market (Domestic),Services,服务业,专业服务、消费服务与商业服务（具体业务待核验）,10601.62,アミューズ
4307,4307.T,"Nomura Research Institute,Ltd.",野村総合研究所,,Prime Market (Domestic),Information & Communication,信息通信,通信、网络设备与通信服务,10601.62,野村総合研究所
4308,4308.T,J-Stream Inc.,J-Stream Inc.,,Growth Market(Domestic),Information & Communication,信息通信,通信、网络设备与通信服务,,Ｊストリーム
4310,4310.T,Dream Incubator Inc.,Dream Incubator Inc.,,Prime Market (Domestic),Services,服务业,专业服务、消费服务与商业服务（具体业务待核验）,10601.62,ドリームインキュベータ
4316,4316.T,"BeMap,Inc.","BeMap,Inc.",,Growth Market(Domestic),Information & Communication,信息通信,通信、网络设备与通信服务,,ビーマップ
4317,4317.T,Ray Corporation,Ray 公司,,Standard Market(Domestic),Services,服务业,专业服务、消费服务与商业服务（具体业务待核验）,,レイ
4318,4318.T,"QUICK CO.,LTD.","QUICK CO.,LTD.",,Prime Market (Domestic),Services,服务业,专业服务、消费服务与商业服务（具体业务待核验）,,クイック
0431,431.T,"uSonar Co.,Ltd.","uSonar Co.,Ltd.",,Growth Market(Domestic),Information & Communication,信息通信,通信、网络设备与通信服务,10601.62,ユーソナー
4320,4320.T,"CE Holdings Co.,Ltd.",ＣＥ控股,,Standard Market(Domestic),Information & Communication,信息通信,通信、网络设备与通信服务,10601.62,ＣＥホールディングス
4323,4323.T,"Japan System Techniques Co.,Ltd.",日本系统技術,,Prime Market (Domestic),Information & Communication,信息通信,通信、网络设备与通信服务,,日本システム技術
4324,4324.T,DENTSU GROUP INC.,電通集团,,Prime Market (Domestic),Services,服务业,专业服务、消费服务与商业服务（具体业务待核验）,10601.62,電通グループ
4326,4326.T,INTAGE HOLDINGS Inc.,インテージ控股,,Prime Market (Domestic),Information & Communication,信息通信,通信、网络设备与通信服务,,インテージホールディングス
4331,4331.T,"TAKE AND GIVE. NEEDS Co.,Ltd.","TAKE AND GIVE. NEEDS Co.,Ltd.",,Prime Market (Domestic),Services,服务业,专业服务、消费服务与商业服务（具体业务待核验）,,テイクアンドギヴ・ニーズ
4334,4334.T,"YUKE'S Co.,Ltd.","YUKE'S Co.,Ltd.",,Standard Market(Domestic),Information & Communication,信息通信,通信、网络设备与通信服务,10601.62,ユークス
4335,4335.T,"IPS HOLDINGS CO.,LTD.",ＩＰＳ控股,,Standard Market(Domestic),Information & Communication,信息通信,通信、网络设备与通信服务,,ＩＰＳホールディングス
4337,4337.T,PIA CORPORATION,PIA 公司,,Prime Market (Domestic),Services,服务业,专业服务、消费服务与商业服务（具体业务待核验）,,ぴあ
4341,4341.T,SEIRYO ELECTRIC CORPORATION,西菱電機,,Standard Market(Domestic),Services,服务业,电子设备/电气设备（具体产品待核验）,,西菱電機
4343,4343.T,"AEON Fantasy Co.,LTD.","AEON Fantasy Co.,LTD.",,Prime Market (Domestic),Services,服务业,专业服务、消费服务与商业服务（具体业务待核验）,,イオンファンタジー
4344,4344.T,SOURCENEXT CORPORATION,SOURCENEXT 公司,,Prime Market (Domestic),Information & Communication,信息通信,通信、网络设备与通信服务,,ソースネクスト
4345,4345.T,"CTS Co.,Ltd.","CTS Co.,Ltd.",,Prime Market (Domestic),Services,服务业,专业服务、消费服务与商业服务（具体业务待核验）,,シーティーエス
4346,4346.T,NEXYZ.Group Corporation,NEXYZ.集团 公司,,Standard Market(Domestic),Other Financing Business,其他金融,融资租赁、消费金融与其他金融服务,10601.62,ＮＥＸＹＺ．Ｇｒｏｕｐ
4347,4347.T,Broadmedia Corporation,ブロード媒体,,Standard Market(Domestic),Services,服务业,广告、营销与媒体服务,,ブロードメディア
4350,4350.T,"MEDICAL SYSTEM NETWORK Co.,Ltd.",医疗系统网络,,Standard Market(Domestic),Retail Trade,零售业,零售与消费品渠道,10601.62,メディカルシステムネットワーク
4351,4351.T,YAMADA SERVICER SYNTHETIC OFFICE,山田再生系債権回収総合事務所,,Standard Market(Domestic),Other Financing Business,其他金融,融资租赁、消费金融与其他金融服务,,山田再生系債権回収総合事務所
4356,4356.T,"APPLIED TECHNOLOGY CO.,LTD.",応用技術,,Standard Market(Domestic),Information & Communication,信息通信,通信、网络设备与通信服务,,応用技術
4360,4360.T,"MANAC Chemical Partners Co.,Ltd",マナック・化学・合作伙伴,,Standard Market(Domestic),Chemicals,化学,基础化工/特种化学品（具体品类待核验）,,マナック・ケミカル・パートナーズ
4361,4361.T,"KAWAGUCHI CHEMICAL INDUSTRY CO.,LTD.",川口化学工業,,Standard Market(Domestic),Chemicals,化学,基础化工/特种化学品（具体品类待核验）,,川口化学工業
4362,4362.T,"Nippon Fine Chemical Co.,Ltd.",日本精化,,Prime Market (Domestic),Chemicals,化学,基础化工/特种化学品（具体品类待核验）,,日本精化
4365,4365.T,"MATSUMOTO YUSHI-SEIYAKU CO.,LTD.",松本油脂製薬,,Standard Market(Domestic),Chemicals,化学,基础化工/特种化学品（具体品类待核验）,,松本油脂製薬
4366,4366.T,Daito Chemix Corporation,Daito Chemix 公司,,Standard Market(Domestic),Chemicals,化学,基础化工/特种化学品（具体品类待核验）,10601.62,ダイトーケミックス
4368,4368.T,"FUSO CHEMICAL CO.,LTD.",扶桑化学工業,,Prime Market (Domestic),Chemicals,化学,基础化工/特种化学品（具体品类待核验）,,扶桑化学工業
4369,4369.T,Tri Chemical Laboratories Inc.,トリ化学研究所,,Prime Market (Domestic),Chemicals,化学,基础化工/特种化学品（具体品类待核验）,,トリケミカル研究所
0436,436.T,CyberSolutions Inc.,サイバー解决方案,,Growth Market(Domestic),Information & Communication,信息通信,通信、网络设备与通信服务,10601.62,サイバーソリューションズ
4370,4370.T,Mobilus Corporation,Mobilus 公司,,Growth Market(Domestic),Information & Communication,信息通信,通信、网络设备与通信服务,,モビルス
4371,4371.T,Core Concept Technologies Inc.,コアコンセプト・科技,,Growth Market(Domestic),Information & Communication,信息通信,通信、网络设备与通信服务,,コアコンセプト・テクノロジー
4372,4372.T,"YMIRLINK,Inc.","YMIRLINK,Inc.",,Growth Market(Domestic),Information & Communication,信息通信,通信、网络设备与通信服务,,ユミルリンク
4373,4373.T,"Simplex Holdings,Inc.",シンプレクス・控股,,Prime Market (Domestic),Information & Communication,信息通信,通信、网络设备与通信服务,,シンプレクス・ホールディングス
4374,4374.T,ROBOT PAYMENT INC.,ROBOT PAYMENT INC.,,Growth Market(Domestic),Information & Communication,信息通信,通信、网络设备与通信服务,,ＲＯＢＯＴ　ＰＡＹＭＥＮＴ
4375,4375.T,Safie Inc.,Safie Inc.,,Growth Market(Domestic),Information & Communication,信息通信,通信、网络设备与通信服务,,セーフィー
4376,4376.T,Kufu Company Holdings Inc.,くふうカンパニー控股,,Growth Market(Domestic),Information & Communication,信息通信,通信、网络设备与通信服务,,くふうカンパニーホールディングス
4377,4377.T,ONE CAREER Inc.,ONE CAREER Inc.,,Growth Market(Domestic),Information & Communication,信息通信,通信、网络设备与通信服务,10601.62,ワンキャリア
4378,4378.T,CINC Corp.,CINC Corp.,,Growth Market(Domestic),Information & Communication,信息通信,通信、网络设备与通信服务,,ＣＩＮＣ
4379,4379.T,Photosynth inc.,Photosynth inc.,,Growth Market(Domestic),Information & Communication,信息通信,通信、网络设备与通信服务,,Ｐｈｏｔｏｓｙｎｔｈ
4380,4380.T,M - mart Inc.,M - mart Inc.,,Growth Market(Domestic),Information & Communication,信息通信,通信、网络设备与通信服务,,Ｍマート
4381,4381.T,"BPLATS,Inc.","BPLATS,Inc.",,Growth Market(Domestic),Information & Communication,信息通信,通信、网络设备与通信服务,,ビープラッツ
4382,4382.T,"HEROZ,Inc.","HEROZ,Inc.",,Standard Market(Domestic),Information & Communication,信息通信,通信、网络设备与通信服务,,ＨＥＲＯＺ
4385,4385.T,"Mercari,Inc.","Mercari,Inc.",,Prime Market (Domestic),Information & Communication,信息通信,通信、网络设备与通信服务,,メルカリ
4386,4386.T,"SIG Group Co.,Ltd.",ＳＩＧ集团,,Standard Market(Domestic),Information & Communication,信息通信,通信、网络设备与通信服务,,ＳＩＧグループ
4387,4387.T,"ZUU Co.,Ltd.","ZUU Co.,Ltd.",,Growth Market(Domestic),Information & Communication,信息通信,通信、网络设备与通信服务,,ＺＵＵ
4388,4388.T,"AI,Inc.","AI,Inc.",,Standard Market(Domestic),Information & Communication,信息通信,通信、网络设备与通信服务,520.53,エーアイ
4389,4389.T,"Property Data Bank,Inc.",地产数据银行,,Growth Market(Domestic),Information & Communication,信息通信,房地产开发与物业运营,10601.62,プロパティデータバンク
0438,438.T,"Infcurion,Inc.","Infcurion,Inc.",,Growth Market(Domestic),Information & Communication,信息通信,通信、网络设备与通信服务,10601.62,インフキュリオン
4390,4390.T,"IPS,Inc.","IPS,Inc.",,Prime Market (Domestic),Information & Communication,信息通信,通信、网络设备与通信服务,10601.62,ＩＰＳ
4391,4391.T,"Logizard Co.,Ltd.","Logizard Co.,Ltd.",,Growth Market(Domestic),Information & Communication,信息通信,通信、网络设备与通信服务,,ロジザード
4392,4392.T,"Future Innovation Group,Inc.","Future Innovation 集团,Inc.",,Prime Market (Domestic),Information & Communication,信息通信,通信、网络设备与通信服务,,ＦＩＧ
4393,4393.T,"Bank of Innovation,Inc.",银行・オブ・イノベーション,,Growth Market(Domestic),Information & Communication,信息通信,银行与综合金融服务,,バンク・オブ・イノベーション
4394,4394.T,"eXmotion Co.,Ltd.","eXmotion Co.,Ltd.",,Growth Market(Domestic),Information & Communication,信息通信,通信、网络设备与通信服务,,エクスモーション
4395,4395.T,Accrete Inc.,Accrete Inc.,,Growth Market(Domestic),Information & Communication,信息通信,通信、网络设备与通信服务,10601.62,アクリート
4396,4396.T,System Support Holdings Inc.,系统サポート控股,,Prime Market (Domestic),Information & Communication,信息通信,通信、网络设备与通信服务,10601.62,システムサポートホールディングス
4397,4397.T,TeamSpirit Inc.,TeamSpirit Inc.,,Growth Market(Domestic),Information & Communication,信息通信,通信、网络设备与通信服务,,チームスピリット
4398,4398.T,"BroadBand Security,Inc.","BroadBand Security,Inc.",,Standard Market(Domestic),Information & Communication,信息通信,通信、网络设备与通信服务,,ブロードバンドセキュリティ
4401,4401.T,ADEKA CORPORATION,ADEKA 公司,,Prime Market (Domestic),Chemicals,化学,基础化工/特种化学品（具体品类待核验）,,ＡＤＥＫＡ
4403,4403.T,NOF CORPORATION,日油,,Prime Market (Domestic),Chemicals,化学,基础化工/特种化学品（具体品类待核验）,,日油
4404,4404.T,"Miyoshi Oil & Fat Co.,Ltd.",ミヨシ油脂,,Standard Market(Domestic),Foods,食品,食品饮料与食品加工（具体品类待核验）,,ミヨシ油脂
4406,4406.T,"New Japan Chemical Co.,Ltd.",新日本理化,,Standard Market(Domestic),Chemicals,化学,基础化工/特种化学品（具体品类待核验）,,新日本理化
4409,4409.T,"TOHO CHEMICAL INDUSTRY COMPANY,LIMITED",東邦化学工業,,Standard Market(Domestic),Chemicals,化学,基础化工/特种化学品（具体品类待核验）,,東邦化学工業
4410,4410.T,"HARIMA CHEMICALS GROUP,INC.",ハリマ化成集团,,Prime Market (Domestic),Chemicals,化学,基础化工/特种化学品（具体品类待核验）,,ハリマ化成グループ
4412,4412.T,"Science Arts,Inc.","Science Arts,Inc.",,Growth Market(Domestic),Information & Communication,信息通信,通信、网络设备与通信服务,,サイエンスアーツ
4413,4413.T,"baudroie,inc.","baudroie,inc.",,Prime Market (Domestic),Information & Communication,信息通信,通信、网络设备与通信服务,,ボードルア
4414,4414.T,"FLECT Co.,Ltd.","FLECT Co.,Ltd.",,Growth Market(Domestic),Information & Communication,信息通信,通信、网络设备与通信服务,,フレクト
4415,4415.T,"BROAD ENTERPRISE CO.,LTD.","BROAD ENTERPRISE CO.,LTD.",,Growth Market(Domestic),Information & Communication,信息通信,通信、网络设备与通信服务,,ブロードエンタープライズ
4416,4416.T,True Data Inc.,True Data Inc.,,Growth Market(Domestic),Information & Communication,信息通信,通信、网络设备与通信服务,,Ｔｒｕｅ　Ｄａｔａ
4417,4417.T,Global Security Experts Inc.,Global Security Experts Inc.,,Growth Market(Domestic),Information & Communication,信息通信,通信、网络设备与通信服务,10601.62,グローバルセキュリティエキスパート
4418,4418.T,Japan Data Science Consortium Co.Ltd.,Japan Data Science Consortium Co.Ltd.,,Growth Market(Domestic),Information & Communication,信息通信,通信、网络设备与通信服务,,ＪＤＳＣ
4419,4419.T,Finatext Holdings Ltd.,Ｆｉｎａｔｅｘｔ控股,,Growth Market(Domestic),Information & Communication,信息通信,通信、网络设备与通信服务,,Ｆｉｎａｔｅｘｔホールディングス
0441,441.T,NE Inc.,NE Inc.,,Growth Market(Domestic),Information & Communication,信息通信,通信、网络设备与通信服务,10601.62,ＮＥ
4420,4420.T,"eSOL Co.,Ltd.","eSOL Co.,Ltd.",,Standard Market(Domestic),Information & Communication,信息通信,通信、网络设备与通信服务,,イーソル
4421,4421.T,"D.I.System Co.,Ltd.",ディ・アイ・系统,,Standard Market(Domestic),Information & Communication,信息通信,通信、网络设备与通信服务,,ディ・アイ・システム
4422,4422.T,VALUENEX Japan Inc.,VALUENEX Japan Inc.,,Growth Market(Domestic),Information & Communication,信息通信,通信、网络设备与通信服务,,ＶＡＬＵＥＮＥＸ
4424,4424.T,"Amazia,inc.","Amazia,inc.",,Growth Market(Domestic),Information & Communication,信息通信,通信、网络设备与通信服务,,Ａｍａｚｉａ
4425,4425.T,Kudan Inc.,Kudan Inc.,,Growth Market(Domestic),Information & Communication,信息通信,通信、网络设备与通信服务,,Ｋｕｄａｎ
4427,4427.T,"EduLab,Inc.","EduLab,Inc.",,Growth Market(Domestic),Information & Communication,信息通信,通信、网络设备与通信服务,,ＥｄｕＬａｂ
4428,4428.T,sinops Inc.,sinops Inc.,,Growth Market(Domestic),Information & Communication,信息通信,通信、网络设备与通信服务,,シノプス
4429,4429.T,"Ricksoft Co.,Ltd.","Ricksoft Co.,Ltd.",,Growth Market(Domestic),Information & Communication,信息通信,通信、网络设备与通信服务,,リックソフト
0442,442.T,"Classico,Inc.","Classico,Inc.",,Growth Market(Domestic),Textiles and Apparels,纤维制品,纺织、服装与生活消费品（具体品类待核验）,10601.62,クラシコ
4430,4430.T,"TOKAI SOFT CO.,LTD.",東海ソフト,,Standard Market(Domestic),Information & Communication,信息通信,通信、网络设备与通信服务,10601.62,東海ソフト
4431,4431.T,"Smaregi,Inc.","Smaregi,Inc.",,Growth Market(Domestic),Information & Communication,信息通信,通信、网络设备与通信服务,10601.62,スマレジ
4432,4432.T,WingArc1st Inc.,WingArc1st Inc.,,Prime Market (Domestic),Information & Communication,信息通信,通信、网络设备与通信服务,,ウイングアーク１ｓｔ
4433,4433.T,"HITO-Communications Holdings,Inc.",ヒト・通信ズ・控股,,Prime Market (Domestic),Services,服务业,通信、网络设备与通信服务,,ヒト・コミュニケーションズ・ホールディングス
4434,4434.T,"Serverworks Co.,Ltd.","Serverworks Co.,Ltd.",,Standard Market(Domestic),Information & Communication,信息通信,通信、网络设备与通信服务,10601.62,サーバーワークス
4436,4436.T,"MINKABU THE INFONOID,Inc.","MINKABU THE INFONOID,Inc.",,Growth Market(Domestic),Information & Communication,信息通信,通信、网络设备与通信服务,,ミンカブ・ジ・インフォノイド
4437,4437.T,"gooddays holdings,Inc.",ｇｏｏｄｄａｙｓ控股,,Growth Market(Domestic),Information & Communication,信息通信,通信、网络设备与通信服务,,ｇｏｏｄｄａｙｓホールディングス
4438,4438.T,Welby Inc.,Welby Inc.,,Growth Market(Domestic),Information & Communication,信息通信,通信、网络设备与通信服务,,Ｗｅｌｂｙ
4439,4439.T,"TOUMEI CO.,LTD.",東名,,Standard Market(Domestic),Information & Communication,信息通信,通信、网络设备与通信服务,10601.62,東名
4440,4440.T,WITZ Corporation,WITZ 公司,,Standard Market(Domestic),Information & Communication,信息通信,通信、网络设备与通信服务,10601.62,ヴィッツ
4441,4441.T,Tobila Systems Inc.,トビラ系统,,Standard Market(Domestic),Information & Communication,信息通信,通信、网络设备与通信服务,10601.62,トビラシステムズ
4442,4442.T,"VALTES HOLDINGS CO.,LTD.",バルテス・控股,,Growth Market(Domestic),Information & Communication,信息通信,通信、网络设备与通信服务,,バルテス・ホールディングス
4443,4443.T,"Sansan,Inc.","Sansan,Inc.",,Prime Market (Domestic),Information & Communication,信息通信,通信、网络设备与通信服务,,Ｓａｎｓａｎ
4444,4444.T,INFONET inc.,INFONET inc.,,Growth Market(Domestic),Information & Communication,信息通信,通信、网络设备与通信服务,,インフォネット
4445,4445.T,Living Technologies Inc.,リビン・科技,,Growth Market(Domestic),Information & Communication,信息通信,通信、网络设备与通信服务,,リビン・テクノロジーズ
4446,4446.T,Link-U Group Inc.,Ｌｉｎｋ－Ｕ集团,,Standard Market(Domestic),Information & Communication,信息通信,通信、网络设备与通信服务,,Ｌｉｎｋ－Ｕグループ
4447,4447.T,"PBsystems,Inc.",ピー・ビー系统,,Growth Market(Domestic),Information & Communication,信息通信,通信、网络设备与通信服务,,ピー・ビーシステムズ
4448,4448.T,"kubell Co.,Ltd.","kubell Co.,Ltd.",,Growth Market(Domestic),Information & Communication,信息通信,通信、网络设备与通信服务,,ｋｕｂｅｌｌ
4450,4450.T,"Power Solutions,Ltd.",パワー解决方案,,Growth Market(Domestic),Information & Communication,信息通信,通信、网络设备与通信服务,,パワーソリューションズ
4452,4452.T,Kao Corporation,花王,,Prime Market (Domestic),Chemicals,化学,基础化工/特种化学品（具体品类待核验）,10601.62,花王
4461,4461.T,DKS Co.Ltd.,第一工業製薬,,Prime Market (Domestic),Chemicals,化学,基础化工/特种化学品（具体品类待核验）,,第一工業製薬
4462,4462.T,"ISHIHARA CHEMICAL CO.,LTD.",石原化学,,Prime Market (Domestic),Chemicals,化学,基础化工/特种化学品（具体品类待核验）,,石原ケミカル
4463,4463.T,"NICCA CHEMICAL CO.,LTD.",日華化学,,Standard Market(Domestic),Chemicals,化学,基础化工/特种化学品（具体品类待核验）,,日華化学
4464,4464.T,SOFT99corporation,ソフト９９公司,,Standard Market(Domestic),Chemicals,化学,基础化工/特种化学品（具体品类待核验）,,ソフト９９コーポレーション
4465,4465.T,"Niitaka Co., Ltd.","Niitaka Co., Ltd.",,Standard Market(Domestic),Chemicals,化学,基础化工/特种化学品（具体品类待核验）,,ニイタカ
0446,446.T,"Northsand,Inc.","Northsand,Inc.",,Growth Market(Domestic),Services,服务业,专业服务、消费服务与商业服务（具体业务待核验）,10601.62,ノースサンド
4471,4471.T,"SANYO CHEMICAL INDUSTRIES,LTD.",三洋化成工業,,Prime Market (Domestic),Chemicals,化学,基础化工/特种化学品（具体品类待核验）,,三洋化成工業
4475,4475.T,HENNGE K.K.,HENNGE K.K.,,Growth Market(Domestic),Information & Communication,信息通信,通信、网络设备与通信服务,,ＨＥＮＮＧＥ
4476,4476.T,AI CROSS Inc.,AI CROSS Inc.,,Growth Market(Domestic),Information & Communication,信息通信,通信、网络设备与通信服务,,ＡＩ　ＣＲＯＳＳ
4477,4477.T,"BASE,Inc.","BASE,Inc.",,Growth Market(Domestic),Information & Communication,信息通信,通信、网络设备与通信服务,,ＢＡＳＥ
4478,4478.T,freee K.K.,freee K.K.,,Growth Market(Domestic),Information & Communication,信息通信,通信、网络设备与通信服务,,フリー
4479,4479.T,"Makuake,Inc.","Makuake,Inc.",,Growth Market(Domestic),Information & Communication,信息通信,通信、网络设备与通信服务,,マクアケ
4480,4480.T,"MEDLEY,INC.","MEDLEY,INC.",,Prime Market (Domestic),Information & Communication,信息通信,通信、网络设备与通信服务,10601.62,メドレー
4481,4481.T,"BASE CO.,LTD.","BASE CO.,LTD.",,Prime Market (Domestic),Information & Communication,信息通信,通信、网络设备与通信服务,,ベース
4482,4482.T,WILLs Inc.,WILLs Inc.,,Growth Market(Domestic),Information & Communication,信息通信,通信、网络设备与通信服务,,ウィルズ
4483,4483.T,JMDC Inc.,JMDC Inc.,,Prime Market (Domestic),Information & Communication,信息通信,通信、网络设备与通信服务,,ＪＭＤＣ
4484,4484.T,"LANCERS,INC.","LANCERS,INC.",,Growth Market(Domestic),Information & Communication,信息通信,通信、网络设备与通信服务,10601.62,ランサーズ
4486,4486.T,Unite and Grow Inc.,Unite and Grow Inc.,,Growth Market(Domestic),Information & Communication,信息通信,通信、网络设备与通信服务,,ユナイトアンドグロウ
4487,4487.T,"Spacemarket,Inc.","Spacemarket,Inc.",,Growth Market(Domestic),Information & Communication,信息通信,通信、网络设备与通信服务,,スペースマーケット
4488,4488.T,AI inside Inc.,AI inside Inc.,,Growth Market(Domestic),Information & Communication,信息通信,通信、网络设备与通信服务,,ＡＩ　ｉｎｓｉｄｅ
4490,4490.T,VisasQ Inc.,VisasQ Inc.,,Growth Market(Domestic),Information & Communication,信息通信,通信、网络设备与通信服务,,ビザスク
4491,4491.T,"Computer Management Co.,Ltd.","Computer Management Co.,Ltd.",,Standard Market(Domestic),Information & Communication,信息通信,通信、网络设备与通信服务,,コンピューターマネージメント
4492,4492.T,GENETEC CORPORATION,GENETEC 公司,,Standard Market(Domestic),Information & Communication,信息通信,通信、网络设备与通信服务,,ゼネテック
4493,4493.T,"Cyber Security Cloud,Inc.","Cyber Security Cloud,Inc.",,Growth Market(Domestic),Information & Communication,信息通信,软件/IT服务/系统集成,10601.62,サイバーセキュリティクラウド
4495,4495.T,"i Cubed Systems,Inc.",アイキューブド系统,,Growth Market(Domestic),Information & Communication,信息通信,通信、网络设备与通信服务,,アイキューブドシステムズ
4496,4496.T,Commerce One Holdings Inc.,コマースＯｎｅ控股,,Growth Market(Domestic),Information & Communication,信息通信,批发贸易/综合商社,10601.62,コマースＯｎｅホールディングス
4498,4498.T,"Cybertrust Japan Co.,Ltd.","Cybertrust Japan Co.,Ltd.",,Growth Market(Domestic),Information & Communication,信息通信,通信、网络设备与通信服务,10601.62,サイバートラスト
4499,4499.T,"Speee,Inc.","Speee,Inc.",,Standard Market(Domestic),Information & Communication,信息通信,通信、网络设备与通信服务,,Ｓｐｅｅｅ
4502,4502.T,Takeda Pharmaceutical Company Limited,武田药品工业,,Prime Market (Domestic),Pharmaceutical,医药品,创新药与处方药（综合制药）,10601.62,武田薬品工業
4503,4503.T,Astellas Pharma Inc.,安斯泰来制药,,Prime Market (Domestic),Pharmaceutical,医药品,医药、生物科技与处方药,10601.62,アステラス製薬
4506,4506.T,"Sumitomo Pharma Co.,Ltd.",住友制药,,Prime Market (Domestic),Pharmaceutical,医药品,医药、生物科技与处方药,10601.62,住友ファーマ
4507,4507.T,"Shionogi & Co.,Ltd.",盐野义制药,,Prime Market (Domestic),Pharmaceutical,医药品,医药、生物科技与处方药,20.72,塩野義製薬
4512,4512.T,"WAKAMOTO PHARMACEUTICAL CO.,LTD.",わかもと製薬,,Standard Market(Domestic),Pharmaceutical,医药品,医药、生物科技与处方药,,わかもと製薬
4516,4516.T,"Nippon Shinyaku Co.,Ltd.",日本新薬,,Prime Market (Domestic),Pharmaceutical,医药品,医药、生物科技与处方药,,日本新薬
4519,4519.T,"CHUGAI PHARMACEUTICAL CO.,LTD.",中外制药,,Prime Market (Domestic),Pharmaceutical,医药品,创新药与处方药（抗体药物等）,10601.62,中外製薬
4521,4521.T,"KAKEN PHARMACEUTICAL CO.,LTD.",科研製薬,,Prime Market (Domestic),Pharmaceutical,医药品,医药、生物科技与处方药,,科研製薬
4523,4523.T,"Eisai Co.,Ltd.",卫材,,Prime Market (Domestic),Pharmaceutical,医药品,医药、生物科技与处方药,,エーザイ
4524,4524.T,"MORISHITA JINTAN CO.,LTD.",森下仁丹,,Standard Market(Domestic),Pharmaceutical,医药品,医药、生物科技与处方药,,森下仁丹
4526,4526.T,"RIKEN VITAMIN CO.,LTD.",理研ビタミン,,Prime Market (Domestic),Foods,食品,食品饮料与食品加工（具体品类待核验）,,理研ビタミン
4527,4527.T,"ROHTO PHARMACEUTICAL CO.,LTD.",ロート製薬,,Prime Market (Domestic),Pharmaceutical,医药品,医药、生物科技与处方药,,ロート製薬
4528,4528.T,"ONO PHARMACEUTICAL CO.,LTD.",小野薬品工業,,Prime Market (Domestic),Pharmaceutical,医药品,医药、生物科技与处方药,,小野薬品工業
4531,4531.T,"Yuki Gosei Kogyo Co.,Ltd.",有機合成薬品工業,,Standard Market(Domestic),Chemicals,化学,基础化工/特种化学品（具体品类待核验）,,有機合成薬品工業
4534,4534.T,"Mochida Pharmaceutical Co.,Ltd.",持田製薬,,Prime Market (Domestic),Pharmaceutical,医药品,医药、生物科技与处方药,,持田製薬
4536,4536.T,"SANTEN PHARMACEUTICAL CO.,LTD.",参天製薬,,Prime Market (Domestic),Pharmaceutical,医药品,医药、生物科技与处方药,520.53,参天製薬
4538,4538.T,"Fuso Pharmaceutical Industries,Ltd.",扶桑薬品工業,,Prime Market (Domestic),Pharmaceutical,医药品,医药、生物科技与处方药,,扶桑薬品工業
4539,4539.T,"NIPPON CHEMIPHAR CO.,LTD.",日本ケミファ,,Standard Market(Domestic),Pharmaceutical,医药品,医药、生物科技与处方药,,日本ケミファ
4540,4540.T,TSUMURA & CO.,TSUMURA & CO.,,Prime Market (Domestic),Pharmaceutical,医药品,医药、生物科技与处方药,10601.62,ツムラ
4543,4543.T,TERUMO CORPORATION,TERUMO 公司,,Prime Market (Domestic),Precision Instruments,精密仪器,精密仪器与光学设备,,テルモ
4544,4544.T,"H.U. Group Holdings,Inc.",Ｈ．Ｕ．集团控股,,Prime Market (Domestic),Services,服务业,专业服务、消费服务与商业服务（具体业务待核验）,,Ｈ．Ｕ．グループホールディングス
4547,4547.T,"KISSEI PHARMACEUTICAL CO.,LTD.",キッセイ薬品工業,,Prime Market (Domestic),Pharmaceutical,医药品,医药、生物科技与处方药,,キッセイ薬品工業
4548,4548.T,SEIKAGAKU CORPORATION,生化学工業,,Prime Market (Domestic),Pharmaceutical,医药品,医药、生物科技与处方药,,生化学工業
4549,4549.T,"EIKEN CHEMICAL CO.,LTD.",栄研化学,,Prime Market (Domestic),Pharmaceutical,医药品,医药、生物科技与处方药,10601.62,栄研化学
4552,4552.T,"JCR Pharmaceuticals Co.,Ltd.",ＪＣＲ制药,,Prime Market (Domestic),Pharmaceutical,医药品,医药、生物科技与处方药,,ＪＣＲファーマ
4553,4553.T,"TOWA PHARMACEUTICAL CO.,LTD.",東和薬品,,Prime Market (Domestic),Pharmaceutical,医药品,医药、生物科技与处方药,,東和薬品
4554,4554.T,"Fuji Pharma Co.,Ltd.",富士製薬工業,,Prime Market (Domestic),Pharmaceutical,医药品,医药、生物科技与处方药,,富士製薬工業
4558,4558.T,"CHUKYO IYAKUHIN CO.,LTD.",中京医薬品,,Standard Market(Domestic),Pharmaceutical,医药品,医药、生物科技与处方药,,中京医薬品
4559,4559.T,"ZERIA PHARMACEUTICAL CO.,LTD.",ゼリア新薬工業,,Prime Market (Domestic),Pharmaceutical,医药品,医药、生物科技与处方药,10601.62,ゼリア新薬工業
4563,4563.T,"AnGes,Inc.","AnGes,Inc.",,Growth Market(Domestic),Pharmaceutical,医药品,医药、生物科技与处方药,,アンジェス
4564,4564.T,"OncoTherapy Science,Inc.","OncoTherapy Science,Inc.",,Growth Market(Domestic),Pharmaceutical,医药品,医药、生物科技与处方药,10601.62,オンコセラピー・サイエンス
4565,4565.T,"Nxera Pharma Co.,Ltd.",ネクセラ制药,,Prime Market (Domestic),Pharmaceutical,医药品,医药、生物科技与处方药,492.54,ネクセラファーマ
4568,4568.T,"DAIICHI SANKYO COMPANY,LIMITED",第一三共,,Prime Market (Domestic),Pharmaceutical,医药品,创新药与处方药（肿瘤及专科药）,10601.62,第一三共
4569,4569.T,"KYORIN Pharmaceutical Co.,Ltd.",杏林製薬,,Prime Market (Domestic),Pharmaceutical,医药品,医药、生物科技与处方药,,杏林製薬
0456,456.T,HUMAN MADE Inc.,HUMAN MADE Inc.,,Growth Market(Domestic),Retail Trade,零售业,零售与消费品渠道,10601.62,ＨＵＭＡＮ　ＭＡＤＥ
4570,4570.T,"Immuno-Biological Laboratories Co.,Ltd.",免疫生物研究所,,Growth Market(Domestic),Pharmaceutical,医药品,医药、生物科技与处方药,,免疫生物研究所
4571,4571.T,"Nano Holdings,Inc.",ＮＡＮＯ控股,,Growth Market(Domestic),Pharmaceutical,医药品,医药、生物科技与处方药,,ＮＡＮＯホールディングス
4572,4572.T,"Carna Biosciences,Inc.",カルナ生物サイエンス,,Growth Market(Domestic),Pharmaceutical,医药品,医药、生物科技与处方药,,カルナバイオサイエンス
4574,4574.T,"TAIKO PHARMACEUTICAL CO.,LTD.",大幸薬品,,Prime Market (Domestic),Pharmaceutical,医药品,医药、生物科技与处方药,,大幸薬品
4575,4575.T,"CanBas Co.,Ltd.","CanBas Co.,Ltd.",,Growth Market(Domestic),Pharmaceutical,医药品,医药、生物科技与处方药,,キャンバス
4576,4576.T,"D.Western Therapeutics Institute, Inc.",デ・ウエスタン・セラピテクス研究所,,Growth Market(Domestic),Pharmaceutical,医药品,医药、生物科技与处方药,,デ・ウエスタン・セラピテクス研究所
4577,4577.T,"Daito Pharmaceutical Co.,Ltd.","Daito 制药 Co.,Ltd.",,Prime Market (Domestic),Pharmaceutical,医药品,医药、生物科技与处方药,,ダイト
4578,4578.T,"Otsuka Holdings Co.,Ltd.",大塚控股,,Prime Market (Domestic),Pharmaceutical,医药品,医药、生物科技与处方药,,大塚ホールディングス
4579,4579.T,RaQualia Pharma Inc.,ラクオリア創薬,,Growth Market(Domestic),Pharmaceutical,医药品,医药、生物科技与处方药,,ラクオリア創薬
4582,4582.T,SymBio Pharmaceuticals Limited,シン生物製薬,,Growth Market(Domestic),Pharmaceutical,医药品,医药、生物科技与处方药,,シンバイオ製薬
4583,4583.T,Chiome Bioscience Inc.,カイオム・生物サイエンス,,Growth Market(Domestic),Pharmaceutical,医药品,医药、生物科技与处方药,10601.62,カイオム・バイオサイエンス
4584,4584.T,Kidswell Bio Corporation,キッズウェル・生物,,Growth Market(Domestic),Pharmaceutical,医药品,医药、生物科技与处方药,,キッズウェル・バイオ
4586,4586.T,"Medrx Co.,Ltd.","Medrx Co.,Ltd.",,Growth Market(Domestic),Pharmaceutical,医药品,医药、生物科技与处方药,,メドレックス
4587,4587.T,PeptiDream Inc.,PeptiDream Inc.,,Prime Market (Domestic),Pharmaceutical,医药品,医药、生物科技与处方药,,ペプチドリーム
4588,4588.T,Oncolys BioPharma Inc.,オンコリス生物制药,,Growth Market(Domestic),Pharmaceutical,医药品,医药、生物科技与处方药,10601.62,オンコリスバイオファーマ
4591,4591.T,RIBOMIC Inc.,RIBOMIC Inc.,,Growth Market(Domestic),Pharmaceutical,医药品,医药、生物科技与处方药,,リボミック
4592,4592.T,SanBio Company Limited,サン生物,,Growth Market(Domestic),Pharmaceutical,医药品,医药、生物科技与处方药,,サンバイオ
4593,4593.T,HEALIOS K.K.,HEALIOS K.K.,,Growth Market(Domestic),Pharmaceutical,医药品,医药、生物科技与处方药,,ヘリオス
4594,4594.T,"BrightPath Biotherapeutics Co.,Ltd.",ブライトパス・生物,,Growth Market(Domestic),Pharmaceutical,医药品,医药、生物科技与处方药,10601.62,ブライトパス・バイオ
4595,4595.T,"MIZUHO MEDY CO.,LTD.","MIZUHO MEDY CO.,LTD.",,Standard Market(Domestic),Pharmaceutical,医药品,医药、生物科技与处方药,10601.62,ミズホメディー
4596,4596.T,"Kubota Pharmaceutical Holdings Co.,Ltd.",窪田製薬控股,,Growth Market(Domestic),Pharmaceutical,医药品,医药、生物科技与处方药,,窪田製薬ホールディングス
4597,4597.T,Solasia Pharma K.K.,ソレイジア・制药,,Growth Market(Domestic),Pharmaceutical,医药品,医药、生物科技与处方药,,ソレイジア・ファーマ
4598,4598.T,"Delta-Fly Pharma,Inc.","Delta-Fly Pharma,Inc.",,Growth Market(Domestic),Pharmaceutical,医药品,医药、生物科技与处方药,,Ｄｅｌｔａ－Ｆｌｙ　Ｐｈａｒｍａ
4599,4599.T,StemRIM Inc.,StemRIM Inc.,,Growth Market(Domestic),Pharmaceutical,医药品,医药、生物科技与处方药,,ステムリム
0460,460.T,BRANU Inc.,BRANU Inc.,,Growth Market(Domestic),Information & Communication,信息通信,通信、网络设备与通信服务,10601.62,ＢＲＡＮＵ
4611,4611.T,"Dai Nippon Toryo Company,Limited",大日本塗料,,Prime Market (Domestic),Chemicals,化学,基础化工/特种化学品（具体品类待核验）,,大日本塗料
4612,4612.T,"NIPPON PAINT HOLDINGS CO.,LTD.",日本ペイント控股,,Prime Market (Domestic),Chemicals,化学,基础化工/特种化学品（具体品类待核验）,10601.62,日本ペイントホールディングス
4613,4613.T,"KANSAI PAINT CO.,LTD.",関西ペイント,,Prime Market (Domestic),Chemicals,化学,基础化工/特种化学品（具体品类待核验）,,関西ペイント
4615,4615.T,"SHINTO PAINT COMPANY,LIMITED",神東塗料,,Standard Market(Domestic),Chemicals,化学,基础化工/特种化学品（具体品类待核验）,,神東塗料
4616,4616.T,"KAWAKAMI PAINT MANUFACTURING CO.,LTD.",川上塗料,,Standard Market(Domestic),Chemicals,化学,基础化工/特种化学品（具体品类待核验）,,川上塗料
4617,4617.T,"Chugoku Marine Paints,Ltd.",中国塗料,,Prime Market (Domestic),Chemicals,化学,基础化工/特种化学品（具体品类待核验）,10601.62,中国塗料
4619,4619.T,"Nihon Tokushu Toryo Co.,Ltd.",日本特殊塗料,,Standard Market(Domestic),Chemicals,化学,基础化工/特种化学品（具体品类待核验）,,日本特殊塗料
4620,4620.T,"FUJIKURA KASEI CO.,LTD.",藤倉化成,,Standard Market(Domestic),Chemicals,化学,基础化工/特种化学品（具体品类待核验）,,藤倉化成
4623,4623.T,ASAHIPEN CORPORATION,ASAHIPEN 公司,,Standard Market(Domestic),Chemicals,化学,基础化工/特种化学品（具体品类待核验）,,アサヒペン
4624,4624.T,"Isamu Paint Co.,Ltd.",イサム塗料,,Standard Market(Domestic),Chemicals,化学,基础化工/特种化学品（具体品类待核验）,,イサム塗料
4625,4625.T,"ATOMIX CO.,LTD.","ATOMIX CO.,LTD.",,Standard Market(Domestic),Chemicals,化学,基础化工/特种化学品（具体品类待核验）,,アトミクス
4626,4626.T,"TAIYO HOLDINGS CO.,LTD.",太陽控股,,Prime Market (Domestic),Chemicals,化学,基础化工/特种化学品（具体品类待核验）,10601.62,太陽ホールディングス
4627,4627.T,"NATOCO CO.,LTD.","NATOCO CO.,LTD.",,Standard Market(Domestic),Chemicals,化学,基础化工/特种化学品（具体品类待核验）,,ナトコ
4628,4628.T,"SK KAKEN CO.,LTD.",エスケー化研,,Standard Market(Domestic),Chemicals,化学,基础化工/特种化学品（具体品类待核验）,,エスケー化研
4629,4629.T,"DAISHIN CHEMICAL CO.,LTD.",大伸化学,,Standard Market(Domestic),Chemicals,化学,基础化工/特种化学品（具体品类待核验）,,大伸化学
0462,462.T,"FUNDINNO,INC.","FUNDINNO,INC.",,Growth Market(Domestic),Securities and Commodities Futures,证券商品期货,证券经纪与投资银行服务,10601.62,ＦＵＮＤＩＮＮＯ
4631,4631.T,DIC Corporation,DIC 公司,,Prime Market (Domestic),Chemicals,化学,基础化工/特种化学品（具体品类待核验）,10601.62,ＤＩＣ
4633,4633.T,SAKATA INX CORPORATION,SAKATA INX 公司,,Prime Market (Domestic),Chemicals,化学,基础化工/特种化学品（具体品类待核验）,,サカタインクス
4634,4634.T,"artience Co.,Ltd.","artience Co.,Ltd.",,Prime Market (Domestic),Chemicals,化学,基础化工/特种化学品（具体品类待核验）,,ａｒｔｉｅｎｃｅ
4635,4635.T,"TOKYO PRINTING INK MFG.CO.,LTD.",東京インキ,,Standard Market(Domestic),Chemicals,化学,基础化工/特种化学品（具体品类待核验）,,東京インキ
0463,463.T,"INTELLEX HOLDINGS Co.,Ltd.",インテリックス控股,,Standard Market(Domestic),Real Estate,不动产业,房地产开发与物业运营,,インテリックスホールディングス
4641,4641.T,Altech Corporation,アルプス技研,,Prime Market (Domestic),Services,服务业,专业服务、消费服务与商业服务（具体业务待核验）,,アルプス技研
4642,4642.T,"ORIGINAL ENGINEERING CONSULTANTS CO.,LTD.",オリジナル設計,,Standard Market(Domestic),Services,服务业,专业服务、消费服务与商业服务（具体业务待核验）,,オリジナル設計
4644,4644.T,"Imagineer Co.,Ltd.","Imagineer Co.,Ltd.",,Standard Market(Domestic),Information & Communication,信息通信,通信、网络设备与通信服务,,イマジニア
4645,4645.T,"ICHISHIN HOLDINGS CO.,LTD.",市進控股,,Standard Market(Domestic),Services,服务业,专业服务、消费服务与商业服务（具体业务待核验）,,市進ホールディングス
0464,464.T,QPS Holdings Inc.,ＱＰＳ控股,,Growth Market(Domestic),Information & Communication,信息通信,通信、网络设备与通信服务,,ＱＰＳホールディングス
4650,4650.T,"SD ENTERTAINMENT,Inc.","SD ENTERTAINMENT,Inc.",,Standard Market(Domestic),Services,服务业,专业服务、消费服务与商业服务（具体业务待核验）,,ＳＤエンターテイメント
4651,4651.T,SANIX HOLDINGS INCORPORATED,サニックス控股,,Standard Market(Domestic),Services,服务业,专业服务、消费服务与商业服务（具体业务待核验）,,サニックスホールディングス
4657,4657.T,"ENVIRONMENTAL CONTROL CENTER CO.,LTD.",環境管理中心,,Standard Market(Domestic),Services,服务业,专业服务、消费服务与商业服务（具体业务待核验）,,環境管理センター
4658,4658.T,"Nippon Air Conditioning Services Co.,Ltd.",日本空調服务,,Prime Market (Domestic),Services,服务业,专业服务、消费服务与商业服务（具体业务待核验）,,日本空調サービス
4661,4661.T,"ORIENTAL LAND CO.,LTD.",东方乐园,,Prime Market (Domestic),Services,服务业,主题乐园与休闲娱乐（东京迪士尼运营）,,オリエンタルランド
4662,4662.T,Focus Systems Corporation,フォーカス系统,,Prime Market (Domestic),Information & Communication,信息通信,通信、网络设备与通信服务,,フォーカスシステムズ
4664,4664.T,JAPAN RELIANCE SERVICE CORPORATION,JAPAN RELIANCE SERVICE 公司,,Standard Market(Domestic),Services,服务业,专业服务、消费服务与商业服务（具体业务待核验）,,アール・エス・シー
4665,4665.T,"DUSKIN CO.,LTD.","DUSKIN CO.,LTD.",,Prime Market (Domestic),Services,服务业,专业服务、消费服务与商业服务（具体业务待核验）,,ダスキン
4666,4666.T,"PARK24 Co.,Ltd.","PARK24 Co.,Ltd.",,Prime Market (Domestic),Real Estate,不动产业,房地产开发与物业运营,,パーク２４
4667,4667.T,"AISAN TECHNOLOGY CO.,LTD.",アイサン科技,,Standard Market(Domestic),Information & Communication,信息通信,通信、网络设备与通信服务,,アイサンテクノロジー
4668,4668.T,"MEIKO NETWORK JAPAN CO.,LTD.",明光网络ジャパン,,Prime Market (Domestic),Services,服务业,通信、网络设备与通信服务,,明光ネットワークジャパン
4671,4671.T,"FALCO HOLDINGS Co.,Ltd.",ファルコ控股,,Standard Market(Domestic),Services,服务业,专业服务、消费服务与商业服务（具体业务待核验）,,ファルコホールディングス
4673,4673.T,"Kawasaki Geological Engineering Co.,Ltd.",川崎地質,,Standard Market(Domestic),Services,服务业,专业服务、消费服务与商业服务（具体业务待核验）,,川崎地質
4674,4674.T,CRESCO LTD.,CRESCO LTD.,,Prime Market (Domestic),Information & Communication,信息通信,通信、网络设备与通信服务,,クレスコ
4676,4676.T,"FUJI MEDIA HOLDINGS,INC.",フジ・媒体・控股,,Prime Market (Domestic),Information & Communication,信息通信,广告、营销与媒体服务,,フジ・メディア・ホールディングス
4678,4678.T,"SHUEI YOBIKO Co.,Ltd.",秀英予備校,,Standard Market(Domestic),Services,服务业,专业服务、消费服务与商业服务（具体业务待核验）,,秀英予備校
4679,4679.T,"TAYA Co.,Ltd.",田谷,,Standard Market(Domestic),Services,服务业,专业服务、消费服务与商业服务（具体业务待核验）,,田谷
4680,4680.T,ROUND ONE Corporation,ROUND ONE 公司,,Prime Market (Domestic),Services,服务业,专业服务、消费服务与商业服务（具体业务待核验）,,ラウンドワン
4681,4681.T,"RESORTTRUST,INC.",度假トラスト,,Prime Market (Domestic),Services,服务业,酒店、旅游与休闲服务,,リゾートトラスト
4684,4684.T,"OBIC Co.,Ltd.","OBIC Co.,Ltd.",,Prime Market (Domestic),Information & Communication,信息通信,通信、网络设备与通信服务,,オービック
4685,4685.T,"Ryoyu Systems Co.,Ltd.",菱友系统,,Standard Market(Domestic),Information & Communication,信息通信,通信、网络设备与通信服务,,菱友システムズ
4686,4686.T,JUSTSYSTEMS CORPORATION,ジャスト系统,,Prime Market (Domestic),Information & Communication,信息通信,通信、网络设备与通信服务,,ジャストシステム
4687,4687.T,TDC SOFT Inc.,TDC SOFT Inc.,,Prime Market (Domestic),Information & Communication,信息通信,通信、网络设备与通信服务,,ＴＤＣソフト
4689,4689.T,LY Corporation,LINE雅虎,,Prime Market (Domestic),Information & Communication,信息通信,通信、网络设备与通信服务,,ＬＩＮＥヤフー
4691,4691.T,WASHINGTON HOTEL CORPORATION,ワシントン酒店,,Standard Market(Domestic),Services,服务业,酒店、旅游与休闲服务,,ワシントンホテル
4694,4694.T,"BML,INC.","BML,INC.",,Prime Market (Domestic),Services,服务业,专业服务、消费服务与商业服务（具体业务待核验）,,ビー・エム・エル
0469,469.T,Fitcrew Inc.,Fitcrew Inc.,,Growth Market(Domestic),Services,服务业,专业服务、消费服务与商业服务（具体业务待核验）,,フィットクルー
4704,4704.T,Trend Micro Incorporated,Trend Micro Incorporated,,Prime Market (Domestic),Information & Communication,信息通信,通信、网络设备与通信服务,,トレンドマイクロ
4705,4705.T,CLIP Corporation,クリップ公司,,Standard Market(Domestic),Services,服务业,专业服务、消费服务与商业服务（具体业务待核验）,,クリップコーポレーション
4707,4707.T,KITAC CORPORATION,KITAC 公司,,Standard Market(Domestic),Services,服务业,专业服务、消费服务与商业服务（具体业务待核验）,,キタック
4709,4709.T,ID Holdings Corporation,ＩＤ控股,,Prime Market (Domestic),Information & Communication,信息通信,通信、网络设备与通信服务,,ＩＤホールディングス
4712,4712.T,"KeyHolder,Inc.","KeyHolder,Inc.",,Standard Market(Domestic),Services,服务业,专业服务、消费服务与商业服务（具体业务待核验）,,ＫｅｙＨｏｌｄｅｒ
4714,4714.T,RISO KYOIKU GROUP CORPORATION,リソー教育集团,,Prime Market (Domestic),Services,服务业,专业服务、消费服务与商业服务（具体业务待核验）,,リソー教育グループ
4716,4716.T,ORACLE CORPORATION JAPAN,日本オラクル,,Standard Market(Domestic),Information & Communication,信息通信,通信、网络设备与通信服务,,日本オラクル
4718,4718.T,"WASEDA ACADEMY CO.,LTD.",早稲田アカデミー,,Prime Market (Domestic),Services,服务业,专业服务、消费服务与商业服务（具体业务待核验）,,早稲田アカデミー
4719,4719.T,ALPHA SYSTEMS INC.,アルファ系统,,Prime Market (Domestic),Information & Communication,信息通信,通信、网络设备与通信服务,,アルファシステムズ
0471,471.T,"NS Group,Inc.",ＮＳ集团,,Prime Market (Domestic),Other Financing Business,其他金融,融资租赁、消费金融与其他金融服务,,ＮＳグループ
4720,4720.T,"JOHNAN ACADEMIC PREPARATORY INSTITUTE,INC.",城南進学研究社,,Standard Market(Domestic),Services,服务业,专业服务、消费服务与商业服务（具体业务待核验）,,城南進学研究社
4722,4722.T,Future Corporation,Future 公司,,Prime Market (Domestic),Information & Communication,信息通信,通信、网络设备与通信服务,,フューチャー
4725,4725.T,CAC Holdings Corporation,CAC 控股 公司,,Prime Market (Domestic),Information & Communication,信息通信,通信、网络设备与通信服务,,ＣＡＣ　Ｈｏｌｄｉｎｇｓ
4728,4728.T,"TOSE CO.,LTD.","TOSE CO.,LTD.",,Standard Market(Domestic),Information & Communication,信息通信,通信、网络设备与通信服务,,トーセ
0472,472.T,"Mirrativ,Inc.","Mirrativ,Inc.",,Growth Market(Domestic),Information & Communication,信息通信,通信、网络设备与通信服务,,ミラティブ
4732,4732.T,"USS Co.,Ltd.","USS Co.,Ltd.",,Prime Market (Domestic),Services,服务业,专业服务、消费服务与商业服务（具体业务待核验）,,ユー・エス・エス
4733,4733.T,"OBIC BUSINESS CONSULTANTS CO.,LTD.","OBIC BUSINESS CONSULTANTS CO.,LTD.",,Prime Market (Domestic),Information & Communication,信息通信,通信、网络设备与通信服务,,オービックビジネスコンサルタント
4735,4735.T,"KYOSHIN CO.,LTD.",京進,,Standard Market(Domestic),Services,服务业,专业服务、消费服务与商业服务（具体业务待核验）,,京進
4736,4736.T,Nippon RAD Inc.,日本ラッド,,Standard Market(Domestic),Information & Communication,信息通信,通信、网络设备与通信服务,,日本ラッド
4743,4743.T,ITFOR Inc.,ITFOR Inc.,,Prime Market (Domestic),Information & Communication,信息通信,通信、网络设备与通信服务,,アイティフォー
4746,4746.T,"Toukei Computer Co.,Ltd.",東計電算,,Standard Market(Domestic),Information & Communication,信息通信,通信、网络设备与通信服务,,東計電算
4750,4750.T,"DAISAN CO.,LTD.","DAISAN CO.,LTD.",,Standard Market(Domestic),Services,服务业,专业服务、消费服务与商业服务（具体业务待核验）,,ダイサン
4751,4751.T,"CyberAgent,Inc.","CyberAgent,Inc.",,Prime Market (Domestic),Services,服务业,专业服务、消费服务与商业服务（具体业务待核验）,,サイバーエージェント
4752,4752.T,SHOWA SYSTEM ENGINEERING CORPORATION,昭和系统工程,,Standard Market(Domestic),Information & Communication,信息通信,通信、网络设备与通信服务,,昭和システムエンジニアリング
4754,4754.T,TOSNET CORPORATION,TOSNET 公司,,Standard Market(Domestic),Services,服务业,专业服务、消费服务与商业服务（具体业务待核验）,,トスネット
4755,4755.T,"Rakuten Group,Inc.",乐天集团,,Prime Market (Domestic),Services,服务业,互联网平台与综合电商（电商、金融与通信）,,楽天グループ
0475,475.T,"GIMIC Co.,Ltd.","GIMIC Co.,Ltd.",,Standard Market(Domestic),Services,服务业,专业服务、消费服务与商业服务（具体业务待核验）,,ギミック
4760,4760.T,"ALPHA CO.,LTD.","ALPHA CO.,LTD.",,Standard Market(Domestic),Services,服务业,专业服务、消费服务与商业服务（具体业务待核验）,,アルファ
4761,4761.T,SAKURA KCS Corporation,SAKURA KCS 公司,,Standard Market(Domestic),Information & Communication,信息通信,通信、网络设备与通信服务,,さくらケーシーエス
4762,4762.T,XNET Corporation,XNET 公司,,Standard Market(Domestic),Information & Communication,信息通信,通信、网络设备与通信服务,,エックスネット
4763,4763.T,"CREEK & RIVER Co.,Ltd.",クリーク・アンド・リバー社,,Prime Market (Domestic),Services,服务业,专业服务、消费服务与商业服务（具体业务待核验）,,クリーク・アンド・リバー社
4765,4765.T,"SBI Global Asset Management Co.,Ltd.",ＳＢＩグローバル资产マネジメント,,Prime Market (Domestic),Services,服务业,专业服务、消费服务与商业服务（具体业务待核验）,,ＳＢＩグローバルアセットマネジメント
4766,4766.T,"PA Co.,Ltd.","PA Co.,Ltd.",,Standard Market(Domestic),Services,服务业,专业服务、消费服务与商业服务（具体业务待核验）,,ピーエイ
4767,4767.T,"TOW CO.,LTD.","TOW CO.,LTD.",,Standard Market(Domestic),Services,服务业,专业服务、消费服务与商业服务（具体业务待核验）,,テー・オー・ダブリュー
4768,4768.T,OTSUKA CORPORATION,大塚商会,,Prime Market (Domestic),Information & Communication,信息通信,通信、网络设备与通信服务,,大塚商会
4769,4769.T,"IC CO.,LTD.","IC CO.,LTD.",,Standard Market(Domestic),Information & Communication,信息通信,通信、网络设备与通信服务,,ＩＣ
0476,476.T,"Tsuji Hongo IT Consulting Co.,Ltd.",辻・本郷ＩＴ咨询,,Standard Market(Domestic),Information & Communication,信息通信,通信、网络设备与通信服务,,辻・本郷ＩＴコンサルティング
4771,4771.T,"F&M CO.,LTD.","F&M CO.,LTD.",,Standard Market(Domestic),Services,服务业,专业服务、消费服务与商业服务（具体业务待核验）,,エフアンドエム
4772,4772.T,"SM ENTERTAINMENT JAPAN Co.,Ltd.","SM ENTERTAINMENT JAPAN Co.,Ltd.",,Growth Market(Domestic),Information & Communication,信息通信,通信、网络设备与通信服务,,ＳＭ　ＥＮＴＥＲＴＡＩＮＭＥＮＴ　ＪＡＰＡＮ
4776,4776.T,"Cybozu,Inc.","Cybozu,Inc.",,Prime Market (Domestic),Information & Communication,信息通信,通信、网络设备与通信服务,,サイボウズ
4777,4777.T,GALA INCORPORATED,GALA INCORPORATED,,Standard Market(Domestic),Information & Communication,信息通信,通信、网络设备与通信服务,,ガーラ
0477,477.T,"Startline CO.,LTD.","Startline CO.,LTD.",,Growth Market(Domestic),Services,服务业,专业服务、消费服务与商业服务（具体业务待核验）,,スタートライン
4783,4783.T,"NCD Co.,Ltd.","NCD Co.,Ltd.",,Standard Market(Domestic),Information & Communication,信息通信,通信、网络设备与通信服务,,ＮＣＤ
4784,4784.T,"GMO internet,Inc.",ＧＭＯ互联网,,Prime Market (Domestic),Services,服务业,专业服务、消费服务与商业服务（具体业务待核验）,,ＧＭＯインターネット
0478,478.T,Hutzper Inc.,Hutzper Inc.,,Growth Market(Domestic),Information & Communication,信息通信,通信、网络设备与通信服务,,フツパー
4792,4792.T,"YAMADA Consulting Group Co.,Ltd.",山田咨询集团,,Prime Market (Domestic),Services,服务业,专业服务、消费服务与商业服务（具体业务待核验）,,山田コンサルティンググループ
0479,479.T,PRONI Inc.,PRONI Inc.,,Growth Market(Domestic),Information & Communication,信息通信,通信、网络设备与通信服务,,ＰＲＯＮＩ
4801,4801.T,"CENTRAL SPORTS CO.,LTD.",セントラル体育,,Prime Market (Domestic),Services,服务业,专业服务、消费服务与商业服务（具体业务待核验）,,セントラルスポーツ
4809,4809.T,Paraca Inc.,Paraca Inc.,,Prime Market (Domestic),Real Estate,不动产业,房地产开发与物业运营,,パラカ
0480,480.T,"LiB Consulting Co.,Ltd.",リブ・咨询,,Growth Market(Domestic),Services,服务业,专业服务、消费服务与商业服务（具体业务待核验）,,リブ・コンサルティング
4811,4811.T,DreamArts Corporation,DreamArts 公司,,Growth Market(Domestic),Information & Communication,信息通信,通信、网络设备与通信服务,,ドリーム・アーツ
4812,4812.T,DENTSU SOKEN INC.,電通総研,,Prime Market (Domestic),Information & Communication,信息通信,通信、网络设备与通信服务,,電通総研
4813,4813.T,"ACCESS CO.,LTD.","ACCESS CO.,LTD.",,Prime Market (Domestic),Information & Communication,信息通信,通信、网络设备与通信服务,,ＡＣＣＥＳＳ
4814,4814.T,Nextware Ltd.,Nextware Ltd.,,Standard Market(Domestic),Information & Communication,信息通信,通信、网络设备与通信服务,,ネクストウェア
4816,4816.T,"TOEI ANIMATION CO.,LTD.",東映アニメーション,,Standard Market(Domestic),Information & Communication,信息通信,通信、网络设备与通信服务,,東映アニメーション
4819,4819.T,"Digital Garage,Inc.",数字ガレージ,,Prime Market (Domestic),Information & Communication,信息通信,通信、网络设备与通信服务,,デジタルガレージ
4820,4820.T,"EM SYSTEMS CO.,LTD.",イーエム系统,,Prime Market (Domestic),Information & Communication,信息通信,通信、网络设备与通信服务,,イーエムシステムズ
4825,4825.T,WEATHERNEWS INC.,WEATHERNEWS INC.,,Prime Market (Domestic),Information & Communication,信息通信,通信、网络设备与通信服务,,ウェザーニューズ
4826,4826.T,"Computer Institute of Japan, Ltd.","Computer Institute of Japan, Ltd.",,Prime Market (Domestic),Information & Communication,信息通信,通信、网络设备与通信服务,,ＣＩＪ
4828,4828.T,Business Engineering Corporation,ビジネス工程,,Prime Market (Domestic),Information & Communication,信息通信,通信、网络设备与通信服务,,ビジネスエンジニアリング
4829,4829.T,"Nihon Enterprise Co.,Ltd.",日本エンタープライズ,,Standard Market(Domestic),Information & Communication,信息通信,通信、网络设备与通信服务,,日本エンタープライズ
4832,4832.T,"JFE Systems, Inc.",ＪＦＥ系统,,Standard Market(Domestic),Information & Communication,信息通信,通信、网络设备与通信服务,,ＪＦＥシステムズ
4833,4833.T,"Def consulting,inc.","Def consulting,inc.",,Growth Market(Domestic),Services,服务业,专业服务、消费服务与商业服务（具体业务待核验）,,Ｄｅｆ　ｃｏｎｓｕｌｔｉｎｇ
4838,4838.T,SPACE SHOWER SKIYAKI HOLDINGS INC.,スペースシャワーＳＫＩＹＡＫＩ控股,,Standard Market(Domestic),Information & Communication,信息通信,通信、网络设备与通信服务,,スペースシャワーＳＫＩＹＡＫＩホールディングス
4839,4839.T,WOWOW INC.,WOWOW INC.,,Prime Market (Domestic),Information & Communication,信息通信,通信、网络设备与通信服务,,ＷＯＷＯＷ
0483,483.T,"Tera Technology,Inc.",テラ科技,,Standard Market(Domestic),Information & Communication,信息通信,通信、网络设备与通信服务,,テラテクノロジー
4840,4840.T,TriIs Incorporated,TriIs Incorporated,,Standard Market(Domestic),Services,服务业,专业服务、消费服务与商业服务（具体业务待核验）,,トライアイズ
4845,4845.T,"Scala,Inc.","Scala,Inc.",,Standard Market(Domestic),Information & Communication,信息通信,通信、网络设备与通信服务,,スカラ
4847,4847.T,INTELLIGENT WAVE INC.,INTELLIGENT WAVE INC.,,Prime Market (Domestic),Information & Communication,信息通信,通信、网络设备与通信服务,,インテリジェント　ウェイブ
4848,4848.T,"FULLCAST HOLDINGS CO.,LTD.",フルキャスト控股,,Prime Market (Domestic),Services,服务业,专业服务、消费服务与商业服务（具体业务待核验）,,フルキャストホールディングス
4849,4849.T,en Inc.,en Inc.,,Prime Market (Domestic),Services,服务业,专业服务、消费服务与商业服务（具体业务待核验）,,エン
0485,485.T,"PowerX,Inc.","PowerX,Inc.",,Growth Market(Domestic),Electric Appliances,电气设备,电子设备/电气设备（具体产品待核验）,,パワーエックス
4875,4875.T,"MediciNova,Inc.","MediciNova,Inc.",,Standard Market(Foreign),Pharmaceutical,医药品,医药、生物科技与处方药,,メディシノバ・インク
4880,4880.T,"CellSource Co.,Ltd.","CellSource Co.,Ltd.",,Standard Market(Domestic),Pharmaceutical,医药品,医药、生物科技与处方药,,セルソース
4881,4881.T,FunPep Company Limited,FunPep Company Limited,,Growth Market(Domestic),Pharmaceutical,医药品,医药、生物科技与处方药,,ファンペップ
4882,4882.T,Perseus Proteomics Inc.,Perseus Proteomics Inc.,,Growth Market(Domestic),Pharmaceutical,医药品,医药、生物科技与处方药,,ペルセウスプロテオミクス
4883,4883.T,Modalis Therapeutics Corporation,Modalis Therapeutics 公司,,Growth Market(Domestic),Pharmaceutical,医药品,医药、生物科技与处方药,,モダリス
4884,4884.T,"Kringle Pharma,Inc.",クリングル制药,,Growth Market(Domestic),Pharmaceutical,医药品,医药、生物科技与处方药,,クリングルファーマ
4885,4885.T,MUROMACHI CHEMICALS INC.,室町化学,,Standard Market(Domestic),Pharmaceutical,医药品,医药、生物科技与处方药,,室町ケミカル
4886,4886.T,"ASKA Pharmaceutical Holdings Co.,Ltd.",あすか製薬控股,,Prime Market (Domestic),Pharmaceutical,医药品,医药、生物科技与处方药,,あすか製薬ホールディングス
4887,4887.T,"SAWAI GROUP HOLDINGS Co.,Ltd.",サワイ集团控股,,Prime Market (Domestic),Pharmaceutical,医药品,医药、生物科技与处方药,,サワイグループホールディングス
4888,4888.T,STELLA PHARMA CORPORATION,ステラ制药,,Growth Market(Domestic),Pharmaceutical,医药品,医药、生物科技与处方药,,ステラファーマ
4889,4889.T,Renascience Inc.,Renascience Inc.,,Growth Market(Domestic),Pharmaceutical,医药品,医药、生物科技与处方药,,レナサイエンス
4890,4890.T,Tsubota Laboratory Incorporated,坪田ラボ,,Growth Market(Domestic),Pharmaceutical,医药品,医药、生物科技与处方药,,坪田ラボ
4891,4891.T,"TMS Co.,Ltd.","TMS Co.,Ltd.",,Growth Market(Domestic),Pharmaceutical,医药品,医药、生物科技与处方药,,ティムス
4892,4892.T,Cyfuse Biomedical K.K.,Cyfuse Biomedical K.K.,,Growth Market(Domestic),Pharmaceutical,医药品,医药、生物科技与处方药,,サイフューズ
4893,4893.T,Noile-Immune Biotech Inc.,ノイルイミューン・生物テック,,Growth Market(Domestic),Pharmaceutical,医药品,医药、生物科技与处方药,,ノイルイミューン・バイオテック
4894,4894.T,Cuorips Inc.,Cuorips Inc.,,Growth Market(Domestic),Pharmaceutical,医药品,医药、生物科技与处方药,,クオリプス
4896,4896.T,"K Pharma,Inc.",ケイ制药,,Growth Market(Domestic),Pharmaceutical,医药品,医药、生物科技与处方药,,ケイファーマ
4901,4901.T,FUJIFILM Holdings Corporation,富士胶片控股,,Prime Market (Domestic),Chemicals,化学,基础化工/特种化学品（具体品类待核验）,,富士フイルムホールディングス
4902,4902.T,"KONICA MINOLTA,INC.","KONICA MINOLTA,INC.",,Prime Market (Domestic),Electric Appliances,电气设备,电子设备/电气设备（具体产品待核验）,,コニカミノルタ
4911,4911.T,"Shiseido Company,Limited",資生堂,,Prime Market (Domestic),Chemicals,化学,基础化工/特种化学品（具体品类待核验）,,資生堂
4912,4912.T,Lion Corporation,Lion 公司,,Prime Market (Domestic),Chemicals,化学,基础化工/特种化学品（具体品类待核验）,,ライオン
4914,4914.T,TAKASAGO INTERNATIONAL CORPORATION,高砂香料工業,,Prime Market (Domestic),Chemicals,化学,基础化工/特种化学品（具体品类待核验）,,高砂香料工業
4918,4918.T,IVY COSMETICS CORPORATION,アイビー化粧品,,Standard Market(Domestic),Chemicals,化学,基础化工/特种化学品（具体品类待核验）,,アイビー化粧品
4919,4919.T,"Milbon Co.,Ltd.","Milbon Co.,Ltd.",,Prime Market (Domestic),Chemicals,化学,基础化工/特种化学品（具体品类待核验）,,ミルボン
4920,4920.T,"Nippon Shikizai,Inc.",日本色材工業研究所,,Standard Market(Domestic),Chemicals,化学,基础化工/特种化学品（具体品类待核验）,,日本色材工業研究所
4922,4922.T,KOSE Holdings Corporation,コーセー控股,,Prime Market (Domestic),Chemicals,化学,基础化工/特种化学品（具体品类待核验）,,コーセーホールディングス
4923,4923.T,"COTA CO.,LTD.","COTA CO.,LTD.",,Prime Market (Domestic),Chemicals,化学,基础化工/特种化学品（具体品类待核验）,,コタ
4925,4925.T,"HABA LABORATORIES,INC.",ハーバー研究所,,Standard Market(Domestic),Chemicals,化学,基础化工/特种化学品（具体品类待核验）,,ハーバー研究所
4926,4926.T,"C'BON COSMETICS Co.,Ltd.","C'BON COSMETICS Co.,Ltd.",,Standard Market(Domestic),Chemicals,化学,基础化工/特种化学品（具体品类待核验）,,シーボン
4927,4927.T,POLA ORBIS HOLDINGS INC.,ポーラ・オルビス控股,,Prime Market (Domestic),Chemicals,化学,基础化工/特种化学品（具体品类待核验）,,ポーラ・オルビスホールディングス
4928,4928.T,"Noevir Holdings Co.,Ltd.",ノエビア控股,,Prime Market (Domestic),Chemicals,化学,基础化工/特种化学品（具体品类待核验）,,ノエビアホールディングス
4929,4929.T,"ADJUVANT HOLDINGS CO.,LTD.",アジュバン控股,,Standard Market(Domestic),Chemicals,化学,基础化工/特种化学品（具体品类待核验）,,アジュバンホールディングス
4931,4931.T,"Shinnihonseiyaku Co.,Ltd.",新日本製薬,,Prime Market (Domestic),Chemicals,化学,基础化工/特种化学品（具体品类待核验）,,新日本製薬
4932,4932.T,"ALMADO,INC.","ALMADO,INC.",,Standard Market(Domestic),Chemicals,化学,基础化工/特种化学品（具体品类待核验）,,アルマード
4933,4933.T,"I-ne CO.,LTD.","I-ne CO.,LTD.",,Prime Market (Domestic),Chemicals,化学,基础化工/特种化学品（具体品类待核验）,,Ｉ－ｎｅ
4934,4934.T,"Premier Anti-Aging Co.,Ltd.","Premier Anti-Aging Co.,Ltd.",,Growth Market(Domestic),Chemicals,化学,基础化工/特种化学品（具体品类待核验）,,プレミアアンチエイジング
4935,4935.T,"LIBERTA CO.,LTD.","LIBERTA CO.,LTD.",,Standard Market(Domestic),Chemicals,化学,基础化工/特种化学品（具体品类待核验）,,リベルタ
4936,4936.T,AXXZIA Inc.,AXXZIA Inc.,,Standard Market(Domestic),Chemicals,化学,基础化工/特种化学品（具体品类待核验）,,アクシージア
4937,4937.T,Waqoo Inc.,Waqoo Inc.,,Growth Market(Domestic),Chemicals,化学,基础化工/特种化学品（具体品类待核验）,,Ｗａｑｏｏ
4951,4951.T,S.T.CORPORATION,S.T.公司,,Prime Market (Domestic),Chemicals,化学,基础化工/特种化学品（具体品类待核验）,,エステー
4956,4956.T,"KONISHI CO.,LTD.","KONISHI CO.,LTD.",,Prime Market (Domestic),Chemicals,化学,基础化工/特种化学品（具体品类待核验）,,コニシ
4958,4958.T,"T.HASEGAWA CO.,LTD.",長谷川香料,,Prime Market (Domestic),Chemicals,化学,基础化工/特种化学品（具体品类待核验）,,長谷川香料
4960,4960.T,"CHEMIPRO KASEI KAISHA,LTD.",ケミプロ化成,,Standard Market(Domestic),Chemicals,化学,基础化工/特种化学品（具体品类待核验）,,ケミプロ化成
4966,4966.T,"C.Uyemura & Co.,Ltd.",上村工業,,Standard Market(Domestic),Chemicals,化学,基础化工/特种化学品（具体品类待核验）,,上村工業
4967,4967.T,"KOBAYASHI PHARMACEUTICAL CO.,LTD.",小林製薬,,Prime Market (Domestic),Chemicals,化学,医药、生物科技与处方药,,小林製薬
4968,4968.T,"ARAKAWA CHEMICAL INDUSTRIES,LTD.",荒川化学工業,,Prime Market (Domestic),Chemicals,化学,基础化工/特种化学品（具体品类待核验）,,荒川化学工業
4970,4970.T,"Toyo Gosei Co.,Ltd.",東洋合成工業,,Standard Market(Domestic),Chemicals,化学,基础化工/特种化学品（具体品类待核验）,,東洋合成工業
4971,4971.T,MEC COMPANY LTD.,MEC COMPANY LTD.,,Prime Market (Domestic),Chemicals,化学,基础化工/特种化学品（具体品类待核验）,,メック
4972,4972.T,"Soken Chemical & Engineering Co.,Ltd.",綜研化学,,Standard Market(Domestic),Chemicals,化学,基础化工/特种化学品（具体品类待核验）,,綜研化学
4973,4973.T,"JAPAN PURE CHEMICAL CO.,LTD.",日本高純度化学,,Prime Market (Domestic),Chemicals,化学,基础化工/特种化学品（具体品类待核验）,,日本高純度化学
4975,4975.T,JCU CORPORATION,JCU 公司,,Prime Market (Domestic),Chemicals,化学,基础化工/特种化学品（具体品类待核验）,,ＪＣＵ
4976,4976.T,"TOYO DRILUBE CO.,LTD.",東洋ドライルーブ,,Standard Market(Domestic),Chemicals,化学,基础化工/特种化学品（具体品类待核验）,,東洋ドライルーブ
4977,4977.T,Nitta Gelatin Inc.,新田ゼラチン,,Standard Market(Domestic),Chemicals,化学,基础化工/特种化学品（具体品类待核验）,,新田ゼラチン
4978,4978.T,ReproCELL Incorporated,ReproCELL Incorporated,,Growth Market(Domestic),Chemicals,化学,基础化工/特种化学品（具体品类待核验）,,リプロセル
4979,4979.T,"OAT Agrio Co.,Ltd.","OAT Agrio Co.,Ltd.",,Standard Market(Domestic),Chemicals,化学,基础化工/特种化学品（具体品类待核验）,,ＯＡＴアグリオ
4980,4980.T,Dexerials Corporation,Dexerials 公司,,Prime Market (Domestic),Chemicals,化学,基础化工/特种化学品（具体品类待核验）,,デクセリアルズ
4985,4985.T,Earth Corporation,アース製薬,,Prime Market (Domestic),Chemicals,化学,基础化工/特种化学品（具体品类待核验）,,アース製薬
4990,4990.T,"Showa Chemical Industry Co.,Ltd.",昭和化学工業,,Standard Market(Domestic),Chemicals,化学,基础化工/特种化学品（具体品类待核验）,,昭和化学工業
4992,4992.T,"HOKKO CHEMICAL INDUSTRY CO.,LTD.",北興化学工業,,Standard Market(Domestic),Chemicals,化学,基础化工/特种化学品（具体品类待核验）,,北興化学工業
4994,4994.T,"Taisei Lamick Group Head Quarter & Innovation Co.,Ltd.",大成ラミック集团,,Standard Market(Domestic),Chemicals,化学,基础化工/特种化学品（具体品类待核验）,,大成ラミックグループ
4996,4996.T,"KUMIAI CHEMICAL INDUSTRY CO.,LTD.",クミアイ化学工業,,Prime Market (Domestic),Chemicals,化学,基础化工/特种化学品（具体品类待核验）,,クミアイ化学工業
4997,4997.T,"NIHON NOHYAKU CO.,LTD.",日本農薬,,Prime Market (Domestic),Chemicals,化学,基础化工/特种化学品（具体品类待核验）,,日本農薬
4998,4998.T,FUMAKILLA LIMITED,FUMAKILLA LIMITED,,Standard Market(Domestic),Chemicals,化学,基础化工/特种化学品（具体品类待核验）,,フマキラー
0500,500.T,"TO Books,Inc.","TO Books,Inc.",,Standard Market(Domestic),Information & Communication,信息通信,通信、网络设备与通信服务,,ＴＯブックス
5010,5010.T,"NIPPON SEIRO CO.,LTD.",日本精蝋,,Standard Market(Domestic),Oil and Coal Products,石油煤炭制品,石油炼化、燃料与石化产品（具体品类待核验）,,日本精蝋
5011,5011.T,"NICHIREKI GROUP CO.,LTD.",ニチレキ集团,,Prime Market (Domestic),Oil and Coal Products,石油煤炭制品,石油炼化、燃料与石化产品（具体品类待核验）,,ニチレキグループ
5013,5013.T,Yushiro Inc.,Yushiro Inc.,,Standard Market(Domestic),Oil and Coal Products,石油煤炭制品,石油炼化、燃料与石化产品（具体品类待核验）,,ユシロ
5015,5015.T,BP Castrol K.K.,BP Castrol K.K.,,Standard Market(Domestic),Oil and Coal Products,石油煤炭制品,石油炼化、燃料与石化产品（具体品类待核验）,,ビーピー・カストロール
5016,5016.T,JX Advanced Metals Corporation,ＪＸ金属,,Prime Market (Domestic),Nonferrous Metals,非铁金属,有色金属、冶炼与金属材料（具体品类待核验）,,ＪＸ金属
5018,5018.T,MORESCO Corporation,MORESCO 公司,,Standard Market(Domestic),Oil and Coal Products,石油煤炭制品,石油炼化、燃料与石化产品（具体品类待核验）,,ＭＯＲＥＳＣＯ
5019,5019.T,"Idemitsu Kosan Co.,Ltd.",出光興産,,Prime Market (Domestic),Oil and Coal Products,石油煤炭制品,石油炼化、燃料与石化产品（具体品类待核验）,10601.62,出光興産
5020,5020.T,"ENEOS Holdings,Inc.",ENEOS控股,,Prime Market (Domestic),Oil and Coal Products,石油煤炭制品,石油炼化、燃料与石化产品（具体品类待核验）,20941.69,ＥＮＥＯＳホールディングス
5021,5021.T,"COSMO ENERGY HOLDINGS COMPANY,LIMITED",コスモエネルギー控股,,Prime Market (Domestic),Oil and Coal Products,石油煤炭制品,石油炼化、燃料与石化产品（具体品类待核验）,,コスモエネルギーホールディングス
5025,5025.T,MERCURY Inc.,MERCURY Inc.,,Growth Market(Domestic),Information & Communication,信息通信,通信、网络设备与通信服务,,マーキュリー
5026,5026.T,"TRIPLEIZE CO.,LTD.","TRIPLEIZE CO.,LTD.",,Growth Market(Domestic),Information & Communication,信息通信,通信、网络设备与通信服务,,トリプルアイズ
5027,5027.T,AnyMind Group Inc.,AnyMind 集团 Inc.,,Growth Market(Domestic),Information & Communication,信息通信,通信、网络设备与通信服务,,ＡｎｙＭｉｎｄ　Ｇｒｏｕｐ
5028,5028.T,"SecondXight Analytica,Inc.","SecondXight Analytica,Inc.",,Growth Market(Domestic),Information & Communication,信息通信,通信、网络设备与通信服务,,セカンドサイトアナリティカ
5029,5029.T,circlace Inc,circlace Inc,,Growth Market(Domestic),Information & Communication,信息通信,通信、网络设备与通信服务,,サークレイス
5031,5031.T,Moi Corporation,Moi 公司,,Growth Market(Domestic),Information & Communication,信息通信,通信、网络设备与通信服务,,モイ
5032,5032.T,ANYCOLOR Inc.,ANYCOLOR Inc.,,Prime Market (Domestic),Information & Communication,信息通信,通信、网络设备与通信服务,,ＡＮＹＣＯＬＯＲ
5033,5033.T,Nulab Inc.,Nulab Inc.,,Growth Market(Domestic),Information & Communication,信息通信,通信、网络设备与通信服务,,ヌーラボ
5034,5034.T,"unerry,Inc.","unerry,Inc.",,Growth Market(Domestic),Information & Communication,信息通信,通信、网络设备与通信服务,,ｕｎｅｒｒｙ
5035,5035.T,HOUSEI Inc.,HOUSEI Inc.,,Growth Market(Domestic),Information & Communication,信息通信,通信、网络设备与通信服务,,ＨＯＵＳＥＩ
5036,5036.T,"Japan Business Systems,Inc.",日本ビジネス系统,,Prime Market (Domestic),Information & Communication,信息通信,通信、网络设备与通信服务,,日本ビジネスシステムズ
5038,5038.T,"eWeLL Co.,Ltd.","eWeLL Co.,Ltd.",,Growth Market(Domestic),Information & Communication,信息通信,通信、网络设备与通信服务,,ｅＷｅＬＬ
0504,504.T,Innovacell Inc.,Innovacell Inc.,,Growth Market(Domestic),Pharmaceutical,医药品,医药、生物科技与处方药,,イノバセル
0505,505.T,"Geekly,Inc.","Geekly,Inc.",,Standard Market(Domestic),Services,服务业,专业服务、消费服务与商业服务（具体业务待核验）,,ギークリー
5071,5071.T,VIS co.ltd.,VIS co.ltd.,,Standard Market(Domestic),Services,服务业,专业服务、消费服务与商业服务（具体业务待核验）,,ヴィス
5074,5074.T,"TESS Holdings Co.,Ltd.",テス控股,,Prime Market (Domestic),Construction,建设业,建筑工程、建材与房地产相关工程（具体业务待核验）,,テスホールディングス
5076,5076.T,INFRONEER Holdings Inc.,インフロニア・控股,,Prime Market (Domestic),Construction,建设业,建筑工程、建材与房地产相关工程（具体业务待核验）,,インフロニア・ホールディングス
5078,5078.T,CEL Corporation,セレ公司,,Standard Market(Domestic),Construction,建设业,建筑工程、建材与房地产相关工程（具体业务待核验）,,セレコーポレーション
5079,5079.T,"NOVAC CO.,LTD.","NOVAC CO.,LTD.",,Standard Market(Domestic),Construction,建设业,建筑工程、建材与房地产相关工程（具体业务待核验）,,ノバック
5101,5101.T,"The Yokohama Rubber Company,Limited",横浜ゴム,,Prime Market (Domestic),Rubber Products,橡胶制品,橡胶制品与轮胎（具体产品待核验）,,横浜ゴム
5105,5105.T,Toyo Tire Corporation,Toyo Tire 公司,,Prime Market (Domestic),Rubber Products,橡胶制品,橡胶制品与轮胎（具体产品待核验）,,ＴＯＹＯ　ＴＩＲＥ
5108,5108.T,BRIDGESTONE CORPORATION,BRIDGESTONE 公司,,Prime Market (Domestic),Rubber Products,橡胶制品,橡胶制品与轮胎（具体产品待核验）,,ブリヂストン
5110,5110.T,"Sumitomo Rubber Industries,Ltd.",住友ゴム工業,,Prime Market (Domestic),Rubber Products,橡胶制品,橡胶制品与轮胎（具体产品待核验）,,住友ゴム工業
5121,5121.T,FUJIKURA COMPOSITES Inc.,藤倉コンポジット,,Prime Market (Domestic),Rubber Products,橡胶制品,橡胶制品与轮胎（具体产品待核验）,,藤倉コンポジット
5122,5122.T,"OKAMOTO INDUSTRIES,INC.","OKAMOTO 工业,INC.",,Prime Market (Domestic),Rubber Products,橡胶制品,橡胶制品与轮胎（具体产品待核验）,,オカモト
5125,5125.T,Fines inc.,Fines inc.,,Growth Market(Domestic),Information & Communication,信息通信,通信、网络设备与通信服务,,ファインズ
5126,5126.T,PORTERS CORPORATION,PORTERS 公司,,Growth Market(Domestic),Information & Communication,信息通信,通信、网络设备与通信服务,,ポーターズ
5129,5129.T,FIXER Inc.,FIXER Inc.,,Growth Market(Domestic),Information & Communication,信息通信,通信、网络设备与通信服务,,ＦＩＸＥＲ
5131,5131.T,Linkers Corporation,Linkers 公司,,Growth Market(Domestic),Information & Communication,信息通信,通信、网络设备与通信服务,,リンカーズ
5132,5132.T,"pluszero,Inc.","pluszero,Inc.",,Growth Market(Domestic),Information & Communication,信息通信,通信、网络设备与通信服务,,ｐｌｕｓｚｅｒｏ
5133,5133.T,Terilogy Holdings Corporation,テリロジー控股,,Standard Market(Domestic),Information & Communication,信息通信,通信、网络设备与通信服务,,テリロジーホールディングス
5134,5134.T,"POPER Co.,Ltd.","POPER Co.,Ltd.",,Growth Market(Domestic),Information & Communication,信息通信,通信、网络设备与通信服务,,ＰＯＰＥＲ
5136,5136.T,"tripla Co.,Ltd.","tripla Co.,Ltd.",,Growth Market(Domestic),Information & Communication,信息通信,通信、网络设备与通信服务,,ｔｒｉｐｌａ
5137,5137.T,SmartDrive inc.,SmartDrive inc.,,Growth Market(Domestic),Information & Communication,信息通信,通信、网络设备与通信服务,,スマートドライブ
5138,5138.T,"Rebase,Inc.","Rebase,Inc.",,Growth Market(Domestic),Information & Communication,信息通信,通信、网络设备与通信服务,,Ｒｅｂａｓｅ
5139,5139.T,OpenWork Inc.,OpenWork Inc.,,Growth Market(Domestic),Information & Communication,信息通信,通信、网络设备与通信服务,,オープンワーク
5142,5142.T,Achilles Corporation,Achilles 公司,,Prime Market (Domestic),Chemicals,化学,基础化工/特种化学品（具体品类待核验）,,アキレス
5161,5161.T,"NISHIKAWA RUBBER CO.,LTD.",西川ゴム工業,,Standard Market(Domestic),Rubber Products,橡胶制品,橡胶制品与轮胎（具体产品待核验）,,西川ゴム工業
5162,5162.T,ASAHI RUBBER INC.,朝日ラバー,,Standard Market(Domestic),Rubber Products,橡胶制品,橡胶制品与轮胎（具体产品待核验）,,朝日ラバー
5184,5184.T,"NICHIRIN CO.,LTD.","NICHIRIN CO.,LTD.",,Standard Market(Domestic),Rubber Products,橡胶制品,橡胶制品与轮胎（具体产品待核验）,,ニチリン
5185,5185.T,"Fukoku Co.,Ltd.","Fukoku Co.,Ltd.",,Prime Market (Domestic),Rubber Products,橡胶制品,橡胶制品与轮胎（具体产品待核验）,,フコク
5186,5186.T,Nitta Corporation,Nitta 公司,,Prime Market (Domestic),Rubber Products,橡胶制品,橡胶制品与轮胎（具体产品待核验）,,ニッタ
5187,5187.T,"CREATE MEDIC CO.,LTD.","CREATE MEDIC CO.,LTD.",,Standard Market(Domestic),Precision Instruments,精密仪器,精密仪器与光学设备,,クリエートメディック
5189,5189.T,"SAKURA RUBBER CO.,LTD.",櫻護謨,,Standard Market(Domestic),Rubber Products,橡胶制品,橡胶制品与轮胎（具体产品待核验）,,櫻護謨
5192,5192.T,Mitsuboshi Belting Ltd.,三ツ星ベルト,,Prime Market (Domestic),Rubber Products,橡胶制品,橡胶制品与轮胎（具体产品待核验）,,三ツ星ベルト
5194,5194.T,"SAGAMI RUBBER INDUSTRIES CO.,LTD.",相模ゴム工業,,Standard Market(Domestic),Rubber Products,橡胶制品,橡胶制品与轮胎（具体产品待核验）,,相模ゴム工業
5195,5195.T,"Bando Chemical Industries,Ltd.",バンドー化学,,Prime Market (Domestic),Rubber Products,橡胶制品,基础化工/特种化学品（具体品类待核验）,,バンドー化学
5199,5199.T,"FUJI LATEX CO.,LTD.",不二ラテックス,,Standard Market(Domestic),Rubber Products,橡胶制品,橡胶制品与轮胎（具体产品待核验）,,不二ラテックス
0519,519.T,Basic Inc.,Basic Inc.,,Growth Market(Domestic),Information & Communication,信息通信,通信、网络设备与通信服务,,ベーシック
5201,5201.T,AGC Inc.,AGC Inc.,,Prime Market (Domestic),Glass and Ceramics Products,玻璃土石制品,玻璃、陶瓷与建筑材料（具体产品待核验）,,ＡＧＣ
5204,5204.T,"ISHIZUKA GLASS CO.,LTD.",石塚硝子,,Standard Market(Domestic),Glass and Ceramics Products,玻璃土石制品,玻璃、陶瓷与建筑材料（具体产品待核验）,,石塚硝子
5208,5208.T,"Arisawa Mfg.Co.,Ltd.",有沢制作所,,Prime Market (Domestic),Chemicals,化学,基础化工/特种化学品（具体品类待核验）,,有沢製作所
0520,520.T,"J-Pharma Co.,Ltd.",ジェイ制药,,Growth Market(Domestic),Pharmaceutical,医药品,医药、生物科技与处方药,,ジェイファーマ
5210,5210.T,"Nihon Yamamura Glass Co.,Ltd.",日本山村硝子,,Standard Market(Domestic),Glass and Ceramics Products,玻璃土石制品,玻璃、陶瓷与建筑材料（具体产品待核验）,,日本山村硝子
5214,5214.T,"Nippon Electric Glass Co.,Ltd.",日本電気硝子,,Prime Market (Domestic),Glass and Ceramics Products,玻璃土石制品,电子设备/电气设备（具体产品待核验）,,日本電気硝子
5216,5216.T,"KURAMOTO CO.,LTD.",倉元制作所,,Standard Market(Domestic),Glass and Ceramics Products,玻璃土石制品,玻璃、陶瓷与建筑材料（具体产品待核验）,,倉元製作所
5218,5218.T,OHARA INC.,OHARA INC.,,Standard Market(Domestic),Glass and Ceramics Products,玻璃土石制品,玻璃、陶瓷与建筑材料（具体产品待核验）,,オハラ
5232,5232.T,"Sumitomo Osaka Cement Co.,Ltd.",住友大阪セメント,,Prime Market (Domestic),Glass and Ceramics Products,玻璃土石制品,玻璃、陶瓷与建筑材料（具体产品待核验）,,住友大阪セメント
5233,5233.T,TAIHEIYO CEMENT CORPORATION,太平洋セメント,,Prime Market (Domestic),Glass and Ceramics Products,玻璃土石制品,玻璃、陶瓷与建筑材料（具体产品待核验）,,太平洋セメント
5237,5237.T,NOZAWA CORPORATION,NOZAWA 公司,,Standard Market(Domestic),Glass and Ceramics Products,玻璃土石制品,玻璃、陶瓷与建筑材料（具体产品待核验）,,ノザワ
0523,523.T,"SEIWA HOLDINGS Co.,Ltd.",セイワ控股,,Growth Market(Domestic),Metal Products,金属制品,金属制品、零部件与加工（具体产品待核验）,,セイワホールディングス
5240,5240.T,"monoAI technology Co.,Ltd.","monoAI 科技 Co.,Ltd.",,Growth Market(Domestic),Information & Communication,信息通信,通信、网络设备与通信服务,,ｍｏｎｏＡＩ　ｔｅｃｈｎｏｌｏｇｙ
5242,5242.T,"EYEZ,INC.","EYEZ,INC.",,Growth Market(Domestic),Information & Communication,信息通信,通信、网络设备与通信服务,,アイズ
5243,5243.T,note inc.,note inc.,,Growth Market(Domestic),Information & Communication,信息通信,通信、网络设备与通信服务,,ｎｏｔｅ
5244,5244.T,"jig.jp co.,ltd.","jig.jp co.,ltd.",,Growth Market(Domestic),Information & Communication,信息通信,通信、网络设备与通信服务,,ｊｉｇ．ｊｐ
5246,5246.T,"ELEMENTS,Inc.","ELEMENTS,Inc.",,Growth Market(Domestic),Information & Communication,信息通信,通信、网络设备与通信服务,,ＥＬＥＭＥＮＴＳ
5247,5247.T,"BTM,Inc.","BTM,Inc.",,Growth Market(Domestic),Information & Communication,信息通信,通信、网络设备与通信服务,,ＢＴＭ
5248,5248.T,"TECHNOLOGIES,Inc.",科技,,Growth Market(Domestic),Information & Communication,信息通信,通信、网络设备与通信服务,,テクノロジーズ
5250,5250.T,"GMO PRIME STRATEGY CO.,LTD.","GMO PRIME STRATEGY CO.,LTD.",,Standard Market(Domestic),Information & Communication,信息通信,通信、网络设备与通信服务,,ＧＭＯプライム・ストラテジー
5252,5252.T,"Nihon Knowledge Co,Ltd.",日本ナレッジ,,Growth Market(Domestic),Information & Communication,信息通信,通信、网络设备与通信服务,,日本ナレッジ
5253,5253.T,COVER Corporation,COVER 公司,,Growth Market(Domestic),Information & Communication,信息通信,通信、网络设备与通信服务,,カバー
5254,5254.T,Arent Inc.,Arent Inc.,,Growth Market(Domestic),Information & Communication,信息通信,通信、网络设备与通信服务,,Ａｒｅｎｔ
5255,5255.T,Monstarlab Inc.,Monstarlab Inc.,,Growth Market(Domestic),Information & Communication,信息通信,通信、网络设备与通信服务,,モンスターラボ
5256,5256.T,"Fusic Co.,Ltd.","Fusic Co.,Ltd.",,Growth Market(Domestic),Information & Communication,信息通信,通信、网络设备与通信服务,,Ｆｕｓｉｃ
5257,5257.T,"NOVA SYSTEM CO.,LTD.",ノバ系统,,Standard Market(Domestic),Information & Communication,信息通信,通信、网络设备与通信服务,,ノバシステム
5258,5258.T,Transaction Media Networks Inc.,トランザクション・媒体・网络ス,,Growth Market(Domestic),Information & Communication,信息通信,广告、营销与媒体服务,,トランザクション・メディア・ネットワークス
5261,5261.T,"RESOL HOLDINGS Co.,Ltd.",リソル控股,,Prime Market (Domestic),Services,服务业,专业服务、消费服务与商业服务（具体业务待核验）,,リソルホールディングス
5262,5262.T,Nippon Hume Corporation,日本ヒューム,,Prime Market (Domestic),Glass and Ceramics Products,玻璃土石制品,玻璃、陶瓷与建筑材料（具体产品待核验）,,日本ヒューム
5268,5268.T,"ASAHI CONCRETE WORKS CO.,LTD.",旭コンクリート工業,,Standard Market(Domestic),Glass and Ceramics Products,玻璃土石制品,玻璃、陶瓷与建筑材料（具体产品待核验）,,旭コンクリート工業
5269,5269.T,"NIPPON CONCRETE INDUSTRIES CO.,LTD.",日本コンクリート工業,,Prime Market (Domestic),Glass and Ceramics Products,玻璃土石制品,玻璃、陶瓷与建筑材料（具体产品待核验）,,日本コンクリート工業
5271,5271.T,"TOYO ASANO FOUNDATION CO.,LTD.","TOYO ASANO FOUNDATION CO.,LTD.",,Standard Market(Domestic),Glass and Ceramics Products,玻璃土石制品,玻璃、陶瓷与建筑材料（具体产品待核验）,,トーヨーアサノ
5273,5273.T,"MITANI SEKISAN CO.,LTD.",三谷セキサン,,Standard Market(Domestic),Glass and Ceramics Products,玻璃土石制品,玻璃、陶瓷与建筑材料（具体产品待核验）,,三谷セキサン
5279,5279.T,"NIHON KOGYO CO.,LTD.",日本興業,,Standard Market(Domestic),Glass and Ceramics Products,玻璃土石制品,玻璃、陶瓷与建筑材料（具体产品待核验）,,日本興業
5280,5280.T,"Yoshicon Co.,Ltd.","Yoshicon Co.,Ltd.",,Standard Market(Domestic),Real Estate,不动产业,房地产开发与物业运营,,ヨシコン
5282,5282.T,GEOSTR Corporation,GEOSTR 公司,,Standard Market(Domestic),Glass and Ceramics Products,玻璃土石制品,玻璃、陶瓷与建筑材料（具体产品待核验）,,ジオスター
5283,5283.T,"TAKAMISAWA CO.,LTD.",高見澤,,Standard Market(Domestic),Wholesale Trade,批发业,批发贸易/综合商社,,高見澤
5284,5284.T,"YAMAU HOLDINGS CO.,LTD.",ヤマウ控股,,Standard Market(Domestic),Glass and Ceramics Products,玻璃土石制品,玻璃、陶瓷与建筑材料（具体产品待核验）,,ヤマウホールディングス
5285,5285.T,YAMAX Corp.,YAMAX Corp.,,Standard Market(Domestic),Glass and Ceramics Products,玻璃土石制品,玻璃、陶瓷与建筑材料（具体产品待核验）,,ヤマックス
5287,5287.T,"ITO YOGYO CO.,LTD.","ITO YOGYO CO.,LTD.",,Standard Market(Domestic),Glass and Ceramics Products,玻璃土石制品,玻璃、陶瓷与建筑材料（具体产品待核验）,,イトーヨーギョー
5288,5288.T,ASIA PILE HOLDINGS CORPORATION,アジアパイル控股,,Prime Market (Domestic),Glass and Ceramics Products,玻璃土石制品,玻璃、陶瓷与建筑材料（具体产品待核验）,,アジアパイルホールディングス
5290,5290.T,Vertex Corporation,ベルテクス公司,,Standard Market(Domestic),Glass and Ceramics Products,玻璃土石制品,玻璃、陶瓷与建筑材料（具体产品待核验）,,ベルテクスコーポレーション
5301,5301.T,"TOKAI CARBON CO.,LTD.",東海カーボン,,Prime Market (Domestic),Glass and Ceramics Products,玻璃土石制品,玻璃、陶瓷与建筑材料（具体产品待核验）,,東海カーボン
5302,5302.T,"Nippon Carbon Co.,Ltd.",日本カーボン,,Prime Market (Domestic),Glass and Ceramics Products,玻璃土石制品,玻璃、陶瓷与建筑材料（具体产品待核验）,,日本カーボン
5304,5304.T,"SEC CARBON,LIMITED","SEC CARBON,LIMITED",,Standard Market(Domestic),Glass and Ceramics Products,玻璃土石制品,玻璃、陶瓷与建筑材料（具体产品待核验）,,ＳＥＣカーボン
5310,5310.T,"TOYO TANSO CO.,LTD.",東洋炭素,,Prime Market (Domestic),Glass and Ceramics Products,玻璃土石制品,玻璃、陶瓷与建筑材料（具体产品待核验）,,東洋炭素
5331,5331.T,"NORITAKE CO.,LIMITED","NORITAKE CO.,LIMITED",,Prime Market (Domestic),Glass and Ceramics Products,玻璃土石制品,玻璃、陶瓷与建筑材料（具体产品待核验）,,ノリタケ
5332,5332.T,TOTO LTD.,TOTO LTD.,,Prime Market (Domestic),Glass and Ceramics Products,玻璃土石制品,玻璃、陶瓷与建筑材料（具体产品待核验）,,ＴＯＴＯ
5333,5333.T,NGK Corporation,NGK 公司,,Prime Market (Domestic),Glass and Ceramics Products,玻璃土石制品,玻璃、陶瓷与建筑材料（具体产品待核验）,,ＮＧＫ
5334,5334.T,"Niterra Co.,Ltd.",日本特殊陶業,,Prime Market (Domestic),Glass and Ceramics Products,玻璃土石制品,玻璃、陶瓷与建筑材料（具体产品待核验）,20.72,日本特殊陶業
5337,5337.T,DANTO HOLDINGS CORPORATION,ダントー控股,,Standard Market(Domestic),Glass and Ceramics Products,玻璃土石制品,玻璃、陶瓷与建筑材料（具体产品待核验）,,ダントーホールディングス
5341,5341.T,"ASAHI EITO HOLDINGS CO.,LTD.",ＡＳＡＨＩ ＥＩＴＯ控股,,Standard Market(Domestic),Glass and Ceramics Products,玻璃土石制品,玻璃、陶瓷与建筑材料（具体产品待核验）,,ＡＳＡＨＩ　ＥＩＴＯホールディングス
5344,5344.T,"MARUWA CO.,LTD.","MARUWA CO.,LTD.",,Prime Market (Domestic),Glass and Ceramics Products,玻璃土石制品,玻璃、陶瓷与建筑材料（具体产品待核验）,,ＭＡＲＵＷＡ
5351,5351.T,"SHINAGAWA REFRA CO.,LTD.",品川リフラ,,Prime Market (Domestic),Glass and Ceramics Products,玻璃土石制品,玻璃、陶瓷与建筑材料（具体产品待核验）,,品川リフラ
5355,5355.T,"Nippon Crucible Co.,Ltd.",日本坩堝,,Standard Market(Domestic),Glass and Ceramics Products,玻璃土石制品,玻璃、陶瓷与建筑材料（具体产品待核验）,,日本坩堝
5356,5356.T,"MINO CERAMIC CO.,LTD.",美濃窯業,,Standard Market(Domestic),Glass and Ceramics Products,玻璃土石制品,玻璃、陶瓷与建筑材料（具体产品待核验）,,美濃窯業
5357,5357.T,"YOTAI REFRACTORIES CO.,LTD.","YOTAI REFRACTORIES CO.,LTD.",,Prime Market (Domestic),Glass and Ceramics Products,玻璃土石制品,玻璃、陶瓷与建筑材料（具体产品待核验）,,ヨータイ
5363,5363.T,TYK CORPORATION,東京窯業,,Standard Market(Domestic),Glass and Ceramics Products,玻璃土石制品,玻璃、陶瓷与建筑材料（具体产品待核验）,,東京窯業
5367,5367.T,NIKKATO CORPORATION,NIKKATO 公司,,Standard Market(Domestic),Glass and Ceramics Products,玻璃土石制品,玻璃、陶瓷与建筑材料（具体产品待核验）,,ニッカトー
5368,5368.T,"JAPAN INSULATION CO.,LTD.",日本インシュレーション,,Standard Market(Domestic),Glass and Ceramics Products,玻璃土石制品,玻璃、陶瓷与建筑材料（具体产品待核验）,,日本インシュレーション
5380,5380.T,SHINTO COMPANY LIMITED,新東,,Standard Market(Domestic),Glass and Ceramics Products,玻璃土石制品,玻璃、陶瓷与建筑材料（具体产品待核验）,,新東
5381,5381.T,Mipox Corporation,Mipox 公司,,Standard Market(Domestic),Glass and Ceramics Products,玻璃土石制品,玻璃、陶瓷与建筑材料（具体产品待核验）,,マイポックス
5384,5384.T,FUJIMI INCORPORATED,FUJIMI INCORPORATED,,Prime Market (Domestic),Glass and Ceramics Products,玻璃土石制品,玻璃、陶瓷与建筑材料（具体产品待核验）,,フジミインコーポレーテッド
5388,5388.T,"KUNIMINE INDUSTRIES CO.,LTD.",クニミネ工業,,Standard Market(Domestic),Glass and Ceramics Products,玻璃土石制品,玻璃、陶瓷与建筑材料（具体产品待核验）,,クニミネ工業
5391,5391.T,A&A Material Corporation,エーアンドエー材料,,Standard Market(Domestic),Glass and Ceramics Products,玻璃土石制品,玻璃、陶瓷与建筑材料（具体产品待核验）,,エーアンドエーマテリアル
5393,5393.T,NICHIAS CORPORATION,NICHIAS 公司,,Prime Market (Domestic),Glass and Ceramics Products,玻璃土石制品,玻璃、陶瓷与建筑材料（具体产品待核验）,,ニチアス
5401,5401.T,NIPPON STEEL CORPORATION,日本製鉄,,Prime Market (Domestic),Iron and Steel,钢铁,钢铁、特殊钢与金属材料（具体品类待核验）,,日本製鉄
5406,5406.T,"Kobe Steel,Ltd.",神戸製鋼所,,Prime Market (Domestic),Iron and Steel,钢铁,钢铁、特殊钢与金属材料（具体品类待核验）,,神戸製鋼所
5408,5408.T,"NAKAYAMA STEEL WORKS,LTD.",中山製鋼所,,Prime Market (Domestic),Iron and Steel,钢铁,钢铁、特殊钢与金属材料（具体品类待核验）,,中山製鋼所
5410,5410.T,"Godo Steel,Ltd.",合同製鐵,,Prime Market (Domestic),Iron and Steel,钢铁,钢铁、特殊钢与金属材料（具体品类待核验）,,合同製鐵
5411,5411.T,"JFE Holdings,Inc.",ＪＦＥ控股,,Prime Market (Domestic),Iron and Steel,钢铁,钢铁、特殊钢与金属材料（具体品类待核验）,,ＪＦＥホールディングス
5423,5423.T,"TOKYO STEEL MANUFACTURING CO.,LTD.",東京製鐵,,Prime Market (Domestic),Iron and Steel,钢铁,钢铁、特殊钢与金属材料（具体品类待核验）,,東京製鐵
0542,542.T,Vitabrid Japan Inc.,Vitabrid Japan Inc.,,Growth Market(Domestic),Chemicals,化学,基础化工/特种化学品（具体品类待核验）,,ビタブリッドジャパン
0543,543.T,ARCHION Corporation,ARCHION 公司,,Prime Market (Domestic),Transportation Equipment,运输用设备,工业机械与自动化设备（具体产品待核验）,,ＡＲＣＨＩＯＮ
5440,5440.T,KYOEI STEEL LTD.,共英製鋼,,Prime Market (Domestic),Iron and Steel,钢铁,钢铁、特殊钢与金属材料（具体品类待核验）,,共英製鋼
5444,5444.T,"YAMATO KOGYO CO.,LTD.",大和工業,,Prime Market (Domestic),Iron and Steel,钢铁,钢铁、特殊钢与金属材料（具体品类待核验）,,大和工業
5445,5445.T,"TOKYO TEKKO CO.,LTD.",東京鐵鋼,,Prime Market (Domestic),Iron and Steel,钢铁,钢铁、特殊钢与金属材料（具体品类待核验）,,東京鐵鋼
5446,5446.T,"HOKUETSU METAL Co.,Ltd.",北越メタル,,Standard Market(Domestic),Iron and Steel,钢铁,钢铁、特殊钢与金属材料（具体品类待核验）,,北越メタル
5449,5449.T,"OSAKA STEEL CO.,LTD.",大阪製鐵,,Standard Market(Domestic),Iron and Steel,钢铁,钢铁、特殊钢与金属材料（具体品类待核验）,,大阪製鐵
0544,544.T,"GMS Group Co.,Ltd.",ＧＭＳ集团,,Prime Market (Domestic),Machinery,机械,工业机械与自动化设备（具体产品待核验）,,ＧＭＳグループ
5451,5451.T,"YODOKO,Ltd.","YODOKO,Ltd.",,Prime Market (Domestic),Iron and Steel,钢铁,钢铁、特殊钢与金属材料（具体品类待核验）,,ヨドコウ
5458,5458.T,TAKASAGO TEKKO K.K.,高砂鐵工,,Standard Market(Domestic),Iron and Steel,钢铁,钢铁、特殊钢与金属材料（具体品类待核验）,,高砂鐵工
0545,545.T,"Toranvia Co.,Ltd.","Toranvia Co.,Ltd.",,Prime Market (Domestic),Information & Communication,信息通信,通信、网络设备与通信服务,,トランヴィア
5461,5461.T,"Chubu Steel Plate Co.,Ltd.",中部鋼鈑,,Prime Market (Domestic),Iron and Steel,钢铁,钢铁、特殊钢与金属材料（具体品类待核验）,,中部鋼鈑
5463,5463.T,Maruichi Steel Tube Ltd.,丸一鋼管,,Prime Market (Domestic),Iron and Steel,钢铁,钢铁、特殊钢与金属材料（具体品类待核验）,,丸一鋼管
5464,5464.T,MORY INDUSTRIES INC.,モリ工業,,Standard Market(Domestic),Iron and Steel,钢铁,钢铁、特殊钢与金属材料（具体品类待核验）,,モリ工業
0546,546.T,"MIRAINI HOLDINGS CO.,LTD.",ＭＩＲＡＩＮＩ控股,,Prime Market (Domestic),Wholesale Trade,批发业,批发贸易/综合商社,,ＭＩＲＡＩＮＩホールディングス
5471,5471.T,"Daido Steel Co.,Ltd.",大同特殊鋼,,Prime Market (Domestic),Iron and Steel,钢铁,钢铁、特殊钢与金属材料（具体品类待核验）,,大同特殊鋼
0547,547.T,Muninova Holdings Inc.,ムニノバ控股,,Prime Market (Domestic),Other Financing Business,其他金融,融资租赁、消费金融与其他金融服务,,ムニノバホールディングス
5480,5480.T,"Nippon Yakin kogyo Co.,Ltd.",日本冶金工業,,Prime Market (Domestic),Iron and Steel,钢铁,钢铁、特殊钢与金属材料（具体品类待核验）,,日本冶金工業
5482,5482.T,AICHI STEEL CORPORATION,愛知製鋼,,Prime Market (Domestic),Iron and Steel,钢铁,钢铁、特殊钢与金属材料（具体品类待核验）,,愛知製鋼
5484,5484.T,"Tohoku Steel Co.,Ltd.",東北特殊鋼,,Standard Market(Domestic),Iron and Steel,钢铁,钢铁、特殊钢与金属材料（具体品类待核验）,,東北特殊鋼
0548,548.T,"SystemEXE,Inc.",系统エグゼ,,Standard Market(Domestic),Information & Communication,信息通信,通信、网络设备与通信服务,,システムエグゼ
5491,5491.T,"NIPPON KINZOKU CO.,LTD.",日本金属,,Standard Market(Domestic),Iron and Steel,钢铁,钢铁、特殊钢与金属材料（具体品类待核验）,,日本金属
0549,549.T,"HITO-TO-HITO Holdings Co.,Ltd.",ヒトトヒト控股,,Standard Market(Domestic),Services,服务业,专业服务、消费服务与商业服务（具体业务待核验）,,ヒトトヒトホールディングス
0550,550.T,"SOFTTEX Co.,Ltd.","SOFTTEX Co.,Ltd.",,Standard Market(Domestic),Information & Communication,信息通信,通信、网络设备与通信服务,,ソフトテックス
5527,5527.T,property technologies Inc.,property 科技 Inc.,,Growth Market(Domestic),Real Estate,不动产业,房地产开发与物业运营,,ｐｒｏｐｅｒｔｙ　ｔｅｃｈｎｏｌｏｇｉｅｓ
5532,5532.T,REALGATE INC.,REALGATE INC.,,Growth Market(Domestic),Real Estate,不动产业,房地产开发与物业运营,,リアルゲイト
5533,5533.T,"Elitz Holdings Co.,Ltd.",エリッツ控股,,Standard Market(Domestic),Real Estate,不动产业,房地产开发与物业运营,,エリッツホールディングス
5535,5535.T,MIGALO HOLDINGS Inc.,ミガロ控股,,Prime Market (Domestic),Real Estate,不动产业,房地产开发与物业运营,,ミガロホールディングス
5537,5537.T,"AlbaLink Co.,Ltd.","AlbaLink Co.,Ltd.",,Growth Market(Domestic),Real Estate,不动产业,房地产开发与物业运营,,ＡｌｂａＬｉｎｋ
5541,5541.T,"PACIFIC METALS CO.,LTD.",大平洋金属,,Prime Market (Domestic),Iron and Steel,钢铁,钢铁、特殊钢与金属材料（具体品类待核验）,,大平洋金属
5542,5542.T,Shinhokoku Material Corp.,新報国材料,,Standard Market(Domestic),Iron and Steel,钢铁,钢铁、特殊钢与金属材料（具体品类待核验）,,新報国マテリアル
0554,554.T,"Batonz.Co.,Ltd.","Batonz.Co.,Ltd.",,Growth Market(Domestic),Information & Communication,信息通信,通信、网络设备与通信服务,,バトンズ
5563,5563.T,"Nippon Denko Co.,Ltd.",新日本電工,,Prime Market (Domestic),Iron and Steel,钢铁,钢铁、特殊钢与金属材料（具体品类待核验）,,新日本電工
0556,556.T,"INUNEKO-SEIKATSU Co.,Ltd.",犬猫生活,,Growth Market(Domestic),Retail Trade,零售业,零售与消费品渠道,,犬猫生活
5570,5570.T,"JENOBA CO.,LTD.","JENOBA CO.,LTD.",,Growth Market(Domestic),Information & Communication,信息通信,通信、网络设备与通信服务,,ジェノバ
5571,5571.T,"Excite Holdings Co.,Ltd.",エキサイト控股,,Standard Market(Domestic),Information & Communication,信息通信,通信、网络设备与通信服务,,エキサイトホールディングス
5572,5572.T,Ridge-i Inc.,Ridge-i Inc.,,Growth Market(Domestic),Information & Communication,信息通信,通信、网络设备与通信服务,,Ｒｉｄｇｅ－ｉ
5574,5574.T,"ABEJA,Inc.","ABEJA,Inc.",,Growth Market(Domestic),Information & Communication,信息通信,通信、网络设备与通信服务,,ＡＢＥＪＡ
5575,5575.T,Globee Inc.,Globee Inc.,,Growth Market(Domestic),Information & Communication,信息通信,通信、网络设备与通信服务,,Ｇｌｏｂｅｅ
5576,5576.T,O.B.System Inc.,オービー系统,,Standard Market(Domestic),Information & Communication,信息通信,通信、网络设备与通信服务,,オービーシステム
5578,5578.T,"AR advanced technology,Inc.","AR advanced 科技,Inc.",,Growth Market(Domestic),Information & Communication,信息通信,通信、网络设备与通信服务,,ＡＲアドバンストテクノロジ
5580,5580.T,"Prodelight Co.,Ltd.","Prodelight Co.,Ltd.",,Growth Market(Domestic),Information & Communication,信息通信,通信、网络设备与通信服务,,プロディライト
5582,5582.T,GRID Inc.,GRID Inc.,,Growth Market(Domestic),Information & Communication,信息通信,通信、网络设备与通信服务,,グリッド
5586,5586.T,Laboro.AI Inc.,Laboro.AI Inc.,,Growth Market(Domestic),Information & Communication,信息通信,通信、网络设备与通信服务,,Ｌａｂｏｒｏ．ＡＩ
5587,5587.T,Inbound Platform Corp.,Inbound Platform Corp.,,Growth Market(Domestic),Information & Communication,信息通信,通信、网络设备与通信服务,,インバウンドプラットフォーム
5588,5588.T,"Fast Accounting Co.,Ltd.","Fast Accounting Co.,Ltd.",,Growth Market(Domestic),Information & Communication,信息通信,通信、网络设备与通信服务,,ファーストアカウンティング
5589,5589.T,"AUTOSERVER CO.,LTD.","AUTOSERVER CO.,LTD.",,Standard Market(Domestic),Information & Communication,信息通信,通信、网络设备与通信服务,,オートサーバー
0558,558.T,SQUEEZE Inc.,SQUEEZE Inc.,,Growth Market(Domestic),Services,服务业,专业服务、消费服务与商业服务（具体业务待核验）,,ＳＱＵＥＥＺＥ
5590,5590.T,"NETSTARS Co.,Ltd.","NETSTARS Co.,Ltd.",,Growth Market(Domestic),Information & Communication,信息通信,通信、网络设备与通信服务,,ネットスターズ
5591,5591.T,AVILEN Inc.,AVILEN Inc.,,Growth Market(Domestic),Information & Communication,信息通信,通信、网络设备与通信服务,,ＡＶＩＬＥＮ
5592,5592.T,"Kusurinomadoguchi,Inc.",くすりの窓口,,Growth Market(Domestic),Information & Communication,信息通信,通信、网络设备与通信服务,,くすりの窓口
5597,5597.T,"Blue innovation Co.,Ltd.","Blue innovation Co.,Ltd.",,Growth Market(Domestic),Information & Communication,信息通信,通信、网络设备与通信服务,,ブルーイノベーション
5599,5599.T,S&J Corporation,S&J 公司,,Growth Market(Domestic),Information & Communication,信息通信,通信、网络设备与通信服务,,Ｓ＆Ｊ
0559,559.T,"UMENOYADO BREWERY CO.,LTD.",梅乃宿酒造,,Standard Market(Domestic),Foods,食品,食品饮料与食品加工（具体品类待核验）,,梅乃宿酒造
5602,5602.T,"Kurimoto,Ltd.",栗本鐵工所,,Prime Market (Domestic),Iron and Steel,钢铁,钢铁、特殊钢与金属材料（具体品类待核验）,,栗本鐵工所
5603,5603.T,KOGI CORPORATION,虹技,,Standard Market(Domestic),Iron and Steel,钢铁,钢铁、特殊钢与金属材料（具体品类待核验）,,虹技
5609,5609.T,NIPPON CHUZO K.K.,日本鋳造,,Standard Market(Domestic),Iron and Steel,钢铁,钢铁、特殊钢与金属材料（具体品类待核验）,,日本鋳造
5612,5612.T,NIPPON CHUTETSUKAN K.K.,日本鋳鉄管,,Standard Market(Domestic),Iron and Steel,钢铁,钢铁、特殊钢与金属材料（具体品类待核验）,,日本鋳鉄管
5616,5616.T,"Ame Kaze Taiyo,Inc.",雨風太陽,,Growth Market(Domestic),Information & Communication,信息通信,通信、网络设备与通信服务,,雨風太陽
5618,5618.T,Nyle Inc.,Nyle Inc.,,Growth Market(Domestic),Information & Communication,信息通信,通信、网络设备与通信服务,,ナイル
5619,5619.T,"MRSO.,Inc","MRSO.,Inc",,Growth Market(Domestic),Information & Communication,信息通信,通信、网络设备与通信服务,,マーソ
5621,5621.T,"Human Technologies,Inc.",ヒューマン科技,,Growth Market(Domestic),Information & Communication,信息通信,通信、网络设备与通信服务,,ヒューマンテクノロジーズ
5631,5631.T,"The Japan Steel Works,Ltd.",日本製鋼所,,Prime Market (Domestic),Machinery,机械,工业机械与自动化设备（具体产品待核验）,,日本製鋼所
5632,5632.T,"Mitsubishi Steel Mfg.Co.,Ltd.",三菱製鋼,,Prime Market (Domestic),Iron and Steel,钢铁,钢铁、特殊钢与金属材料（具体品类待核验）,,三菱製鋼
5644,5644.T,METALART CORPORATION,METALART 公司,,Standard Market(Domestic),Iron and Steel,钢铁,钢铁、特殊钢与金属材料（具体品类待核验）,,メタルアート
5658,5658.T,"NICHIA STEEL WORKS,LTD.",日亜鋼業,,Standard Market(Domestic),Iron and Steel,钢铁,钢铁、特殊钢与金属材料（具体品类待核验）,,日亜鋼業
5659,5659.T,"Nippon Seisen Co.,Ltd.",日本精線,,Prime Market (Domestic),Iron and Steel,钢铁,钢铁、特殊钢与金属材料（具体品类待核验）,,日本精線
5695,5695.T,"Powdertech Co.,Ltd.","Powdertech Co.,Ltd.",,Standard Market(Domestic),Iron and Steel,钢铁,钢铁、特殊钢与金属材料（具体品类待核验）,,パウダーテック
5697,5697.T,"SANYU CO.,LTD.","SANYU CO.,LTD.",,Standard Market(Domestic),Iron and Steel,钢铁,钢铁、特殊钢与金属材料（具体品类待核验）,,サンユウ
5698,5698.T,ENVIPRO HOLDINGS Inc.,エンビプロ・控股,,Standard Market(Domestic),Iron and Steel,钢铁,钢铁、特殊钢与金属材料（具体品类待核验）,,エンビプロ・ホールディングス
5699,5699.T,"IBOKIN Co.,Ltd.","IBOKIN Co.,Ltd.",,Standard Market(Domestic),Iron and Steel,钢铁,钢铁、特殊钢与金属材料（具体品类待核验）,,イボキン
5702,5702.T,"DAIKI ALUMINIUM INDUSTRY CO.,LTD.",大紀アルミニウム工業所,,Prime Market (Domestic),Nonferrous Metals,非铁金属,有色金属、冶炼与金属材料（具体品类待核验）,,大紀アルミニウム工業所
5703,5703.T,"Nippon Light Metal Holdings Company,Ltd.",日本軽金属控股,,Prime Market (Domestic),Nonferrous Metals,非铁金属,有色金属、冶炼与金属材料（具体品类待核验）,,日本軽金属ホールディングス
5704,5704.T,JMC Corporation,JMC 公司,,Standard Market(Domestic),Nonferrous Metals,非铁金属,有色金属、冶炼与金属材料（具体品类待核验）,,ＪＭＣ
5706,5706.T,"Mitsui Kinzoku Company,Limited",三井金属,,Prime Market (Domestic),Nonferrous Metals,非铁金属,有色金属、冶炼与金属材料（具体品类待核验）,520.53,三井金属
5707,5707.T,"Toho Zinc Co.,Ltd.",東邦亜鉛,,Prime Market (Domestic),Nonferrous Metals,非铁金属,有色金属、冶炼与金属材料（具体品类待核验）,,東邦亜鉛
5711,5711.T,Mitsubishi Materials Corporation,三菱材料,,Prime Market (Domestic),Nonferrous Metals,非铁金属,有色金属、冶炼与金属材料（具体品类待核验）,,三菱マテリアル
5713,5713.T,"Sumitomo Metal Mining Co.,Ltd.",住友金属鉱山,,Prime Market (Domestic),Nonferrous Metals,非铁金属,有色金属、冶炼与金属材料（具体品类待核验）,12029.28,住友金属鉱山
5714,5714.T,"DOWA HOLDINGS CO.,LTD.",ＤＯＷＡ控股,,Prime Market (Domestic),Nonferrous Metals,非铁金属,有色金属、冶炼与金属材料（具体品类待核验）,,ＤＯＷＡホールディングス
5715,5715.T,"FURUKAWA CO.,LTD.",古河機械金属,,Prime Market (Domestic),Nonferrous Metals,非铁金属,有色金属、冶炼与金属材料（具体品类待核验）,,古河機械金属
5721,5721.T,S Crypto Energy Inc.,S Crypto 能源 Inc.,,Standard Market(Domestic),Nonferrous Metals,非铁金属,有色金属、冶炼与金属材料（具体品类待核验）,,エスクリプトエナジー
5724,5724.T,"Asaka Riken Co.,Ltd.",アサカ理研,,Standard Market(Domestic),Nonferrous Metals,非铁金属,有色金属、冶炼与金属材料（具体品类待核验）,,アサカ理研
5726,5726.T,"OSAKA Titanium technologies Co.,Ltd.",大阪チタニウム科技,,Prime Market (Domestic),Nonferrous Metals,非铁金属,有色金属、冶炼与金属材料（具体品类待核验）,,大阪チタニウムテクノロジーズ
5729,5729.T,"NIHON SEIKO CO.,LTD",日本精鉱,,Standard Market(Domestic),Nonferrous Metals,非铁金属,有色金属、冶炼与金属材料（具体品类待核验）,,日本精鉱
5741,5741.T,UACJ Corporation,UACJ 公司,,Prime Market (Domestic),Nonferrous Metals,非铁金属,有色金属、冶炼与金属材料（具体品类待核验）,,ＵＡＣＪ
5742,5742.T,"NIC Autotec,Inc.","NIC Autotec,Inc.",,Standard Market(Domestic),Nonferrous Metals,非铁金属,有色金属、冶炼与金属材料（具体品类待核验）,,エヌアイシ・オートテック
5753,5753.T,"NIPPON SHINDO CO.,LTD.",日本伸銅,,Standard Market(Domestic),Nonferrous Metals,非铁金属,有色金属、冶炼与金属材料（具体品类待核验）,,日本伸銅
5757,5757.T,"CK SAN-ETSU Co.,Ltd.","CK SAN-ETSU Co.,Ltd.",,Prime Market (Domestic),Nonferrous Metals,非铁金属,有色金属、冶炼与金属材料（具体品类待核验）,,ＣＫサンエツ
0575,575.T,"MAEZAWA Holdings CO.,LTD.",前澤控股,,Prime Market (Domestic),Machinery,机械,工业机械与自动化设备（具体产品待核验）,,前澤ホールディングス
5801,5801.T,"Furukawa Electric Co.,Ltd.",古河電気工業,,Prime Market (Domestic),Nonferrous Metals,非铁金属,电子设备/电气设备（具体产品待核验）,,古河電気工業
5802,5802.T,"Sumitomo Electric Industries,Ltd.",住友電気工業,,Prime Market (Domestic),Nonferrous Metals,非铁金属,电子设备/电气设备（具体产品待核验）,,住友電気工業
5803,5803.T,Fujikura Ltd.,Fujikura Ltd.,,Prime Market (Domestic),Nonferrous Metals,非铁金属,有色金属、冶炼与金属材料（具体品类待核验）,,フジクラ
5805,5805.T,SWCC Corporation,SWCC 公司,,Prime Market (Domestic),Nonferrous Metals,非铁金属,有色金属、冶炼与金属材料（具体品类待核验）,,ＳＷＣＣ
5816,5816.T,"Onamba Co.,Ltd.","Onamba Co.,Ltd.",,Standard Market(Domestic),Nonferrous Metals,非铁金属,有色金属、冶炼与金属材料（具体品类待核验）,,オーナンバ
5817,5817.T,"JMACS Japan Co.,Ltd.","JMACS Japan Co.,Ltd.",,Standard Market(Domestic),Nonferrous Metals,非铁金属,有色金属、冶炼与金属材料（具体品类待核验）,,ＪＭＡＣＳ
5819,5819.T,"Canare Electric Co.,Ltd.",カナレ電気,,Standard Market(Domestic),Nonferrous Metals,非铁金属,电子设备/电气设备（具体产品待核验）,,カナレ電気
0581,581.T,GO Inc.,GO Inc.,,Growth Market(Domestic),Information & Communication,信息通信,通信、网络设备与通信服务,,ＧＯ
5820,5820.T,"MITSUBOSHI CO.,LTD.",三ッ星,,Standard Market(Domestic),Nonferrous Metals,非铁金属,有色金属、冶炼与金属材料（具体品类待核验）,,三ッ星
5821,5821.T,HIRAKAWA HEWTECH CORP.,平河ヒューテック,,Prime Market (Domestic),Nonferrous Metals,非铁金属,有色金属、冶炼与金属材料（具体品类待核验）,,平河ヒューテック
5830,5830.T,"Iyogin Holdings,Inc.",いよぎん控股,,Prime Market (Domestic),Banks,银行业,银行与综合金融服务,,いよぎんホールディングス
5831,5831.T,"Shizuoka Financial Group,Inc.",しずおか金融集团,,Prime Market (Domestic),Banks,银行业,银行与综合金融服务,,しずおかフィナンシャルグループ
5832,5832.T,"Chugin Financial Group,Inc.",ちゅうぎん金融集团,,Prime Market (Domestic),Banks,银行业,银行与综合金融服务,,ちゅうぎんフィナンシャルグループ
5834,5834.T,"SBI Leasing Services Co.,Ltd.",ＳＢＩリーシング服务,,Growth Market(Domestic),Securities and Commodities Futures,证券商品期货,证券经纪与投资银行服务,,ＳＢＩリーシングサービス
5838,5838.T,"Rakuten Bank,Ltd.",楽天銀行,,Prime Market (Domestic),Banks,银行业,银行与综合金融服务,,楽天銀行
5842,5842.T,Integral Corporation,Integral 公司,,Growth Market(Domestic),Securities and Commodities Futures,证券商品期货,证券经纪与投资银行服务,,インテグラル
5843,5843.T,"Nippon Insure Co.,Ltd.","Nippon Insure Co.,Ltd.",,Standard Market(Domestic),Other Financing Business,其他金融,融资租赁、消费金融与其他金融服务,,ニッポンインシュア
5844,5844.T,"Kyoto Financial Group,Inc.",京都金融集团,,Prime Market (Domestic),Banks,银行业,银行与综合金融服务,,京都フィナンシャルグループ
5845,5845.T,"ZENHOREN CO.,LTD.",全保連,,Standard Market(Domestic),Other Financing Business,其他金融,融资租赁、消费金融与其他金融服务,,全保連
0584,584.T,"LiNKX,Inc.","LiNKX,Inc.",,Growth Market(Domestic),Information & Communication,信息通信,通信、网络设备与通信服务,,ＬｉＮＫＸ
5851,5851.T,RYOBI LIMITED,RYOBI LIMITED,,Prime Market (Domestic),Nonferrous Metals,非铁金属,有色金属、冶炼与金属材料（具体品类待核验）,,リョービ
5852,5852.T,AHRESTY CORPORATION,AHRESTY 公司,,Prime Market (Domestic),Nonferrous Metals,非铁金属,有色金属、冶炼与金属材料（具体品类待核验）,,アーレスティ
5857,5857.T,"ARE Holdings,Inc.",ＡＲＥ控股,,Prime Market (Domestic),Nonferrous Metals,非铁金属,有色金属、冶炼与金属材料（具体品类待核验）,,ＡＲＥホールディングス
5858,5858.T,"STG CO.,LTD.","STG CO.,LTD.",,Growth Market(Domestic),Nonferrous Metals,非铁金属,有色金属、冶炼与金属材料（具体品类待核验）,,ＳＴＧ
5867,5867.T,"ES NETWORKS CO.,LTD.",エス网络ス,,Growth Market(Domestic),Services,服务业,通信、网络设备与通信服务,,エスネットワークス
5868,5868.T,Rococo Co.Ltd.,Rococo Co.Ltd.,,Standard Market(Domestic),Services,服务业,专业服务、消费服务与商业服务（具体业务待核验）,,ロココ
5869,5869.T,"WASEDA GAKUSHUKENKYUKAI CO.,LTD.",早稲田学習研究会,,Standard Market(Domestic),Services,服务业,专业服务、消费服务与商业服务（具体业务待核验）,,早稲田学習研究会
5870,5870.T,Nalnet Communications Inc.,ナルネット通信ズ,,Growth Market(Domestic),Services,服务业,通信、网络设备与通信服务,,ナルネットコミュニケーションズ
5871,5871.T,SOLIZE Holdings Corporation,SOLIZE 控股 公司,,Standard Market(Domestic),Services,服务业,专业服务、消费服务与商业服务（具体业务待核验）,,ＳＯＬＩＺＥ　Ｈｏｌｄｉｎｇｓ
5884,5884.T,"KURADASHI.Co.,Ltd.","KURADASHI.Co.,Ltd.",,Growth Market(Domestic),Retail Trade,零售业,零售与消费品渠道,,クラダシ
5885,5885.T,"GDEP ADVANCE,Inc.","GDEP ADVANCE,Inc.",,Standard Market(Domestic),Wholesale Trade,批发业,批发贸易/综合商社,,ジーデップ・アドバンス
5888,5888.T,"DAIWA CYCLE CO.,LTD.","DAIWA CYCLE CO.,LTD.",,Growth Market(Domestic),Retail Trade,零售业,零售与消费品渠道,,ＤＡＩＷＡ　ＣＹＣＬＥ
5889,5889.T,"Japan Eyewear Holdings Co.,Ltd.","Japan Eyewear 控股 Co.,Ltd.",,Prime Market (Domestic),Retail Trade,零售业,零售与消费品渠道,,Ｊａｐａｎ　Ｅｙｅｗｅａｒ　Ｈｏｌｄｉｎｇｓ
5891,5891.T,"SAKIGAKE Holdings Co.,Ltd.",ＳＡＫＩＧＡＫＥ控股,,Standard Market(Domestic),Retail Trade,零售业,零售与消费品渠道,,ＳＡＫＩＧＡＫＥホールディングス
5892,5892.T,"yutori,Inc.","yutori,Inc.",,Growth Market(Domestic),Retail Trade,零售业,零售与消费品渠道,,ｙｕｔｏｒｉ
0589,589.T,"NEIS Co.,Ltd.","NEIS Co.,Ltd.",,Growth Market(Domestic),Services,服务业,专业服务、消费服务与商业服务（具体业务待核验）,,ネイス
5900,5900.T,"DAIKEN CO.,LTD.","DAIKEN CO.,LTD.",,Standard Market(Domestic),Metal Products,金属制品,金属制品、零部件与加工（具体产品待核验）,,ダイケン
5901,5901.T,"Toyo Seikan Group Holdings,Ltd.",東洋製罐集团控股,,Prime Market (Domestic),Metal Products,金属制品,金属制品、零部件与加工（具体产品待核验）,,東洋製罐グループホールディングス
5902,5902.T,HOKKAN HOLDINGS LIMITED,ホッカン控股,,Prime Market (Domestic),Metal Products,金属制品,金属制品、零部件与加工（具体产品待核验）,,ホッカンホールディングス
5905,5905.T,NIHON SEIKAN K.K.,日本製罐,,Standard Market(Domestic),Metal Products,金属制品,金属制品、零部件与加工（具体产品待核验）,,日本製罐
5906,5906.T,"MK SEIKO CO.,LTD.",エムケー精工,,Standard Market(Domestic),Metal Products,金属制品,金属制品、零部件与加工（具体产品待核验）,,エムケー精工
5909,5909.T,CORONA CORPORATION,CORONA 公司,,Standard Market(Domestic),Metal Products,金属制品,金属制品、零部件与加工（具体产品待核验）,,コロナ
0590,590.T,"giftee Group,Inc.",ギフティ集团,,Prime Market (Domestic),Information & Communication,信息通信,通信、网络设备与通信服务,,ギフティグループ
5911,5911.T,Yokogawa Bridge Holdings Corp.,横河ブリッジ控股,,Prime Market (Domestic),Metal Products,金属制品,金属制品、零部件与加工（具体产品待核验）,,横河ブリッジホールディングス
5915,5915.T,KOMAIHALTEC Inc.,駒井ハルテック,,Standard Market(Domestic),Metal Products,金属制品,金属制品、零部件与加工（具体产品待核验）,,駒井ハルテック
5918,5918.T,"The Takigami Steel Construction Co.,Ltd.",瀧上工業,,Standard Market(Domestic),Metal Products,金属制品,金属制品、零部件与加工（具体产品待核验）,,瀧上工業
5921,5921.T,"Kawagishi Bridge Works Co.,Ltd.",川岸工業,,Standard Market(Domestic),Metal Products,金属制品,金属制品、零部件与加工（具体产品待核验）,,川岸工業
5922,5922.T,"NASU DENKI-TEKKO CO.,LTD.",那須電機鉄工,,Standard Market(Domestic),Metal Products,金属制品,金属制品、零部件与加工（具体产品待核验）,,那須電機鉄工
5923,5923.T,"TAKADAKIKO(Steel Construction)CO.,LTD.",高田機工,,Standard Market(Domestic),Metal Products,金属制品,金属制品、零部件与加工（具体产品待核验）,,高田機工
5928,5928.T,"ALMETAX MANUFACTURING CO,LTD.","ALMETAX MANUFACTURING CO,LTD.",,Standard Market(Domestic),Metal Products,金属制品,金属制品、零部件与加工（具体产品待核验）,,アルメタックス
5929,5929.T,Sanwa Holdings Corporation,三和控股,,Prime Market (Domestic),Metal Products,金属制品,金属制品、零部件与加工（具体产品待核验）,,三和ホールディングス
5930,5930.T,"Bunka Shutter Co.,Ltd.",文化シヤッター,,Prime Market (Domestic),Metal Products,金属制品,金属制品、零部件与加工（具体产品待核验）,,文化シヤッター
5932,5932.T,"Sankyo Tateyama,Inc.",三協立山,,Prime Market (Domestic),Metal Products,金属制品,金属制品、零部件与加工（具体产品待核验）,,三協立山
5933,5933.T,ALINCO INCORPORATED,ALINCO INCORPORATED,,Prime Market (Domestic),Metal Products,金属制品,金属制品、零部件与加工（具体产品待核验）,,アルインコ
5936,5936.T,"TOYO SHUTTER CO.,LTD.",東洋シヤッター,,Standard Market(Domestic),Metal Products,金属制品,金属制品、零部件与加工（具体产品待核验）,,東洋シヤッター
5938,5938.T,LIXIL Corporation,LIXIL 公司,,Prime Market (Domestic),Metal Products,金属制品,金属制品、零部件与加工（具体产品待核验）,,ＬＩＸＩＬ
5939,5939.T,"OTANI KOGYO CO.,LTD.",大谷工業,,Standard Market(Domestic),Metal Products,金属制品,金属制品、零部件与加工（具体产品待核验）,,大谷工業
0593,593.T,"TIER IV,Inc.","TIER IV,Inc.",,Growth Market(Domestic),Information & Communication,信息通信,通信、网络设备与通信服务,,ティアフォー
5940,5940.T,"FUJISASH CO.,LTD.",不二サッシ,,Standard Market(Domestic),Metal Products,金属制品,金属制品、零部件与加工（具体产品待核验）,,不二サッシ
5941,5941.T,"NAKANISHI MFG. CO.,LTD.",中西制作所,,Standard Market(Domestic),Metal Products,金属制品,金属制品、零部件与加工（具体产品待核验）,,中西製作所
5942,5942.T,"NIPPON FILCON CO.,LTD.",日本フイルコン,,Standard Market(Domestic),Metal Products,金属制品,金属制品、零部件与加工（具体产品待核验）,,日本フイルコン
5943,5943.T,NORITZ CORPORATION,NORITZ 公司,,Prime Market (Domestic),Metal Products,金属制品,金属制品、零部件与加工（具体产品待核验）,,ノーリツ
5945,5945.T,"Tenryu Saw Mfg.Co.,Ltd.",天龍製鋸,,Standard Market(Domestic),Metal Products,金属制品,金属制品、零部件与加工（具体产品待核验）,,天龍製鋸
5946,5946.T,"CHOFU SEISAKUSHO CO.,LTD.",長府制作所,,Prime Market (Domestic),Metal Products,金属制品,金属制品、零部件与加工（具体产品待核验）,,長府製作所
5947,5947.T,RINNAI CORPORATION,RINNAI 公司,,Prime Market (Domestic),Metal Products,金属制品,金属制品、零部件与加工（具体产品待核验）,,リンナイ
5949,5949.T,UNIPRES CORPORATION,UNIPRES 公司,,Prime Market (Domestic),Transportation Equipment,运输用设备,工业机械与自动化设备（具体产品待核验）,,ユニプレス
5950,5950.T,"JAPAN POWER FASTENING CO.,LTD.",日本パワーファスニング,,Standard Market(Domestic),Metal Products,金属制品,金属制品、零部件与加工（具体产品待核验）,,日本パワーファスニング
5951,5951.T,"Dainichi Co.,Ltd.",ダイニチ工業,,Standard Market(Domestic),Metal Products,金属制品,金属制品、零部件与加工（具体产品待核验）,,ダイニチ工業
5952,5952.T,Amatei Incorporated,Amatei Incorporated,,Standard Market(Domestic),Metal Products,金属制品,金属制品、零部件与加工（具体产品待核验）,,アマテイ
5955,5955.T,"WISE HOLDINGS CO.,LTD.",ワイズ控股,,Standard Market(Domestic),Metal Products,金属制品,金属制品、零部件与加工（具体产品待核验）,,ワイズホールディングス
5956,5956.T,"TOSO CO.,LTD.","TOSO CO.,LTD.",,Standard Market(Domestic),Metal Products,金属制品,金属制品、零部件与加工（具体产品待核验）,,トーソー
5957,5957.T,"NITTOSEIKO CO.,LTD.",日東精工,,Prime Market (Domestic),Metal Products,金属制品,金属制品、零部件与加工（具体产品待核验）,,日東精工
5958,5958.T,"SANYO INDUSTRIES,LTD.",三洋工業,,Standard Market(Domestic),Metal Products,金属制品,金属制品、零部件与加工（具体产品待核验）,,三洋工業
5959,5959.T,"OKABE CO.,LTD.",岡部,,Prime Market (Domestic),Metal Products,金属制品,金属制品、零部件与加工（具体产品待核验）,,岡部
5962,5962.T,"ASAKA INDUSTRIAL CO.,LTD.",浅香工業,,Standard Market(Domestic),Other Products,其他制品,工业机械与自动化设备（具体产品待核验）,,浅香工業
5965,5965.T,FUJIMAK CORPORATION,FUJIMAK 公司,,Standard Market(Domestic),Metal Products,金属制品,金属制品、零部件与加工（具体产品待核验）,,フジマック
5966,5966.T,"KYOTO TOOL CO.,LTD.",京都機械工具,,Standard Market(Domestic),Metal Products,金属制品,金属制品、零部件与加工（具体产品待核验）,,京都機械工具
5967,5967.T,"TONE CO.,LTD.","TONE CO.,LTD.",,Standard Market(Domestic),Metal Products,金属制品,金属制品、零部件与加工（具体产品待核验）,,ＴＯＮＥ
5969,5969.T,"LOBTEX Co.,Ltd.","LOBTEX Co.,Ltd.",,Standard Market(Domestic),Metal Products,金属制品,金属制品、零部件与加工（具体产品待核验）,,ロブテックス
5970,5970.T,G-TEKT CORPORATION,G-TEKT 公司,,Prime Market (Domestic),Metal Products,金属制品,金属制品、零部件与加工（具体产品待核验）,,ジーテクト
5971,5971.T,"KYOWAKOGYOSYO CO.,LTD.",共和工業所,,Standard Market(Domestic),Metal Products,金属制品,金属制品、零部件与加工（具体产品待核验）,,共和工業所
5973,5973.T,TOAMI CORPORATION,TOAMI 公司,,Standard Market(Domestic),Metal Products,金属制品,金属制品、零部件与加工（具体产品待核验）,,トーアミ
5974,5974.T,"CHUGOKUKOGYO CO.,LTD.",中国工業,,Standard Market(Domestic),Metal Products,金属制品,金属制品、零部件与加工（具体产品待核验）,,中国工業
5975,5975.T,Topre Corporation,東プレ,,Prime Market (Domestic),Metal Products,金属制品,金属制品、零部件与加工（具体产品待核验）,,東プレ
5976,5976.T,"Neturen Co.,Ltd.",高周波熱錬,,Prime Market (Domestic),Metal Products,金属制品,金属制品、零部件与加工（具体产品待核验）,,高周波熱錬
5981,5981.T,"TOKYO ROPE MFG.CO.,LTD",東京製綱,,Prime Market (Domestic),Metal Products,金属制品,金属制品、零部件与加工（具体产品待核验）,,東京製綱
5982,5982.T,"MARUZEN CO.,LTD.","MARUZEN CO.,LTD.",,Standard Market(Domestic),Metal Products,金属制品,金属制品、零部件与加工（具体产品待核验）,,マルゼン
5983,5983.T,IWABUCHI CORPORATION,IWABUCHI 公司,,Standard Market(Domestic),Metal Products,金属制品,金属制品、零部件与加工（具体产品待核验）,,イワブチ
5984,5984.T,KANEFUSA CORPORATION,兼房,,Standard Market(Domestic),Metal Products,金属制品,金属制品、零部件与加工（具体产品待核验）,,兼房
5985,5985.T,SUNCALL CORPORATION,SUNCALL 公司,,Standard Market(Domestic),Metal Products,金属制品,金属制品、零部件与加工（具体产品待核验）,,サンコール
5986,5986.T,"MOLITEC STEEL CO.,LTD.","MOLITEC STEEL CO.,LTD.",,Standard Market(Domestic),Metal Products,金属制品,金属制品、零部件与加工（具体产品待核验）,,モリテック　スチール
5987,5987.T,ONEX Corporation,ONEX 公司,,Standard Market(Domestic),Metal Products,金属制品,金属制品、零部件与加工（具体产品待核验）,,オーネックス
5988,5988.T,"PIOLAX,INC.","PIOLAX,INC.",,Prime Market (Domestic),Metal Products,金属制品,金属制品、零部件与加工（具体产品待核验）,,パイオラックス
5989,5989.T,"H-ONE CO.,LTD.","H-ONE CO.,LTD.",,Prime Market (Domestic),Metal Products,金属制品,金属制品、零部件与加工（具体产品待核验）,,エイチワン
0598,598.T,"ChatPlus Co.,Ltd.","ChatPlus Co.,Ltd.",,Growth Market(Domestic),Information & Communication,信息通信,通信、网络设备与通信服务,,チャットプラス
5990,5990.T,"SUPER TOOL CO.,LTD.","SUPER TOOL CO.,LTD.",,Standard Market(Domestic),Metal Products,金属制品,金属制品、零部件与加工（具体产品待核验）,,スーパーツール
5991,5991.T,"NHK SPRING CO.,LTD.",日本発條,,Prime Market (Domestic),Metal Products,金属制品,金属制品、零部件与加工（具体产品待核验）,,日本発條
5992,5992.T,"CHUO SPRING CO.,LTD.",中央発條,,Standard Market(Domestic),Metal Products,金属制品,金属制品、零部件与加工（具体产品待核验）,,中央発條
5994,5994.T,"FINE SINTER CO.,LTD.","FINE SINTER CO.,LTD.",,Standard Market(Domestic),Metal Products,金属制品,金属制品、零部件与加工（具体产品待核验）,,ファインシンター
5997,5997.T,KYORITSU AIR TECH INC.,協立エアテック,,Standard Market(Domestic),Metal Products,金属制品,金属制品、零部件与加工（具体产品待核验）,,協立エアテック
5998,5998.T,Advanex Inc.,Advanex Inc.,,Standard Market(Domestic),Metal Products,金属制品,金属制品、零部件与加工（具体产品待核验）,,アドバネクス
6005,6005.T,"MIURA CO.,LTD.",三浦工業,,Prime Market (Domestic),Machinery,机械,工业机械与自动化设备（具体产品待核验）,,三浦工業
6013,6013.T,"TAKUMA CO.,LTD.","TAKUMA CO.,LTD.",,Prime Market (Domestic),Machinery,机械,工业机械与自动化设备（具体产品待核验）,,タクマ
6016,6016.T,Japan Engine Corporation,ジャパンエンジン公司,,Standard Market(Domestic),Transportation Equipment,运输用设备,工业机械与自动化设备（具体产品待核验）,,ジャパンエンジンコーポレーション
6018,6018.T,"THE HANSHIN DIESEL WORKS,LTD.",阪神内燃機工業,,Standard Market(Domestic),Transportation Equipment,运输用设备,工业机械与自动化设备（具体产品待核验）,,阪神内燃機工業
6022,6022.T,Akasaka Diesels Ltd.,赤阪鐵工所,,Standard Market(Domestic),Machinery,机械,工业机械与自动化设备（具体产品待核验）,,赤阪鐵工所
6023,6023.T,"DAIHATSU INFINEARTH MFG.CO.,LTD.","DAIHATSU INFINEARTH MFG.CO.,LTD.",,Standard Market(Domestic),Transportation Equipment,运输用设备,工业机械与自动化设备（具体产品待核验）,,ダイハツインフィニアース
6027,6027.T,"Bengo4.com,Inc.",弁護士ドットコム,,Prime Market (Domestic),Services,服务业,专业服务、消费服务与商业服务（具体业务待核验）,,弁護士ドットコム
6029,6029.T,Artra Group Corporation,アトラ集团,,Standard Market(Domestic),Services,服务业,专业服务、消费服务与商业服务（具体业务待核验）,,アトラグループ
6030,6030.T,"Adventure,Inc.","Adventure,Inc.",,Growth Market(Domestic),Services,服务业,专业服务、消费服务与商业服务（具体业务待核验）,,アドベンチャー
6031,6031.T,ZETA INC.,ZETA INC.,,Standard Market(Domestic),Services,服务业,专业服务、消费服务与商业服务（具体业务待核验）,,ＺＥＴＡ
6033,6033.T,"EXTREME CO.,LTD.","EXTREME CO.,LTD.",,Growth Market(Domestic),Services,服务业,专业服务、消费服务与商业服务（具体业务待核验）,,エクストリーム
6034,6034.T,MRT Inc.,MRT Inc.,,Growth Market(Domestic),Services,服务业,专业服务、消费服务与商业服务（具体业务待核验）,,ＭＲＴ
6035,6035.T,"IR Japan Holdings,Ltd.",アイ・アールジャパン控股,,Standard Market(Domestic),Services,服务业,专业服务、消费服务与商业服务（具体业务待核验）,,アイ・アールジャパンホールディングス
6036,6036.T,"KeePer Technical Laboratory Co.,Ltd.",ＫｅｅＰｅｒ技研,,Prime Market (Domestic),Services,服务业,专业服务、消费服务与商业服务（具体业务待核验）,,ＫｅｅＰｅｒ技研
6037,6037.T,"RAKUMACHI,INC.",楽待,,Standard Market(Domestic),Services,服务业,专业服务、消费服务与商业服务（具体业务待核验）,,楽待
6038,6038.T,"IID,Inc.","IID,Inc.",,Growth Market(Domestic),Services,服务业,专业服务、消费服务与商业服务（具体业务待核验）,,イード
6039,6039.T,"Japan Animal Referral Medical Center Co.,Ltd.",日本動物高度医療中心,,Growth Market(Domestic),Services,服务业,医疗服务与医疗器械,,日本動物高度医療センター
0603,603.T,i GRID SOLUTIONS Inc.,アイ・グリッド・解决方案,,Growth Market(Domestic),Electric Power and Gas,电力燃气,电子设备/电气设备（具体产品待核验）,,アイ・グリッド・ソリューションズ
6040,6040.T,"Nippon Ski Resort Development Co.,Ltd.",日本スキー場開発,,Growth Market(Domestic),Services,服务业,酒店、旅游与休闲服务,,日本スキー場開発
6042,6042.T,"NIKKI CO.,LTD.","NIKKI CO.,LTD.",,Standard Market(Domestic),Transportation Equipment,运输用设备,工业机械与自动化设备（具体产品待核验）,,ニッキ
6044,6044.T,SANKI SERVICE CORPORATION,三機服务,,Standard Market(Domestic),Services,服务业,专业服务、消费服务与商业服务（具体业务待核验）,,三機サービス
6045,6045.T,"Rentracks CO.,LTD.","Rentracks CO.,LTD.",,Growth Market(Domestic),Services,服务业,专业服务、消费服务与商业服务（具体业务待核验）,,レントラックス
6046,6046.T,LINKBAL INC.,LINKBAL INC.,,Standard Market(Domestic),Services,服务业,专业服务、消费服务与商业服务（具体业务待核验）,,リンクバル
6047,6047.T,Gunosy Inc.,Gunosy Inc.,,Standard Market(Domestic),Services,服务业,专业服务、消费服务与商业服务（具体业务待核验）,,Ｇｕｎｏｓｙ
6049,6049.T,ItoKuro Inc.,ItoKuro Inc.,,Growth Market(Domestic),Services,服务业,专业服务、消费服务与商业服务（具体业务待核验）,,イトクロ
0604,604.T,"beABLE CO.,LTD.","beABLE CO.,LTD.",,Standard Market(Domestic),Construction,建设业,建筑工程、建材与房地产相关工程（具体业务待核验）,,ビーエイブル
6050,6050.T,E-Guardian Inc.,E-Guardian Inc.,,Prime Market (Domestic),Services,服务业,专业服务、消费服务与商业服务（具体业务待核验）,,イー・ガーディアン
6054,6054.T,Livesense Inc.,Livesense Inc.,,Standard Market(Domestic),Services,服务业,专业服务、消费服务与商业服务（具体业务待核验）,,リブセンス
6055,6055.T,"JAPAN MATERIAL Co.,Ltd.",ジャパン材料,,Prime Market (Domestic),Services,服务业,专业服务、消费服务与商业服务（具体业务待核验）,,ジャパンマテリアル
6058,6058.T,VECTOR INC.,VECTOR INC.,,Prime Market (Domestic),Services,服务业,专业服务、消费服务与商业服务（具体业务待核验）,,ベクトル
6059,6059.T,"UCHIYAMA HOLDINGS Co.,Ltd.",ウチヤマ控股,,Standard Market(Domestic),Services,服务业,专业服务、消费服务与商业服务（具体业务待核验）,,ウチヤマホールディングス
6061,6061.T,"UNIVERSAL ENGEISHA CO.,LTD",ユニバーサル園芸社,,Standard Market(Domestic),Services,服务业,专业服务、消费服务与商业服务（具体业务待核验）,,ユニバーサル園芸社
6062,6062.T,CHARM CARE CORPORATION,チャーム・ケア・公司,,Prime Market (Domestic),Services,服务业,专业服务、消费服务与商业服务（具体业务待核验）,,チャーム・ケア・コーポレーション
6063,6063.T,"Emergency Assistance Japan Co., Ltd.",日本エマージェンシーアシスタンス,,Standard Market(Domestic),Services,服务业,专业服务、消费服务与商业服务（具体业务待核验）,,日本エマージェンシーアシスタンス
6069,6069.T,"Trenders,Inc.","Trenders,Inc.",,Growth Market(Domestic),Services,服务业,专业服务、消费服务与商业服务（具体业务待核验）,,トレンダーズ
6070,6070.T,"CAREERLINK CO.,LTD.","CAREERLINK CO.,LTD.",,Prime Market (Domestic),Services,服务业,专业服务、消费服务与商业服务（具体业务待核验）,,キャリアリンク
6071,6071.T,"IBJ,Inc.","IBJ,Inc.",,Prime Market (Domestic),Services,服务业,专业服务、消费服务与商业服务（具体业务待核验）,,ＩＢＪ
6072,6072.T,"Jibannet Holdings Co.,Ltd.",地盤ネット控股,,Standard Market(Domestic),Services,服务业,专业服务、消费服务与商业服务（具体业务待核验）,,地盤ネットホールディングス
6073,6073.T,ASANTE INCORPORATED,ASANTE INCORPORATED,,Prime Market (Domestic),Services,服务业,专业服务、消费服务与商业服务（具体业务待核验）,,アサンテ
6074,6074.T,JSS CORPORATION,JSS 公司,,Standard Market(Domestic),Services,服务业,专业服务、消费服务与商业服务（具体业务待核验）,,ジェイエスエス
6078,6078.T,"Value HR Co.,Ltd.","Value HR Co.,Ltd.",,Prime Market (Domestic),Services,服务业,专业服务、消费服务与商业服务（具体业务待核验）,,バリューＨＲ
0607,607.T,"every,Inc.","every,Inc.",,Growth Market(Domestic),Services,服务业,专业服务、消费服务与商业服务（具体业务待核验）,,エブリー
6080,6080.T,"M&A Capital Partners Co.,Ltd.",Ｍ＆Ａ资本合作伙伴,,Prime Market (Domestic),Services,服务业,专业服务、消费服务与商业服务（具体业务待核验）,,Ｍ＆Ａキャピタルパートナーズ
6081,6081.T,"Allied Architects,Inc.","Allied Architects,Inc.",,Growth Market(Domestic),Services,服务业,专业服务、消费服务与商业服务（具体业务待核验）,,アライドアーキテクツ
6082,6082.T,"RIDE ON EXPRESS HOLDINGS Co.,Ltd.",ライドオンエクスプレス控股,,Standard Market(Domestic),Services,服务业,专业服务、消费服务与商业服务（具体业务待核验）,,ライドオンエクスプレスホールディングス
6083,6083.T,"ERI HOLDINGS CO.,LTD.",ＥＲＩ控股,,Standard Market(Domestic),Services,服务业,专业服务、消费服务与商业服务（具体业务待核验）,,ＥＲＩホールディングス
6085,6085.T,ARCHITECTS STUDIO JAPAN INC.,ARCHITECTS STUDIO JAPAN INC.,,Growth Market(Domestic),Services,服务业,专业服务、消费服务与商业服务（具体业务待核验）,,アーキテクツ・スタジオ・ジャパン
6086,6086.T,"Shin Maint Holdings Co.,Ltd.",シンメンテ控股,,Growth Market(Domestic),Services,服务业,专业服务、消费服务与商业服务（具体业务待核验）,,シンメンテホールディングス
6087,6087.T,"ABIST Co.,Ltd.","ABIST Co.,Ltd.",,Standard Market(Domestic),Services,服务业,专业服务、消费服务与商业服务（具体业务待核验）,,アビスト
6088,6088.T,SIGMAXYZ Holdings Inc.,シグマクシス・控股,,Prime Market (Domestic),Services,服务业,专业服务、消费服务与商业服务（具体业务待核验）,,シグマクシス・ホールディングス
6089,6089.T,"WILL GROUP,INC.",ウィル集团,,Prime Market (Domestic),Services,服务业,专业服务、消费服务与商业服务（具体业务待核验）,,ウィルグループ
6090,6090.T,"Human Metabolome Technologies,Inc.",ヒューマン・メタボローム・科技,,Standard Market(Domestic),Services,服务业,专业服务、消费服务与商业服务（具体业务待核验）,,ヒューマン・メタボローム・テクノロジーズ
6091,6091.T,Wesco Holdings Inc.,ウエスコ控股,,Standard Market(Domestic),Services,服务业,专业服务、消费服务与商业服务（具体业务待核验）,,ウエスコホールディングス
6092,6092.T,"EnBio Holdings,Inc",エン生物・控股,,Standard Market(Domestic),Services,服务业,专业服务、消费服务与商业服务（具体业务待核验）,,エンバイオ・ホールディングス
6093,6093.T,"MITRA Group,Inc.",ミトラ集团,,Standard Market(Domestic),Services,服务业,专业服务、消费服务与商业服务（具体业务待核验）,,ミトラグループ
6094,6094.T,"FreakOut Holdings,inc.",フリークアウト・控股,,Growth Market(Domestic),Services,服务业,专业服务、消费服务与商业服务（具体业务待核验）,,フリークアウト・ホールディングス
6098,6098.T,"Recruit Holdings Co.,Ltd.",Recruit控股,,Prime Market (Domestic),Services,服务业,人力资源与招聘服务（人才派遣、招聘与营销支持）,17062.67,リクルートホールディングス
6099,6099.T,ELAN Corporation,ELAN 公司,,Prime Market (Domestic),Services,服务业,专业服务、消费服务与商业服务（具体业务待核验）,,エラン
6101,6101.T,TSUGAMI CORPORATION,TSUGAMI 公司,,Prime Market (Domestic),Machinery,机械,工业机械与自动化设备（具体产品待核验）,,ツガミ
6103,6103.T,OKUMA Corporation,OKUMA 公司,,Prime Market (Domestic),Machinery,机械,工业机械与自动化设备（具体产品待核验）,,オークマ
6104,6104.T,"SHIBAURA MACHINE CO.,LTD.",芝浦機械,,Prime Market (Domestic),Machinery,机械,工业机械与自动化设备（具体产品待核验）,,芝浦機械
6113,6113.T,"AMADA CO.,LTD.","AMADA CO.,LTD.",,Prime Market (Domestic),Machinery,机械,工业机械与自动化设备（具体产品待核验）,,アマダ
6118,6118.T,"AIDA ENGINEERING,LTD.",アイダ工程,,Prime Market (Domestic),Machinery,机械,工业机械与自动化设备（具体产品待核验）,,アイダエンジニアリング
6125,6125.T,"OKAMOTO MACHINE TOOL WORKS,LTD.",岡本工作機械制作所,,Standard Market(Domestic),Machinery,机械,工业机械与自动化设备（具体产品待核验）,,岡本工作機械製作所
6134,6134.T,FUJI CORPORATION,FUJI 公司,,Prime Market (Domestic),Machinery,机械,工业机械与自动化设备（具体产品待核验）,,ＦＵＪＩ
6135,6135.T,"Makino Milling Machine Co.,Ltd.",牧野フライス制作所,,Prime Market (Domestic),Machinery,机械,工业机械与自动化设备（具体产品待核验）,,牧野フライス製作所
6136,6136.T,OSG Corporation,OSG 公司,,Prime Market (Domestic),Machinery,机械,工业机械与自动化设备（具体产品待核验）,,オーエスジー
6137,6137.T,"KOIKE SANSO KOGYO CO.,LTD.",小池酸素工業,,Standard Market(Domestic),Machinery,机械,工业机械与自动化设备（具体产品待核验）,,小池酸素工業
6138,6138.T,"DIJET INDUSTRIAL CO.,LTD.",ダイジェット工業,,Standard Market(Domestic),Machinery,机械,工业机械与自动化设备（具体产品待核验）,,ダイジェット工業
6140,6140.T,"Asahi Diamond Industrial Co.,Ltd.",旭ダイヤモンド工業,,Prime Market (Domestic),Machinery,机械,工业机械与自动化设备（具体产品待核验）,,旭ダイヤモンド工業
6141,6141.T,"DMG MORI CO.,LTD.",ＤＭＧ森精機,,Prime Market (Domestic),Machinery,机械,工业机械与自动化设备（具体产品待核验）,520.53,ＤＭＧ森精機
6143,6143.T,"Sodick Co.,Ltd.","Sodick Co.,Ltd.",,Prime Market (Domestic),Machinery,机械,工业机械与自动化设备（具体产品待核验）,,ソディック
6144,6144.T,"Seibu Electric & Machinery Co.,Ltd.",西部電機,,Standard Market(Domestic),Machinery,机械,工业机械与自动化设备（具体产品待核验）,,西部電機
6145,6145.T,"NITTOKU CO.,LTD.","NITTOKU CO.,LTD.",,Standard Market(Domestic),Machinery,机械,工业机械与自动化设备（具体产品待核验）,,ＮＩＴＴＯＫＵ
6146,6146.T,DISCO CORPORATION,DISCO,,Prime Market (Domestic),Machinery,机械,半导体设备（晶圆切割、研磨与精密加工）,1071.07,ディスコ
6147,6147.T,"YAMAZAKI CO.,LTD.","YAMAZAKI CO.,LTD.",,Standard Market(Domestic),Machinery,机械,工业机械与自动化设备（具体产品待核验）,,ヤマザキ
6149,6149.T,"Odawara Engineering Co.,Ltd.",小田原工程,,Standard Market(Domestic),Machinery,机械,工业机械与自动化设备（具体产品待核验）,,小田原エンジニアリング
6150,6150.T,"TAKEDA MACHINERY CO.,LTD.",タケダ機械,,Standard Market(Domestic),Machinery,机械,工业机械与自动化设备（具体产品待核验）,,タケダ機械
6151,6151.T,"NITTO KOHKI CO.,LTD.",日東工器,,Prime Market (Domestic),Machinery,机械,工业机械与自动化设备（具体产品待核验）,,日東工器
6155,6155.T,"TAKAMATSU MACHINERY CO.,LTD.",高松機械工業,,Standard Market(Domestic),Machinery,机械,工业机械与自动化设备（具体产品待核验）,,高松機械工業
6156,6156.T,A-ONE SEIMITSU INC.,エーワン精密,,Standard Market(Domestic),Machinery,机械,工业机械与自动化设备（具体产品待核验）,,エーワン精密
6157,6157.T,"NS TOOL CO.,LTD.",日進工具,,Standard Market(Domestic),Machinery,机械,工业机械与自动化设备（具体产品待核验）,,日進工具
6158,6158.T,"WAIDA MFG.CO.,LTD.",和井田制作所,,Standard Market(Domestic),Machinery,机械,工业机械与自动化设备（具体产品待核验）,,和井田製作所
6159,6159.T,"MICRON MACHINERY CO.,LTD.",ミクロン精密,,Standard Market(Domestic),Machinery,机械,工业机械与自动化设备（具体产品待核验）,,ミクロン精密
6161,6161.T,ESTIC CORPORATION,ESTIC 公司,,Standard Market(Domestic),Machinery,机械,工业机械与自动化设备（具体产品待核验）,,エスティック
6165,6165.T,"PUNCH INDUSTRY CO.,LTD.",パンチ工業,,Standard Market(Domestic),Machinery,机械,工业机械与自动化设备（具体产品待核验）,,パンチ工業
6166,6166.T,"NAKAMURA CHOUKOU CO.,LTD.",中村超硬,,Growth Market(Domestic),Machinery,机械,工业机械与自动化设备（具体产品待核验）,,中村超硬
6167,6167.T,"Fuji Die Co.,Ltd.",冨士ダイス,,Prime Market (Domestic),Machinery,机械,工业机械与自动化设备（具体产品待核验）,,冨士ダイス
6171,6171.T,C.E.Management Integrated Laboratory Co.Ltd,土木管理総合試験所,,Standard Market(Domestic),Services,服务业,专业服务、消费服务与商业服务（具体业务待核验）,,土木管理総合試験所
6176,6176.T,Brangista Inc.,Brangista Inc.,,Standard Market(Domestic),Services,服务业,专业服务、消费服务与商业服务（具体业务待核验）,,ブランジスタ
6177,6177.T,AppBank Inc.,AppBank Inc.,,Growth Market(Domestic),Services,服务业,银行与综合金融服务,,ＡｐｐＢａｎｋ
6178,6178.T,"JAPAN POST HOLDINGS Co.,Ltd.",日本邮政,,Prime Market (Domestic),Services,服务业,专业服务、消费服务与商业服务（具体业务待核验）,,日本郵政
6180,6180.T,"GMO Media,Inc.",ＧＭＯ媒体,,Growth Market(Domestic),Services,服务业,广告、营销与媒体服务,,ＧＭＯメディア
6181,6181.T,Tameny Inc.,Tameny Inc.,,Growth Market(Domestic),Services,服务业,专业服务、消费服务与商业服务（具体业务待核验）,,タメニー
6182,6182.T,MetaReal Corporation,MetaReal 公司,,Growth Market(Domestic),Services,服务业,专业服务、消费服务与商业服务（具体业务待核验）,,メタリアル
6183,6183.T,"BELLSYSTEM24 HOLDINGS,INC.",ベル系统２４控股,,Prime Market (Domestic),Services,服务业,专业服务、消费服务与商业服务（具体业务待核验）,,ベルシステム２４ホールディングス
6184,6184.T,"Kamakura Shinsho,Ltd.",鎌倉新書,,Prime Market (Domestic),Services,服务业,专业服务、消费服务与商业服务（具体业务待核验）,,鎌倉新書
6185,6185.T,SMN Corporation,SMN 公司,,Standard Market(Domestic),Services,服务业,专业服务、消费服务与商业服务（具体业务待核验）,,ＳＭＮ
6186,6186.T,"ICHIKURA CO.,LTD.",一蔵,,Standard Market(Domestic),Services,服务业,专业服务、消费服务与商业服务（具体业务待核验）,,一蔵
6189,6189.T,Global Kids Company Corp.,Global Kids Company Corp.,,Standard Market(Domestic),Services,服务业,专业服务、消费服务与商业服务（具体业务待核验）,,グローバルキッズＣＯＭＰＡＮＹ
0618,618.T,KOMPEITO Inc.,KOMPEITO Inc.,,Growth Market(Domestic),Services,服务业,专业服务、消费服务与商业服务（具体业务待核验）,,ＫＯＭＰＥＩＴＯ
6190,6190.T,"PhoenixBio Co.,Ltd.",フェニックス生物,,Growth Market(Domestic),Services,服务业,专业服务、消费服务与商业服务（具体业务待核验）,,フェニックスバイオ
6191,6191.T,AirTrip Corp.,AirTrip Corp.,,Prime Market (Domestic),Services,服务业,专业服务、消费服务与商业服务（具体业务待核验）,,エアトリ
6193,6193.T,"Virtualex Holdings,Inc.",バーチャレクス・控股,,Growth Market(Domestic),Services,服务业,专业服务、消费服务与商业服务（具体业务待核验）,,バーチャレクス・ホールディングス
6194,6194.T,"Atrae,Inc.","Atrae,Inc.",,Prime Market (Domestic),Services,服务业,专业服务、消费服务与商业服务（具体业务待核验）,,アトラエ
6195,6195.T,"HOPE,INC.","HOPE,INC.",,Growth Market(Domestic),Services,服务业,专业服务、消费服务与商业服务（具体业务待核验）,,ホープ
6196,6196.T,"Strike Group Co.,Ltd.",ストライク集团,,Prime Market (Domestic),Services,服务业,专业服务、消费服务与商业服务（具体业务待核验）,,ストライクグループ
6198,6198.T,"CAREER CO.,LTD.","CAREER CO.,LTD.",,Growth Market(Domestic),Services,服务业,专业服务、消费服务与商业服务（具体业务待核验）,,キャリア
6199,6199.T,"SERAKU Co.,Ltd.","SERAKU Co.,Ltd.",,Standard Market(Domestic),Information & Communication,信息通信,通信、网络设备与通信服务,,セラク
0619,619.T,OLIVER CORPORATION,OLIVER 公司,,Standard Market(Domestic),Other Products,其他制品,其他制造业（公司级产品待核验）,,オリバー
6200,6200.T,"Insource Co.,Ltd.","Insource Co.,Ltd.",,Prime Market (Domestic),Services,服务业,专业服务、消费服务与商业服务（具体业务待核验）,,インソース
6203,6203.T,"Howa Machinery,Ltd.",豊和工業,,Standard Market(Domestic),Machinery,机械,工业机械与自动化设备（具体产品待核验）,,豊和工業
6208,6208.T,"Ishikawa Seisakusho,Ltd.",石川制作所,,Standard Market(Domestic),Machinery,机械,工业机械与自动化设备（具体产品待核验）,,石川製作所
6209,6209.T,NPR-RIKEN CORPORATION,NPR-RIKEN 公司,,Prime Market (Domestic),Machinery,机械,工业机械与自动化设备（具体产品待核验）,,リケンＮＰＲ
6217,6217.T,TSUDAKOMA Corp.,津田駒工業,,Standard Market(Domestic),Machinery,机械,工业机械与自动化设备（具体产品待核验）,,津田駒工業
6218,6218.T,ENSHU Limited,ENSHU Limited,,Standard Market(Domestic),Machinery,机械,工业机械与自动化设备（具体产品待核验）,,エンシュウ
0621,621.T,Audiostock Inc.,Audiostock Inc.,,Growth Market(Domestic),Services,服务业,专业服务、消费服务与商业服务（具体业务待核验）,,オーディオストック
6222,6222.T,"SHIMA SEIKI MFG.,LTD.",島精機制作所,,Prime Market (Domestic),Machinery,机械,工业机械与自动化设备（具体产品待核验）,,島精機製作所
6223,6223.T,"Seibu Giken Co.,Ltd.",西部技研,,Standard Market(Domestic),Machinery,机械,工业机械与自动化设备（具体产品待核验）,,西部技研
6224,6224.T,"JRC Co.,Ltd.","JRC Co.,Ltd.",,Growth Market(Domestic),Machinery,机械,工业机械与自动化设备（具体产品待核验）,,ＪＲＣ
6226,6226.T,"Moriya Transportation Engineering and Manufacturing Co.,Ltd.",守谷輸送機工業,,Standard Market(Domestic),Machinery,机械,工业机械与自动化设备（具体产品待核验）,,守谷輸送機工業
6227,6227.T,"AIMECHATEC,Ltd.","AIMECHATEC,Ltd.",,Standard Market(Domestic),Machinery,机械,工业机械与自动化设备（具体产品待核验）,,ＡＩメカテック
6228,6228.T,"J.E.T.Co.,LTD.","J.E.T.Co.,LTD.",,Standard Market(Domestic),Machinery,机械,工业机械与自动化设备（具体产品待核验）,,ジェイ・イー・ティ
6229,6229.T,OKUMURA ENGINEERING corp.,OKUMURA 工程 corp.,,Standard Market(Domestic),Machinery,机械,工业机械与自动化设备（具体产品待核验）,,オーケーエム
0622,622.T,Techno Craft Corporation,Techno Craft 公司,,Standard Market(Domestic),Information & Communication,信息通信,通信、网络设备与通信服务,,テクノクラフト
6230,6230.T,SANEI LTD.,SANEI LTD.,,Standard Market(Domestic),Machinery,机械,工业机械与自动化设备（具体产品待核验）,,ＳＡＮＥＩ
6231,6231.T,"KIMURA KOHKI Co.,Ltd.",木村工機,,Standard Market(Domestic),Machinery,机械,工业机械与自动化设备（具体产品待核验）,,木村工機
6232,6232.T,ACSL Ltd.,ACSL Ltd.,,Growth Market(Domestic),Machinery,机械,工业机械与自动化设备（具体产品待核验）,,ＡＣＳＬ
6233,6233.T,KLASS Corporation,KLASS 公司,,Standard Market(Domestic),Machinery,机械,工业机械与自动化设备（具体产品待核验）,,ＫＬＡＳＳ
6235,6235.T,"OPTORUN CO.,LTD.","OPTORUN CO.,LTD.",,Prime Market (Domestic),Machinery,机械,工业机械与自动化设备（具体产品待核验）,,オプトラン
6237,6237.T,"IWAKI CO.,LTD.","IWAKI CO.,LTD.",,Prime Market (Domestic),Machinery,机械,工业机械与自动化设备（具体产品待核验）,,イワキポンプ
6238,6238.T,FURYU CORPORATION,FURYU 公司,,Prime Market (Domestic),Machinery,机械,工业机械与自动化设备（具体产品待核验）,,フリュー
6239,6239.T,NAGAOKA INTERNATIONAL CORPORATION,NAGAOKA INTERNATIONAL 公司,,Standard Market(Domestic),Machinery,机械,工业机械与自动化设备（具体产品待核验）,,ナガオカ
0623,623.T,"Vertex co.,Ltd","Vertex co.,Ltd",,Standard Market(Domestic),Real Estate,不动产业,房地产开发与物业运营,,ベルテックス
6240,6240.T,YAMASHIN-FILTER CORP.,YAMASHIN-FILTER CORP.,,Prime Market (Domestic),Machinery,机械,工业机械与自动化设备（具体产品待核验）,,ヤマシンフィルタ
6245,6245.T,"HIRANO TECSEED CO.,LTD.","HIRANO TECSEED CO.,LTD.",,Standard Market(Domestic),Machinery,机械,工业机械与自动化设备（具体产品待核验）,,ヒラノテクシード
6246,6246.T,Techno Smart Corp.,Techno Smart Corp.,,Standard Market(Domestic),Machinery,机械,工业机械与自动化设备（具体产品待核验）,,テクノスマート
6247,6247.T,"HISAKA WORKS,LTD.",日阪制作所,,Prime Market (Domestic),Machinery,机械,工业机械与自动化设备（具体产品待核验）,,日阪製作所
6248,6248.T,"Yokota Manufacturing Co., Ltd.",横田制作所,,Standard Market(Domestic),Machinery,机械,工业机械与自动化设备（具体产品待核验）,,横田製作所
6249,6249.T,"Gamecard Holdings,Inc.",ゲームカード控股,,Standard Market(Domestic),Machinery,机械,工业机械与自动化设备（具体产品待核验）,,ゲームカードホールディングス
6250,6250.T,YAMABIKO CORPORATION,YAMABIKO 公司,,Prime Market (Domestic),Machinery,机械,工业机械与自动化设备（具体产品待核验）,,やまびこ
6254,6254.T,"Nomura Micro Science Co.,Ltd.",野村マイクロ・サイエンス,,Prime Market (Domestic),Machinery,机械,工业机械与自动化设备（具体产品待核验）,,野村マイクロ・サイエンス
6255,6255.T,NPC Incorporated,NPC Incorporated,,Growth Market(Domestic),Machinery,机械,工业机械与自动化设备（具体产品待核验）,,エヌ・ピー・シー
6257,6257.T,"FUJISHOJI CO.,LTD.",藤商事,,Standard Market(Domestic),Machinery,机械,工业机械与自动化设备（具体产品待核验）,,藤商事
6258,6258.T,HIRATA Corporation,平田機工,,Prime Market (Domestic),Machinery,机械,工业机械与自动化设备（具体产品待核验）,,平田機工
0625,625.T,Skyfall Inc.,Skyfall Inc.,,Growth Market(Domestic),Services,服务业,专业服务、消费服务与商业服务（具体业务待核验）,,Ｓｋｙｆａｌｌ
6262,6262.T,"PEGASUS CO.,LTD.","PEGASUS CO.,LTD.",,Standard Market(Domestic),Machinery,机械,工业机械与自动化设备（具体产品待核验）,,ＰＥＧＡＳＵＳ
6264,6264.T,"Marumae Co.,Ltd.","Marumae Co.,Ltd.",,Prime Market (Domestic),Machinery,机械,工业机械与自动化设备（具体产品待核验）,,マルマエ
6265,6265.T,CONVUM Ltd.,CONVUM Ltd.,,Standard Market(Domestic),Machinery,机械,工业机械与自动化设备（具体产品待核验）,,コンバム
6266,6266.T,"TAZMO CO.,LTD.","TAZMO CO.,LTD.",,Prime Market (Domestic),Machinery,机械,工业机械与自动化设备（具体产品待核验）,,タツモ
6267,6267.T,"GENERAL PACKER CO.,LTD.","GENERAL PACKER CO.,LTD.",,Standard Market(Domestic),Machinery,机械,工业机械与自动化设备（具体产品待核验）,,ゼネラルパッカー
6268,6268.T,Nabtesco Corporation,Nabtesco 公司,,Prime Market (Domestic),Machinery,机械,工业机械与自动化设备（具体产品待核验）,,ナブテスコ
6269,6269.T,"MODEC,INC.",三井海洋開発,,Prime Market (Domestic),Machinery,机械,工业机械与自动化设备（具体产品待核验）,,三井海洋開発
6272,6272.T,"RHEON AUTOMATIC MACHINERY CO.,LTD.",レオン自動機,,Prime Market (Domestic),Machinery,机械,工业机械与自动化设备（具体产品待核验）,,レオン自動機
6273,6273.T,SMC CORPORATION,SMC,,Prime Market (Domestic),Machinery,机械,工业机械与自动化设备（具体产品待核验）,,ＳＭＣ
6276,6276.T,"SiriusVision CO.,LTD.","SiriusVision CO.,LTD.",,Standard Market(Domestic),Electric Appliances,电气设备,电子设备/电气设备（具体产品待核验）,,シリウスビジョン
6277,6277.T,HOSOKAWA MICRON CORPORATION,HOSOKAWA MICRON 公司,,Prime Market (Domestic),Machinery,机械,工业机械与自动化设备（具体产品待核验）,,ホソカワミクロン
6278,6278.T,UNION TOOL CO.,UNION TOOL CO.,,Prime Market (Domestic),Machinery,机械,工业机械与自动化设备（具体产品待核验）,,ユニオンツール
6279,6279.T,ZUIKO CORPORATION,瑞光,,Prime Market (Domestic),Machinery,机械,工业机械与自动化设备（具体产品待核验）,,瑞光
0627,627.T,akippa Inc.,akippa Inc.,,Standard Market(Domestic),Information & Communication,信息通信,通信、网络设备与通信服务,,ａｋｉｐｐａ
6282,6282.T,OILES CORPORATION,オイレス工業,,Prime Market (Domestic),Machinery,机械,工业机械与自动化设备（具体产品待核验）,,オイレス工業
6284,6284.T,"NISSEI ASB MACHINE CO.,LTD.",日精エー・エス・ビー機械,,Prime Market (Domestic),Machinery,机械,工业机械与自动化设备（具体产品待核验）,,日精エー・エス・ビー機械
6286,6286.T,SEIKO CORPORATION,靜甲,,Standard Market(Domestic),Machinery,机械,工业机械与自动化设备（具体产品待核验）,,靜甲
6287,6287.T,SATO CORPORATION,SATO 公司,,Prime Market (Domestic),Machinery,机械,工业机械与自动化设备（具体产品待核验）,,サトー
6289,6289.T,GIKEN LTD.,技研制作所,,Prime Market (Domestic),Machinery,机械,工业机械与自动化设备（具体产品待核验）,,技研製作所
6291,6291.T,"AIRTECH JAPAN,LTD.",日本エアーテック,,Standard Market(Domestic),Machinery,机械,工业机械与自动化设备（具体产品待核验）,,日本エアーテック
6292,6292.T,"KAWATA MFG. CO.,LTD.","KAWATA MFG. CO.,LTD.",,Standard Market(Domestic),Machinery,机械,工业机械与自动化设备（具体产品待核验）,,カワタ
6294,6294.T,OKADA AIYON CORPORATION,OKADA AIYON 公司,,Prime Market (Domestic),Machinery,机械,工业机械与自动化设备（具体产品待核验）,,オカダアイヨン
6298,6298.T,"Y.A.C.HOLDINGS CO.,LTD.",ワイエイシイ控股,,Prime Market (Domestic),Machinery,机械,工业机械与自动化设备（具体产品待核验）,,ワイエイシイホールディングス
6301,6301.T,KOMATSU LTD.,小松制作所,,Prime Market (Domestic),Machinery,机械,工业机械与自动化设备（具体产品待核验）,,小松製作所
6302,6302.T,"SUMITOMO HEAVY INDUSTRIES,LTD.",住友重機械工業,,Prime Market (Domestic),Machinery,机械,工业机械与自动化设备（具体产品待核验）,,住友重機械工業
6305,6305.T,"Hitachi Construction Machinery Co.,Ltd.",日立建机,,Prime Market (Domestic),Machinery,机械,工业机械与自动化设备（具体产品待核验）,1044.91,日立建機
6306,6306.T,"NIKKO CO.,LTD.",日工,,Prime Market (Domestic),Machinery,机械,工业机械与自动化设备（具体产品待核验）,,日工
6307,6307.T,"SANSEI CO.,LTD.","SANSEI CO.,LTD.",,Standard Market(Domestic),Machinery,机械,工业机械与自动化设备（具体产品待核验）,,サンセイ
6309,6309.T,"TOMOE ENGINEERING CO.,LTD.(TOMOE KOGYO CO.,LTD.)",巴工業,,Prime Market (Domestic),Machinery,机械,工业机械与自动化设备（具体产品待核验）,,巴工業
6310,6310.T,"ISEKI & CO.,LTD.",井関農機,,Prime Market (Domestic),Machinery,机械,工业机械与自动化设备（具体产品待核验）,,井関農機
6315,6315.T,TOWA CORPORATION,TOWA 公司,,Prime Market (Domestic),Machinery,机械,工业机械与自动化设备（具体产品待核验）,,ＴＯＷＡ
6316,6316.T,"MARUYAMA MFG.CO.,INC.",丸山制作所,,Standard Market(Domestic),Machinery,机械,工业机械与自动化设备（具体产品待核验）,,丸山製作所
6317,6317.T,Kitagawa Corporation,北川鉄工所,,Standard Market(Domestic),Machinery,机械,工业机械与自动化设备（具体产品待核验）,,北川鉄工所
6322,6322.T,TACMINA CORPORATION,TACMINA 公司,,Standard Market(Domestic),Machinery,机械,工业机械与自动化设备（具体产品待核验）,,タクミナ
6323,6323.T,RORZE CORPORATION,RORZE 公司,,Prime Market (Domestic),Machinery,机械,工业机械与自动化设备（具体产品待核验）,10601.62,ローツェ
6324,6324.T,Harmonic Drive Systems Inc.,ハーモニック・ドライブ・系统,,Prime Market (Domestic),Machinery,机械,工业机械与自动化设备（具体产品待核验）,,ハーモニック・ドライブ・システムズ
6325,6325.T,"TAKAKITA CO.,LTD.","TAKAKITA CO.,LTD.",,Standard Market(Domestic),Machinery,机械,工业机械与自动化设备（具体产品待核验）,,タカキタ
6326,6326.T,KUBOTA CORPORATION,久保田,,Prime Market (Domestic),Machinery,机械,工业机械与自动化设备（具体产品待核验）,20.72,クボタ
6327,6327.T,"KITAGAWA SEIKI CO.,LTD.",北川精機,,Standard Market(Domestic),Machinery,机械,工业机械与自动化设备（具体产品待核验）,,北川精機
6328,6328.T,"EBARA JITSUGYO CO.,LTD.",荏原実業,,Prime Market (Domestic),Machinery,机械,工业机械与自动化设备（具体产品待核验）,,荏原実業
6330,6330.T,TOYO ENGINEERING CORPORATION,東洋工程,,Prime Market (Domestic),Construction,建设业,建筑工程、建材与房地产相关工程（具体业务待核验）,,東洋エンジニアリング
6331,6331.T,"Mitsubishi Kakoki Kaisha,Ltd.",三菱化工機,,Prime Market (Domestic),Machinery,机械,工业机械与自动化设备（具体产品待核验）,,三菱化工機
6332,6332.T,"TSUKISHIMA HOLDINGS CO.,LTD.",月島控股,,Prime Market (Domestic),Machinery,机械,工业机械与自动化设备（具体产品待核验）,,月島ホールディングス
6333,6333.T,TEIKOKU CORPORATION,TEIKOKU 公司,,Prime Market (Domestic),Machinery,机械,工业机械与自动化设备（具体产品待核验）,,ＴＥＩＫＯＫＵ
6334,6334.T,"Meiji Machine Co.,Ltd.",明治機械,,Standard Market(Domestic),Machinery,机械,工业机械与自动化设备（具体产品待核验）,,明治機械
6335,6335.T,"TOKYO KIKAI SEISAKUSHO,LTD.",東京機械制作所,,Standard Market(Domestic),Machinery,机械,工业机械与自动化设备（具体产品待核验）,,東京機械製作所
6336,6336.T,"ISHII HYOKI CO.,LTD.",石井表記,,Standard Market(Domestic),Machinery,机械,工业机械与自动化设备（具体产品待核验）,,石井表記
6337,6337.T,TESEC Corporation,TESEC 公司,,Standard Market(Domestic),Machinery,机械,工业机械与自动化设备（具体产品待核验）,,テセック
6338,6338.T,Takatori Corporation,Takatori 公司,,Standard Market(Domestic),Machinery,机械,工业机械与自动化设备（具体产品待核验）,,タカトリ
6339,6339.T,"Sintokogio,Ltd.",新東工業,,Prime Market (Domestic),Machinery,机械,工业机械与自动化设备（具体产品待核验）,,新東工業
6340,6340.T,SHIBUYA CORPORATION,澁谷工業,,Prime Market (Domestic),Machinery,机械,工业机械与自动化设备（具体产品待核验）,,澁谷工業
6342,6342.T,"Taihei Machinery Works,Limited",太平制作所,,Standard Market(Domestic),Machinery,机械,工业机械与自动化设备（具体产品待核验）,,太平製作所
6343,6343.T,FREESIA MACROSS CORPORATION,FREESIA MACROSS 公司,,Standard Market(Domestic),Machinery,机械,工业机械与自动化设备（具体产品待核验）,,フリージア・マクロス
6345,6345.T,AICHI CORPORATION,アイチ 公司,,Prime Market (Domestic),Machinery,机械,工业机械与自动化设备（具体产品待核验）,,アイチ　コーポレーション
6346,6346.T,"KIKUKAWA ENTERPRISE,INC.","KIKUKAWA ENTERPRISE,INC.",,Standard Market(Domestic),Machinery,机械,工业机械与自动化设备（具体产品待核验）,,キクカワエンタープライズ
6347,6347.T,"PLACO CO.,LTD.","PLACO CO.,LTD.",,Standard Market(Domestic),Machinery,机械,工业机械与自动化设备（具体产品待核验）,,プラコー
6349,6349.T,KOMORI CORPORATION,小森公司,,Prime Market (Domestic),Machinery,机械,工业机械与自动化设备（具体产品待核验）,,小森コーポレーション
0634,634.T,LAYERED Inc.,LAYERED Inc.,,Standard Market(Domestic),Information & Communication,信息通信,通信、网络设备与通信服务,,レイヤード
6351,6351.T,"TSURUMI MANUFACTURING CO.,LTD.",鶴見制作所,,Prime Market (Domestic),Machinery,机械,工业机械与自动化设备（具体产品待核验）,,鶴見製作所
6356,6356.T,"NIPPON GEAR CO.,LTD.",日本ギア工業,,Standard Market(Domestic),Machinery,机械,工业机械与自动化设备（具体产品待核验）,,日本ギア工業
6357,6357.T,"Sansei Technologies,Inc.",三精科技,,Standard Market(Domestic),Machinery,机械,工业机械与自动化设备（具体产品待核验）,,三精テクノロジーズ
6358,6358.T,"SAKAI HEAVY INDUSTRIES,LTD.",酒井重工業,,Prime Market (Domestic),Machinery,机械,工业机械与自动化设备（具体产品待核验）,,酒井重工業
6360,6360.T,"TOKYO AUTOMATIC MACHINERY WORKS,LTD.",東京自働機械制作所,,Standard Market(Domestic),Machinery,机械,工业机械与自动化设备（具体产品待核验）,,東京自働機械製作所
6361,6361.T,EBARA CORPORATION,荏原制作所,,Prime Market (Domestic),Machinery,机械,工业机械与自动化设备（具体产品待核验）,,荏原製作所
6363,6363.T,"Torishima Pump Mfg.Co.,Ltd.",酉島制作所,,Prime Market (Domestic),Machinery,机械,工业机械与自动化设备（具体产品待核验）,,酉島製作所
6364,6364.T,AIRMAN CORPORATION,AIRMAN 公司,,Prime Market (Domestic),Machinery,机械,工业机械与自动化设备（具体产品待核验）,,ＡＩＲＭＡＮ
6365,6365.T,DMW CORPORATION,電業社機械制作所,,Standard Market(Domestic),Machinery,机械,工业机械与自动化设备（具体产品待核验）,,電業社機械製作所
6366,6366.T,Chiyoda Corporation,千代田化工建設,,Standard Market(Domestic),Construction,建设业,建筑工程、建材与房地产相关工程（具体业务待核验）,,千代田化工建設
6367,6367.T,"DAIKIN INDUSTRIES,LTD.",大金工业,,Prime Market (Domestic),Machinery,机械,空调与热泵设备（商用及住宅空气环境设备）,469.96,ダイキン工業
6368,6368.T,ORGANO CORPORATION,ORGANO 公司,,Prime Market (Domestic),Machinery,机械,工业机械与自动化设备（具体产品待核验）,,オルガノ
6369,6369.T,TOYO KANETSU K.K.,TOYO KANETSU K.K.,,Prime Market (Domestic),Machinery,机械,工业机械与自动化设备（具体产品待核验）,,トーヨーカネツ
6370,6370.T,Kurita Water Industries Ltd.,栗田工業,,Prime Market (Domestic),Machinery,机械,工业机械与自动化设备（具体产品待核验）,,栗田工業
6371,6371.T,TSUBAKIMOTO CHAIN CO.,椿本チエイン,,Prime Market (Domestic),Machinery,机械,工业机械与自动化设备（具体产品待核验）,,椿本チエイン
6376,6376.T,"NIKKISO CO.,LTD.",日機装,,Prime Market (Domestic),Precision Instruments,精密仪器,精密仪器与光学设备,,日機装
6378,6378.T,"KIMURA CHEMICAL PLANTS CO.,LTD.",木村化工機,,Standard Market(Domestic),Machinery,机械,工业机械与自动化设备（具体产品待核验）,,木村化工機
6379,6379.T,RAIZNEXT Corporation,RAIZNEXT 公司,,Prime Market (Domestic),Construction,建设业,建筑工程、建材与房地产相关工程（具体业务待核验）,,レイズネクスト
6380,6380.T,"ORIENTAL CHAIN MFG. CO.,LTD.",オリエンタルチエン工業,,Standard Market(Domestic),Machinery,机械,工业机械与自动化设备（具体产品待核验）,,オリエンタルチエン工業
6381,6381.T,ANEST IWATA Corporation,アネスト岩田,,Prime Market (Domestic),Machinery,机械,工业机械与自动化设备（具体产品待核验）,,アネスト岩田
6382,6382.T,TRINITY INDUSTRIAL CORPORATION,トリニティ工業,,Standard Market(Domestic),Machinery,机械,工业机械与自动化设备（具体产品待核验）,,トリニティ工業
6383,6383.T,"DAIFUKU CO.,LTD.","DAIFUKU CO.,LTD.",,Prime Market (Domestic),Machinery,机械,工业机械与自动化设备（具体产品待核验）,,ダイフク
6384,6384.T,"SHOWA SHINKU CO.,LTD.",昭和真空,,Standard Market(Domestic),Machinery,机械,工业机械与自动化设备（具体产品待核验）,,昭和真空
6387,6387.T,SAMCO INC.,SAMCO INC.,,Prime Market (Domestic),Machinery,机械,工业机械与自动化设备（具体产品待核验）,,サムコ
6390,6390.T,"KATO WORKS CO.,LTD.",加藤制作所,,Prime Market (Domestic),Machinery,机械,工业机械与自动化设备（具体产品待核验）,,加藤製作所
6391,6391.T,KAJI TECHNOLOGY CORPORATION,加地テック,,Standard Market(Domestic),Machinery,机械,工业机械与自动化设备（具体产品待核验）,,加地テック
6392,6392.T,YAMADA CORPORATION,ヤマダ公司,,Standard Market(Domestic),Machinery,机械,工业机械与自动化设备（具体产品待核验）,,ヤマダコーポレーション
6393,6393.T,"YUKEN KOGYO CO.,LTD.",油研工業,,Standard Market(Domestic),Machinery,机械,工业机械与自动化设备（具体产品待核验）,,油研工業
6395,6395.T,TADANO LTD.,TADANO LTD.,,Prime Market (Domestic),Machinery,机械,工业机械与自动化设备（具体产品待核验）,,タダノ
6396,6396.T,"Unozawa-gumi Iron Works,Limited",宇野澤組鐵工所,,Standard Market(Domestic),Machinery,机械,工业机械与自动化设备（具体产品待核验）,,宇野澤組鐵工所
6400,6400.T,"FUJI SEIKI CO.,LTD.",不二精機,,Standard Market(Domestic),Machinery,机械,工业机械与自动化设备（具体产品待核验）,,不二精機
6402,6402.T,"KANEMATSU ENGINEERING CO.,LTD.",兼松工程,,Standard Market(Domestic),Machinery,机械,工业机械与自动化设备（具体产品待核验）,,兼松エンジニアリング
6405,6405.T,"Suzumo Machinery Co.,Ltd.",鈴茂器工,,Standard Market(Domestic),Machinery,机械,工业机械与自动化设备（具体产品待核验）,,鈴茂器工
6407,6407.T,CKD Corporation,CKD 公司,,Prime Market (Domestic),Machinery,机械,工业机械与自动化设备（具体产品待核验）,,ＣＫＤ
6408,6408.T,"OGURA CLUTCH CO.,LTD.",小倉クラッチ,,Standard Market(Domestic),Machinery,机械,工业机械与自动化设备（具体产品待核验）,,小倉クラッチ
6412,6412.T,Heiwa Corporation,平和,,Prime Market (Domestic),Machinery,机械,工业机械与自动化设备（具体产品待核验）,,平和
6413,6413.T,RISO KAGAKU CORPORATION,理想科学工業,,Prime Market (Domestic),Machinery,机械,工业机械与自动化设备（具体产品待核验）,,理想科学工業
6417,6417.T,"SANKYO CO.,LTD.","SANKYO CO.,LTD.",,Prime Market (Domestic),Machinery,机械,工业机械与自动化设备（具体产品待核验）,,ＳＡＮＫＹＯ
6418,6418.T,"JAPAN CASH MACHINE CO.,LTD.",日本金銭機械,,Prime Market (Domestic),Machinery,机械,工业机械与自动化设备（具体产品待核验）,,日本金銭機械
6419,6419.T,Mars Group Holdings Corporation,マース集团控股,,Prime Market (Domestic),Machinery,机械,工业机械与自动化设备（具体产品待核验）,,マースグループホールディングス
6420,6420.T,GALILEI HOLDINGS CO.LTD.,ガリレイ控股,,Prime Market (Domestic),Machinery,机械,工业机械与自动化设备（具体产品待核验）,,ガリレイホールディングス
6424,6424.T,"TAKAMISAWA CYBERNETICS COMPANY,LTD.",高見沢サイバネティックス,,Standard Market(Domestic),Machinery,机械,工业机械与自动化设备（具体产品待核验）,,高見沢サイバネティックス
6425,6425.T,Universal Entertainment Corporation,Universal Entertainment 公司,,Standard Market(Domestic),Machinery,机械,工业机械与自动化设备（具体产品待核验）,,ユニバーサルエンターテインメント
6428,6428.T,OIZUMI Corporation,OIZUMI 公司,,Standard Market(Domestic),Machinery,机械,工业机械与自动化设备（具体产品待核验）,,オーイズミ
6430,6430.T,"DAIKOKU DENKI CO.,LTD.",ダイコク電機,,Prime Market (Domestic),Machinery,机械,工业机械与自动化设备（具体产品待核验）,,ダイコク電機
6432,6432.T,"TAKEUCHI MFG.CO.,LTD.",竹内制作所,,Prime Market (Domestic),Machinery,机械,工业机械与自动化设备（具体产品待核验）,,竹内製作所
6433,6433.T,"HEPHAIST CO.,LTD.","HEPHAIST CO.,LTD.",,Standard Market(Domestic),Machinery,机械,工业机械与自动化设备（具体产品待核验）,,ヒーハイスト
6436,6436.T,Amano Corporation,Amano 公司,,Prime Market (Domestic),Machinery,机械,工业机械与自动化设备（具体产品待核验）,,アマノ
6440,6440.T,JUKI CORPORATION,JUKI 公司,,Prime Market (Domestic),Machinery,机械,工业机械与自动化设备（具体产品待核验）,,ＪＵＫＩ
6444,6444.T,SANDEN CORPORATION,SANDEN 公司,,Standard Market(Domestic),Machinery,机械,工业机械与自动化设备（具体产品待核验）,,サンデン
6445,6445.T,JANOME Corporation,JANOME 公司,,Prime Market (Domestic),Machinery,机械,工业机械与自动化设备（具体产品待核验）,,ジャノメ
6448,6448.T,"BROTHER INDUSTRIES,LTD.",ブラザー工業,,Prime Market (Domestic),Electric Appliances,电气设备,电子设备/电气设备（具体产品待核验）,,ブラザー工業
6454,6454.T,"MAX CO.,LTD.","MAX CO.,LTD.",,Prime Market (Domestic),Machinery,机械,工业机械与自动化设备（具体产品待核验）,,マックス
6455,6455.T,MORITA HOLDINGS CORPORATION,モリタ控股,,Prime Market (Domestic),Transportation Equipment,运输用设备,工业机械与自动化设备（具体产品待核验）,,モリタホールディングス
6457,6457.T,GLORY LTD.,GLORY LTD.,,Prime Market (Domestic),Machinery,机械,工业机械与自动化设备（具体产品待核验）,,グローリー
6458,6458.T,SINKO INDUSTRIES LTD.,新晃工業,,Prime Market (Domestic),Machinery,机械,工业机械与自动化设备（具体产品待核验）,,新晃工業
6459,6459.T,DAIWA LTD.,DAIWA LTD.,,Prime Market (Domestic),Machinery,机械,工业机械与自动化设备（具体产品待核验）,,だいわ
6460,6460.T,SEGA SAMMY HOLDINGS INC.,セガサミー控股,,Prime Market (Domestic),Machinery,机械,工业机械与自动化设备（具体产品待核验）,,セガサミーホールディングス
6463,6463.T,"TPR CO.,LTD.","TPR CO.,LTD.",,Prime Market (Domestic),Machinery,机械,工业机械与自动化设备（具体产品待核验）,,ＴＰＲ
6464,6464.T,"TSUBAKI NAKASHIMA CO.,LTD.","TSUBAKI NAKASHIMA CO.,LTD.",,Prime Market (Domestic),Machinery,机械,工业机械与自动化设备（具体产品待核验）,,ツバキ・ナカシマ
6465,6465.T,HOSHIZAKI CORPORATION,HOSHIZAKI 公司,,Prime Market (Domestic),Machinery,机械,工业机械与自动化设备（具体产品待核验）,12028.94,ホシザキ
6466,6466.T,"TVE Co.,Ltd.","TVE Co.,Ltd.",,Standard Market(Domestic),Machinery,机械,工业机械与自动化设备（具体产品待核验）,,ＴＶＥ
6467,6467.T,NICHIDAI CORPORATION,NICHIDAI 公司,,Standard Market(Domestic),Machinery,机械,工业机械与自动化设备（具体产品待核验）,,ニチダイ
6469,6469.T,"HODEN SEIMITSU KAKO KENKYUSHO CO.,LTD.",放電精密加工研究所,,Standard Market(Domestic),Machinery,机械,工业机械与自动化设备（具体产品待核验）,,放電精密加工研究所
0646,646.T,Crasus Chemical Inc.,クラサス化学,,Standard Market(Domestic),Chemicals,化学,基础化工/特种化学品（具体品类待核验）,,クラサスケミカル
6470,6470.T,"TAIHO KOGYO CO.,LTD.",大豊工業,,Standard Market(Domestic),Machinery,机械,工业机械与自动化设备（具体产品待核验）,,大豊工業
6471,6471.T,NSK Ltd.,日本精工,,Prime Market (Domestic),Machinery,机械,工业机械与自动化设备（具体产品待核验）,,日本精工
6472,6472.T,NTN CORPORATION,NTN 公司,,Prime Market (Domestic),Machinery,机械,工业机械与自动化设备（具体产品待核验）,,ＮＴＮ
6473,6473.T,JTEKT Corporation,JTEKT 公司,,Prime Market (Domestic),Machinery,机械,工业机械与自动化设备（具体产品待核验）,,ジェイテクト
6474,6474.T,NACHI-FUJIKOSHI CORP.,不二越,,Prime Market (Domestic),Machinery,机械,工业机械与自动化设备（具体产品待核验）,,不二越
6479,6479.T,MINEBEA MITSUMI Inc.,MINEBEA MITSUMI Inc.,,Prime Market (Domestic),Electric Appliances,电气设备,电子设备/电气设备（具体产品待核验）,,ミネベアミツミ
6480,6480.T,"NIPPON THOMPSON CO.,LTD.",日本トムソン,,Prime Market (Domestic),Machinery,机械,工业机械与自动化设备（具体产品待核验）,,日本トムソン
6481,6481.T,"THK CO.,LTD.","THK CO.,LTD.",,Prime Market (Domestic),Machinery,机械,工业机械与自动化设备（具体产品待核验）,,ＴＨＫ
6482,6482.T,Yushin Company,Yushin Company,,Standard Market(Domestic),Machinery,机械,工业机械与自动化设备（具体产品待核验）,,ＹＵＳＨＩＮ
6484,6484.T,KVK CORPORATION,KVK 公司,,Standard Market(Domestic),Machinery,机械,工业机械与自动化设备（具体产品待核验）,,ＫＶＫ
6485,6485.T,"MAEZAWA KYUSO INDUSTRIES CO.,LTD.",前澤給装工業,,Standard Market(Domestic),Machinery,机械,工业机械与自动化设备（具体产品待核验）,,前澤給装工業
6488,6488.T,Yoshitake Inc.,Yoshitake Inc.,,Standard Market(Domestic),Machinery,机械,工业机械与自动化设备（具体产品待核验）,,ヨシタケ
6490,6490.T,PILLAR Corporation,PILLAR 公司,,Prime Market (Domestic),Machinery,机械,工业机械与自动化设备（具体产品待核验）,,ＰＩＬＬＡＲ
6492,6492.T,OKANO VALVE MFG.CO.LTD.,岡野バルブ製造,,Standard Market(Domestic),Machinery,机械,工业机械与自动化设备（具体产品待核验）,,岡野バルブ製造
6493,6493.T,NITTAN Corporation,NITTAN 公司,,Standard Market(Domestic),Transportation Equipment,运输用设备,工业机械与自动化设备（具体产品待核验）,,ＮＩＴＴＡＮ
6494,6494.T,"NFK HOLDINGS CO.,Ltd",ＮＦＫ控股,,Standard Market(Domestic),Machinery,机械,工业机械与自动化设备（具体产品待核验）,,ＮＦＫホールディングス
6495,6495.T,"MIYAIRI VALVE MFG.CO.,LTD.",宮入バルブ制作所,,Standard Market(Domestic),Machinery,机械,工业机械与自动化设备（具体产品待核验）,,宮入バルブ製作所
6496,6496.T,"NAKAKITA SEISAKUSHO CO.,LTD.",中北制作所,,Standard Market(Domestic),Machinery,机械,工业机械与自动化设备（具体产品待核验）,,中北製作所
6497,6497.T,HAMAI INDUSTRIES LTD,HAMAI 工业 LTD,,Standard Market(Domestic),Machinery,机械,工业机械与自动化设备（具体产品待核验）,,ハマイ
6498,6498.T,KITZ CORPORATION,KITZ 公司,,Prime Market (Domestic),Machinery,机械,工业机械与自动化设备（具体产品待核验）,,キッツ
6501,6501.T,"Hitachi,Ltd.",日立制作所,,Prime Market (Domestic),Electric Appliances,电气设备,电子设备/电气设备（具体产品待核验）,10601.62,日立製作所
6503,6503.T,Mitsubishi Electric Corporation,三菱电机,,Prime Market (Domestic),Electric Appliances,电气设备,电气设备（工控、能源管理与自动化）,,三菱電機
6504,6504.T,"FUJI ELECTRIC CO.,LTD.",富士電機,,Prime Market (Domestic),Electric Appliances,电气设备,电子设备/电气设备（具体产品待核验）,,富士電機
6505,6505.T,"TOYO DENKI SEIZO K.K.(TOYO ELECTRIC MFG.CO.,LTD.)",東洋電機製造,,Standard Market(Domestic),Electric Appliances,电气设备,电子设备/电气设备（具体产品待核验）,,東洋電機製造
6506,6506.T,YASKAWA Electric Corporation,安川電機,,Prime Market (Domestic),Electric Appliances,电气设备,电子设备/电气设备（具体产品待核验）,,安川電機
6507,6507.T,"SINFONIA TECHNOLOGY CO.,LTD.",シンフォニア科技,,Prime Market (Domestic),Electric Appliances,电气设备,电子设备/电气设备（具体产品待核验）,,シンフォニアテクノロジー
6508,6508.T,MEIDENSHA CORPORATION,明電舎,,Prime Market (Domestic),Electric Appliances,电气设备,电子设备/电气设备（具体产品待核验）,,明電舎
6513,6513.T,"Origin Company,Limited","Origin Company,Limited",,Standard Market(Domestic),Electric Appliances,电气设备,电子设备/电气设备（具体产品待核验）,,オリジン
6516,6516.T,"SANYO DENKI CO.,LTD.",山洋電気,,Prime Market (Domestic),Electric Appliances,电气设备,电子设备/电气设备（具体产品待核验）,,山洋電気
6517,6517.T,"Denyo Co.,Ltd.","Denyo Co.,Ltd.",,Prime Market (Domestic),Electric Appliances,电气设备,电子设备/电气设备（具体产品待核验）,,デンヨー
6518,6518.T,"SANSO ELECTRIC CO.,LTD.",三相電機,,Standard Market(Domestic),Electric Appliances,电气设备,电子设备/电气设备（具体产品待核验）,,三相電機
6521,6521.T,OXIDE Corporation,OXIDE 公司,,Growth Market(Domestic),Electric Appliances,电气设备,电子设备/电气设备（具体产品待核验）,,オキサイド
6522,6522.T,Asterisk Inc.,Asterisk Inc.,,Growth Market(Domestic),Electric Appliances,电气设备,电子设备/电气设备（具体产品待核验）,,アスタリスク
6523,6523.T,PHC Holdings Corporation,ＰＨＣ控股,,Prime Market (Domestic),Electric Appliances,电气设备,电子设备/电气设备（具体产品待核验）,11695.04,ＰＨＣホールディングス
6524,6524.T,"KOHOKU KOGYO CO.,LTD.",湖北工業,,Standard Market(Domestic),Electric Appliances,电气设备,电子设备/电气设备（具体产品待核验）,,湖北工業
6525,6525.T,KOKUSAI ELECTRIC CORPORATION,KOKUSAI 电气 公司,,Prime Market (Domestic),Electric Appliances,电气设备,电子设备/电气设备（具体产品待核验）,,ＫＯＫＵＳＡＩ　ＥＬＥＣＴＲＩＣ
6526,6526.T,Socionext Inc.,Socionext Inc.,,Prime Market (Domestic),Electric Appliances,电气设备,电子设备/电气设备（具体产品待核验）,,ソシオネクスト
6532,6532.T,"BayCurrent,Inc.","BayCurrent,Inc.",,Prime Market (Domestic),Services,服务业,专业服务、消费服务与商业服务（具体业务待核验）,,ベイカレント
6533,6533.T,Orchestra Holdings Inc.,Orchestra 控股 Inc.,,Prime Market (Domestic),Services,服务业,专业服务、消费服务与商业服务（具体业务待核验）,,Ｏｒｃｈｅｓｔｒａ　Ｈｏｌｄｉｎｇｓ
6535,6535.T,"i-mobile Co.,Ltd.","i-mobile Co.,Ltd.",,Prime Market (Domestic),Services,服务业,专业服务、消费服务与商业服务（具体业务待核验）,,アイモバイル
6537,6537.T,"WASHHOUSE CO.,LTD.","WASHHOUSE CO.,LTD.",,Growth Market(Domestic),Services,服务业,专业服务、消费服务与商业服务（具体业务待核验）,,ＷＡＳＨハウス
6538,6538.T,Disruptors Inc.,Disruptors Inc.,,Standard Market(Domestic),Services,服务业,专业服务、消费服务与商业服务（具体业务待核验）,,ディスラプターズ
6539,6539.T,"MATCHING SERVICE JAPAN CO.,LTD.","MATCHING SERVICE JAPAN CO.,LTD.",,Prime Market (Domestic),Services,服务业,专业服务、消费服务与商业服务（具体业务待核验）,,ＭＳ－Ｊａｐａｎ
6540,6540.T,SEMBA CORPORATION,船場,,Standard Market(Domestic),Services,服务业,专业服务、消费服务与商业服务（具体业务待核验）,,船場
6543,6543.T,NISSEN INC.,日宣,,Standard Market(Domestic),Services,服务业,专业服务、消费服务与商业服务（具体业务待核验）,,日宣
6544,6544.T,"JAPAN ELEVATOR SERVICE HOLDINGS CO.,LTD.",ジャパンエレベーター服务控股,,Prime Market (Domestic),Services,服务业,专业服务、消费服务与商业服务（具体业务待核验）,,ジャパンエレベーターサービスホールディングス
6545,6545.T,internet infinity INC.,互联网インフィニティー,,Growth Market(Domestic),Services,服务业,专业服务、消费服务与商业服务（具体业务待核验）,,インターネットインフィニティー
6546,6546.T,Fulltech Co.Ltd.,Fulltech Co.Ltd.,,Standard Market(Domestic),Services,服务业,专业服务、消费服务与商业服务（具体业务待核验）,,フルテック
6547,6547.T,"GREENS CO.,LTD.","GREENS CO.,LTD.",,Standard Market(Domestic),Services,服务业,专业服务、消费服务与商业服务（具体业务待核验）,,グリーンズ
6548,6548.T,TABIKOBO Co.Ltd.,旅工房,,Growth Market(Domestic),Services,服务业,专业服务、消费服务与商业服务（具体业务待核验）,,旅工房
6549,6549.T,"DM Solutions Co.,Ltd",ディーエム解决方案,,Standard Market(Domestic),Services,服务业,专业服务、消费服务与商业服务（具体业务待核验）,,ディーエムソリューションズ
6551,6551.T,TSUNAGU GROUP HOLDINGS Inc.,ツナグ集团・控股,,Standard Market(Domestic),Services,服务业,专业服务、消费服务与商业服务（具体业务待核验）,,ツナググループ・ホールディングス
6552,6552.T,"GameWith,Inc.","GameWith,Inc.",,Standard Market(Domestic),Services,服务业,专业服务、消费服务与商业服务（具体业务待核验）,,ＧａｍｅＷｉｔｈ
6554,6554.T,"SUS Co.,Ltd.","SUS Co.,Ltd.",,Growth Market(Domestic),Services,服务业,专业服务、消费服务与商业服务（具体业务待核验）,,エスユーエス
6555,6555.T,"MS&Consulting Co.,Ltd.","MS&Consulting Co.,Ltd.",,Standard Market(Domestic),Services,服务业,专业服务、消费服务与商业服务（具体业务待核验）,,ＭＳ＆Ｃｏｎｓｕｌｔｉｎｇ
6557,6557.T,AIAI Group Corporation,ＡＩＡＩ集团,,Growth Market(Domestic),Services,服务业,专业服务、消费服务与商业服务（具体业务待核验）,,ＡＩＡＩグループ
6558,6558.T,"Cookbiz Co.,Ltd.","Cookbiz Co.,Ltd.",,Growth Market(Domestic),Services,服务业,专业服务、消费服务与商业服务（具体业务待核验）,,クックビズ
6560,6560.T,"LTS,Inc.","LTS,Inc.",,Prime Market (Domestic),Services,服务业,专业服务、消费服务与商业服务（具体业务待核验）,,エル・ティー・エス
6561,6561.T,"HANATOUR JAPAN CO.,LTD.","HANATOUR JAPAN CO.,LTD.",,Growth Market(Domestic),Services,服务业,专业服务、消费服务与商业服务（具体业务待核验）,,ＨＡＮＡＴＯＵＲ　ＪＡＰＡＮ
6562,6562.T,"Geniee,Inc.","Geniee,Inc.",,Growth Market(Domestic),Services,服务业,专业服务、消费服务与商业服务（具体业务待核验）,,ジーニー
6563,6563.T,Mirai Works Inc.,Mirai Works Inc.,,Growth Market(Domestic),Services,服务业,专业服务、消费服务与商业服务（具体业务待核验）,,みらいワークス
6564,6564.T,"MIDAC HOLDINGS CO.,LTD.",ミダック控股,,Prime Market (Domestic),Services,服务业,专业服务、消费服务与商业服务（具体业务待核验）,,ミダックホールディングス
6566,6566.T,"KANAME KOGYO CO.,LTD.",要興業,,Standard Market(Domestic),Services,服务业,专业服务、消费服务与商业服务（具体业务待核验）,,要興業
6568,6568.T,"KNC Laboratories Co.,Ltd.",神戸天然物化学,,Growth Market(Domestic),Services,服务业,专业服务、消费服务与商业服务（具体业务待核验）,,神戸天然物化学
6570,6570.T,Kyowa Corporation,共和公司,,Standard Market(Domestic),Services,服务业,专业服务、消费服务与商业服务（具体业务待核验）,,共和コーポレーション
6571,6571.T,"QB Net Holdings Co.,Ltd.",キュービーネット控股,,Prime Market (Domestic),Services,服务业,专业服务、消费服务与商业服务（具体业务待核验）,,キュービーネットホールディングス
6572,6572.T,"OPEN Group,Inc.",オープン集团,,Prime Market (Domestic),Services,服务业,专业服务、消费服务与商业服务（具体业务待核验）,,オープングループ
6573,6573.T,CRAVIA Inc.,CRAVIA Inc.,,Growth Market(Domestic),Services,服务业,专业服务、消费服务与商业服务（具体业务待核验）,,ＣＲＡＶＩＡ
6574,6574.T,Convano Inc.,Convano Inc.,,Growth Market(Domestic),Services,服务业,专业服务、消费服务与商业服务（具体业务待核验）,,コンヴァノ
6577,6577.T,"Bestone.Com Co.,Ltd","Bestone.Com Co.,Ltd",,Growth Market(Domestic),Services,服务业,专业服务、消费服务与商业服务（具体业务待核验）,,ベストワンドットコム
6578,6578.T,CORREC HOLDINGS Inc.,コレック控股,,Standard Market(Domestic),Services,服务业,专业服务、消费服务与商业服务（具体业务待核验）,,コレックホールディングス
6579,6579.T,"logly,Inc.","logly,Inc.",,Growth Market(Domestic),Services,服务业,专业服务、消费服务与商业服务（具体业务待核验）,,ログリー
6580,6580.T,"Writeup Co.,Ltd.","Writeup Co.,Ltd.",,Growth Market(Domestic),Services,服务业,专业服务、消费服务与商业服务（具体业务待核验）,,ライトアップ
6584,6584.T,"Sanoh Industrial Co.,Ltd.",三櫻工業,,Prime Market (Domestic),Transportation Equipment,运输用设备,工业机械与自动化设备（具体产品待核验）,,三櫻工業
6586,6586.T,Makita Corporation,Makita 公司,,Prime Market (Domestic),Machinery,机械,工业机械与自动化设备（具体产品待核验）,,マキタ
6588,6588.T,TOSHIBA TEC CORPORATION,東芝テック,,Prime Market (Domestic),Electric Appliances,电气设备,电子设备/电气设备（具体产品待核验）,,東芝テック
6590,6590.T,SHIBAURA MECHATRONICS CORPORATION,芝浦メカトロニクス,,Prime Market (Domestic),Electric Appliances,电气设备,电子设备/电气设备（具体产品待核验）,,芝浦メカトロニクス
6592,6592.T,"MABUCHI MOTOR CO.,LTD.",マブチ电机,,Prime Market (Domestic),Electric Appliances,电气设备,汽车整车与零部件,,マブチモーター
6594,6594.T,NIDEC CORPORATION,NIDEC 公司,,Prime Market (Domestic),Electric Appliances,电气设备,电机（精密马达与自动化驱动）,,ニデック
6597,6597.T,HPC SYSTEMS Inc.,ＨＰＣ系统,,Growth Market(Domestic),Electric Appliances,电气设备,电子设备/电气设备（具体产品待核验）,,ＨＰＣシステムズ
6599,6599.T,"EBRAINS,INC.","EBRAINS,INC.",,Standard Market(Domestic),Electric Appliances,电气设备,电子设备/电气设备（具体产品待核验）,,エブレン
6612,6612.T,BALMUDA Inc.,BALMUDA Inc.,,Growth Market(Domestic),Electric Appliances,电气设备,电子设备/电气设备（具体产品待核验）,,バルミューダ
6613,6613.T,"QD Laser,Inc.","QD Laser,Inc.",,Growth Market(Domestic),Electric Appliances,电气设备,电子设备/电气设备（具体产品待核验）,,ＱＤレーザ
6614,6614.T,"Shikino High-Tech CO.,LTD.","Shikino High-Tech CO.,LTD.",,Standard Market(Domestic),Electric Appliances,电气设备,电子设备/电气设备（具体产品待核验）,,シキノハイテック
6615,6615.T,"UMC Electronics Co.,Ltd.",ユー・エム・シー・电子,,Standard Market(Domestic),Electric Appliances,电气设备,电子设备/电气设备（具体产品待核验）,,ユー・エム・シー・エレクトロニクス
6616,6616.T,TOREX SEMICONDUCTOR LTD.,TOREX SEMICONDUCTOR LTD.,,Prime Market (Domestic),Electric Appliances,电气设备,半导体/芯片（具体环节待核验）,,トレックス・セミコンダクター
6617,6617.T,"TAKAOKA TOKO CO.,LTD.",東光高岳,,Prime Market (Domestic),Electric Appliances,电气设备,电子设备/电气设备（具体产品待核验）,,東光高岳
6619,6619.T,W-SCOPE Corporation,W-SCOPE 公司,,Prime Market (Domestic),Electric Appliances,电气设备,电子设备/电气设备（具体产品待核验）,,ダブル・スコープ
6620,6620.T,"Miyakoshi Holdings,Inc.",宮越控股,,Prime Market (Domestic),Real Estate,不动产业,房地产开发与物业运营,,宮越ホールディングス
6622,6622.T,DAIHEN CORPORATION,DAIHEN 公司,,Prime Market (Domestic),Electric Appliances,电气设备,电子设备/电气设备（具体产品待核验）,,ダイヘン
6625,6625.T,JALCO Holdings Inc.,ＪＡＬＣＯ控股,,Standard Market(Domestic),Real Estate,不动产业,房地产开发与物业运营,,ＪＡＬＣＯホールディングス
6626,6626.T,SEMITEC Corporation,SEMITEC 公司,,Standard Market(Domestic),Electric Appliances,电气设备,电子设备/电气设备（具体产品待核验）,,ＳＥＭＩＴＥＣ
6627,6627.T,"Tera Probe,Inc.","Tera Probe,Inc.",,Standard Market(Domestic),Electric Appliances,电气设备,电子设备/电气设备（具体产品待核验）,,テラプローブ
6629,6629.T,"TECHNO HORIZON CO.,LTD.","TECHNO HORIZON CO.,LTD.",,Standard Market(Domestic),Electric Appliances,电气设备,电子设备/电气设备（具体产品待核验）,,テクノホライゾン
6630,6630.T,YA-MAN LTD.,YA-MAN LTD.,,Prime Market (Domestic),Electric Appliances,电气设备,电子设备/电气设备（具体产品待核验）,,ヤーマン
6632,6632.T,JVCKENWOOD Corporation,JVCKENWOOD 公司,,Prime Market (Domestic),Electric Appliances,电气设备,电子设备/电气设备（具体产品待核验）,,ＪＶＣケンウッド
6633,6633.T,CGS HOLDINGS INC.,ＣＧＳ控股,,Standard Market(Domestic),Electric Appliances,电气设备,电子设备/电气设备（具体产品待核验）,,ＣＧＳホールディングス
6634,6634.T,JN Group Inc.,ＪＮ集团,,Standard Market(Domestic),Electric Appliances,电气设备,电子设备/电气设备（具体产品待核验）,,ＪＮグループ
6635,6635.T,KK DI-NIKKO ENGINEERING,大日光・工程,,Standard Market(Domestic),Electric Appliances,电气设备,电子设备/电气设备（具体产品待核验）,,大日光・エンジニアリング
6637,6637.T,"TERASAKI ELECTRIC CO.,LTD.",寺崎電気工业,,Standard Market(Domestic),Electric Appliances,电气设备,电子设备/电气设备（具体产品待核验）,,寺崎電気産業
6638,6638.T,"MIMAKI ENGINEERING CO.,LTD.",ミマキ工程,,Prime Market (Domestic),Electric Appliances,电气设备,电子设备/电气设备（具体产品待核验）,,ミマキエンジニアリング
6643,6643.T,"Togami Electric Mfg.Co.,Ltd.",戸上電機制作所,,Standard Market(Domestic),Electric Appliances,电气设备,电子设备/电气设备（具体产品待核验）,,戸上電機製作所
6644,6644.T,"Osaki Electric Co.,Ltd.",大崎電気工業,,Prime Market (Domestic),Electric Appliances,电气设备,电子设备/电气设备（具体产品待核验）,,大崎電気工業
6645,6645.T,OMRON Corporation,OMRON 公司,,Prime Market (Domestic),Electric Appliances,电气设备,电子设备/电气设备（具体产品待核验）,,オムロン
6647,6647.T,"MORIO DENKI CO.,LTD.",森尾電機,,Standard Market(Domestic),Electric Appliances,电气设备,电子设备/电气设备（具体产品待核验）,,森尾電機
6648,6648.T,KAWADEN CORPORATION,KAWADEN 公司,,Standard Market(Domestic),Electric Appliances,电气设备,电子设备/电气设备（具体产品待核验）,,かわでん
6651,6651.T,NITTO KOGYO CORPORATION,日東工業,,Prime Market (Domestic),Electric Appliances,电气设备,电子设备/电气设备（具体产品待核验）,,日東工業
6652,6652.T,IDEC CORPORATION,IDEC 公司,,Prime Market (Domestic),Electric Appliances,电气设备,电子设备/电气设备（具体产品待核验）,,ＩＤＥＣ
6653,6653.T,"SEIKO ELECTRIC CO.,LTD.",正興電機制作所,,Prime Market (Domestic),Electric Appliances,电气设备,电子设备/电气设备（具体产品待核验）,,正興電機製作所
6654,6654.T,"FUJI ELECTRIC INDUSTRY CO.,LTD.",不二電機工業,,Standard Market(Domestic),Electric Appliances,电气设备,电子设备/电气设备（具体产品待核验）,,不二電機工業
6656,6656.T,inspec Inc.,inspec Inc.,,Standard Market(Domestic),Electric Appliances,电气设备,电子设备/电气设备（具体产品待核验）,,インスペック
6658,6658.T,"Shirai Electronics Industrial Co.,Ltd.",シライ電子工業,,Standard Market(Domestic),Electric Appliances,电气设备,工业机械与自动化设备（具体产品待核验）,,シライ電子工業
6659,6659.T,"MEDIA LINKS CO.,LTD.",媒体リンクス,,Standard Market(Domestic),Electric Appliances,电气设备,广告、营销与媒体服务,,メディアリンクス
6662,6662.T,"Ubiteq,INC.","Ubiteq,INC.",,Standard Market(Domestic),Electric Appliances,电气设备,电子设备/电气设备（具体产品待核验）,,ユビテック
6663,6663.T,"TAIYO TECHNOLEX CO.,LTD.",太洋テクノレックス,,Standard Market(Domestic),Electric Appliances,电气设备,电子设备/电气设备（具体产品待核验）,,太洋テクノレックス
6664,6664.T,"OPTOELECTRONICS CO.,LTD.",オプト电子,,Standard Market(Domestic),Electric Appliances,电气设备,电子设备/电气设备（具体产品待核验）,,オプトエレクトロニクス
6666,6666.T,RIVER ELETEC CORPORATION,RIVER ELETEC 公司,,Standard Market(Domestic),Electric Appliances,电气设备,电子设备/电气设备（具体产品待核验）,,リバーエレテック
6668,6668.T,"ADTEC PLASMA TECHNOLOGY CO.,LTD.",アドテック プラズマ 科技,,Standard Market(Domestic),Electric Appliances,电气设备,电子设备/电气设备（具体产品待核验）,,アドテック　プラズマ　テクノロジー
6674,6674.T,GS Yuasa Corporation,ジーエス・ユアサ 公司,,Prime Market (Domestic),Electric Appliances,电气设备,电子设备/电气设备（具体产品待核验）,,ジーエス・ユアサ　コーポレーション
6675,6675.T,"SAXA,Inc.","SAXA,Inc.",,Standard Market(Domestic),Electric Appliances,电气设备,电子设备/电气设备（具体产品待核验）,,サクサ
6676,6676.T,BUFFALO INC.,BUFFALO INC.,,Standard Market(Domestic),Electric Appliances,电气设备,电子设备/电气设备（具体产品待核验）,,ＢＵＦＦＡＬＯ
6677,6677.T,"SK-Electronics CO.,LTD.",エスケー电子,,Standard Market(Domestic),Electric Appliances,电气设备,电子设备/电气设备（具体产品待核验）,,エスケーエレクトロニクス
6678,6678.T,"Techno Medica Co.,Ltd.","Techno Medica Co.,Ltd.",,Standard Market(Domestic),Electric Appliances,电气设备,电子设备/电气设备（具体产品待核验）,,テクノメディカ
6694,6694.T,ZOOM CORPORATION,ZOOM 公司,,Standard Market(Domestic),Electric Appliances,电气设备,电子设备/电气设备（具体产品待核验）,,ズーム
6696,6696.T,TRaaS On Product Inc.,TRaaS On Product Inc.,,Growth Market(Domestic),Electric Appliances,电气设备,电子设备/电气设备（具体产品待核验）,,トラース・オン・プロダクト
6699,6699.T,"DIAMOND ELECTRIC HOLDINGS Co.,Ltd.",ダイヤモンド电气控股,,Standard Market(Domestic),Electric Appliances,电气设备,电子设备/电气设备（具体产品待核验）,,ダイヤモンドエレクトリックホールディングス
6701,6701.T,NEC Corporation,日本電気,,Prime Market (Domestic),Electric Appliances,电气设备,电子设备/电气设备（具体产品待核验）,21.53,日本電気
6702,6702.T,Fujitsu Limited,富士通,,Prime Market (Domestic),Electric Appliances,电气设备,电子设备/电气设备（具体产品待核验）,,富士通
6703,6703.T,"Oki Electric Industry Company,Limited",沖電気工業,,Prime Market (Domestic),Electric Appliances,电气设备,电子设备/电气设备（具体产品待核验）,,沖電気工業
6706,6706.T,"DKK Co.,Ltd.",電気興業,,Prime Market (Domestic),Electric Appliances,电气设备,电子设备/电气设备（具体产品待核验）,,電気興業
6707,6707.T,"Sanken Electric Co.,Ltd.",サンケン電気,,Prime Market (Domestic),Electric Appliances,电气设备,电子设备/电气设备（具体产品待核验）,,サンケン電気
6718,6718.T,"AIPHONE CO.,LTD.","AIPHONE CO.,LTD.",,Prime Market (Domestic),Electric Appliances,电气设备,电子设备/电气设备（具体产品待核验）,,アイホン
6721,6721.T,Wintest Corp.,Wintest Corp.,,Standard Market(Domestic),Electric Appliances,电气设备,电子设备/电气设备（具体产品待核验）,,ウインテスト
6723,6723.T,Renesas Electronics Corporation,ルネサス电子,,Prime Market (Domestic),Electric Appliances,电气设备,半导体/车用芯片（微控制器与功率半导体）,469.96,ルネサスエレクトロニクス
6724,6724.T,SEIKO EPSON CORPORATION,SEIKO EPSON 公司,,Prime Market (Domestic),Electric Appliances,电气设备,电子设备/电气设备（具体产品待核验）,,セイコーエプソン
6727,6727.T,"Wacom Co.,Ltd.","Wacom Co.,Ltd.",,Prime Market (Domestic),Electric Appliances,电气设备,电子设备/电气设备（具体产品待核验）,,ワコム
6728,6728.T,"ULVAC, Inc.","ULVAC, Inc.",,Prime Market (Domestic),Electric Appliances,电气设备,电子设备/电气设备（具体产品待核验）,,アルバック
6730,6730.T,AXELL CORPORATION,AXELL 公司,,Standard Market(Domestic),Electric Appliances,电气设备,电子设备/电气设备（具体产品待核验）,,アクセル
6731,6731.T,PIXELA CORPORATION,PIXELA 公司,,Standard Market(Domestic),Electric Appliances,电气设备,电子设备/电气设备（具体产品待核验）,,ピクセラ
6736,6736.T,SUNCORPORATION,サン電子,,Standard Market(Domestic),Electric Appliances,电气设备,电子设备/电气设备（具体产品待核验）,,サン電子
6737,6737.T,EIZO Corporation,EIZO 公司,,Prime Market (Domestic),Electric Appliances,电气设备,电子设备/电气设备（具体产品待核验）,,ＥＩＺＯ
6740,6740.T,Japan Display Inc.,Japan Display Inc.,,Prime Market (Domestic),Electric Appliances,电气设备,电子设备/电气设备（具体产品待核验）,,ジャパンディスプレイ
6741,6741.T,"Nippon Signal Company,Limited",日本信号,,Prime Market (Domestic),Electric Appliances,电气设备,电子设备/电气设备（具体产品待核验）,,日本信号
6742,6742.T,"Kyosan Electric Manufacturing Co.,Ltd.",京三制作所,,Prime Market (Domestic),Electric Appliances,电气设备,电子设备/电气设备（具体产品待核验）,,京三製作所
6743,6743.T,"Daido Signal Co.,Ltd.",大同信号,,Standard Market(Domestic),Electric Appliances,电气设备,电子设备/电气设备（具体产品待核验）,,大同信号
6744,6744.T,NOHMI BOSAI LTD.,能美防災,,Prime Market (Domestic),Electric Appliances,电气设备,电子设备/电气设备（具体产品待核验）,,能美防災
6745,6745.T,HOCHIKI CORPORATION,HOCHIKI 公司,,Prime Market (Domestic),Electric Appliances,电气设备,电子设备/电气设备（具体产品待核验）,,ホーチキ
6748,6748.T,"SEIWA ELECTRIC MFG. CO.,LTD.",星和電機,,Standard Market(Domestic),Electric Appliances,电气设备,电子设备/电气设备（具体产品待核验）,,星和電機
6750,6750.T,"ELECOM CO.,LTD.","ELECOM CO.,LTD.",,Prime Market (Domestic),Electric Appliances,电气设备,电子设备/电气设备（具体产品待核验）,,エレコム
6752,6752.T,Panasonic Holdings Corporation,松下控股,,Prime Market (Domestic),Electric Appliances,电气设备,电子设备/电气设备（具体产品待核验）,32.9,パナソニック　ホールディングス
6753,6753.T,Sharp Corporation,Sharp 公司,,Prime Market (Domestic),Electric Appliances,电气设备,电子设备/电气设备（具体产品待核验）,,シャープ
6754,6754.T,ANRITSU CORPORATION,ANRITSU 公司,,Prime Market (Domestic),Electric Appliances,电气设备,电子设备/电气设备（具体产品待核验）,,アンリツ
6757,6757.T,"OSG CORPORATION CO.,LTD.",ＯＳＧ公司,,Standard Market(Domestic),Electric Appliances,电气设备,电子设备/电气设备（具体产品待核验）,32.9,ＯＳＧコーポレーション
6758,6758.T,SONY GROUP CORPORATION,索尼集团,,Prime Market (Domestic),Electric Appliances,电气设备,消费电子与娱乐内容（影像、游戏及电子产品）,32.9,ソニーグループ
6762,6762.T,TDK Corporation,TDK,,Prime Market (Domestic),Electric Appliances,电气设备,电子元件（电容器、传感器与高频器件）,32.9,ＴＤＫ
6763,6763.T,"Teikoku Tsushin Kogyo Co.,Ltd.",帝国通信工業,,Prime Market (Domestic),Electric Appliances,电气设备,电子设备/电气设备（具体产品待核验）,,帝国通信工業
6768,6768.T,TAMURA CORPORATION,タムラ制作所,,Prime Market (Domestic),Electric Appliances,电气设备,电子设备/电气设备（具体产品待核验）,,タムラ製作所
6769,6769.T,"THine Electronics,Inc.",ザイン电子,,Standard Market(Domestic),Electric Appliances,电气设备,电子设备/电气设备（具体产品待核验）,,ザインエレクトロニクス
6770,6770.T,"ALPS ALPINE CO.,LTD.","ALPS ALPINE CO.,LTD.",,Prime Market (Domestic),Electric Appliances,电气设备,电子设备/电气设备（具体产品待核验）,32.9,アルプスアルパイン
6771,6771.T,"IKEGAMI TSUSHINKI CO.,LTD.",池上通信機,,Standard Market(Domestic),Electric Appliances,电气设备,电子设备/电气设备（具体产品待核验）,,池上通信機
6772,6772.T,"Tokyo Cosmos Electric Co.,Ltd.",東京コスモス電機,,Standard Market(Domestic),Electric Appliances,电气设备,电子设备/电气设备（具体产品待核验）,,東京コスモス電機
6775,6775.T,TB GROUP INC.,ＴＢ集团,,Standard Market(Domestic),Electric Appliances,电气设备,电子设备/电气设备（具体产品待核验）,,ＴＢグループ
6776,6776.T,"Tensho Electric Industries Co.,Ltd.",天昇電気工業,,Standard Market(Domestic),Chemicals,化学,基础化工/特种化学品（具体品类待核验）,,天昇電気工業
6777,6777.T,santec Holdings Corporation,santec 控股 公司,,Standard Market(Domestic),Electric Appliances,电气设备,电子设备/电气设备（具体产品待核验）,32.9,ｓａｎｔｅｃ　Ｈｏｌｄｉｎｇｓ
6778,6778.T,"Artiza Networks,Inc.",アルチザ网络ス,,Standard Market(Domestic),Electric Appliances,电气设备,电子设备/电气设备（具体产品待核验）,,アルチザネットワークス
6779,6779.T,"NIHON DEMPA KOGYO CO.,LTD.",日本電波工業,,Prime Market (Domestic),Electric Appliances,电气设备,电子设备/电气设备（具体产品待核验）,,日本電波工業
6785,6785.T,"SUZUKI CO.,LTD.",鈴木,,Prime Market (Domestic),Electric Appliances,电气设备,电子设备/电气设备（具体产品待核验）,,鈴木
6786,6786.T,RVH Inc.,RVH Inc.,,Standard Market(Domestic),Services,服务业,专业服务、消费服务与商业服务（具体业务待核验）,,ＲＶＨ
6787,6787.T,"Meiko Electronics Co.,Ltd.","Meiko Electronics Co.,Ltd.",,Prime Market (Domestic),Electric Appliances,电气设备,电子设备/电气设备（具体产品待核验）,,メイコー
6788,6788.T,"NIHON TRIM CO.,LTD.",日本トリム,,Prime Market (Domestic),Electric Appliances,电气设备,电子设备/电气设备（具体产品待核验）,,日本トリム
6794,6794.T,"Foster Electric Company,Limited",フォスター電機,,Prime Market (Domestic),Electric Appliances,电气设备,电子设备/电气设备（具体产品待核验）,,フォスター電機
6797,6797.T,"NAGOYA ELECTRIC WORKS CO.,LTD.",名古屋電機工業,,Standard Market(Domestic),Electric Appliances,电气设备,电子设备/电气设备（具体产品待核验）,,名古屋電機工業
6798,6798.T,SMK Corporation,SMK 公司,,Prime Market (Domestic),Electric Appliances,电气设备,电子设备/电气设备（具体产品待核验）,,ＳＭＫ
6800,6800.T,"YOKOWO CO.,LTD.","YOKOWO CO.,LTD.",,Prime Market (Domestic),Electric Appliances,电气设备,电子设备/电气设备（具体产品待核验）,,ヨコオ
6803,6803.T,TEAC CORPORATION,TEAC 公司,,Standard Market(Domestic),Electric Appliances,电气设备,电子设备/电气设备（具体产品待核验）,,ティアック
6804,6804.T,Hosiden Corporation,Hosiden 公司,,Prime Market (Domestic),Electric Appliances,电气设备,电子设备/电气设备（具体产品待核验）,,ホシデン
6806,6806.T,"HIROSE ELECTRIC CO.,LTD.",ヒロセ電機,,Prime Market (Domestic),Electric Appliances,电气设备,电子设备/电气设备（具体产品待核验）,32.9,ヒロセ電機
6807,6807.T,"Japan Aviation Electronics Industry,Limited",日本航空電子工業,,Prime Market (Domestic),Electric Appliances,电气设备,电子设备/电气设备（具体产品待核验）,,日本航空電子工業
6809,6809.T,TOA CORPORATION,TOA 公司,,Prime Market (Domestic),Electric Appliances,电气设备,电子设备/电气设备（具体产品待核验）,,ＴＯＡ
6810,6810.T,"Maxell,Ltd.","Maxell,Ltd.",,Prime Market (Domestic),Electric Appliances,电气设备,电子设备/电气设备（具体产品待核验）,32.9,マクセル
6814,6814.T,"FURUNO ELECTRIC CO.,LTD.",古野電気,,Prime Market (Domestic),Electric Appliances,电气设备,电子设备/电气设备（具体产品待核验）,,古野電気
6817,6817.T,SUMIDA CORPORATION,スミダ公司,,Prime Market (Domestic),Electric Appliances,电气设备,电子设备/电气设备（具体产品待核验）,,スミダコーポレーション
6819,6819.T,"Izu Shaboten Resort Co.,Ltd",伊豆シャボテン度假,,Standard Market(Domestic),Services,服务业,酒店、旅游与休闲服务,,伊豆シャボテンリゾート
6820,6820.T,ICOM INCORPORATED,ICOM INCORPORATED,,Prime Market (Domestic),Electric Appliances,电气设备,电子设备/电气设备（具体产品待核验）,,アイコム
6822,6822.T,"Oi Electric Co.,Ltd.",大井電気,,Standard Market(Domestic),Electric Appliances,电气设备,电子设备/电气设备（具体产品待核验）,,大井電気
6823,6823.T,"RION CO.,LTD.","RION CO.,LTD.",,Prime Market (Domestic),Electric Appliances,电气设备,电子设备/电气设备（具体产品待核验）,32.9,リオン
6824,6824.T,"NEW COSMOS ELECTRIC CO.,LTD.",新コスモス電機,,Standard Market(Domestic),Electric Appliances,电气设备,电子设备/电气设备（具体产品待核验）,,新コスモス電機
6832,6832.T,"AOI ELECTRONICS CO.,LTD.",アオイ電子,,Standard Market(Domestic),Electric Appliances,电气设备,电子设备/电气设备（具体产品待核验）,,アオイ電子
6834,6834.T,"SEIKOH GIKEN Co.,Ltd.",精工技研,,Standard Market(Domestic),Electric Appliances,电气设备,电子设备/电气设备（具体产品待核验）,,精工技研
6835,6835.T,ALLIED TELESIS HOLDINGS K.K.,アライドテレシス控股,,Standard Market(Domestic),Electric Appliances,电气设备,电子设备/电气设备（具体产品待核验）,,アライドテレシスホールディングス
6836,6836.T,"PLAT'HOME CO.,LTD.","PLAT'HOME CO.,LTD.",,Standard Market(Domestic),Electric Appliances,电气设备,电子设备/电气设备（具体产品待核验）,,ぷらっとホーム
6837,6837.T,"KYOSHA CO.,LTD.",京写,,Standard Market(Domestic),Electric Appliances,电气设备,电子设备/电气设备（具体产品待核验）,,京写
6838,6838.T,"TAMAGAWA HOLDINGS CO.,LTD.",多摩川控股,,Standard Market(Domestic),Electric Appliances,电气设备,电子设备/电气设备（具体产品待核验）,,多摩川ホールディングス
6840,6840.T,"AKIBA Holdings Co.,Ltd.",ＡＫＩＢＡ控股,,Standard Market(Domestic),Electric Appliances,电气设备,电子设备/电气设备（具体产品待核验）,32.9,ＡＫＩＢＡホールディングス
6841,6841.T,YOKOGAWA ELECTRIC CORPORATION,横河電機,,Prime Market (Domestic),Electric Appliances,电气设备,电子设备/电气设备（具体产品待核验）,,横河電機
6844,6844.T,"Shindengen Electric Manufacturing Co.,Ltd.",新電元工業,,Prime Market (Domestic),Electric Appliances,电气设备,电子设备/电气设备（具体产品待核验）,32.9,新電元工業
6845,6845.T,Azbil Corporation,Azbil 公司,,Prime Market (Domestic),Electric Appliances,电气设备,电子设备/电气设备（具体产品待核验）,32.9,アズビル
6848,6848.T,DKK-TOA CORPORATION,東亜ディーケーケー,,Standard Market(Domestic),Electric Appliances,电气设备,电子设备/电气设备（具体产品待核验）,,東亜ディーケーケー
6849,6849.T,NIHON KOHDEN CORPORATION,日本光電工業,,Prime Market (Domestic),Electric Appliances,电气设备,电子设备/电气设备（具体产品待核验）,32.9,日本光電工業
6850,6850.T,Chino Corporation,Chino 公司,,Prime Market (Domestic),Electric Appliances,电气设备,电子设备/电气设备（具体产品待核验）,,チノー
6853,6853.T,"KYOWA ELECTRONIC INSTRUMENTS CO.,LTD.",共和電業,,Standard Market(Domestic),Electric Appliances,电气设备,电子设备/电气设备（具体产品待核验）,,共和電業
6855,6855.T,JAPAN ELECTRONIC MATERIALS CORPORATION,日本電子材料,,Standard Market(Domestic),Electric Appliances,电气设备,电子设备/电气设备（具体产品待核验）,,日本電子材料
6856,6856.T,"HORIBA,Ltd.",堀場制作所,,Prime Market (Domestic),Electric Appliances,电气设备,电子设备/电气设备（具体产品待核验）,,堀場製作所
6857,6857.T,ADVANTEST CORPORATION,爱德万测试,,Prime Market (Domestic),Electric Appliances,电气设备,半导体测试设备（测试机与量测系统）,32.9,アドバンテスト
6858,6858.T,"ONO SOKKI Co.,Ltd.",小野測器,,Standard Market(Domestic),Electric Appliances,电气设备,电子设备/电气设备（具体产品待核验）,,小野測器
6859,6859.T,ESPEC CORP.,ESPEC CORP.,,Prime Market (Domestic),Electric Appliances,电气设备,电子设备/电气设备（具体产品待核验）,,エスペック
6861,6861.T,KEYENCE CORPORATION,基恩士,,Prime Market (Domestic),Electric Appliances,电气设备,工业自动化（机器视觉、传感器与测量设备）,32.9,キーエンス
6862,6862.T,MINATO HOLDINGS INC.,ミナト控股,,Standard Market(Domestic),Electric Appliances,电气设备,电子设备/电气设备（具体产品待核验）,,ミナトホールディングス
6863,6863.T,NIRECO CORPORATION,NIRECO 公司,,Standard Market(Domestic),Electric Appliances,电气设备,电子设备/电气设备（具体产品待核验）,32.9,ニレコ
6864,6864.T,NF HOLDINGS CORPORATION,エヌエフ控股,,Standard Market(Domestic),Electric Appliances,电气设备,电子设备/电气设备（具体产品待核验）,,エヌエフホールディングス
6866,6866.T,HIOKI E.E.CORPORATION,日置電機,,Prime Market (Domestic),Electric Appliances,电气设备,电子设备/电气设备（具体产品待核验）,32.9,日置電機
6867,6867.T,LEADER ELECTRONICS CORPORATION,リーダー電子,,Standard Market(Domestic),Electric Appliances,电气设备,电子设备/电气设备（具体产品待核验）,,リーダー電子
6869,6869.T,SYSMEX CORPORATION,SYSMEX 公司,,Prime Market (Domestic),Electric Appliances,电气设备,电子设备/电气设备（具体产品待核验）,,シスメックス
6870,6870.T,"Fenwal Controls of Japan,Ltd.",日本フェンオール,,Standard Market(Domestic),Electric Appliances,电气设备,电子设备/电气设备（具体产品待核验）,,日本フェンオール
6871,6871.T,"MICRONICS JAPAN CO.,LTD.",日本マイクロニクス,,Prime Market (Domestic),Electric Appliances,电气设备,电子设备/电气设备（具体产品待核验）,,日本マイクロニクス
6874,6874.T,KYORITSU ELECTRIC CORPORATION,協立電機,,Standard Market(Domestic),Electric Appliances,电气设备,电子设备/电气设备（具体产品待核验）,,協立電機
6875,6875.T,MegaChips Corporation,MegaChips 公司,,Prime Market (Domestic),Electric Appliances,电气设备,半导体/芯片（具体环节待核验）,,メガチップス
6877,6877.T,Obara Group Incorporated,Obara 集团 Incorporated,,Standard Market(Domestic),Electric Appliances,电气设备,电子设备/电气设备（具体产品待核验）,32.9,ＯＢＡＲＡ　ＧＲＯＵＰ
6882,6882.T,"Sansha Electric Manufacturing Co.,Ltd.",三社電機制作所,,Standard Market(Domestic),Electric Appliances,电气设备,电子设备/电气设备（具体产品待核验）,,三社電機製作所
6888,6888.T,ACMOS INC.,ACMOS INC.,,Standard Market(Domestic),Information & Communication,信息通信,通信、网络设备与通信服务,,アクモス
6890,6890.T,Ferrotec Corporation,Ferrotec 公司,,Standard Market(Domestic),Electric Appliances,电气设备,电子设备/电气设备（具体产品待核验）,,フェローテック
6894,6894.T,"PULSTEC INDUSTRIAL CO.,LTD.",パルステック工業,,Standard Market(Domestic),Electric Appliances,电气设备,工业机械与自动化设备（具体产品待核验）,,パルステック工業
6897,6897.T,TWINBIRD CORPORATION,TWINBIRD 公司,,Standard Market(Domestic),Electric Appliances,电气设备,电子设备/电气设备（具体产品待核验）,,ツインバード
6898,6898.T,"TOMITA ELECTRIC CO.,LTD.",トミタ電機,,Standard Market(Domestic),Electric Appliances,电气设备,电子设备/电气设备（具体产品待核验）,,トミタ電機
6899,6899.T,ASTI CORPORATION,ASTI 公司,,Standard Market(Domestic),Electric Appliances,电气设备,电子设备/电气设备（具体产品待核验）,,ＡＳＴＩ
6902,6902.T,DENSO CORPORATION,电装,,Prime Market (Domestic),Transportation Equipment,运输用设备,汽车零部件（车载电装与传感器）,,デンソー
6904,6904.T,"HARADA INDUSTRY CO.,LTD.",原田工業,,Standard Market(Domestic),Electric Appliances,电气设备,电子设备/电气设备（具体产品待核验）,32.9,原田工業
6905,6905.T,"COSEL CO.,LTD.","COSEL CO.,LTD.",,Prime Market (Domestic),Electric Appliances,电气设备,电子设备/电气设备（具体产品待核验）,,コーセル
6907,6907.T,"GEOMATEC CO.,LTD.","GEOMATEC CO.,LTD.",,Standard Market(Domestic),Electric Appliances,电气设备,电子设备/电气设备（具体产品待核验）,,ジオマテック
6908,6908.T,"IRISO ELECTRONICS CO.,LTD.",イリソ電子工業,,Prime Market (Domestic),Electric Appliances,电气设备,电子设备/电气设备（具体产品待核验）,32.9,イリソ電子工業
6912,6912.T,KIKUSUI HOLDINGS CORPORATION,菊水控股,,Standard Market(Domestic),Electric Appliances,电气设备,电子设备/电气设备（具体产品待核验）,,菊水ホールディングス
6914,6914.T,"OPTEX GROUP Company,Limited",オプテックス集团,,Prime Market (Domestic),Electric Appliances,电气设备,电子设备/电气设备（具体产品待核验）,32.9,オプテックスグループ
6915,6915.T,"CHIYODA INTEGRE CO.,LTD.",千代田インテグレ,,Standard Market(Domestic),Electric Appliances,电气设备,电子设备/电气设备（具体产品待核验）,,千代田インテグレ
6918,6918.T,AVAL DATA CORPORATION,アバール数据,,Standard Market(Domestic),Electric Appliances,电气设备,电子设备/电气设备（具体产品待核验）,,アバールデータ
6919,6919.T,KEL CORPORATION,KEL 公司,,Standard Market(Domestic),Electric Appliances,电气设备,电子设备/电气设备（具体产品待核验）,,ケル
6920,6920.T,Lasertec Corporation,Lasertec,,Prime Market (Domestic),Electric Appliances,电气设备,半导体检测设备（光罩/晶圆缺陷检测）,32.9,レーザーテック
6923,6923.T,"Stanley Electric Co.,Ltd.",スタンレー電気,,Prime Market (Domestic),Electric Appliances,电气设备,电子设备/电气设备（具体产品待核验）,,スタンレー電気
6925,6925.T,USHIO INC.,ウシオ電機,,Prime Market (Domestic),Electric Appliances,电气设备,电子设备/电气设备（具体产品待核验）,32.9,ウシオ電機
6926,6926.T,"OKAYA ELECTRIC INDUSTRIES CO.,LTD.",岡谷電機工业,,Standard Market(Domestic),Electric Appliances,电气设备,电子设备/电气设备（具体产品待核验）,,岡谷電機産業
6927,6927.T,"Helios Techno Holding Co.,Ltd.","Helios Techno Holding Co.,Ltd.",,Standard Market(Domestic),Electric Appliances,电气设备,电子设备/电气设备（具体产品待核验）,,ヘリオス　テクノ　ホールディング
6928,6928.T,"ENOMOTO Co.,Ltd.","ENOMOTO Co.,Ltd.",,Standard Market(Domestic),Electric Appliances,电气设备,电子设备/电气设备（具体产品待核验）,,エノモト
6929,6929.T,"NIPPON CERAMIC CO.,LTD.",日本セラミック,,Prime Market (Domestic),Electric Appliances,电气设备,电子设备/电气设备（具体产品待核验）,32.9,日本セラミック
6932,6932.T,ENDO Lighting Corporation,遠藤照明,,Standard Market(Domestic),Electric Appliances,电气设备,电子设备/电气设备（具体产品待核验）,32.9,遠藤照明
6941,6941.T,"YAMAICHI ELECTRONICS CO.,LTD.",山一電機,,Prime Market (Domestic),Electric Appliances,电气设备,电子设备/电气设备（具体产品待核验）,32.9,山一電機
6942,6942.T,"SOPHIA HOLDINGS CO.,LTD.",ソフィア控股,,Standard Market(Domestic),Information & Communication,信息通信,通信、网络设备与通信服务,,ソフィアホールディングス
6943,6943.T,"NKK SWITCHES CO.,LTD.","NKK SWITCHES CO.,LTD.",,Standard Market(Domestic),Electric Appliances,电气设备,电子设备/电气设备（具体产品待核验）,,ＮＫＫスイッチズ
6946,6946.T,"Nippon Avionics Co.,Ltd.",日本アビオニクス,,Standard Market(Domestic),Electric Appliances,电气设备,电子设备/电气设备（具体产品待核验）,,日本アビオニクス
6947,6947.T,ZUKEN INC.,図研,,Prime Market (Domestic),Electric Appliances,电气设备,电子设备/电气设备（具体产品待核验）,32.9,図研
6951,6951.T,JEOL Ltd.,日本電子,,Prime Market (Domestic),Electric Appliances,电气设备,电子设备/电气设备（具体产品待核验）,32.9,日本電子
6952,6952.T,"CASIO COMPUTER CO.,LTD.",カシオ計算機,,Prime Market (Domestic),Electric Appliances,电气设备,电子设备/电气设备（具体产品待核验）,,カシオ計算機
6954,6954.T,FANUC CORPORATION,发那科,,Prime Market (Domestic),Electric Appliances,电气设备,工业自动化（数控系统与工业机器人）,32.9,ファナック
6955,6955.T,FDK CORPORATION,FDK 公司,,Standard Market(Domestic),Electric Appliances,电气设备,电子设备/电气设备（具体产品待核验）,,ＦＤＫ
6958,6958.T,CMK CORPORATION,日本シイエムケイ,,Prime Market (Domestic),Electric Appliances,电气设备,电子设备/电气设备（具体产品待核验）,,日本シイエムケイ
6960,6960.T,"FUKUDA DENSHI CO.,LTD.",フクダ電子,,Standard Market(Domestic),Electric Appliances,电气设备,电子设备/电气设备（具体产品待核验）,,フクダ電子
6961,6961.T,ENPLAS CORPORATION,ENPLAS 公司,,Prime Market (Domestic),Electric Appliances,电气设备,电子设备/电气设备（具体产品待核验）,32.9,エンプラス
6962,6962.T,DAISHINKU CORP.,大真空,,Prime Market (Domestic),Electric Appliances,电气设备,电子设备/电气设备（具体产品待核验）,,大真空
6963,6963.T,ROHM COMPANY LIMITED,ROHM COMPANY LIMITED,,Prime Market (Domestic),Electric Appliances,电气设备,电子设备/电气设备（具体产品待核验）,,ローム
6964,6964.T,"SANKO CO.,LTD.","SANKO CO.,LTD.",,Standard Market(Domestic),Electric Appliances,电气设备,电子设备/电气设备（具体产品待核验）,,サンコー
6965,6965.T,HAMAMATSU PHOTONICS K.K.,浜松ホトニクス,,Prime Market (Domestic),Electric Appliances,电气设备,电子设备/电气设备（具体产品待核验）,83.87,浜松ホトニクス
6966,6966.T,"Mitsui High-tec,Inc.",三井ハイテック,,Prime Market (Domestic),Electric Appliances,电气设备,电子设备/电气设备（具体产品待核验）,,三井ハイテック
6969,6969.T,"MATSUO ELECTRIC CO.,LTD.",松尾電機,,Standard Market(Domestic),Electric Appliances,电气设备,电子设备/电气设备（具体产品待核验）,,松尾電機
6971,6971.T,KYOCERA CORPORATION,京瓷,,Prime Market (Domestic),Electric Appliances,电气设备,电子设备/电气设备（具体产品待核验）,1487.16,京セラ
6976,6976.T,"TAIYO YUDEN CO.,LTD.",太陽誘電,,Prime Market (Domestic),Electric Appliances,电气设备,电子设备/电气设备（具体产品待核验）,32.9,太陽誘電
6977,6977.T,"JAPAN RESISTOR MFG. CO.,LTD.",日本抵抗器制作所,,Standard Market(Domestic),Electric Appliances,电气设备,电子设备/电气设备（具体产品待核验）,,日本抵抗器製作所
6981,6981.T,"Murata Manufacturing Co.,Ltd.",村田制作所,,Prime Market (Domestic),Electric Appliances,电气设备,电子元件（MLCC等被动元件与高频器件）,32.9,村田製作所
6982,6982.T,"The Lead Co.,Inc.","The Lead Co.,Inc.",,Standard Market(Domestic),Transportation Equipment,运输用设备,工业机械与自动化设备（具体产品待核验）,,リード
6986,6986.T,FUTABA CORPORATION,双葉電子工業,,Prime Market (Domestic),Electric Appliances,电气设备,电子设备/电气设备（具体产品待核验）,32.9,双葉電子工業
6988,6988.T,NITTO DENKO CORPORATION,日東電工,,Prime Market (Domestic),Chemicals,化学,基础化工/特种化学品（具体品类待核验）,,日東電工
6989,6989.T,"HOKURIKU ELECTRIC INDUSTRY CO.,LTD.",北陸電気工業,,Standard Market(Domestic),Electric Appliances,电气设备,电子设备/电气设备（具体产品待核验）,,北陸電気工業
6993,6993.T,"Daikokuya Holdings Co.,Ltd.",大黒屋控股,,Standard Market(Domestic),Retail Trade,零售业,零售与消费品渠道,,大黒屋ホールディングス
6994,6994.T,SHIZUKI ELECTRIC COMPANY INC.,指月電機制作所,,Standard Market(Domestic),Electric Appliances,电气设备,电子设备/电气设备（具体产品待核验）,32.9,指月電機製作所
6995,6995.T,"TOKAI RIKA CO.,LTD.",東海理化電機制作所,,Prime Market (Domestic),Transportation Equipment,运输用设备,工业机械与自动化设备（具体产品待核验）,,東海理化電機製作所
6996,6996.T,NICHICON CORPORATION,NICHICON 公司,,Prime Market (Domestic),Electric Appliances,电气设备,电子设备/电气设备（具体产品待核验）,32.9,ニチコン
6997,6997.T,NIPPON CHEMI-CON CORPORATION,日本ケミコン,,Prime Market (Domestic),Electric Appliances,电气设备,电子设备/电气设备（具体产品待核验）,32.9,日本ケミコン
6998,6998.T,"Nippon Tungsten Co.,Ltd.",日本タングステン,,Standard Market(Domestic),Electric Appliances,电气设备,电子设备/电气设备（具体产品待核验）,,日本タングステン
6999,6999.T,KOA CORPORATION,KOA 公司,,Prime Market (Domestic),Electric Appliances,电气设备,电子设备/电气设备（具体产品待核验）,,ＫＯＡ
7003,7003.T,"MITSUI E&S Co.,Ltd.",三井Ｅ＆Ｓ,,Prime Market (Domestic),Machinery,机械,工业机械与自动化设备（具体产品待核验）,,三井Ｅ＆Ｓ
7004,7004.T,Kanadevia Corporation,Kanadevia 公司,,Prime Market (Domestic),Machinery,机械,工业机械与自动化设备（具体产品待核验）,,カナデビア
7011,7011.T,"Mitsubishi Heavy Industries,Ltd.",三菱重工业,,Prime Market (Domestic),Machinery,机械,工业机械与自动化设备（具体产品待核验）,32.9,三菱重工業
7012,7012.T,"Kawasaki Heavy Industries,Ltd.",川崎重工業,,Prime Market (Domestic),Transportation Equipment,运输用设备,工业机械与自动化设备（具体产品待核验）,32.9,川崎重工業
7013,7013.T,IHI Corporation,IHI 公司,,Prime Market (Domestic),Machinery,机械,工业机械与自动化设备（具体产品待核验）,,ＩＨＩ
7014,7014.T,"Namura Shipbuilding Co.,Ltd.",名村造船所,,Standard Market(Domestic),Transportation Equipment,运输用设备,工业机械与自动化设备（具体产品待核验）,,名村造船所
7018,7018.T,Naikai Zosen Corporation,内海造船,,Standard Market(Domestic),Transportation Equipment,运输用设备,工业机械与自动化设备（具体产品待核验）,,内海造船
7021,7021.T,"NITCHITSU CO.,LTD.","NITCHITSU CO.,LTD.",,Standard Market(Domestic),Machinery,机械,工业机械与自动化设备（具体产品待核验）,32.9,ニッチツ
7022,7022.T,Sanoyas Holdings Corporation,サノヤス控股,,Standard Market(Domestic),Machinery,机械,工业机械与自动化设备（具体产品待核验）,,サノヤスホールディングス
7030,7030.T,SPRIX Inc.,SPRIX Inc.,,Standard Market(Domestic),Services,服务业,专业服务、消费服务与商业服务（具体业务待核验）,32.9,スプリックス
7031,7031.T,Inbound Tech Inc.,Inbound Tech Inc.,,Growth Market(Domestic),Services,服务业,专业服务、消费服务与商业服务（具体业务待核验）,,インバウンドテック
7033,7033.T,"Management Solutions Co.,Ltd.",マネジメント解决方案,,Prime Market (Domestic),Services,服务业,专业服务、消费服务与商业服务（具体业务待核验）,,マネジメントソリューションズ
7034,7034.T,"Prored Partners CO.,LTD.",プロレド・合作伙伴,,Prime Market (Domestic),Services,服务业,专业服务、消费服务与商业服务（具体业务待核验）,,プロレド・パートナーズ
7035,7035.T,"and factory,inc","and factory,inc",,Standard Market(Domestic),Services,服务业,专业服务、消费服务与商业服务（具体业务待核验）,,ａｎｄ　ｆａｃｔｏｒｙ
7036,7036.T,eMnet Japan.co.ltd.,eMnet Japan.co.ltd.,,Growth Market(Domestic),Services,服务业,专业服务、消费服务与商业服务（具体业务待核验）,,イーエムネットジャパン
7037,7037.T,teno.Holdings Company Limited,テノ．控股,,Standard Market(Domestic),Services,服务业,专业服务、消费服务与商业服务（具体业务待核验）,,テノ．ホールディングス
7038,7038.T,Frontier Management Inc.,Frontier Management Inc.,,Prime Market (Domestic),Services,服务业,专业服务、消费服务与商业服务（具体业务待核验）,,フロンティア・マネジメント
7039,7039.T,BRIDGE International Group Corp.,ブリッジインターナショナル集团,,Growth Market(Domestic),Services,服务业,专业服务、消费服务与商业服务（具体业务待核验）,,ブリッジインターナショナルグループ
7040,7040.T,"SUN-LIFE HOLDING CO.,LTD.","SUN-LIFE HOLDING CO.,LTD.",,Standard Market(Domestic),Services,服务业,专业服务、消费服务与商业服务（具体业务待核验）,,サン・ライフホールディング
7041,7041.T,"CRG HOLDINGS CO.,LTD.",ＣＲＧ控股,,Growth Market(Domestic),Services,服务业,专业服务、消费服务与商业服务（具体业务待核验）,,ＣＲＧホールディングス
7042,7042.T,"ACCESS GROUP HOLDINGS CO.,LTD.",アクセス集团・控股,,Standard Market(Domestic),Services,服务业,专业服务、消费服务与商业服务（具体业务待核验）,32.9,アクセスグループ・ホールディングス
7043,7043.T,"Alue Co.,Ltd.","Alue Co.,Ltd.",,Growth Market(Domestic),Services,服务业,专业服务、消费服务与商业服务（具体业务待核验）,,アルー
7044,7044.T,PIALA INC.,PIALA INC.,,Standard Market(Domestic),Services,服务业,专业服务、消费服务与商业服务（具体业务待核验）,,ピアラ
7046,7046.T,TDSE Inc.,TDSE Inc.,,Growth Market(Domestic),Services,服务业,专业服务、消费服务与商业服务（具体业务待核验）,,ＴＤＳＥ
7047,7047.T,PORT INC.,PORT INC.,,Growth Market(Domestic),Services,服务业,专业服务、消费服务与商业服务（具体业务待核验）,,ポート
7048,7048.T,VELTRA Corporation,VELTRA 公司,,Growth Market(Domestic),Services,服务业,专业服务、消费服务与商业服务（具体业务待核验）,,ベルトラ
7049,7049.T,"SHIKIGAKU.Co.,Ltd.",識学,,Growth Market(Domestic),Services,服务业,专业服务、消费服务与商业服务（具体业务待核验）,32.9,識学
7050,7050.T,FRONTIER INTERNATIONAL INC.,FRONTIER INTERNATIONAL INC.,,Growth Market(Domestic),Services,服务业,专业服务、消费服务与商业服务（具体业务待核验）,,フロンティアインターナショナル
7057,7057.T,"New Constructor's Network Co.,Ltd.","New Constructor's Network Co.,Ltd.",,Standard Market(Domestic),Services,服务业,通信、网络设备与通信服务,,エヌ・シー・エヌ
7058,7058.T,"Kyoei Security Service Co.,Ltd.",共栄セキュリティー服务,,Standard Market(Domestic),Services,服务业,专业服务、消费服务与商业服务（具体业务待核验）,,共栄セキュリティーサービス
7059,7059.T,"COPRO-HOLDINGS.Co.,Ltd.",コプロ・控股,,Prime Market (Domestic),Services,服务业,专业服务、消费服务与商业服务（具体业务待核验）,,コプロ・ホールディングス
7060,7060.T,geechs inc.,geechs inc.,,Standard Market(Domestic),Services,服务业,专业服务、消费服务与商业服务（具体业务待核验）,,ギークス
7061,7061.T,Japan Hospice Holdings Inc.,日本ホスピス控股,,Growth Market(Domestic),Services,服务业,专业服务、消费服务与商业服务（具体业务待核验）,32.9,日本ホスピスホールディングス
7062,7062.T,"Fureasu Co.,Ltd.","Fureasu Co.,Ltd.",,Growth Market(Domestic),Services,服务业,专业服务、消费服务与商业服务（具体业务待核验）,,フレアス
7063,7063.T,Birdman Inc.,Birdman Inc.,,Growth Market(Domestic),Services,服务业,专业服务、消费服务与商业服务（具体业务待核验）,,Ｂｉｒｄｍａｎ
7064,7064.T,"Howtelevision,Inc.","Howtelevision,Inc.",,Standard Market(Domestic),Services,服务业,专业服务、消费服务与商业服务（具体业务待核验）,,ハウテレビジョン
7065,7065.T,UPR Corporation,UPR 公司,,Standard Market(Domestic),Services,服务业,专业服务、消费服务与商业服务（具体业务待核验）,,ユーピーアール
7066,7066.T,"Peers Co.,Ltd.","Peers Co.,Ltd.",,Growth Market(Domestic),Services,服务业,专业服务、消费服务与商业服务（具体业务待核验）,,ピアズ
7067,7067.T,Branding Technology Inc.,ブランディング科技,,Growth Market(Domestic),Services,服务业,专业服务、消费服务与商业服务（具体业务待核验）,,ブランディングテクノロジー
7068,7068.T,Feedforce Group Inc.,フィードフォース集团,,Growth Market(Domestic),Services,服务业,专业服务、消费服务与商业服务（具体业务待核验）,,フィードフォースグループ
7069,7069.T,"CyberBuzz,Inc.","CyberBuzz,Inc.",,Growth Market(Domestic),Services,服务业,专业服务、消费服务与商业服务（具体业务待核验）,,サイバー・バズ
7071,7071.T,"Amvis Holdings,Inc.",アンビス控股,,Prime Market (Domestic),Services,服务业,专业服务、消费服务与商业服务（具体业务待核验）,,アンビスホールディングス
7072,7072.T,"Intimate Merger,Inc.","Intimate Merger,Inc.",,Growth Market(Domestic),Services,服务业,专业服务、消费服务与商业服务（具体业务待核验）,,インティメート・マージャー
7073,7073.T,"JAIC Co.,Ltd.","JAIC Co.,Ltd.",,Growth Market(Domestic),Services,服务业,专业服务、消费服务与商业服务（具体业务待核验）,,ジェイック
7074,7074.T,Twenty-four seven Holdings Inc.,トゥエンティーフォーセブン控股,,Growth Market(Domestic),Services,服务业,专业服务、消费服务与商业服务（具体业务待核验）,,トゥエンティーフォーセブンホールディングス
7075,7075.T,"QLS Holdings Co.,Ltd",ＱＬＳ控股,,Growth Market(Domestic),Services,服务业,专业服务、消费服务与商业服务（具体业务待核验）,,ＱＬＳホールディングス
7077,7077.T,"ALiNK Internet,INC.",ＡＬｉＮＫ互联网,,Growth Market(Domestic),Services,服务业,专业服务、消费服务与商业服务（具体业务待核验）,,ＡＬｉＮＫインターネット
7078,7078.T,INCLUSIVE Holdings Inc.,INCLUSIVE 控股 Inc.,,Growth Market(Domestic),Services,服务业,专业服务、消费服务与商业服务（具体业务待核验）,,ＩＮＣＬＵＳＩＶＥ　Ｈｏｌｄｉｎｇｓ
7079,7079.T,"WDB coco CO.,LTD.","WDB coco CO.,LTD.",,Growth Market(Domestic),Services,服务业,专业服务、消费服务与商业服务（具体业务待核验）,,ＷＤＢココ
7080,7080.T,"Sportsfield Co.,Ltd.",体育フィールド,,Growth Market(Domestic),Services,服务业,专业服务、消费服务与商业服务（具体业务待核验）,,スポーツフィールド
7081,7081.T,"Koyou Rentia Co.,Ltd.","Koyou Rentia Co.,Ltd.",,Standard Market(Domestic),Services,服务业,专业服务、消费服务与商业服务（具体业务待核验）,,コーユーレンティア
7083,7083.T,AHC GROUP INC.,ＡＨＣ集团,,Growth Market(Domestic),Services,服务业,专业服务、消费服务与商业服务（具体业务待核验）,,ＡＨＣグループ
7084,7084.T,Smile Holdings Inc.,Smile 控股 Inc.,,Growth Market(Domestic),Services,服务业,专业服务、消费服务与商业服务（具体业务待核验）,,Ｓｍｉｌｅ　Ｈｏｌｄｉｎｇｓ
7085,7085.T,"CURVES HOLDINGS Co.,Ltd.",カーブス控股,,Prime Market (Domestic),Services,服务业,专业服务、消费服务与商业服务（具体业务待核验）,,カーブスホールディングス
7087,7087.T,"WILLTEC Co.,Ltd.","WILLTEC Co.,Ltd.",,Standard Market(Domestic),Services,服务业,专业服务、消费服务与商业服务（具体业务待核验）,,ウイルテック
7089,7089.T,"for Startups,Inc.","for Startups,Inc.",,Growth Market(Domestic),Services,服务业,专业服务、消费服务与商业服务（具体业务待核验）,32.9,フォースタートアップス
7090,7090.T,Ligua Inc.,Ligua Inc.,,Growth Market(Domestic),Services,服务业,专业服务、消费服务与商业服务（具体业务待核验）,,リグア
7091,7091.T,"Living Platform,Ltd.","Living Platform,Ltd.",,Growth Market(Domestic),Services,服务业,专业服务、消费服务与商业服务（具体业务待核验）,32.9,リビングプラットフォーム
7093,7093.T,"adish Co.,Ltd.","adish Co.,Ltd.",,Growth Market(Domestic),Services,服务业,专业服务、消费服务与商业服务（具体业务待核验）,,アディッシュ
7094,7094.T,NexTone Inc.,NexTone Inc.,,Growth Market(Domestic),Services,服务业,专业服务、消费服务与商业服务（具体业务待核验）,,ＮｅｘＴｏｎｅ
7095,7095.T,"Macbee Planet,Inc.","Macbee Planet,Inc.",,Prime Market (Domestic),Services,服务业,专业服务、消费服务与商业服务（具体业务待核验）,,Ｍａｃｂｅｅ　Ｐｌａｎｅｔ
7096,7096.T,StemCell Institute,ステムセル研究所,,Growth Market(Domestic),Services,服务业,专业服务、消费服务与商业服务（具体业务待核验）,,ステムセル研究所
7097,7097.T,"SAKURASAKU PLUS,Co.,Ltd.","SAKURASAKU PLUS,Co.,Ltd.",,Growth Market(Domestic),Services,服务业,专业服务、消费服务与商业服务（具体业务待核验）,,さくらさくプラス
7102,7102.T,"NIPPON SHARYO,LTD.",日本車輌製造,,Prime Market (Domestic),Transportation Equipment,运输用设备,工业机械与自动化设备（具体产品待核验）,,日本車輌製造
7110,7110.T,Kurashicom Inc.,Kurashicom Inc.,,Growth Market(Domestic),Retail Trade,零售业,零售与消费品渠道,,クラシコム
7111,7111.T,"INEST,Inc.","INEST,Inc.",,Standard Market(Domestic),Wholesale Trade,批发业,批发贸易/综合商社,32.9,ＩＮＥＳＴ
7112,7112.T,"CUBE CO.,LTD.","CUBE CO.,LTD.",,Growth Market(Domestic),Retail Trade,零售业,零售与消费品渠道,,キューブ
7114,7114.T,"Foodison,Inc.","Foodison,Inc.",,Growth Market(Domestic),Wholesale Trade,批发业,批发贸易/综合商社,,フーディソン
7115,7115.T,AlphaPurchase Corporation,AlphaPurchase 公司,,Standard Market(Domestic),Wholesale Trade,批发业,批发贸易/综合商社,32.9,アルファパーチェス
7119,7119.T,"halmek holdings Co.,Ltd.",ハルメク控股,,Growth Market(Domestic),Retail Trade,零售业,零售与消费品渠道,,ハルメクホールディングス
7120,7120.T,SHINKO Inc.,SHINKO Inc.,,Standard Market(Domestic),Wholesale Trade,批发业,批发贸易/综合商社,,ＳＨＩＮＫＯ
7122,7122.T,"THE KINKI SHARYO CO.,LTD.",近畿車輛,,Standard Market(Domestic),Transportation Equipment,运输用设备,工业机械与自动化设备（具体产品待核验）,,近畿車輛
7126,7126.T,"Global Style Co.,Ltd.","Global Style Co.,Ltd.",,Standard Market(Domestic),Retail Trade,零售业,零售与消费品渠道,,グローバルスタイル
7127,7127.T,"Ikka Holdings Co.,Ltd.",一家控股,,Standard Market(Domestic),Retail Trade,零售业,零售与消费品渠道,,一家ホールディングス
7128,7128.T,UNISOL Holdings Corporation,ユニソル控股,,Prime Market (Domestic),Wholesale Trade,批发业,批发贸易/综合商社,,ユニソルホールディングス
7129,7129.T,Miahelsa Holdings Corporation,ミアヘルサ控股,,Standard Market(Domestic),Retail Trade,零售业,零售与消费品渠道,,ミアヘルサホールディングス
7130,7130.T,"YAMAE GROUP HOLDINGS CO.,LTD.",ヤマエ集团控股,,Prime Market (Domestic),Wholesale Trade,批发业,批发贸易/综合商社,,ヤマエグループホールディングス
7131,7131.T,NOMURA CORPORATION,のむら工业,,Standard Market(Domestic),Wholesale Trade,批发业,批发贸易/综合商社,,のむら産業
7133,7133.T,"HYUGA PRIMARY CARE Co.,Ltd.","HYUGA PRIMARY CARE Co.,Ltd.",,Growth Market(Domestic),Retail Trade,零售业,零售与消费品渠道,,ＨＹＵＧＡ　ＰＲＩＭＡＲＹ　ＣＡＲＥ
7134,7134.T,"UP GARAGE GROUP Co.,Ltd.",アップガレージ集团,,Standard Market(Domestic),Retail Trade,零售业,零售与消费品渠道,,アップガレージグループ
7135,7135.T,"JAPAN CRAFT HOLDINGS CO.,LTD.",ジャパンクラフト控股,,Standard Market(Domestic),Retail Trade,零售业,零售与消费品渠道,,ジャパンクラフトホールディングス
7138,7138.T,"TORICO Co.,Ltd.","TORICO Co.,Ltd.",,Growth Market(Domestic),Retail Trade,零售业,零售与消费品渠道,,ＴＯＲＩＣＯ
7140,7140.T,Petgo Corporation,Petgo 公司,,Growth Market(Domestic),Retail Trade,零售业,零售与消费品渠道,,ペットゴー
7148,7148.T,"Financial Partners Group Co.,Ltd.","金融 Partners 集团 Co.,Ltd.",,Prime Market (Domestic),Securities and Commodities Futures,证券商品期货,证券经纪与投资银行服务,,ＦＰＧ
7150,7150.T,"THE SHIMANE BANK,LTD.",島根銀行,,Standard Market(Domestic),Banks,银行业,银行与综合金融服务,,島根銀行
7157,7157.T,LIFENET INSURANCE COMPANY,ライフネット生命保険,,Prime Market (Domestic),Insurance,保险业,保险服务,,ライフネット生命保険
7161,7161.T,"Jimoto Holdings,Inc.",じもと控股,,Standard Market(Domestic),Banks,银行业,银行与综合金融服务,,じもとホールディングス
7162,7162.T,"ASTMAX Co.,Ltd.","ASTMAX Co.,Ltd.",,Standard Market(Domestic),Electric Power and Gas,电力燃气,电子设备/电气设备（具体产品待核验）,,アストマックス
7164,7164.T,"ZENKOKU HOSHO Co.,Ltd.",全国保証,,Prime Market (Domestic),Other Financing Business,其他金融,融资租赁、消费金融与其他金融服务,,全国保証
7167,7167.T,"Mebuki Financial Group,Inc.",めぶき金融集团,,Prime Market (Domestic),Banks,银行业,银行与综合金融服务,,めぶきフィナンシャルグループ
7172,7172.T,"Japan Investment Adviser Co.,Ltd.",ジャパン投资アドバイザー,,Prime Market (Domestic),Securities and Commodities Futures,证券商品期货,证券经纪与投资银行服务,,ジャパンインベストメントアドバイザー
7173,7173.T,"Tokyo Kiraboshi Financial Group,Inc.",東京きらぼし金融集团,,Prime Market (Domestic),Banks,银行业,银行与综合金融服务,,東京きらぼしフィナンシャルグループ
7175,7175.T,"The Imamura Securities Co.,Ltd.",今村証券,,Standard Market(Domestic),Securities and Commodities Futures,证券商品期货,证券经纪与投资银行服务,,今村証券
7177,7177.T,"GMO Financial Holdings,Inc.",ＧＭＯ金融控股,,Standard Market(Domestic),Securities and Commodities Futures,证券商品期货,证券经纪与投资银行服务,,ＧＭＯフィナンシャルホールディングス
7180,7180.T,"Kyushu Financial Group,Inc.",九州金融集团,,Prime Market (Domestic),Banks,银行业,银行与综合金融服务,,九州フィナンシャルグループ
7181,7181.T,"JAPAN POST INSURANCE Co.,Ltd.",かんぽ生命保険,,Prime Market (Domestic),Insurance,保险业,保险服务,,かんぽ生命保険
7182,7182.T,"JAPAN POST BANK Co.,Ltd.",ゆうちょ銀行,,Prime Market (Domestic),Banks,银行业,银行与综合金融服务,32.9,ゆうちょ銀行
7183,7183.T,"Anshin Guarantor Service Co.,Ltd.",あんしん保証,,Standard Market(Domestic),Other Financing Business,其他金融,融资租赁、消费金融与其他金融服务,,あんしん保証
7184,7184.T,"THE FIRST BANK OF TOYAMA,LTD.",富山第一銀行,,Prime Market (Domestic),Banks,银行业,银行与综合金融服务,,富山第一銀行
7185,7185.T,Hirose Tusyo Inc.,ヒロセ通商,,Standard Market(Domestic),Securities and Commodities Futures,证券商品期货,证券经纪与投资银行服务,,ヒロセ通商
7186,7186.T,"Yokohama Financial Group,Inc.",横浜金融集团,,Prime Market (Domestic),Banks,银行业,银行与综合金融服务,,横浜フィナンシャルグループ
7187,7187.T,"J-LEASE CO.,LTD.",ジェイ租赁,,Prime Market (Domestic),Other Financing Business,其他金融,融资租赁、消费金融与其他金融服务,,ジェイリース
7189,7189.T,"Nishi-Nippon Financial Holdings,Inc.",西日本金融控股,,Prime Market (Domestic),Banks,银行业,银行与综合金融服务,32.9,西日本フィナンシャルホールディングス
7191,7191.T,Entrust Inc.,Entrust Inc.,,Standard Market(Domestic),Other Financing Business,其他金融,融资租赁、消费金融与其他金融服务,,イントラスト
7192,7192.T,Mortgage Service Japan Limited,日本モーゲージ服务,,Standard Market(Domestic),Other Financing Business,其他金融,融资租赁、消费金融与其他金融服务,,日本モーゲージサービス
7196,7196.T,Casa Inc.,Casa Inc.,,Standard Market(Domestic),Other Financing Business,其他金融,融资租赁、消费金融与其他金融服务,,Ｃａｓａ
7198,7198.T,SBI ARUHI Corporation,SBI ARUHI 公司,,Prime Market (Domestic),Other Financing Business,其他金融,融资租赁、消费金融与其他金融服务,,ＳＢＩアルヒ
7199,7199.T,"Premium Group Co.,Ltd.",プレミア集团,,Prime Market (Domestic),Other Financing Business,其他金融,融资租赁、消费金融与其他金融服务,,プレミアグループ
7201,7201.T,"NISSAN MOTOR CO.,LTD.",日产汽车,,Prime Market (Domestic),Transportation Equipment,运输用设备,汽车整车与零部件,32.9,日産自動車
7202,7202.T,ISUZU MOTORS LIMITED,いすゞ自動車,,Prime Market (Domestic),Transportation Equipment,运输用设备,汽车整车与零部件,,いすゞ自動車
7203,7203.T,TOYOTA MOTOR CORPORATION,丰田汽车,,Prime Market (Domestic),Transportation Equipment,运输用设备,汽车整车（乘用车、混合动力与电动车）,32.9,トヨタ自動車
7208,7208.T,KANEMITSU CORPORATION,KANEMITSU 公司,,Standard Market(Domestic),Transportation Equipment,运输用设备,工业机械与自动化设备（具体产品待核验）,,カネミツ
7211,7211.T,MITSUBISHI MOTORS CORPORATION,三菱自動車工業,,Prime Market (Domestic),Transportation Equipment,运输用设备,汽车整车与零部件,32.9,三菱自動車工業
7212,7212.T,F-TECH INC.,F-TECH INC.,,Standard Market(Domestic),Transportation Equipment,运输用设备,工业机械与自动化设备（具体产品待核验）,32.9,エフテック
7213,7213.T,LECIP HOLDINGS CORPORATION,レシップ控股,,Standard Market(Domestic),Transportation Equipment,运输用设备,工业机械与自动化设备（具体产品待核验）,,レシップホールディングス
7214,7214.T,GMB CORPORATION,GMB 公司,,Standard Market(Domestic),Transportation Equipment,运输用设备,工业机械与自动化设备（具体产品待核验）,,ＧＭＢ
7215,7215.T,"FALTEC Co.,Ltd.","FALTEC Co.,Ltd.",,Standard Market(Domestic),Transportation Equipment,运输用设备,工业机械与自动化设备（具体产品待核验）,,ファルテック
7217,7217.T,"TEIN,INC.","TEIN,INC.",,Standard Market(Domestic),Transportation Equipment,运输用设备,工业机械与自动化设备（具体产品待核验）,,テイン
7218,7218.T,"TANAKA SEIMITSU KOGYO CO.,LTD.",田中精密工業,,Standard Market(Domestic),Transportation Equipment,运输用设备,工业机械与自动化设备（具体产品待核验）,,田中精密工業
7219,7219.T,"HKS CO.,LTD.","HKS CO.,LTD.",,Standard Market(Domestic),Transportation Equipment,运输用设备,工业机械与自动化设备（具体产品待核验）,,エッチ・ケー・エス
7220,7220.T,"MUSASHI SEIMITSU INDUSTRY CO.,LTD.",武蔵精密工業,,Prime Market (Domestic),Transportation Equipment,运输用设备,工业机械与自动化设备（具体产品待核验）,32.9,武蔵精密工業
7222,7222.T,"NISSAN SHATAI CO.,LTD.",日産車体,,Standard Market(Domestic),Transportation Equipment,运输用设备,工业机械与自动化设备（具体产品待核验）,,日産車体
7224,7224.T,"ShinMaywa Industries,LTD.",新明和工業,,Prime Market (Domestic),Transportation Equipment,运输用设备,工业机械与自动化设备（具体产品待核验）,32.9,新明和工業
7226,7226.T,"KYOKUTO KAIHATSU KOGYO CO.,LTD.",極東開発工業,,Prime Market (Domestic),Transportation Equipment,运输用设备,工业机械与自动化设备（具体产品待核验）,,極東開発工業
7228,7228.T,DAYTONA CORPORATION,DAYTONA 公司,,Standard Market(Domestic),Transportation Equipment,运输用设备,工业机械与自动化设备（具体产品待核验）,,デイトナ
7231,7231.T,"TOPY INDUSTRIES,LIMITED",トピー工業,,Prime Market (Domestic),Transportation Equipment,运输用设备,工业机械与自动化设备（具体产品待核验）,,トピー工業
7235,7235.T,"TOKYO RADIATOR MFG.CO.,LTD.",東京ラヂエーター製造,,Standard Market(Domestic),Transportation Equipment,运输用设备,工业机械与自动化设备（具体产品待核验）,,東京ラヂエーター製造
7236,7236.T,"T.RAD Co., Ltd.","T.RAD Co., Ltd.",,Prime Market (Domestic),Transportation Equipment,运输用设备,工业机械与自动化设备（具体产品待核验）,,ティラド
7238,7238.T,"AKEBONO BRAKE INDUSTRY CO.,LTD.",曙ブレーキ工業,,Prime Market (Domestic),Transportation Equipment,运输用设备,工业机械与自动化设备（具体产品待核验）,,曙ブレーキ工業
7239,7239.T,"TACHI-S CO.,LTD.","TACHI-S CO.,LTD.",,Prime Market (Domestic),Transportation Equipment,运输用设备,工业机械与自动化设备（具体产品待核验）,,タチエス
7241,7241.T,"FUTABA INDUSTRIAL CO.,LTD.",フタバ工业,,Prime Market (Domestic),Transportation Equipment,运输用设备,工业机械与自动化设备（具体产品待核验）,,フタバ産業
7242,7242.T,KYB Corporation,KYB 公司,,Prime Market (Domestic),Transportation Equipment,运输用设备,工业机械与自动化设备（具体产品待核验）,,カヤバ
7244,7244.T,"ICHIKOH INDUSTRIES,LTD.",市光工業,,Prime Market (Domestic),Electric Appliances,电气设备,电子设备/电气设备（具体产品待核验）,32.9,市光工業
7245,7245.T,"DAIDO METAL CO.,LTD.",大同メタル工業,,Prime Market (Domestic),Transportation Equipment,运输用设备,工业机械与自动化设备（具体产品待核验）,,大同メタル工業
7246,7246.T,"PRESS KOGYO CO.,LTD.",プレス工業,,Prime Market (Domestic),Transportation Equipment,运输用设备,工业机械与自动化设备（具体产品待核验）,,プレス工業
7247,7247.T,MIKUNI CORPORATION,MIKUNI 公司,,Standard Market(Domestic),Transportation Equipment,运输用设备,工业机械与自动化设备（具体产品待核验）,,ミクニ
7254,7254.T,UNIVANCE CORPORATION,UNIVANCE 公司,,Standard Market(Domestic),Transportation Equipment,运输用设备,工业机械与自动化设备（具体产品待核验）,,ユニバンス
7255,7255.T,SAKURAI LTD.,桜井制作所,,Standard Market(Domestic),Transportation Equipment,运输用设备,工业机械与自动化设备（具体产品待核验）,,桜井製作所
7256,7256.T,"KASAI KOGYO CO.,LTD.",河西工業,,Standard Market(Domestic),Transportation Equipment,运输用设备,工业机械与自动化设备（具体产品待核验）,,河西工業
7259,7259.T,AISIN CORPORATION,AISIN 公司,,Prime Market (Domestic),Transportation Equipment,运输用设备,工业机械与自动化设备（具体产品待核验）,32.9,アイシン
7261,7261.T,Mazda Motor Corporation,Mazda 汽车 公司,,Prime Market (Domestic),Transportation Equipment,运输用设备,汽车整车与零部件,32.9,マツダ
7264,7264.T,MURO CORPORATION,ムロ公司,,Standard Market(Domestic),Transportation Equipment,运输用设备,工业机械与自动化设备（具体产品待核验）,,ムロコーポレーション
7265,7265.T,"EIKEN INDUSTRIES CO.,LTD",エイケン工業,,Standard Market(Domestic),Transportation Equipment,运输用设备,工业机械与自动化设备（具体产品待核验）,,エイケン工業
7266,7266.T,"Imasen Electric Industrial Co.,Ltd.",今仙電機制作所,,Standard Market(Domestic),Transportation Equipment,运输用设备,工业机械与自动化设备（具体产品待核验）,,今仙電機製作所
7267,7267.T,"HONDA MOTOR CO.,LTD.",本田,,Prime Market (Domestic),Transportation Equipment,运输用设备,汽车整车（乘用车与摩托车）,32.9,本田技研工業
7269,7269.T,SUZUKI MOTOR CORPORATION,铃木,,Prime Market (Domestic),Transportation Equipment,运输用设备,汽车整车（乘用车与摩托车）,32.9,スズキ
7270,7270.T,SUBARU CORPORATION,斯巴鲁,,Prime Market (Domestic),Transportation Equipment,运输用设备,汽车整车（乘用车）,32.9,ＳＵＢＡＲＵ
7271,7271.T,YASUNAGA CORPORATION,安永,,Standard Market(Domestic),Transportation Equipment,运输用设备,工业机械与自动化设备（具体产品待核验）,,安永
7272,7272.T,"Yamaha Motor Co.,Ltd.",ヤマハ発動機,,Prime Market (Domestic),Transportation Equipment,运输用设备,汽车整车与零部件,32.9,ヤマハ発動機
7273,7273.T,"IKUYO CO.,LTD.","IKUYO CO.,LTD.",,Standard Market(Domestic),Transportation Equipment,运输用设备,工业机械与自动化设备（具体产品待核验）,32.9,イクヨ
7276,7276.T,"KOITO MANUFACTURING CO.,LTD.",小糸制作所,,Prime Market (Domestic),Electric Appliances,电气设备,电子设备/电气设备（具体产品待核验）,,小糸製作所
7277,7277.T,"TBK Co.,Ltd.","TBK Co.,Ltd.",,Standard Market(Domestic),Transportation Equipment,运输用设备,工业机械与自动化设备（具体产品待核验）,,ＴＢＫ
7278,7278.T,EXEDY Corporation,EXEDY 公司,,Prime Market (Domestic),Transportation Equipment,运输用设备,工业机械与自动化设备（具体产品待核验）,,エクセディ
7279,7279.T,HI-LEX CORPORATION,ハイレックス公司,,Standard Market(Domestic),Transportation Equipment,运输用设备,工业机械与自动化设备（具体产品待核验）,,ハイレックスコーポレーション
7280,7280.T,MITSUBA Corporation,MITSUBA 公司,,Prime Market (Domestic),Electric Appliances,电气设备,电子设备/电气设备（具体产品待核验）,32.9,ミツバ
7282,7282.T,"TOYODA GOSEI CO.,LTD.",豊田合成,,Prime Market (Domestic),Transportation Equipment,运输用设备,工业机械与自动化设备（具体产品待核验）,,豊田合成
7283,7283.T,"AISAN INDUSTRY CO.,LTD.",愛三工業,,Prime Market (Domestic),Transportation Equipment,运输用设备,工业机械与自动化设备（具体产品待核验）,,愛三工業
7284,7284.T,"MEIWA INDUSTRY CO.,LTD.",盟和工业,,Standard Market(Domestic),Transportation Equipment,运输用设备,工业机械与自动化设备（具体产品待核验）,,盟和産業
7287,7287.T,"NIPPON SEIKI CO.,LTD.",日本精機,,Standard Market(Domestic),Transportation Equipment,运输用设备,工业机械与自动化设备（具体产品待核验）,,日本精機
7291,7291.T,"NIHON PLAST CO.,LTD.",日本プラスト,,Standard Market(Domestic),Transportation Equipment,运输用设备,工业机械与自动化设备（具体产品待核验）,,日本プラスト
7292,7292.T,MURAKAMI CORPORATION,村上開明堂,,Standard Market(Domestic),Transportation Equipment,运输用设备,工业机械与自动化设备（具体产品待核验）,32.9,村上開明堂
7294,7294.T,YOROZU CORPORATION,YOROZU 公司,,Prime Market (Domestic),Transportation Equipment,运输用设备,工业机械与自动化设备（具体产品待核验）,,ヨロズ
7296,7296.T,"F.C.C.CO.,LTD.","F.C.C.CO.,LTD.",,Prime Market (Domestic),Transportation Equipment,运输用设备,工业机械与自动化设备（具体产品待核验）,,エフ・シー・シー
7297,7297.T,"CAR MATE MFG. CO.,LTD.","CAR MATE MFG. CO.,LTD.",,Standard Market(Domestic),Transportation Equipment,运输用设备,工业机械与自动化设备（具体产品待核验）,,カーメイト
7299,7299.T,FUJI OOZX Inc.,FUJI OOZX Inc.,,Standard Market(Domestic),Transportation Equipment,运输用设备,工业机械与自动化设备（具体产品待核验）,,フジオーゼックス
7305,7305.T,"ARAYA INDUSTRIAL CO.,LTD.",新家工業,,Standard Market(Domestic),Iron and Steel,钢铁,工业机械与自动化设备（具体产品待核验）,,新家工業
7309,7309.T,SHIMANO INC.,SHIMANO INC.,,Prime Market (Domestic),Transportation Equipment,运输用设备,工业机械与自动化设备（具体产品待核验）,131.93,シマノ
7313,7313.T,"TS TECH CO.,LTD.","TS TECH CO.,LTD.",,Prime Market (Domestic),Transportation Equipment,运输用设备,工业机械与自动化设备（具体产品待核验）,,テイ・エス　テック
7314,7314.T,"ODAWARA AUTO-MACHINE MFG.CO.,LTD.",小田原機器,,Standard Market(Domestic),Transportation Equipment,运输用设备,工业机械与自动化设备（具体产品待核验）,,小田原機器
7318,7318.T,"SERENDIP HOLDINGS Co.,Ltd.",セレンディップ・控股,,Growth Market(Domestic),Transportation Equipment,运输用设备,工业机械与自动化设备（具体产品待核验）,,セレンディップ・ホールディングス
7320,7320.T,Solvvy Inc.,Solvvy Inc.,,Growth Market(Domestic),Other Financing Business,其他金融,融资租赁、消费金融与其他金融服务,,Ｓｏｌｖｖｙ
7322,7322.T,"San ju San Financial Group,Inc.",三十三金融集团,,Prime Market (Domestic),Banks,银行业,银行与综合金融服务,32.9,三十三フィナンシャルグループ
7325,7325.T,IRRC Corporation,アイリック公司,,Growth Market(Domestic),Insurance,保险业,保险服务,,アイリックコーポレーション
7326,7326.T,"SBI Insurance Group Co.,Ltd.",ＳＢＩインシュアランス集团,,Growth Market(Domestic),Insurance,保险业,保险服务,,ＳＢＩインシュアランスグループ
7327,7327.T,"Daishi Hokuetsu Financial Group,Inc.",第四北越金融集团,,Prime Market (Domestic),Banks,银行业,银行与综合金融服务,,第四北越フィナンシャルグループ
7337,7337.T,"Hirogin Holdings,Inc.",ひろぎん控股,,Prime Market (Domestic),Banks,银行业,银行与综合金融服务,,ひろぎんホールディングス
7343,7343.T,"Broad-Minded Co.,Ltd.","Broad-Minded Co.,Ltd.",,Growth Market(Domestic),Insurance,保险业,保险服务,,ブロードマインド
7345,7345.T,Ai Partners Financial Inc.,アイ・合作伙伴金融,,Growth Market(Domestic),Other Financing Business,其他金融,融资租赁、消费金融与其他金融服务,,アイ・パートナーズフィナンシャル
7347,7347.T,"Mercuria Holdings Co.,Ltd.",マーキュリア控股,,Prime Market (Domestic),Securities and Commodities Futures,证券商品期货,证券经纪与投资银行服务,32.9,マーキュリアホールディングス
7350,7350.T,"Okinawa Financial Group,Inc.",おきなわ金融集团,,Prime Market (Domestic),Banks,银行业,银行与综合金融服务,32.9,おきなわフィナンシャルグループ
7351,7351.T,Goodpatch Inc.,Goodpatch Inc.,,Growth Market(Domestic),Services,服务业,专业服务、消费服务与商业服务（具体业务待核验）,,グッドパッチ
7352,7352.T,TWOSTONE&Sons Inc.,TWOSTONE&Sons Inc.,,Growth Market(Domestic),Services,服务业,专业服务、消费服务与商业服务（具体业务待核验）,,ＴＷＯＳＴＯＮＥ＆Ｓｏｎｓ
7353,7353.T,"KIYO Learning Co.,Ltd.","KIYO Learning Co.,Ltd.",,Growth Market(Domestic),Services,服务业,专业服务、消费服务与商业服务（具体业务待核验）,,ＫＩＹＯラーニング
7354,7354.T,Direct Marketing MiX Inc.,Direct Marketing MiX Inc.,,Standard Market(Domestic),Services,服务业,广告、营销与媒体服务,,ダイレクトマーケティングミックス
7356,7356.T,Retty Inc.,Retty Inc.,,Growth Market(Domestic),Services,服务业,专业服务、消费服务与商业服务（具体业务待核验）,,Ｒｅｔｔｙ
7357,7357.T,"GEOCODE CO.,Ltd.","GEOCODE CO.,Ltd.",,Standard Market(Domestic),Services,服务业,专业服务、消费服务与商业服务（具体业务待核验）,,ジオコード
7358,7358.T,Poppins Corporation,Poppins 公司,,Standard Market(Domestic),Services,服务业,专业服务、消费服务与商业服务（具体业务待核验）,,ポピンズ
7359,7359.T,"Tokyo Communications Group,Inc.",東京通信集团,,Growth Market(Domestic),Services,服务业,通信、网络设备与通信服务,,東京通信グループ
7360,7360.T,"ONDECK Co.,Ltd.","ONDECK Co.,Ltd.",,Growth Market(Domestic),Services,服务业,专业服务、消费服务与商业服务（具体业务待核验）,,オンデック
7361,7361.T,"Human Creation Holdings,Inc.",ヒューマンクリエイション控股,,Growth Market(Domestic),Services,服务业,专业服务、消费服务与商业服务（具体业务待核验）,,ヒューマンクリエイションホールディングス
7362,7362.T,Terminalcare Support Institute Inc.,Terminalcare Support Institute Inc.,,Growth Market(Domestic),Services,服务业,专业服务、消费服务与商业服务（具体业务待核验）,,Ｔ．Ｓ．Ｉ
7363,7363.T,baby calendar Inc.,baby calendar Inc.,,Growth Market(Domestic),Services,服务业,专业服务、消费服务与商业服务（具体业务待核验）,,ベビーカレンダー
7366,7366.T,LITALICO Inc.,LITALICO Inc.,,Prime Market (Domestic),Services,服务业,专业服务、消费服务与商业服务（具体业务待核验）,,ＬＩＴＡＬＩＣＯ
7367,7367.T,"CELM,Inc.","CELM,Inc.",,Standard Market(Domestic),Services,服务业,专业服务、消费服务与商业服务（具体业务待核验）,,セルム
7368,7368.T,"HYOJITO Co.,Ltd.",表示灯,,Standard Market(Domestic),Services,服务业,专业服务、消费服务与商业服务（具体业务待核验）,,表示灯
7369,7369.T,"Meiho Holdings,Inc.",メイホー控股,,Growth Market(Domestic),Services,服务业,专业服务、消费服务与商业服务（具体业务待核验）,,メイホーホールディングス
7370,7370.T,"Enjin Co.,Ltd.","Enjin Co.,Ltd.",,Growth Market(Domestic),Services,服务业,专业服务、消费服务与商业服务（具体业务待核验）,,Ｅｎｊｉｎ
7371,7371.T,Zenken Corporation,Zenken 公司,,Growth Market(Domestic),Services,服务业,专业服务、消费服务与商业服务（具体业务待核验）,,Ｚｅｎｋｅｎ
7372,7372.T,Decollte Holdings Corporation,デコルテ・控股,,Growth Market(Domestic),Services,服务业,专业服务、消费服务与商业服务（具体业务待核验）,,デコルテ・ホールディングス
7373,7373.T,"Aidma Holdings,Inc.",アイドマ・控股,,Growth Market(Domestic),Services,服务业,专业服务、消费服务与商业服务（具体业务待核验）,,アイドマ・ホールディングス
7374,7374.T,Interworks Confidence Inc.,Interworks Confidence Inc.,,Growth Market(Domestic),Services,服务业,专业服务、消费服务与商业服务（具体业务待核验）,,コンフィデンス・インターワークス
7375,7375.T,"REFINVERSE Group,Inc.",リファインバース集团,,Growth Market(Domestic),Services,服务业,专业服务、消费服务与商业服务（具体业务待核验）,32.9,リファインバースグループ
7376,7376.T,"BCC Co.,Ltd.","BCC Co.,Ltd.",,Growth Market(Domestic),Services,服务业,专业服务、消费服务与商业服务（具体业务待核验）,,ＢＣＣ
7377,7377.T,"DN HOLDINGS CO.,LTD.",ＤＮ控股,,Standard Market(Domestic),Services,服务业,专业服务、消费服务与商业服务（具体业务待核验）,,ＤＮホールディングス
7378,7378.T,ASIRO Inc.,ASIRO Inc.,,Growth Market(Domestic),Services,服务业,专业服务、消费服务与商业服务（具体业务待核验）,,アシロ
7380,7380.T,"Juroku Financial Group,Inc.",十六金融集团,,Prime Market (Domestic),Banks,银行业,银行与综合金融服务,32.9,十六フィナンシャルグループ
7381,7381.T,"CCI Group,Inc.",ＣＣＩ集团,,Prime Market (Domestic),Banks,银行业,银行与综合金融服务,32.9,ＣＣＩグループ
7383,7383.T,"Net Protections Holdings,Inc.",ネットプロテクションズ控股,,Prime Market (Domestic),Other Financing Business,其他金融,融资租赁、消费金融与其他金融服务,,ネットプロテクションズホールディングス
7384,7384.T,"Procrea Holdings,Inc.",プロクレア控股,,Prime Market (Domestic),Banks,银行业,银行与综合金融服务,469.96,プロクレアホールディングス
7388,7388.T,FP Partner Inc.,FP Partner Inc.,,Prime Market (Domestic),Insurance,保险业,保险服务,,ＦＰパートナー
7389,7389.T,"Aichi Financial Group,Inc.",あいち金融集团,,Prime Market (Domestic),Banks,银行业,银行与综合金融服务,,あいちフィナンシャルグループ
7399,7399.T,"NANSIN CO.,LTD.","NANSIN CO.,LTD.",,Standard Market(Domestic),Transportation Equipment,运输用设备,工业机械与自动化设备（具体产品待核验）,,ナンシン
7409,7409.T,"AeroEdge Co.,Ltd","AeroEdge Co.,Ltd",,Growth Market(Domestic),Transportation Equipment,运输用设备,工业机械与自动化设备（具体产品待核验）,,ＡｅｒｏＥｄｇｅ
7412,7412.T,ATOM CORPORATION,ATOM 公司,,Standard Market(Domestic),Retail Trade,零售业,零售与消费品渠道,32.9,アトム
7413,7413.T,"Sokensha Co.,Ltd.",創健社,,Standard Market(Domestic),Wholesale Trade,批发业,批发贸易/综合商社,,創健社
7414,7414.T,"ONOKEN CO.,LTD.",小野建,,Prime Market (Domestic),Wholesale Trade,批发业,批发贸易/综合商社,,小野建
7416,7416.T,Haruyama Holdings Inc.,はるやま控股,,Standard Market(Domestic),Retail Trade,零售业,零售与消费品渠道,,はるやまホールディングス
7417,7417.T,NANYO CORPORATION,南陽,,Standard Market(Domestic),Wholesale Trade,批发业,批发贸易/综合商社,,南陽
7419,7419.T,"Nojima Co.,Ltd.","Nojima Co.,Ltd.",,Prime Market (Domestic),Retail Trade,零售业,零售与消费品渠道,,ノジマ
7421,7421.T,"KAPPA・CREATE CO.,LTD.","KAPPA・CREATE CO.,LTD.",,Prime Market (Domestic),Retail Trade,零售业,零售与消费品渠道,32.9,カッパ・クリエイト
7422,7422.T,"TOHO LAMAC CO.,LTD.",東邦レマック,,Standard Market(Domestic),Wholesale Trade,批发业,批发贸易/综合商社,,東邦レマック
7425,7425.T,"HATSUHO SHOUJI CO.,LTD.",初穂商事,,Standard Market(Domestic),Wholesale Trade,批发业,批发贸易/综合商社,,初穂商事
7427,7427.T,"ECHO TRADING CO.,LTD.",エコー贸易,,Standard Market(Domestic),Wholesale Trade,批发业,批发贸易/综合商社,32.9,エコートレーディング
7433,7433.T,"Hakuto Co.,Ltd.",伯東,,Prime Market (Domestic),Wholesale Trade,批发业,批发贸易/综合商社,,伯東
7434,7434.T,OTAKE CORPORATION,OTAKE 公司,,Standard Market(Domestic),Wholesale Trade,批发业,批发贸易/综合商社,,オータケ
7435,7435.T,"NADEX CO.,LTD.","NADEX CO.,LTD.",,Standard Market(Domestic),Wholesale Trade,批发业,批发贸易/综合商社,,ナ・デックス
7438,7438.T,KONDOTEC INC.,KONDOTEC INC.,,Prime Market (Domestic),Wholesale Trade,批发业,批发贸易/综合商社,,コンドーテック
7442,7442.T,"NAKAYAMAFUKU CO.,LTD.",中山福,,Standard Market(Domestic),Wholesale Trade,批发业,批发贸易/综合商社,,中山福
7443,7443.T,"YOKOHAMA GYORUI CO.,LTD.",横浜魚類,,Standard Market(Domestic),Wholesale Trade,批发业,批发贸易/综合商社,,横浜魚類
7444,7444.T,"Harima-Kyowa Co.,LTD.",ハリマ共和物産,,Standard Market(Domestic),Wholesale Trade,批发业,批发贸易/综合商社,,ハリマ共和物産
7446,7446.T,"TOHOKU CHEMICAL Co.,LTD.",東北化学薬品,,Standard Market(Domestic),Wholesale Trade,批发业,批发贸易/综合商社,,東北化学薬品
7447,7447.T,"NAGAILEBEN Co.,Ltd.","NAGAILEBEN Co.,Ltd.",,Prime Market (Domestic),Wholesale Trade,批发业,批发贸易/综合商社,,ナガイレーベン
7453,7453.T,"RYOHIN KEIKAKU CO.,LTD.",良品計画,,Prime Market (Domestic),Retail Trade,零售业,零售与消费品渠道,,良品計画
7456,7456.T,"MATSUDA SANGYO Co.,Ltd.",松田工业,,Prime Market (Domestic),Wholesale Trade,批发业,批发贸易/综合商社,32.9,松田産業
7458,7458.T,"DAIICHIKOSHO CO.,LTD.",第一興商,,Prime Market (Domestic),Wholesale Trade,批发业,批发贸易/综合商社,,第一興商
7459,7459.T,MEDIPAL HOLDINGS CORPORATION,メディパル控股,,Prime Market (Domestic),Wholesale Trade,批发业,批发贸易/综合商社,12029.28,メディパルホールディングス
7460,7460.T,"YAGI & CO.,LTD.","YAGI & CO.,LTD.",,Standard Market(Domestic),Wholesale Trade,批发业,批发贸易/综合商社,,ヤギ
7461,7461.T,"KIMURA CO.,LTD.","KIMURA CO.,LTD.",,Standard Market(Domestic),Wholesale Trade,批发业,批发贸易/综合商社,,キムラ
7462,7462.T,CAPITA Inc.,CAPITA Inc.,,Standard Market(Domestic),Retail Trade,零售业,零售与消费品渠道,,ＣＡＰＩＴＡ
7463,7463.T,"ADVAN GROUP CO.,LTD.",アドヴァン集团,,Standard Market(Domestic),Retail Trade,零售业,零售与消费品渠道,,アドヴァングループ
7464,7464.T,"SAFTEC CO.,LTD.","SAFTEC CO.,LTD.",,Standard Market(Domestic),Wholesale Trade,批发业,批发贸易/综合商社,,セフテック
7466,7466.T,SPK CORPORATION,SPK 公司,,Prime Market (Domestic),Wholesale Trade,批发业,批发贸易/综合商社,,ＳＰＫ
7472,7472.T,"TOBA,INC.",鳥羽洋行,,Standard Market(Domestic),Wholesale Trade,批发业,批发贸易/综合商社,32.9,鳥羽洋行
7475,7475.T,"ALBIS Co.,Ltd.","ALBIS Co.,Ltd.",,Prime Market (Domestic),Retail Trade,零售业,零售与消费品渠道,,アルビス
7476,7476.T,AS ONE CORPORATION,AS ONE 公司,,Prime Market (Domestic),Wholesale Trade,批发业,批发贸易/综合商社,,アズワン
7477,7477.T,MURAKI CORPORATION,MURAKI 公司,,Standard Market(Domestic),Wholesale Trade,批发业,批发贸易/综合商社,32.9,ムラキ
7480,7480.T,SUZUDEN CORPORATION,SUZUDEN 公司,,Standard Market(Domestic),Wholesale Trade,批发业,批发贸易/综合商社,32.9,スズデン
7481,7481.T,"OIE SANGYO CO.,LTD.",尾家工业,,Standard Market(Domestic),Wholesale Trade,批发业,批发贸易/综合商社,,尾家産業
7482,7482.T,"SHIMOJIMA Co.,Ltd.","SHIMOJIMA Co.,Ltd.",,Prime Market (Domestic),Wholesale Trade,批发业,批发贸易/综合商社,,シモジマ
7483,7483.T,"DOSHISHA CO.,LTD.","DOSHISHA CO.,LTD.",,Prime Market (Domestic),Wholesale Trade,批发业,批发贸易/综合商社,,ドウシシャ
7486,7486.T,"SANRIN CO.,LTD.","SANRIN CO.,LTD.",,Standard Market(Domestic),Wholesale Trade,批发业,批发贸易/综合商社,32.9,サンリン
7487,7487.T,OZU CORPORATION,小津工业,,Standard Market(Domestic),Wholesale Trade,批发业,批发贸易/综合商社,,小津産業
7490,7490.T,"NISSIN SHOJI CO.,LTD.",日新商事,,Standard Market(Domestic),Wholesale Trade,批发业,批发贸易/综合商社,,日新商事
7494,7494.T,"KONAKA CO.,LTD.","KONAKA CO.,LTD.",,Standard Market(Domestic),Retail Trade,零售业,零售与消费品渠道,,コナカ
7500,7500.T,"NISHIKAWA KEISOKU Co.,Ltd.",西川計測,,Standard Market(Domestic),Wholesale Trade,批发业,批发贸易/综合商社,,西川計測
7501,7501.T,TIEMCO LTD.,TIEMCO LTD.,,Standard Market(Domestic),Wholesale Trade,批发业,批发贸易/综合商社,,ティムコ
7502,7502.T,"PLAZA HOLDINGS CO.,LTD.",プラザ控股,,Standard Market(Domestic),Services,服务业,专业服务、消费服务与商业服务（具体业务待核验）,,プラザホールディングス
7504,7504.T,KOHSOKU CORPORATION,高速,,Prime Market (Domestic),Wholesale Trade,批发业,批发贸易/综合商社,,高速
7505,7505.T,"FUSO DENTSU CO.,LTD.",扶桑電通,,Standard Market(Domestic),Wholesale Trade,批发业,批发贸易/综合商社,,扶桑電通
7506,7506.T,"HOUSE OF ROSE Co.,Ltd.","HOUSE OF ROSE Co.,Ltd.",,Standard Market(Domestic),Retail Trade,零售业,零售与消费品渠道,,ハウス　オブ　ローゼ
7508,7508.T,G-7 HOLDINGS Inc.,Ｇ‐７控股,,Prime Market (Domestic),Retail Trade,零售业,零售与消费品渠道,,Ｇ‐７ホールディングス
7509,7509.T,I.A GROUP CORPORATION,アイエー集团,,Standard Market(Domestic),Retail Trade,零售业,零售与消费品渠道,,アイエーグループ
7510,7510.T,TAKEBISHI CORPORATION,TAKEBISHI 公司,,Prime Market (Domestic),Wholesale Trade,批发业,批发贸易/综合商社,,たけびし
7512,7512.T,Aeon Hokkaido Corporation,イオン北海道,,Standard Market(Domestic),Retail Trade,零售业,零售与消费品渠道,,イオン北海道
7513,7513.T,"Kojima Co.,Ltd.","Kojima Co.,Ltd.",,Prime Market (Domestic),Retail Trade,零售业,零售与消费品渠道,32.9,コジマ
7514,7514.T,"HIMARAYA Co.,Ltd.","HIMARAYA Co.,Ltd.",,Standard Market(Domestic),Retail Trade,零售业,零售与消费品渠道,,ヒマラヤ
7515,7515.T,Maruyoshi Center Inc.,マルヨシ中心,,Standard Market(Domestic),Retail Trade,零售业,零售与消费品渠道,,マルヨシセンター
7516,7516.T,"KOHNAN SHOJI CO.,LTD.",コーナン商事,,Prime Market (Domestic),Retail Trade,零售业,零售与消费品渠道,32.9,コーナン商事
7520,7520.T,"Eco's Co.,Ltd.","Eco's Co.,Ltd.",,Prime Market (Domestic),Retail Trade,零售业,零售与消费品渠道,,エコス
7521,7521.T,"MUSASHI CO.,LTD.","MUSASHI CO.,LTD.",,Standard Market(Domestic),Wholesale Trade,批发业,批发贸易/综合商社,32.9,ムサシ
7522,7522.T,"WATAMI CO.,LTD.","WATAMI CO.,LTD.",,Prime Market (Domestic),Retail Trade,零售业,零售与消费品渠道,32.9,ワタミ
7523,7523.T,"ART VIVANT CO.,LTD.","ART VIVANT CO.,LTD.",,Standard Market(Domestic),Retail Trade,零售业,零售与消费品渠道,,アールビバン
7524,7524.T,MARCHE CORPORATION,MARCHE 公司,,Standard Market(Domestic),Retail Trade,零售业,零售与消费品渠道,,マルシェ
7525,7525.T,RIX CORPORATION,RIX 公司,,Prime Market (Domestic),Wholesale Trade,批发业,批发贸易/综合商社,,リックス
7527,7527.T,SystemSoft Corporation,系统ソフト,,Standard Market(Domestic),Information & Communication,信息通信,通信、网络设备与通信服务,32.9,システムソフト
7531,7531.T,SEIWA CHUO HOLDINGS CORPORATION,清和中央控股,,Standard Market(Domestic),Wholesale Trade,批发业,批发贸易/综合商社,,清和中央ホールディングス
7532,7532.T,Pan Pacific International Holdings Corporation,パン・パシフィック・インターナショナル控股,,Prime Market (Domestic),Retail Trade,零售业,零售与消费品渠道,,パン・パシフィック・インターナショナルホールディングス
7537,7537.T,MARUBUN CORPORATION,丸文,,Prime Market (Domestic),Wholesale Trade,批发业,批发贸易/综合商社,,丸文
7538,7538.T,"DAISUI CO.,LTD.",大水,,Standard Market(Domestic),Wholesale Trade,批发业,批发贸易/综合商社,,大水
7539,7539.T,"AINAVO HOLDINGS Co.,Ltd.",アイナボ控股,,Standard Market(Domestic),Wholesale Trade,批发业,批发贸易/综合商社,,アイナボホールディングス
7544,7544.T,"Three F Co.,Ltd.","Three F Co.,Ltd.",,Standard Market(Domestic),Retail Trade,零售业,零售与消费品渠道,,スリーエフ
7545,7545.T,"NISHIMATSUYA CHAIN Co.,Ltd.",西松屋チェーン,,Prime Market (Domestic),Retail Trade,零售业,零售与消费品渠道,,西松屋チェーン
7550,7550.T,"ZENSHO HOLDINGS CO.,LTD.",ゼンショー控股,,Prime Market (Domestic),Retail Trade,零售业,零售与消费品渠道,32.9,ゼンショーホールディングス
7551,7551.T,"WEDS CO.,LTD.","WEDS CO.,LTD.",,Standard Market(Domestic),Transportation Equipment,运输用设备,工业机械与自动化设备（具体产品待核验）,32.9,ウェッズ
7552,7552.T,HAPPINET CORPORATION,HAPPINET 公司,,Prime Market (Domestic),Wholesale Trade,批发业,批发贸易/综合商社,,ハピネット
7554,7554.T,KOURAKUEN CORPORATION,幸楽苑,,Prime Market (Domestic),Retail Trade,零售业,零售与消费品渠道,,幸楽苑
7555,7555.T,"Ota Floriculture Auction Co.,Ltd.",大田花き,,Standard Market(Domestic),Wholesale Trade,批发业,批发贸易/综合商社,,大田花き
7561,7561.T,HURXLEY HOLDINGS CORPORATION,ハークスレイ控股,,Standard Market(Domestic),Retail Trade,零售业,零售与消费品渠道,,ハークスレイホールディングス
7562,7562.T,"ANRAKUTEI Co.,Ltd",安楽亭,,Standard Market(Domestic),Retail Trade,零售业,零售与消费品渠道,,安楽亭
7564,7564.T,"WORKMAN CO.,LTD.","WORKMAN CO.,LTD.",,Standard Market(Domestic),Retail Trade,零售业,零售与消费品渠道,32.9,ワークマン
7565,7565.T,MANSEI CORPORATION,萬世電機,,Standard Market(Domestic),Wholesale Trade,批发业,批发贸易/综合商社,,萬世電機
7567,7567.T,SAKAE ELECTRONICS CORPORATION,栄電子,,Standard Market(Domestic),Wholesale Trade,批发业,批发贸易/综合商社,,栄電子
7570,7570.T,"HASHIMOTO SOGYO HOLDINGS CO.,LTD.",橋本総業控股,,Standard Market(Domestic),Wholesale Trade,批发业,批发贸易/综合商社,32.9,橋本総業ホールディングス
7571,7571.T,YAMANO HOLDINGS CORPORATION,ヤマノ控股,,Standard Market(Domestic),Retail Trade,零售业,零售与消费品渠道,,ヤマノホールディングス
7575,7575.T,"Japan Lifeline Co.,Ltd.",日本ライフライン,,Prime Market (Domestic),Wholesale Trade,批发业,批发贸易/综合商社,,日本ライフライン
7578,7578.T,"NICHIRYOKU CO.,LTD.","NICHIRYOKU CO.,LTD.",,Standard Market(Domestic),Retail Trade,零售业,零售与消费品渠道,,ニチリョク
7581,7581.T,"SAIZERIYA CO.,LTD.","SAIZERIYA CO.,LTD.",,Prime Market (Domestic),Retail Trade,零售业,零售与消费品渠道,32.9,サイゼリヤ
7585,7585.T,KAN-NANMARU CORPORATION,かんなん丸,,Standard Market(Domestic),Retail Trade,零售业,零售与消费品渠道,,かんなん丸
7590,7590.T,"TAKASHO CO.,LTD.","TAKASHO CO.,LTD.",,Standard Market(Domestic),Wholesale Trade,批发业,批发贸易/综合商社,,タカショー
7593,7593.T,"VT HOLDINGS CO.,LTD.",ＶＴ控股,,Prime Market (Domestic),Retail Trade,零售业,零售与消费品渠道,,ＶＴホールディングス
7595,7595.T,ARGO GRAPHICS Inc.,ARGO GRAPHICS Inc.,,Prime Market (Domestic),Information & Communication,信息通信,通信、网络设备与通信服务,,アルゴグラフィックス
7596,7596.T,"UORIKI CO.,LTD.",魚力,,Prime Market (Domestic),Retail Trade,零售业,零售与消费品渠道,,魚力
7599,7599.T,IDOM Inc.,IDOM Inc.,,Prime Market (Domestic),Wholesale Trade,批发业,批发贸易/综合商社,32.9,ＩＤＯＭ
7600,7600.T,"Japan Medical Dynamic Marketing,INC.",日本エム・ディ・エム,,Prime Market (Domestic),Precision Instruments,精密仪器,广告、营销与媒体服务,,日本エム・ディ・エム
7601,7601.T,"POPLAR CO.,Ltd.","POPLAR CO.,Ltd.",,Standard Market(Domestic),Retail Trade,零售业,零售与消费品渠道,,ポプラ
7602,7602.T,"Ledax Co.,Ltd.","Ledax Co.,Ltd.",,Standard Market(Domestic),Wholesale Trade,批发业,批发贸易/综合商社,,レダックス
7603,7603.T,"Gyet Co.,Ltd.","Gyet Co.,Ltd.",,Standard Market(Domestic),Retail Trade,零售业,零售与消费品渠道,32.9,ジーイエット
7604,7604.T,"UMENOHANA GROUP CO.,LTD.",梅の花集团,,Standard Market(Domestic),Retail Trade,零售业,零售与消费品渠道,,梅の花グループ
7606,7606.T,UNITED ARROWS LTD.,UNITED ARROWS LTD.,,Prime Market (Domestic),Retail Trade,零售业,零售与消费品渠道,,ユナイテッドアローズ
7607,7607.T,"Shinwa Co.,Ltd.",進和,,Prime Market (Domestic),Wholesale Trade,批发业,批发贸易/综合商社,,進和
7608,7608.T,"SK JAPAN CO.,LTD.","SK JAPAN CO.,LTD.",,Standard Market(Domestic),Wholesale Trade,批发业,批发贸易/综合商社,,エスケイジャパン
7609,7609.T,"Daitron Co.,Ltd.","Daitron Co.,Ltd.",,Prime Market (Domestic),Wholesale Trade,批发业,批发贸易/综合商社,,ダイトロン
7610,7610.T,"TAY TWO CO.,LTD.","TAY TWO CO.,LTD.",,Standard Market(Domestic),Retail Trade,零售业,零售与消费品渠道,,テイツー
7611,7611.T,HIDAY HIDAKA Corp.,ハイデイ日高,,Prime Market (Domestic),Retail Trade,零售业,零售与消费品渠道,,ハイデイ日高
7613,7613.T,SIIX CORPORATION,SIIX 公司,,Prime Market (Domestic),Wholesale Trade,批发业,批发贸易/综合商社,,シークス
7614,7614.T,"OM2Network Co.,Ltd.",オーエムツー网络,,Standard Market(Domestic),Retail Trade,零售业,零售与消费品渠道,,オーエムツーネットワーク
7615,7615.T,"KYOTO KIMONO YUZEN HOLDINGS Co.,Ltd.",京都きもの友禅控股,,Standard Market(Domestic),Retail Trade,零售业,零售与消费品渠道,,京都きもの友禅ホールディングス
7616,7616.T,"COLOWIDE CO.,LTD.","COLOWIDE CO.,LTD.",,Prime Market (Domestic),Retail Trade,零售业,零售与消费品渠道,,コロワイド
7619,7619.T,"TANAKA CO.,LTD.",田中商事,,Standard Market(Domestic),Wholesale Trade,批发业,批发贸易/综合商社,,田中商事
7621,7621.T,"UKAI CO.,LTD.","UKAI CO.,LTD.",,Standard Market(Domestic),Retail Trade,零售业,零售与消费品渠道,,うかい
7624,7624.T,"Naito & Co.,Ltd.","Naito & Co.,Ltd.",,Standard Market(Domestic),Wholesale Trade,批发业,批发贸易/综合商社,,ＮａＩＴＯ
7625,7625.T,"GLOBAL-DINING,INC.","GLOBAL-DINING,INC.",,Standard Market(Domestic),Retail Trade,零售业,零售与消费品渠道,,グローバルダイニング
7628,7628.T,OHASHI TECHNICA INC.,OHASHI TECHNICA INC.,,Prime Market (Domestic),Wholesale Trade,批发业,批发贸易/综合商社,,オーハシテクニカ
7630,7630.T,"ICHIBANYA CO.,LTD.",壱番屋,,Prime Market (Domestic),Retail Trade,零售业,零售与消费品渠道,1320.72,壱番屋
7634,7634.T,"HOSHIIRYO-SANKI CO.,LTD.",星医療酸器,,Standard Market(Domestic),Wholesale Trade,批发业,批发贸易/综合商社,,星医療酸器
7636,7636.T,"HANDSMAN CO.,LTD","HANDSMAN CO.,LTD",,Standard Market(Domestic),Retail Trade,零售业,零售与消费品渠道,,ハンズマン
7637,7637.T,"Hakudo Co.,Ltd.",白銅,,Prime Market (Domestic),Wholesale Trade,批发业,批发贸易/综合商社,,白銅
7638,7638.T,"NEW ART HOLDINGS Co.,Ltd.","NEW ART 控股 Co.,Ltd.",,Standard Market(Domestic),Retail Trade,零售业,零售与消费品渠道,,ＮＥＷ　ＡＲＴ　ＨＯＬＤＩＮＧＳ
7640,7640.T,"TOP CULTURE Co.,Ltd.","TOP CULTURE Co.,Ltd.",,Standard Market(Domestic),Retail Trade,零售业,零售与消费品渠道,,トップカルチャー
7643,7643.T,"DAIICHI CO.,LTD.","DAIICHI CO.,LTD.",,Standard Market(Domestic),Retail Trade,零售业,零售与消费品渠道,32.9,ダイイチ
7646,7646.T,"PLANT Co.,Ltd.","PLANT Co.,Ltd.",,Standard Market(Domestic),Retail Trade,零售业,零售与消费品渠道,,ＰＬＡＮＴ
7649,7649.T,"SUGI HOLDINGS Co.,LTD.",スギ控股,,Prime Market (Domestic),Retail Trade,零售业,零售与消费品渠道,,スギホールディングス
7670,7670.T,O-WELL CORPORATION,O-WELL 公司,,Standard Market(Domestic),Wholesale Trade,批发业,批发贸易/综合商社,,オーウエル
7673,7673.T,"DAIKO TSUSAN CO.,LTD.",ダイコー通産,,Standard Market(Domestic),Wholesale Trade,批发业,批发贸易/综合商社,,ダイコー通産
7674,7674.T,"NATTY SWANKY holdings Co.,Ltd.",ＮＡＴＴＹ ＳＷＡＮＫＹ控股,,Growth Market(Domestic),Retail Trade,零售业,零售与消费品渠道,,ＮＡＴＴＹ　ＳＷＡＮＫＹホールディングス
7677,7677.T,"Yashima & Co.,Ltd.","Yashima & Co.,Ltd.",,Standard Market(Domestic),Wholesale Trade,批发业,批发贸易/综合商社,,ヤシマキザイ
7678,7678.T,"ASAKUMA CO.,LTD.","ASAKUMA CO.,LTD.",,Standard Market(Domestic),Retail Trade,零售业,零售与消费品渠道,32.9,あさくま
7679,7679.T,"YAKUODO HOLDINGS Co.,Ltd.",薬王堂控股,,Prime Market (Domestic),Retail Trade,零售业,零售与消费品渠道,,薬王堂ホールディングス
7681,7681.T,"LEOCLAN Co.,Ltd.","LEOCLAN Co.,Ltd.",,Standard Market(Domestic),Wholesale Trade,批发业,批发贸易/综合商社,,レオクラン
7682,7682.T,"HAMAYUU CO.,LTD.",浜木綿,,Standard Market(Domestic),Retail Trade,零售业,零售与消费品渠道,,浜木綿
7683,7683.T,"WA,Inc.","WA,Inc.",,Prime Market (Domestic),Retail Trade,零售业,零售与消费品渠道,32.9,ダブルエー
7685,7685.T,"BuySell Technologies Co.,Ltd.","BuySell 科技 Co.,Ltd.",,Growth Market(Domestic),Wholesale Trade,批发业,批发贸易/综合商社,,ＢｕｙＳｅｌｌ　Ｔｅｃｈｎｏｌｏｇｉｅｓ
7686,7686.T,"HitoMile Co.,Ltd.","HitoMile Co.,Ltd.",,Standard Market(Domestic),Retail Trade,零售业,零售与消费品渠道,,ひとまいる
7687,7687.T,"MICREED Co.,Ltd.","MICREED Co.,Ltd.",,Growth Market(Domestic),Wholesale Trade,批发业,批发贸易/综合商社,,ミクリード
7689,7689.T,Copa Corporation Inc.,コパ・公司,,Growth Market(Domestic),Wholesale Trade,批发业,批发贸易/综合商社,32.9,コパ・コーポレーション
7692,7692.T,EARTH INFINITY CO.LTD.,EARTH INFINITY CO.LTD.,,Standard Market(Domestic),Electric Power and Gas,电力燃气,电子设备/电气设备（具体产品待核验）,,アースインフィニティ
7694,7694.T,itsumo.inc.,itsumo.inc.,,Growth Market(Domestic),Retail Trade,零售业,零售与消费品渠道,32.9,いつも
7695,7695.T,"Koukandekirukun,Inc.",交換できるくん,,Growth Market(Domestic),Retail Trade,零售业,零售与消费品渠道,,交換できるくん
7698,7698.T,Iceco Inc.,Iceco Inc.,,Standard Market(Domestic),Wholesale Trade,批发业,批发贸易/综合商社,,アイスコ
7699,7699.T,OMNI-PLUS SYSTEM LIMITED,オムニ・プラス・系统・リミテッド ＪＤＲ,,Growth Market (Foreign),Wholesale Trade,批发业,批发贸易/综合商社,32.9,オムニ・プラス・システム・リミテッド　ＪＤＲ
7701,7701.T,Shimadzu Corporation,島津制作所,,Prime Market (Domestic),Precision Instruments,精密仪器,精密仪器与光学设备,,島津製作所
7702,7702.T,"JMS CO.,LTD.","JMS CO.,LTD.",,Standard Market(Domestic),Precision Instruments,精密仪器,精密仪器与光学设备,,ＪＭＳ
7707,7707.T,"Precision System Science Co.,Ltd.",プレシジョン・系统・サイエンス,,Growth Market(Domestic),Precision Instruments,精密仪器,精密仪器与光学设备,,プレシジョン・システム・サイエンス
7709,7709.T,KUBOTEK CORPORATION,KUBOTEK 公司,,Standard Market(Domestic),Precision Instruments,精密仪器,精密仪器与光学设备,,クボテック
7711,7711.T,"SUKEGAWA ELECTRIC CO.,LTD.",助川電気工業,,Standard Market(Domestic),Precision Instruments,精密仪器,电子设备/电气设备（具体产品待核验）,,助川電気工業
7713,7713.T,"SIGMA KOKI CO.,LTD.",シグマ光機,,Standard Market(Domestic),Precision Instruments,精密仪器,精密仪器与光学设备,32.9,シグマ光機
7715,7715.T,"NAGANO KEIKI CO.,LTD.",長野計器,,Prime Market (Domestic),Precision Instruments,精密仪器,精密仪器与光学设备,32.9,長野計器
7716,7716.T,NAKANISHI INC.,NAKANISHI INC.,,Standard Market(Domestic),Precision Instruments,精密仪器,精密仪器与光学设备,,ナカニシ
7717,7717.T,"V Technology Co.,Ltd.",ブイ・科技,,Prime Market (Domestic),Precision Instruments,精密仪器,精密仪器与光学设备,,ブイ・テクノロジー
7719,7719.T,TOKYO KOKI CO.LTD.,東京衡機,,Standard Market(Domestic),Precision Instruments,精密仪器,精密仪器与光学设备,32.9,東京衡機
7721,7721.T,TOKYO KEIKI INC.,東京計器,,Prime Market (Domestic),Precision Instruments,精密仪器,精密仪器与光学设备,32.9,東京計器
7722,7722.T,"KOKUSAI CO.,LTD.",国際計測器,,Standard Market(Domestic),Precision Instruments,精密仪器,精密仪器与光学设备,,国際計測器
7723,7723.T,"Aichi Tokei Denki Co.,Ltd.",愛知時計電機,,Prime Market (Domestic),Precision Instruments,精密仪器,精密仪器与光学设备,,愛知時計電機
7725,7725.T,INTER ACTION Corporation,INTER ACTION 公司,,Prime Market (Domestic),Precision Instruments,精密仪器,精密仪器与光学设备,32.9,インターアクション
7726,7726.T,KURODA PRECISION INDUSTRIES LTD.,黒田精工,,Standard Market(Domestic),Machinery,机械,工业机械与自动化设备（具体产品待核验）,,黒田精工
7727,7727.T,OVAL Corporation,OVAL 公司,,Standard Market(Domestic),Precision Instruments,精密仪器,精密仪器与光学设备,,オーバル
7729,7729.T,"TOKYO SEIMITSU CO.,LTD.",東京精密,,Prime Market (Domestic),Precision Instruments,精密仪器,精密仪器与光学设备,,東京精密
7730,7730.T,"MANI,INC.","MANI,INC.",,Prime Market (Domestic),Precision Instruments,精密仪器,精密仪器与光学设备,,マニー
7731,7731.T,NIKON CORPORATION,NIKON 公司,,Prime Market (Domestic),Precision Instruments,精密仪器,精密仪器与光学设备,,ニコン
7733,7733.T,OLYMPUS CORPORATION,OLYMPUS 公司,,Prime Market (Domestic),Precision Instruments,精密仪器,精密仪器与光学设备,,オリンパス
7734,7734.T,"RIKEN KEIKI CO.,LTD.",理研計器,,Prime Market (Domestic),Precision Instruments,精密仪器,精密仪器与光学设备,,理研計器
7735,7735.T,"SCREEN Holdings Co.,Ltd.",SCREEN控股,,Prime Market (Domestic),Electric Appliances,电气设备,半导体设备（涂胶显影、清洗与晶圆制造设备）,,ＳＣＲＥＥＮホールディングス
7740,7740.T,"Tamron Co.,Ltd.","Tamron Co.,Ltd.",,Prime Market (Domestic),Precision Instruments,精密仪器,精密仪器与光学设备,,タムロン
7741,7741.T,HOYA CORPORATION,HOYA,,Prime Market (Domestic),Precision Instruments,精密仪器,精密仪器与光学设备,,ＨＯＹＡ
7743,7743.T,"SEED CO.,LTD.","SEED CO.,LTD.",,Standard Market(Domestic),Precision Instruments,精密仪器,精密仪器与光学设备,,シード
7744,7744.T,"Noritsu Koki Co.,Ltd.",ノーリツ鋼機,,Prime Market (Domestic),Precision Instruments,精密仪器,精密仪器与光学设备,,ノーリツ鋼機
7745,7745.T,"A&D HOLON Holdings Company,Limited",Ａ＆Ｄホロン控股,,Prime Market (Domestic),Precision Instruments,精密仪器,精密仪器与光学设备,,Ａ＆Ｄホロンホールディングス
7746,7746.T,"OKAMOTO GLASS CO.,LTD.",岡本硝子,,Standard Market(Domestic),Precision Instruments,精密仪器,精密仪器与光学设备,,岡本硝子
7747,7747.T,"ASAHI INTECC CO.,LTD.",朝日インテック,,Prime Market (Domestic),Precision Instruments,精密仪器,精密仪器与光学设备,,朝日インテック
7749,7749.T,"MEDIKIT CO.,LTD.","MEDIKIT CO.,LTD.",,Standard Market(Domestic),Precision Instruments,精密仪器,精密仪器与光学设备,,メディキット
7751,7751.T,CANON INC.,佳能,,Prime Market (Domestic),Electric Appliances,电气设备,电子设备/电气设备（具体产品待核验）,,キヤノン
7752,7752.T,"RICOH COMPANY,LTD.","RICOH COMPANY,LTD.",,Prime Market (Domestic),Electric Appliances,电气设备,电子设备/电气设备（具体产品待核验）,,リコー
7760,7760.T,IMV CORPORATION,IMV 公司,,Standard Market(Domestic),Precision Instruments,精密仪器,精密仪器与光学设备,,ＩＭＶ
7762,7762.T,"Citizen Watch Co.,Ltd.",シチズン時計,,Prime Market (Domestic),Precision Instruments,精密仪器,精密仪器与光学设备,,シチズン時計
7769,7769.T,"RHYTHM CO.,LTD.","RHYTHM CO.,LTD.",,Prime Market (Domestic),Precision Instruments,精密仪器,精密仪器与光学设备,,リズム
7771,7771.T,"Nihon Seimitsu Co.,Ltd.",日本精密,,Standard Market(Domestic),Precision Instruments,精密仪器,精密仪器与光学设备,,日本精密
7774,7774.T,"Japan Tissue Engineering Co.,Ltd.",ジャパン・ティッシュ工程,,Growth Market(Domestic),Precision Instruments,精密仪器,精密仪器与光学设备,,ジャパン・ティッシュエンジニアリング
7775,7775.T,"DAIKEN MEDICAL CO.,LTD.",大研医器,,Standard Market(Domestic),Precision Instruments,精密仪器,医疗服务与医疗器械,,大研医器
7776,7776.T,CellSeed Inc.,CellSeed Inc.,,Growth Market(Domestic),Precision Instruments,精密仪器,精密仪器与光学设备,,セルシード
7777,7777.T,"3-D Matrix,Ltd.","3-D Matrix,Ltd.",,Growth Market(Domestic),Precision Instruments,精密仪器,精密仪器与光学设备,,スリー・ディー・マトリックス
7779,7779.T,"CYBERDYNE,INC.","CYBERDYNE,INC.",,Growth Market(Domestic),Precision Instruments,精密仪器,精密仪器与光学设备,,ＣＹＢＥＲＤＹＮＥ
7780,7780.T,"Menicon Co.,Ltd.","Menicon Co.,Ltd.",,Prime Market (Domestic),Precision Instruments,精密仪器,精密仪器与光学设备,,メニコン
7781,7781.T,"HIRAYAMA HOLDINGS Co.,Ltd.",平山控股,,Standard Market(Domestic),Precision Instruments,精密仪器,精密仪器与光学设备,,平山ホールディングス
7782,7782.T,"Sincere Co.,LTD.","Sincere Co.,LTD.",,Standard Market(Domestic),Precision Instruments,精密仪器,精密仪器与光学设备,,シンシア
7791,7791.T,"DREAMBED CO.,LTD.","DREAMBED CO.,LTD.",,Standard Market(Domestic),Other Products,其他制品,其他制造业（公司级产品待核验）,,ドリームベッド
7792,7792.T,"Colan Totte.Co.,Ltd.","Colan Totte.Co.,Ltd.",,Growth Market(Domestic),Other Products,其他制品,其他制造业（公司级产品待核验）,,コラントッテ
7793,7793.T,IMAGE MAGIC Inc.,IMAGE MAGIC Inc.,,Growth Market(Domestic),Other Products,其他制品,其他制造业（公司级产品待核验）,,イメージ・マジック
7794,7794.T,EDP Corporation,EDP 公司,,Growth Market(Domestic),Other Products,其他制品,其他制造业（公司级产品待核验）,32.9,イーディーピー
7795,7795.T,"KYORITSU CO.,LTD.","KYORITSU CO.,LTD.",,Standard Market(Domestic),Other Products,其他制品,其他制造业（公司级产品待核验）,,ＫＹＯＲＩＴＳＵ
7800,7800.T,"Amifa Co.,Ltd.","Amifa Co.,Ltd.",,Standard Market(Domestic),Other Products,其他制品,其他制造业（公司级产品待核验）,,アミファ
7803,7803.T,Bushiroad Inc.,Bushiroad Inc.,,Growth Market(Domestic),Other Products,其他制品,其他制造业（公司级产品待核验）,32.9,ブシロード
7804,7804.T,"B&P Co.,Ltd.","B&P Co.,Ltd.",,Standard Market(Domestic),Other Products,其他制品,其他制造业（公司级产品待核验）,,ビーアンドピー
7805,7805.T,PRINTNET INC.,PRINTNET INC.,,Standard Market(Domestic),Other Products,其他制品,其他制造业（公司级产品待核验）,,プリントネット
7806,7806.T,"MTG Co.,Ltd.","MTG Co.,Ltd.",,Growth Market(Domestic),Other Products,其他制品,其他制造业（公司级产品待核验）,32.9,ＭＴＧ
7807,7807.T,"KOWA CO.,LTD.",幸和制作所,,Standard Market(Domestic),Other Products,其他制品,其他制造业（公司级产品待核验）,,幸和製作所
7808,7808.T,"C.S. LUMBER CO.,INC","C.S. LUMBER CO.,INC",,Standard Market(Domestic),Other Products,其他制品,其他制造业（公司级产品待核验）,,シー・エス・ランバー
7809,7809.T,"KOTOBUKIYA CO.,LTD.",壽屋,,Standard Market(Domestic),Other Products,其他制品,其他制造业（公司级产品待核验）,,壽屋
7810,7810.T,"Crossfor Co.,Ltd.","Crossfor Co.,Ltd.",,Standard Market(Domestic),Other Products,其他制品,其他制造业（公司级产品待核验）,,クロスフォー
7811,7811.T,"NAKAMOTO PACKS CO.,LTD.",中本パックス,,Standard Market(Domestic),Other Products,其他制品,其他制造业（公司级产品待核验）,,中本パックス
7812,7812.T,CRESTEC Inc.,CRESTEC Inc.,,Standard Market(Domestic),Other Products,其他制品,其他制造业（公司级产品待核验）,,クレステック
7813,7813.T,"PLATZ Co.,Ltd.","PLATZ Co.,Ltd.",,Standard Market(Domestic),Other Products,其他制品,其他制造业（公司级产品待核验）,,プラッツ
7814,7814.T,"JAPAN Creative Platform Group Co.,Ltd.",日本創発集团,,Standard Market(Domestic),Other Products,其他制品,其他制造业（公司级产品待核验）,,日本創発グループ
7815,7815.T,"TOKYO BOARD INDUSTRIES CO.,LTD.",東京ボード工業,,Standard Market(Domestic),Other Products,其他制品,其他制造业（公司级产品待核验）,,東京ボード工業
7818,7818.T,"TRANSACTION CO.,Ltd.","TRANSACTION CO.,Ltd.",,Prime Market (Domestic),Other Products,其他制品,其他制造业（公司级产品待核验）,32.9,トランザクション
7819,7819.T,SHOBIDO Corporation,粧美堂,,Standard Market(Domestic),Other Products,其他制品,其他制造业（公司级产品待核验）,,粧美堂
7820,7820.T,"NIHON FLUSH CO.,LTD.","NIHON FLUSH CO.,LTD.",,Prime Market (Domestic),Other Products,其他制品,其他制造业（公司级产品待核验）,,ニホンフラッシュ
7821,7821.T,"MAEDA KOSEN CO.,LTD.",前田工繊,,Prime Market (Domestic),Other Products,其他制品,其他制造业（公司级产品待核验）,32.9,前田工繊
7822,7822.T,"Eidai Co.,Ltd.",永大工业,,Standard Market(Domestic),Other Products,其他制品,其他制造业（公司级产品待核验）,,永大産業
7823,7823.T,ARTNATURE INC.,ARTNATURE INC.,,Standard Market(Domestic),Other Products,其他制品,其他制造业（公司级产品待核验）,,アートネイチャー
7826,7826.T,"FURUYA METAL CO.,LTD.",フルヤ金属,,Prime Market (Domestic),Other Products,其他制品,其他制造业（公司级产品待核验）,,フルヤ金属
7827,7827.T,ORVIS CORPORATION,ORVIS 公司,,Standard Market(Domestic),Other Products,其他制品,其他制造业（公司级产品待核验）,,オービス
7831,7831.T,Wellco Holdings Corporation,ウイルコ控股,,Standard Market(Domestic),Other Products,其他制品,其他制造业（公司级产品待核验）,,ウイルコホールディングス
7832,7832.T,Bandai Namco Holdings Inc.,バンダイナムコ控股,,Prime Market (Domestic),Other Products,其他制品,其他制造业（公司级产品待核验）,520.53,バンダイナムコホールディングス
7833,7833.T,IFIS JAPAN LTD.,IFIS JAPAN LTD.,,Standard Market(Domestic),Other Products,其他制品,其他制造业（公司级产品待核验）,,アイフィスジャパン
7836,7836.T,"AVIX,Inc.","AVIX,Inc.",,Standard Market(Domestic),Other Products,其他制品,其他制造业（公司级产品待核验）,,アビックス
7837,7837.T,"R.C.CORE CO.,LTD.","R.C.CORE CO.,LTD.",,Standard Market(Domestic),Other Products,其他制品,其他制造业（公司级产品待核验）,,アールシーコア
7839,7839.T,"SHOEI CO.,LTD.","SHOEI CO.,LTD.",,Prime Market (Domestic),Other Products,其他制品,其他制造业（公司级产品待核验）,,ＳＨＯＥＩ
7840,7840.T,"FRANCE BED HOLDINGS CO.,LTD.",フランスベッド控股,,Prime Market (Domestic),Other Products,其他制品,其他制造业（公司级产品待核验）,,フランスベッドホールディングス
7841,7841.T,"ENDO MANUFACTURING CO.,LTD.",遠藤制作所,,Standard Market(Domestic),Other Products,其他制品,其他制造业（公司级产品待核验）,,遠藤製作所
7844,7844.T,Marvelous Inc.,Marvelous Inc.,,Prime Market (Domestic),Information & Communication,信息通信,通信、网络设备与通信服务,,マーベラス
7846,7846.T,PILOT CORPORATION,パイロット公司,,Prime Market (Domestic),Other Products,其他制品,其他制造业（公司级产品待核验）,,パイロットコーポレーション
7847,7847.T,GRAPHITE DESIGN INC.,GRAPHITE DESIGN INC.,,Standard Market(Domestic),Other Products,其他制品,其他制造业（公司级产品待核验）,,グラファイトデザイン
7849,7849.T,Starts Publishing Corporation,スターツ出版,,Standard Market(Domestic),Information & Communication,信息通信,通信、网络设备与通信服务,,スターツ出版
7850,7850.T,"SOUGOU SHOUKEN CO.,LTD.",総合商研,,Standard Market(Domestic),Other Products,其他制品,其他制造业（公司级产品待核验）,,総合商研
7851,7851.T,"KAWASE COMPUTER SUPPLIES CO.,LTD.","KAWASE COMPUTER SUPPLIES CO.,LTD.",,Standard Market(Domestic),Other Products,其他制品,其他制造业（公司级产品待核验）,,カワセコンピュータサプライ
7856,7856.T,HAGIHARA INDUSTRIES INC.,萩原工業,,Prime Market (Domestic),Other Products,其他制品,其他制造业（公司级产品待核验）,,萩原工業
7857,7857.T,"SEKI CO.,LTD.","SEKI CO.,LTD.",,Standard Market(Domestic),Other Products,其他制品,其他制造业（公司级产品待核验）,,セキ
7859,7859.T,ALMEDIO INC.,ALMEDIO INC.,,Standard Market(Domestic),Other Products,其他制品,其他制造业（公司级产品待核验）,,アルメディオ
7860,7860.T,Avex Inc.,Avex Inc.,,Prime Market (Domestic),Information & Communication,信息通信,通信、网络设备与通信服务,32.9,エイベックス
7863,7863.T,"HIRAGA CO.,LTD.",平賀,,Standard Market(Domestic),Other Products,其他制品,其他制造业（公司级产品待核验）,,平賀
7864,7864.T,"FUJI SEAL INTERNATIONAL,INC.","FUJI SEAL INTERNATIONAL,INC.",,Prime Market (Domestic),Other Products,其他制品,其他制造业（公司级产品待核验）,,フジシールインターナショナル
7865,7865.T,"People Co.,Ltd.","People Co.,Ltd.",,Standard Market(Domestic),Other Products,其他制品,其他制造业（公司级产品待核验）,,ピープル
7867,7867.T,"TOMY COMPANY,LTD.","TOMY COMPANY,LTD.",,Prime Market (Domestic),Other Products,其他制品,其他制造业（公司级产品待核验）,32.9,タカラトミー
7868,7868.T,"KOSAIDO Holdings Co.,Ltd.",広済堂控股,,Prime Market (Domestic),Other Products,其他制品,其他制造业（公司级产品待核验）,,広済堂ホールディングス
7871,7871.T,"FUKUVI CHEMICAL INDUSTRY CO.,LTD.",フクビ化学工業,,Standard Market(Domestic),Chemicals,化学,基础化工/特种化学品（具体品类待核验）,,フクビ化学工業
7872,7872.T,"ESTELLE HOLDINGS CO.,LTD.",エステール控股,,Standard Market(Domestic),Other Products,其他制品,其他制造业（公司级产品待核验）,,エステールホールディングス
7874,7874.T,"LEC,INC.","LEC,INC.",,Prime Market (Domestic),Chemicals,化学,基础化工/特种化学品（具体品类待核验）,,レック
7875,7875.T,"TAKEDA iP HOLDINGS CO.,LTD.",竹田ｉＰ控股,,Standard Market(Domestic),Other Products,其他制品,其他制造业（公司级产品待核验）,,竹田ｉＰホールディングス
7877,7877.T,"EIDAI KAKO CO.,LTD.",永大化工,,Standard Market(Domestic),Chemicals,化学,基础化工/特种化学品（具体品类待核验）,,永大化工
7878,7878.T,"Kohsai Co.,Ltd.",光・彩,,Standard Market(Domestic),Other Products,其他制品,其他制造业（公司级产品待核验）,,光・彩
7879,7879.T,NODA CORPORATION,NODA 公司,,Standard Market(Domestic),Other Products,其他制品,其他制造业（公司级产品待核验）,,ノダ
7883,7883.T,"Sun Messe Co.,Ltd.","Sun Messe Co.,Ltd.",,Standard Market(Domestic),Other Products,其他制品,其他制造业（公司级产品待核验）,32.9,サンメッセ
7885,7885.T,"TAKANO Co.,Ltd.","TAKANO Co.,Ltd.",,Standard Market(Domestic),Other Products,其他制品,其他制造业（公司级产品待核验）,,タカノ
7886,7886.T,"YAMATO Mobility & Mfg. Co.,Ltd.","YAMATO Mobility & Mfg. Co.,Ltd.",,Standard Market(Domestic),Chemicals,化学,基础化工/特种化学品（具体品类待核验）,,ヤマト　モビリティ　＆　Ｍｆｇ．
7887,7887.T,"NANKAI PLYWOOD CO.,LTD.",南海プライウッド,,Standard Market(Domestic),Other Products,其他制品,其他制造业（公司级产品待核验）,,南海プライウッド
7888,7888.T,SANKO GOSEI LTD.,三光合成,,Prime Market (Domestic),Chemicals,化学,基础化工/特种化学品（具体品类待核验）,,三光合成
7893,7893.T,PRONEXUS INC.,PRONEXUS INC.,,Prime Market (Domestic),Other Products,其他制品,其他制造业（公司级产品待核验）,,プロネクサス
7896,7896.T,"SEVEN INDUSTRIES CO.,LTD.",セブン工業,,Standard Market(Domestic),Other Products,其他制品,其他制造业（公司级产品待核验）,,セブン工業
7897,7897.T,"HOKUSHIN CO.,LTD.","HOKUSHIN CO.,LTD.",,Standard Market(Domestic),Other Products,其他制品,其他制造业（公司级产品待核验）,,ホクシン
7898,7898.T,"WOOD ONE CO.,LTD.","WOOD ONE CO.,LTD.",,Standard Market(Domestic),Other Products,其他制品,其他制造业（公司级产品待核验）,,ウッドワン
7901,7901.T,MATSUMOTO INC.,MATSUMOTO INC.,,Standard Market(Domestic),Other Products,其他制品,其他制造业（公司级产品待核验）,,マツモト
7902,7902.T,"SONOCOM CO.,LTD.","SONOCOM CO.,LTD.",,Standard Market(Domestic),Other Products,其他制品,其他制造业（公司级产品待核验）,,ソノコム
7906,7906.T,"YONEX CO.,LTD.","YONEX CO.,LTD.",,Standard Market(Domestic),Other Products,其他制品,其他制造业（公司级产品待核验）,32.9,ヨネックス
7908,7908.T,"KIMOTO CO.,LTD.","KIMOTO CO.,LTD.",,Standard Market(Domestic),Chemicals,化学,基础化工/特种化学品（具体品类待核验）,32.9,きもと
7911,7911.T,TOPPAN Holdings Inc.,ＴＯＰＰＡＮ控股,,Prime Market (Domestic),Other Products,其他制品,其他制造业（公司级产品待核验）,65.45,ＴＯＰＰＡＮホールディングス
7912,7912.T,"Dai Nippon Printing Co.,Ltd.",大日本印刷,,Prime Market (Domestic),Other Products,其他制品,其他制造业（公司级产品待核验）,32.9,大日本印刷
7914,7914.T,"Kyodo Printing Co.,Ltd.",共同印刷,,Prime Market (Domestic),Other Products,其他制品,其他制造业（公司级产品待核验）,,共同印刷
7915,7915.T,"Nissha Co.,Ltd.","Nissha Co.,Ltd.",,Prime Market (Domestic),Other Products,其他制品,其他制造业（公司级产品待核验）,,ＮＩＳＳＨＡ
7916,7916.T,"MITSUMURA PRINTING CO.,LTD.",光村印刷,,Standard Market(Domestic),Other Products,其他制品,其他制造业（公司级产品待核验）,,光村印刷
7917,7917.T,ZACROS Corporation,ZACROS 公司,,Prime Market (Domestic),Chemicals,化学,基础化工/特种化学品（具体品类待核验）,,ＺＡＣＲＯＳ
7918,7918.T,"VIA Holdings,Inc.",ヴィア・控股,,Standard Market(Domestic),Retail Trade,零售业,零售与消费品渠道,,ヴィア・ホールディングス
7919,7919.T,"Nozaki Insatsu Shigyo Co.,Ltd.",野崎印刷紙業,,Standard Market(Domestic),Other Products,其他制品,其他制造业（公司级产品待核验）,,野崎印刷紙業
7921,7921.T,TAKARA & COMPANY LTD.,TAKARA & COMPANY LTD.,,Prime Market (Domestic),Other Products,其他制品,其他制造业（公司级产品待核验）,,ＴＡＫＡＲＡ　＆　ＣＯＭＰＡＮＹ
7927,7927.T,MUTO SEIKO CO.,ムトー精工,,Standard Market(Domestic),Chemicals,化学,基础化工/特种化学品（具体品类待核验）,32.9,ムトー精工
7928,7928.T,"ASAHI KAGAKU KOGYO CO.,LTD.",旭化学工業,,Standard Market(Domestic),Chemicals,化学,基础化工/特种化学品（具体品类待核验）,32.9,旭化学工業
7931,7931.T,"MIRAI INDUSTRY CO.,LTD.",未来工業,,Prime Market (Domestic),Chemicals,化学,基础化工/特种化学品（具体品类待核验）,32.9,未来工業
7932,7932.T,"Nippi,Incorporated","Nippi,Incorporated",,Standard Market(Domestic),Other Products,其他制品,其他制造业（公司级产品待核验）,,ニッピ
7936,7936.T,ASICS Corporation,ASICS 公司,,Prime Market (Domestic),Other Products,其他制品,其他制造业（公司级产品待核验）,32.9,アシックス
7937,7937.T,"TSUTSUMI JEWELRY CO.,LTD.","TSUTSUMI JEWELRY CO.,LTD.",,Standard Market(Domestic),Other Products,其他制品,其他制造业（公司级产品待核验）,,ツツミ
7938,7938.T,REGAL CORPORATION,リーガル公司,,Standard Market(Domestic),Other Products,其他制品,其他制造业（公司级产品待核验）,,リーガルコーポレーション
7939,7939.T,"KENSOH CO.,LTD.",研創,,Standard Market(Domestic),Other Products,其他制品,其他制造业（公司级产品待核验）,,研創
7942,7942.T,JSP Corporation,JSP 公司,,Prime Market (Domestic),Chemicals,化学,基础化工/特种化学品（具体品类待核验）,32.9,ＪＳＰ
7943,7943.T,NICHIHA CORPORATION,NICHIHA 公司,,Prime Market (Domestic),Glass and Ceramics Products,玻璃土石制品,玻璃、陶瓷与建筑材料（具体产品待核验）,32.9,ニチハ
7944,7944.T,Roland Corporation,Roland 公司,,Prime Market (Domestic),Other Products,其他制品,其他制造业（公司级产品待核验）,,ローランド
7946,7946.T,KOYOSHA INC.,光陽社,,Standard Market(Domestic),Other Products,其他制品,其他制造业（公司级产品待核验）,,光陽社
7947,7947.T,FP CORPORATION,FP 公司,,Prime Market (Domestic),Chemicals,化学,基础化工/特种化学品（具体品类待核验）,,エフピコ
7949,7949.T,"KOMATSU WALL INDUSTRY CO.,LTD.",小松ウオール工業,,Prime Market (Domestic),Other Products,其他制品,其他制造业（公司级产品待核验）,,小松ウオール工業
7951,7951.T,YAMAHA CORPORATION,YAMAHA 公司,,Prime Market (Domestic),Other Products,其他制品,其他制造业（公司级产品待核验）,32.9,ヤマハ
7952,7952.T,"Kawai Musical Instruments Manufacturing Co.,Ltd.",河合楽器制作所,,Prime Market (Domestic),Other Products,其他制品,其他制造业（公司级产品待核验）,32.9,河合楽器製作所
7953,7953.T,"KIKUSUI CHEMICAL INDUSTRIES CO.,LTD.",菊水化学工業,,Standard Market(Domestic),Other Products,其他制品,基础化工/特种化学品（具体品类待核验）,,菊水化学工業
7955,7955.T,Cleanup Corporation,Cleanup 公司,,Prime Market (Domestic),Other Products,其他制品,其他制造业（公司级产品待核验）,,クリナップ
7956,7956.T,PIGEON CORPORATION,PIGEON 公司,,Prime Market (Domestic),Other Products,其他制品,其他制造业（公司级产品待核验）,,ピジョン
7957,7957.T,"FUJICOPIAN CO.,LTD.","FUJICOPIAN CO.,LTD.",,Standard Market(Domestic),Other Products,其他制品,其他制造业（公司级产品待核验）,32.9,フジコピアン
7962,7962.T,"KING JIM CO.,LTD.","KING JIM CO.,LTD.",,Prime Market (Domestic),Other Products,其他制品,其他制造业（公司级产品待核验）,,キングジム
7963,7963.T,KOKEN LTD.,興研,,Standard Market(Domestic),Other Products,其他制品,其他制造业（公司级产品待核验）,,興研
7965,7965.T,Zojirushi Corporation,象印マホービン,,Prime Market (Domestic),Electric Appliances,电气设备,电子设备/电气设备（具体产品待核验）,,象印マホービン
7966,7966.T,LINTEC Corporation,LINTEC 公司,,Prime Market (Domestic),Other Products,其他制品,其他制造业（公司级产品待核验）,,リンテック
7970,7970.T,"Shin-Etsu Polymer Co.,Ltd.",信越ポリマー,,Prime Market (Domestic),Chemicals,化学,基础化工/特种化学品（具体品类待核验）,32.9,信越ポリマー
7971,7971.T,TOLI Corporation,東リ,,Standard Market(Domestic),Chemicals,化学,基础化工/特种化学品（具体品类待核验）,,東リ
7972,7972.T,ITOKI CORPORATION,ITOKI 公司,,Prime Market (Domestic),Other Products,其他制品,其他制造业（公司级产品待核验）,32.9,イトーキ
7974,7974.T,"Nintendo Co.,Ltd.",任天堂,,Prime Market (Domestic),Other Products,其他制品,游戏主机与数字娱乐内容,32.9,任天堂
7975,7975.T,"LIHIT LAB.,INC.","LIHIT LAB.,INC.",,Standard Market(Domestic),Other Products,其他制品,其他制造业（公司级产品待核验）,,リヒトラブ
7976,7976.T,"MITSUBISHI PENCIL COMPANY,LIMITED",三菱鉛筆,,Prime Market (Domestic),Other Products,其他制品,其他制造业（公司级产品待核验）,,三菱鉛筆
7979,7979.T,SHOFU INC.,松風,,Prime Market (Domestic),Precision Instruments,精密仪器,精密仪器与光学设备,,松風
7980,7980.T,"SHIGEMATSU WORKS CO.,LTD.",重松制作所,,Standard Market(Domestic),Other Products,其他制品,其他制造业（公司级产品待核验）,32.9,重松製作所
7981,7981.T,"TAKARA STANDARD CO.,LTD.","TAKARA STANDARD CO.,LTD.",,Prime Market (Domestic),Other Products,其他制品,其他制造业（公司级产品待核验）,,タカラスタンダード
7983,7983.T,Miroku Corporation,Miroku 公司,,Standard Market(Domestic),Other Products,其他制品,其他制造业（公司级产品待核验）,,ミロク
7984,7984.T,"KOKUYO CO.,LTD.","KOKUYO CO.,LTD.",,Prime Market (Domestic),Other Products,其他制品,其他制造业（公司级产品待核验）,,コクヨ
7985,7985.T,NEPON Inc.,NEPON Inc.,,Standard Market(Domestic),Metal Products,金属制品,金属制品、零部件与加工（具体产品待核验）,,ネポン
7986,7986.T,"NIHON ISK Company,Limited",日本アイ・エス・ケイ,,Standard Market(Domestic),Other Products,其他制品,其他制造业（公司级产品待核验）,,日本アイ・エス・ケイ
7987,7987.T,"NAKABAYASHI CO.,LTD.","NAKABAYASHI CO.,LTD.",,Standard Market(Domestic),Other Products,其他制品,其他制造业（公司级产品待核验）,,ナカバヤシ
7988,7988.T,NIFCO INC.,NIFCO INC.,,Prime Market (Domestic),Chemicals,化学,基础化工/特种化学品（具体品类待核验）,32.9,ニフコ
7989,7989.T,TACHIKAWA CORPORATION,立川ブラインド工業,,Prime Market (Domestic),Metal Products,金属制品,金属制品、零部件与加工（具体产品待核验）,,立川ブラインド工業
7990,7990.T,"GLOBERIDE,Inc.","GLOBERIDE,Inc.",,Prime Market (Domestic),Other Products,其他制品,其他制造业（公司级产品待核验）,,グローブライド
7991,7991.T,"MAMIYA-OP CO.,LTD","MAMIYA-OP CO.,LTD",,Standard Market(Domestic),Machinery,机械,工业机械与自动化设备（具体产品待核验）,,マミヤ・オーピー
7992,7992.T,"The Sailor Pen Co.,Ltd.",セーラー万年筆,,Standard Market(Domestic),Other Products,其他制品,其他制造业（公司级产品待核验）,,セーラー万年筆
7994,7994.T,OKAMURA CORPORATION,OKAMURA 公司,,Prime Market (Domestic),Other Products,其他制品,其他制造业（公司级产品待核验）,,オカムラ
7995,7995.T,"VALQUA,LTD.","VALQUA,LTD.",,Prime Market (Domestic),Chemicals,化学,基础化工/特种化学品（具体品类待核验）,,バルカー
7997,7997.T,Kurogane Kosakusho Ltd.,くろがね工作所,,Standard Market(Domestic),Other Products,其他制品,其他制造业（公司级产品待核验）,,くろがね工作所
8001,8001.T,ITOCHU Corporation,伊藤忠商事,,Prime Market (Domestic),Wholesale Trade,批发业,综合商社（能源、机械、食品与化学品贸易）,32.9,伊藤忠商事
8002,8002.T,Marubeni Corporation,丸红,,Prime Market (Domestic),Wholesale Trade,批发业,批发贸易/综合商社,32.9,丸紅
8005,8005.T,Scroll Corporation,Scroll 公司,,Prime Market (Domestic),Retail Trade,零售业,零售与消费品渠道,,スクロール
8006,8006.T,"YUASA FUNASHOKU Co.,Ltd.","YUASA FUNASHOKU Co.,Ltd.",,Standard Market(Domestic),Wholesale Trade,批发业,批发贸易/综合商社,,ユアサ・フナショク
8007,8007.T,"Takashima & Co.,Ltd.",高島,,Prime Market (Domestic),Wholesale Trade,批发业,批发贸易/综合商社,,高島
8008,8008.T,YONDOSHI HOLDINGS INC.,ヨンドシー控股,,Prime Market (Domestic),Retail Trade,零售业,零售与消费品渠道,32.9,ヨンドシーホールディングス
8011,8011.T,SANYO SHOKAI LTD.,三陽商会,,Prime Market (Domestic),Textiles and Apparels,纤维制品,纺织、服装与生活消费品（具体品类待核验）,,三陽商会
8012,8012.T,"NAGASE & CO.,LTD.",長瀬工业,,Prime Market (Domestic),Wholesale Trade,批发业,批发贸易/综合商社,,長瀬産業
8013,8013.T,"NAIGAI CO.,LTD.","NAIGAI CO.,LTD.",,Standard Market(Domestic),Textiles and Apparels,纤维制品,纺织、服装与生活消费品（具体品类待核验）,,ナイガイ
8014,8014.T,"CHORI CO.,LTD.",蝶理,,Prime Market (Domestic),Wholesale Trade,批发业,批发贸易/综合商社,,蝶理
8015,8015.T,TOYOTA TSUSHO CORPORATION,豊田通商,,Prime Market (Domestic),Wholesale Trade,批发业,批发贸易/综合商社,,豊田通商
8016,8016.T,"ONWARD HOLDINGS CO.,LTD.",オンワード控股,,Prime Market (Domestic),Textiles and Apparels,纤维制品,纺织、服装与生活消费品（具体品类待核验）,,オンワードホールディングス
8018,8018.T,"SANKYO SEIKO CO.,LTD.",三共生興,,Standard Market(Domestic),Wholesale Trade,批发业,批发贸易/综合商社,32.9,三共生興
8020,8020.T,KANEMATSU CORPORATION,兼松,,Prime Market (Domestic),Wholesale Trade,批发业,批发贸易/综合商社,32.9,兼松
8022,8022.T,Mizuno Corporation,美津濃,,Prime Market (Domestic),Other Products,其他制品,其他制造业（公司级产品待核验）,,美津濃
8023,8023.T,"DAIKO XTECH,LTD.","DAIKO XTECH,LTD.",,Standard Market(Domestic),Information & Communication,信息通信,通信、网络设备与通信服务,,ＤＡＩＫＯ　ＸＴＥＣＨ
8025,8025.T,"TSUKAMOTO CORPORATION CO.,LTD.",ツカモト公司,,Standard Market(Domestic),Wholesale Trade,批发业,批发贸易/综合商社,,ツカモトコーポレーション
8029,8029.T,LOOK HOLDINGS INCORPORATED,ルック控股,,Standard Market(Domestic),Textiles and Apparels,纤维制品,纺织、服装与生活消费品（具体品类待核验）,,ルックホールディングス
8030,8030.T,"Chuo Gyorui Co.,Ltd.",中央魚類,,Standard Market(Domestic),Wholesale Trade,批发业,批发贸易/综合商社,,中央魚類
8031,8031.T,"MITSUI & CO.,LTD.",三井物产,,Prime Market (Domestic),Wholesale Trade,批发业,批发贸易/综合商社,32.9,三井物産
8032,8032.T,JAPAN PULP AND PAPER COMPANY LIMITED,日本紙パルプ商事,,Prime Market (Domestic),Wholesale Trade,批发业,批发贸易/综合商社,,日本紙パルプ商事
8035,8035.T,Tokyo Electron Limited,东京电子,,Prime Market (Domestic),Electric Appliances,电气设备,半导体设备（晶圆制造与检测设备）,32.9,東京エレクトロン
8037,8037.T,KAMEI CORPORATION,KAMEI 公司,,Prime Market (Domestic),Wholesale Trade,批发业,批发贸易/综合商社,32.9,カメイ
8039,8039.T,"TSUKIJI UOICHIBA COMPANY,LIMITED",築地魚市場,,Standard Market(Domestic),Wholesale Trade,批发业,批发贸易/综合商社,,築地魚市場
8040,8040.T,"TOKYO SOIR CO.,LTD.",東京ソワール,,Standard Market(Domestic),Textiles and Apparels,纤维制品,纺织、服装与生活消费品（具体品类待核验）,,東京ソワール
8041,8041.T,OUG Holdings Inc.,ＯＵＧ控股,,Standard Market(Domestic),Wholesale Trade,批发业,批发贸易/综合商社,,ＯＵＧホールディングス
8043,8043.T,Starzen Company Limited,Starzen Company Limited,,Prime Market (Domestic),Wholesale Trade,批发业,批发贸易/综合商社,,スターゼン
8045,8045.T,"Yokohama Maruuo Co.,Ltd.",横浜丸魚,,Standard Market(Domestic),Wholesale Trade,批发业,批发贸易/综合商社,,横浜丸魚
8046,8046.T,"MARUFUJI SHEET PILING CO.,LTD.",丸藤シートパイル,,Standard Market(Domestic),Wholesale Trade,批发业,批发贸易/综合商社,,丸藤シートパイル
8050,8050.T,SEIKO GROUP CORPORATION,セイコー集团,,Prime Market (Domestic),Precision Instruments,精密仪器,精密仪器与光学设备,32.9,セイコーグループ
8051,8051.T,YAMAZEN CORPORATION,山善,,Prime Market (Domestic),Wholesale Trade,批发业,批发贸易/综合商社,,山善
8052,8052.T,"TSUBAKIMOTO KOGYO CO.,LTD.",椿本興業,,Prime Market (Domestic),Wholesale Trade,批发业,批发贸易/综合商社,,椿本興業
8053,8053.T,"SUMITOMO CORPORATION (SUMITOMO SHOJI KAISHA,LTD.)",住友商事,,Prime Market (Domestic),Wholesale Trade,批发业,批发贸易/综合商社,32.9,住友商事
8056,8056.T,BIPROGY Inc.,BIPROGY Inc.,,Prime Market (Domestic),Information & Communication,信息通信,通信、网络设备与通信服务,,ＢＩＰＲＯＧＹ
8057,8057.T,"UCHIDA YOKO CO.,LTD.",内田洋行,,Prime Market (Domestic),Wholesale Trade,批发业,批发贸易/综合商社,,内田洋行
8058,8058.T,Mitsubishi Corporation,三菱商事,,Prime Market (Domestic),Wholesale Trade,批发业,综合商社（能源、金属、机械与化学品贸易）,32.9,三菱商事
8059,8059.T,"DAIICHI JITSUGYO CO.,LTD.",第一実業,,Prime Market (Domestic),Wholesale Trade,批发业,批发贸易/综合商社,,第一実業
8060,8060.T,Canon Marketing Japan Inc.,Canon Marketing Japan Inc.,,Prime Market (Domestic),Wholesale Trade,批发业,广告、营销与媒体服务,,キヤノンマーケティングジャパン
8061,8061.T,SEIKA CORPORATION,西華工业,,Prime Market (Domestic),Wholesale Trade,批发业,批发贸易/综合商社,,西華産業
8065,8065.T,SATO SHO-JI CORPORATION,佐藤商事,,Prime Market (Domestic),Wholesale Trade,批发业,批发贸易/综合商社,,佐藤商事
8066,8066.T,MITANI CORPORATION,三谷商事,,Standard Market(Domestic),Wholesale Trade,批发业,批发贸易/综合商社,32.9,三谷商事
8070,8070.T,"TOKYO SANGYO CO.,LTD.",東京工业,,Prime Market (Domestic),Wholesale Trade,批发业,批发贸易/综合商社,,東京産業
8074,8074.T,"YUASA CO.,LTD.","YUASA CO.,LTD.",,Prime Market (Domestic),Wholesale Trade,批发业,批发贸易/综合商社,,ＹＵＡＳＡ
8075,8075.T,Shinsho Corporation,神鋼商事,,Prime Market (Domestic),Wholesale Trade,批发业,批发贸易/综合商社,,神鋼商事
8076,8076.T,CANOX CORPORATION,CANOX 公司,,Standard Market(Domestic),Wholesale Trade,批发业,批发贸易/综合商社,,カノークス
8077,8077.T,TORQ Inc.,TORQ Inc.,,Standard Market(Domestic),Wholesale Trade,批发业,批发贸易/综合商社,,トルク
8078,8078.T,"HANWA CO.,LTD.",阪和興業,,Prime Market (Domestic),Wholesale Trade,批发业,批发贸易/综合商社,,阪和興業
8079,8079.T,SHOEI FOODS CORPORATION,正栄食品工業,,Prime Market (Domestic),Wholesale Trade,批发业,批发贸易/综合商社,,正栄食品工業
8081,8081.T,KANADEN CORPORATION,KANADEN 公司,,Prime Market (Domestic),Wholesale Trade,批发业,批发贸易/综合商社,,カナデン
8084,8084.T,RYODEN CORPORATION,RYODEN 公司,,Prime Market (Domestic),Wholesale Trade,批发业,批发贸易/综合商社,,ＲＹＯＤＥＮ
8085,8085.T,"NARASAKI SANGYO CO.,LTD.",ナラサキ工业,,Standard Market(Domestic),Wholesale Trade,批发业,批发贸易/综合商社,,ナラサキ産業
8086,8086.T,NIPRO CORPORATION,NIPRO 公司,,Prime Market (Domestic),Precision Instruments,精密仪器,精密仪器与光学设备,,ニプロ
8088,8088.T,IWATANI CORPORATION,岩谷工业,,Prime Market (Domestic),Wholesale Trade,批发业,批发贸易/综合商社,,岩谷産業
8089,8089.T,Nice Corporation,Nice 公司,,Standard Market(Domestic),Wholesale Trade,批发业,批发贸易/综合商社,,ナイス
8091,8091.T,"NICHIMO CO.,LTD.","NICHIMO CO.,LTD.",,Prime Market (Domestic),Wholesale Trade,批发业,批发贸易/综合商社,,ニチモウ
8093,8093.T,"Kyokuto Boeki Kaisha,Limited",極東貿易,,Prime Market (Domestic),Wholesale Trade,批发业,批发贸易/综合商社,,極東貿易
8095,8095.T,"Astena Holdings Co.,Ltd.",アステナ控股,,Prime Market (Domestic),Wholesale Trade,批发业,批发贸易/综合商社,,アステナホールディングス
8097,8097.T,"SAN-AI OBBLI CO.,LTD.",三愛オブリ,,Prime Market (Domestic),Wholesale Trade,批发业,批发贸易/综合商社,,三愛オブリ
8098,8098.T,"Inabata & Co.,Ltd.",稲畑工业,,Prime Market (Domestic),Wholesale Trade,批发业,批发贸易/综合商社,,稲畑産業
8101,8101.T,GSI Creos Corporation,GSI Creos 公司,,Prime Market (Domestic),Wholesale Trade,批发业,批发贸易/综合商社,,ＧＳＩクレオス
8103,8103.T,Meiwa Corporation,明和工业,,Prime Market (Domestic),Wholesale Trade,批发业,批发贸易/综合商社,32.9,明和産業
8104,8104.T,KUWAZAWA Holdings Corporation,クワザワ控股,,Standard Market(Domestic),Wholesale Trade,批发业,批发贸易/综合商社,,クワザワホールディングス
8105,8105.T,Bitcoin Japan Corporation,Bitcoin Japan 公司,,Standard Market(Domestic),Wholesale Trade,批发业,批发贸易/综合商社,,Ｂｉｔｃｏｉｎ　Ｊａｐａｎ
8107,8107.T,KIMURATAN CORPORATION,KIMURATAN 公司,,Standard Market(Domestic),Textiles and Apparels,纤维制品,纺织、服装与生活消费品（具体品类待核验）,,キムラタン
8111,8111.T,Goldwin Inc.,Goldwin Inc.,,Prime Market (Domestic),Textiles and Apparels,纤维制品,纺织、服装与生活消费品（具体品类待核验）,,ゴールドウイン
8113,8113.T,UNICHARM CORPORATION,UNICHARM 公司,,Prime Market (Domestic),Chemicals,化学,基础化工/特种化学品（具体品类待核验）,32.9,ユニ・チャーム
8115,8115.T,"MOONBAT Co.,Ltd.","MOONBAT Co.,Ltd.",,Standard Market(Domestic),Wholesale Trade,批发业,批发贸易/综合商社,,ムーンバット
8117,8117.T,CENTRAL AUTOMOTIVE PRODUCTS LTD.,中央自動車工業,,Standard Market(Domestic),Wholesale Trade,批发业,批发贸易/综合商社,,中央自動車工業
8118,8118.T,"KING Co.,Ltd.","KING Co.,Ltd.",,Standard Market(Domestic),Textiles and Apparels,纤维制品,纺织、服装与生活消费品（具体品类待核验）,,キング
8119,8119.T,SANYEI CORPORATION,三栄公司,,Standard Market(Domestic),Wholesale Trade,批发业,批发贸易/综合商社,,三栄コーポレーション
8123,8123.T,"T.KAWABE & CO.,LTD.",川辺,,Standard Market(Domestic),Wholesale Trade,批发业,批发贸易/综合商社,,川辺
8125,8125.T,"Wakita & Co.,LTD.","Wakita & Co.,LTD.",,Prime Market (Domestic),Wholesale Trade,批发业,批发贸易/综合商社,,ワキタ
8127,8127.T,YAMATO INTERNATIONAL INC.,YAMATO INTERNATIONAL INC.,,Standard Market(Domestic),Textiles and Apparels,纤维制品,纺织、服装与生活消费品（具体品类待核验）,,ヤマトインターナショナル
8129,8129.T,"TOHO HOLDINGS CO.,LTD.",東邦控股,,Prime Market (Domestic),Wholesale Trade,批发业,批发贸易/综合商社,,東邦ホールディングス
8130,8130.T,Sangetsu Corporation,Sangetsu 公司,,Prime Market (Domestic),Wholesale Trade,批发业,批发贸易/综合商社,,サンゲツ
8131,8131.T,"Mitsuuroko Group Holdings Co.,Ltd.",ミツウロコ集团控股,,Standard Market(Domestic),Wholesale Trade,批发业,批发贸易/综合商社,,ミツウロコグループホールディングス
8132,8132.T,"SHINANEN HOLDINGS CO.,LTD.",シナネン控股,,Prime Market (Domestic),Wholesale Trade,批发业,批发贸易/综合商社,,シナネンホールディングス
8133,8133.T,"ITOCHU ENEX CO.,LTD.",伊藤忠エネクス,,Prime Market (Domestic),Wholesale Trade,批发业,批发贸易/综合商社,,伊藤忠エネクス
8135,8135.T,ZETT CORPORATION,ZETT 公司,,Standard Market(Domestic),Wholesale Trade,批发业,批发贸易/综合商社,,ゼット
8136,8136.T,"Sanrio Company,Ltd.","Sanrio Company,Ltd.",,Prime Market (Domestic),Wholesale Trade,批发业,批发贸易/综合商社,32.9,サンリオ
8137,8137.T,SUN-WA TECHNOS CORPORATION,SUN-WA TECHNOS 公司,,Prime Market (Domestic),Wholesale Trade,批发业,批发贸易/综合商社,32.9,サンワテクノス
8138,8138.T,SANKYO KASEI CORPORATION,三京化成,,Standard Market(Domestic),Wholesale Trade,批发业,批发贸易/综合商社,,三京化成
8139,8139.T,NAGAHORI CORPORATION,NAGAHORI 公司,,Standard Market(Domestic),Wholesale Trade,批发业,批发贸易/综合商社,,ナガホリ
8141,8141.T,"Shinko Shoji Co.,Ltd.",新光商事,,Prime Market (Domestic),Wholesale Trade,批发业,批发贸易/综合商社,,新光商事
8142,8142.T,"TOHO Co.,Ltd.","TOHO Co.,Ltd.",,Prime Market (Domestic),Wholesale Trade,批发业,批发贸易/综合商社,,トーホー
8143,8143.T,"LAPINE CO.,LTD.","LAPINE CO.,LTD.",,Standard Market(Domestic),Textiles and Apparels,纤维制品,纺织、服装与生活消费品（具体品类待核验）,,ラピーヌ
8144,8144.T,"Denkyo Group Holdings Co.,Ltd.",デンキョー集团控股,,Standard Market(Domestic),Wholesale Trade,批发业,批发贸易/综合商社,,デンキョーグループホールディングス
8147,8147.T,TOMITA CO.LTD.,TOMITA CO.LTD.,,Standard Market(Domestic),Wholesale Trade,批发业,批发贸易/综合商社,,トミタ
8150,8150.T,"SANSHIN ELECTRONICS CO.,LTD.",三信電気,,Prime Market (Domestic),Wholesale Trade,批发业,批发贸易/综合商社,,三信電気
8151,8151.T,TOYO Corporation,東陽テクニカ,,Prime Market (Domestic),Wholesale Trade,批发业,批发贸易/综合商社,,東陽テクニカ
8152,8152.T,SOMAR CORPORATION,SOMAR 公司,,Standard Market(Domestic),Wholesale Trade,批发业,批发贸易/综合商社,,ソマール
8153,8153.T,"MOS FOOD SERVICES,INC.",モス食品服务,,Prime Market (Domestic),Wholesale Trade,批发业,餐饮服务,,モスフードサービス
8154,8154.T,"KAGA ELECTRONICS CO.,LTD.",加賀電子,,Prime Market (Domestic),Wholesale Trade,批发业,批发贸易/综合商社,,加賀電子
8157,8157.T,"TSUZUKI DENKI CO.,LTD.",都築電気,,Prime Market (Domestic),Information & Communication,信息通信,通信、网络设备与通信服务,,都築電気
8158,8158.T,"SODA NIKKA CO.,LTD.","SODA NIKKA CO.,LTD.",,Prime Market (Domestic),Wholesale Trade,批发业,批发贸易/综合商社,,ソーダニッカ
8159,8159.T,"TACHIBANA ELETECH CO.,LTD.",立花エレテック,,Prime Market (Domestic),Wholesale Trade,批发业,批发贸易/综合商社,,立花エレテック
8160,8160.T,"KISOJI CO.,LTD.",木曽路,,Prime Market (Domestic),Retail Trade,零售业,零售与消费品渠道,,木曽路
8163,8163.T,"SRS HOLDINGS CO.,LTD.",ＳＲＳ控股,,Prime Market (Domestic),Retail Trade,零售业,零售与消费品渠道,,ＳＲＳホールディングス
8165,8165.T,"SENSHUKAI CO.,LTD.",千趣会,,Standard Market(Domestic),Retail Trade,零售业,零售与消费品渠道,,千趣会
8166,8166.T,"Taka-Q Co.,Ltd.","Taka-Q Co.,Ltd.",,Standard Market(Domestic),Retail Trade,零售业,零售与消费品渠道,,タカキュー
8167,8167.T,"RETAIL PARTNERS CO.,LTD.",零售合作伙伴,,Prime Market (Domestic),Retail Trade,零售业,零售与消费品渠道,,リテールパートナーズ
8173,8173.T,Joshin Corporation,Joshin 公司,,Prime Market (Domestic),Retail Trade,零售业,零售与消费品渠道,,Ｊｏｓｈｉｎ
8174,8174.T,"NIPPON GAS CO.,LTD.",日本瓦斯,,Prime Market (Domestic),Retail Trade,零售业,零售与消费品渠道,,日本瓦斯
8179,8179.T,"ROYAL HOLDINGS Co., Ltd.",ロイヤル控股,,Prime Market (Domestic),Retail Trade,零售业,零售与消费品渠道,,ロイヤルホールディングス
8181,8181.T,"Totenko Co.,Ltd.",東天紅,,Standard Market(Domestic),Retail Trade,零售业,零售与消费品渠道,,東天紅
8185,8185.T,"CHIYODA CO.,LTD.","CHIYODA CO.,LTD.",,Prime Market (Domestic),Retail Trade,零售业,零售与消费品渠道,,チヨダ
8194,8194.T,LIFE CORPORATION,ライフ公司,,Prime Market (Domestic),Retail Trade,零售业,零售与消费品渠道,32.9,ライフコーポレーション
8198,8198.T,"Maxvalu Tokai Co.,Ltd.",マックスバリュ東海,,Standard Market(Domestic),Retail Trade,零售业,零售与消费品渠道,,マックスバリュ東海
8200,8200.T,"RINGER HUT CO.,LTD.","RINGER HUT CO.,LTD.",,Prime Market (Domestic),Retail Trade,零售业,零售与消费品渠道,,リンガーハット
8202,8202.T,"Laox Holdings CO.,LTD.",ラオックス控股,,Standard Market(Domestic),Retail Trade,零售业,零售与消费品渠道,,ラオックスホールディングス
8203,8203.T,MrMax Holdings Ltd.,MrMax 控股 Ltd.,,Prime Market (Domestic),Retail Trade,零售业,零售与消费品渠道,,ＭｒＭａｘＨＤ
8207,8207.T,"TEN ALLIED Co.,Ltd.","TEN ALLIED Co.,Ltd.",,Standard Market(Domestic),Retail Trade,零售业,零售与消费品渠道,,テンアライド
8214,8214.T,AOKI Holdings Inc.,ＡＯＫＩ控股,,Prime Market (Domestic),Retail Trade,零售业,零售与消费品渠道,,ＡＯＫＩホールディングス
8217,8217.T,"OKUWA CO.,LTD.","OKUWA CO.,LTD.",,Prime Market (Domestic),Retail Trade,零售业,零售与消费品渠道,32.9,オークワ
8218,8218.T,"KOMERI CO.,LTD.","KOMERI CO.,LTD.",,Prime Market (Domestic),Retail Trade,零售业,零售与消费品渠道,,コメリ
8219,8219.T,"AOYAMA TRADING Co.,Ltd.",青山商事,,Prime Market (Domestic),Retail Trade,零售业,零售与消费品渠道,,青山商事
8225,8225.T,"Takachiho Co.,Ltd.","Takachiho Co.,Ltd.",,Standard Market(Domestic),Wholesale Trade,批发业,批发贸易/综合商社,,タカチホ
8226,8226.T,RIKEI CORPORATION,理経,,Standard Market(Domestic),Wholesale Trade,批发业,批发贸易/综合商社,,理経
8227,8227.T,"SHIMAMURA Co.,Ltd.","SHIMAMURA Co.,Ltd.",,Prime Market (Domestic),Retail Trade,零售业,零售与消费品渠道,,しまむら
8230,8230.T,"HASEGAWA CO.,LTD.","HASEGAWA CO.,LTD.",,Standard Market(Domestic),Retail Trade,零售业,零售与消费品渠道,,はせがわ
8233,8233.T,"Takashimaya Company,Limited",高島屋,,Prime Market (Domestic),Retail Trade,零售业,零售与消费品渠道,,高島屋
8237,8237.T,"MATSUYA CO.,LTD.",松屋,,Prime Market (Domestic),Retail Trade,零售业,零售与消费品渠道,,松屋
8242,8242.T,H2O RETAILING CORPORATION,H2O RETAILING 公司,,Prime Market (Domestic),Retail Trade,零售业,零售与消费品渠道,,エイチ・ツー・オー　リテイリング
8244,8244.T,"Kintetsu Department Store CO.,Ltd.",近鉄百貨店,,Standard Market(Domestic),Retail Trade,零售业,零售与消费品渠道,,近鉄百貨店
8247,8247.T,"Daiwa Co.,Ltd.",大和,,Standard Market(Domestic),Retail Trade,零售业,零售与消费品渠道,32.9,大和
8252,8252.T,"MARUI GROUP CO.,LTD.",丸井集团,,Prime Market (Domestic),Retail Trade,零售业,零售与消费品渠道,,丸井グループ
8253,8253.T,"Credit Saison Co.,Ltd.","Credit Saison Co.,Ltd.",,Prime Market (Domestic),Other Financing Business,其他金融,融资租赁、消费金融与其他金融服务,,クレディセゾン
8254,8254.T,"Saikaya Department Store Co.,Ltd.",さいか屋,,Standard Market(Domestic),Retail Trade,零售业,零售与消费品渠道,,さいか屋
8255,8255.T,Axial Retailing Inc.,Axial Retailing Inc.,,Prime Market (Domestic),Retail Trade,零售业,零售与消费品渠道,,アクシアル　リテイリング
8260,8260.T,"IZUTSUYA CO.,LTD.",井筒屋,,Standard Market(Domestic),Retail Trade,零售业,零售与消费品渠道,,井筒屋
8267,8267.T,"AEON CO.,LTD.","AEON CO.,LTD.",,Prime Market (Domestic),Retail Trade,零售业,零售与消费品渠道,32.9,イオン
8273,8273.T,"IZUMI CO.,LTD.","IZUMI CO.,LTD.",,Prime Market (Domestic),Retail Trade,零售业,零售与消费品渠道,,イズミ
8275,8275.T,FORVAL CORPORATION,FORVAL 公司,,Standard Market(Domestic),Wholesale Trade,批发业,批发贸易/综合商社,,フォーバル
8276,8276.T,"HEIWADO CO.,LTD.",平和堂,,Prime Market (Domestic),Retail Trade,零售业,零售与消费品渠道,,平和堂
8278,8278.T,"FUJI CO.,LTD.","FUJI CO.,LTD.",,Prime Market (Domestic),Retail Trade,零售业,零售与消费品渠道,,フジ
8281,8281.T,"XEBIO holdings CO.,LTD.",ゼビオ控股,,Prime Market (Domestic),Retail Trade,零售业,零售与消费品渠道,,ゼビオホールディングス
8282,8282.T,K'S HOLDINGS CORPORATION,ケーズ控股,,Prime Market (Domestic),Retail Trade,零售业,零售与消费品渠道,,ケーズホールディングス
8285,8285.T,"MITANI SANGYO CO.,LTD.",三谷工业,,Standard Market(Domestic),Wholesale Trade,批发业,批发贸易/综合商社,,三谷産業
8291,8291.T,"NISSAN TOKYO SALES HOLDINGS CO.,LTD.",日産東京販売控股,,Standard Market(Domestic),Retail Trade,零售业,零售与消费品渠道,,日産東京販売ホールディングス
8303,8303.T,"SBI Shinsei Bank,Limited",ＳＢＩ新生銀行,,Prime Market (Domestic),Banks,银行业,银行与综合金融服务,,ＳＢＩ新生銀行
8304,8304.T,"Aozora Bank,Ltd.",あおぞら銀行,,Prime Market (Domestic),Banks,银行业,银行与综合金融服务,,あおぞら銀行
8306,8306.T,"Mitsubishi UFJ Financial Group,Inc.",三菱日联金融集团,,Prime Market (Domestic),Banks,银行业,银行（综合金融与商业银行）,32.9,三菱ＵＦＪフィナンシャル・グループ
8308,8308.T,"Resona Holdings, Inc.",りそな控股,,Prime Market (Domestic),Banks,银行业,银行与综合金融服务,32.9,りそなホールディングス
8309,8309.T,"Sumitomo Mitsui Trust Group,Inc.",三井住友トラスト集团,,Prime Market (Domestic),Banks,银行业,银行与综合金融服务,,三井住友トラストグループ
8316,8316.T,"Sumitomo Mitsui Financial Group,Inc.",三井住友金融集团,,Prime Market (Domestic),Banks,银行业,银行（综合金融与商业银行）,32.9,三井住友フィナンシャルグループ
8331,8331.T,"The Chiba Bank,Ltd.",千葉銀行,,Prime Market (Domestic),Banks,银行业,银行与综合金融服务,,千葉銀行
8334,8334.T,"The Gunma Bank,Ltd.",群馬銀行,,Prime Market (Domestic),Banks,银行业,银行与综合金融服务,,群馬銀行
8336,8336.T,"The Musashino Bank,Ltd.",武蔵野銀行,,Prime Market (Domestic),Banks,银行业,银行与综合金融服务,32.9,武蔵野銀行
8337,8337.T,"The Chiba Kogyo Bank,Ltd.",千葉興業銀行,,Prime Market (Domestic),Banks,银行业,银行与综合金融服务,,千葉興業銀行
8338,8338.T,"Tsukuba Bank,Ltd.",筑波銀行,,Prime Market (Domestic),Banks,银行业,银行与综合金融服务,,筑波銀行
8341,8341.T,"The 77 Bank,Ltd.",七十七銀行,,Prime Market (Domestic),Banks,银行业,银行与综合金融服务,,七十七銀行
8343,8343.T,"THE AKITA BANK,LTD.",秋田銀行,,Prime Market (Domestic),Banks,银行业,银行与综合金融服务,469.96,秋田銀行
8344,8344.T,"The Yamagata Bank,Ltd.",山形銀行,,Prime Market (Domestic),Banks,银行业,银行与综合金融服务,32.9,山形銀行
8345,8345.T,"The Bank of Iwate,Ltd.",岩手銀行,,Prime Market (Domestic),Banks,银行业,银行与综合金融服务,,岩手銀行
8346,8346.T,"The Toho Bank,Ltd.",東邦銀行,,Prime Market (Domestic),Banks,银行业,银行与综合金融服务,,東邦銀行
8349,8349.T,"THE TOHOKU BANK,LTD.",東北銀行,,Standard Market(Domestic),Banks,银行业,银行与综合金融服务,,東北銀行
8354,8354.T,"Fukuoka Financial Group,Inc.",ふくおか金融集团,,Prime Market (Domestic),Banks,银行业,银行与综合金融服务,,ふくおかフィナンシャルグループ
8358,8358.T,Suruga Bank Ltd.,スルガ銀行,,Prime Market (Domestic),Banks,银行业,银行与综合金融服务,32.9,スルガ銀行
8359,8359.T,"Hachijuni Nagano Bank,Ltd.",八十二長野銀行,,Prime Market (Domestic),Banks,银行业,银行与综合金融服务,,八十二長野銀行
8360,8360.T,"The Yamanashi Chuo Bank,Ltd.",山梨中央銀行,,Prime Market (Domestic),Banks,银行业,银行与综合金融服务,32.9,山梨中央銀行
8361,8361.T,"The Ogaki Kyoritsu Bank,Ltd.",大垣共立銀行,,Prime Market (Domestic),Banks,银行业,银行与综合金融服务,,大垣共立銀行
8362,8362.T,"The Fukui Bank,Ltd.",福井銀行,,Prime Market (Domestic),Banks,银行业,银行与综合金融服务,,福井銀行
8364,8364.T,"THE SHIMIZU BANK,LTD.",清水銀行,,Prime Market (Domestic),Banks,银行业,银行与综合金融服务,,清水銀行
8365,8365.T,"The Bank of Toyama,Ltd.",富山銀行,,Standard Market(Domestic),Banks,银行业,银行与综合金融服务,,富山銀行
8366,8366.T,"THE SHIGA BANK,LTD.",滋賀銀行,,Prime Market (Domestic),Banks,银行业,银行与综合金融服务,,滋賀銀行
8367,8367.T,"The Nanto Bank,Ltd.",南都銀行,,Prime Market (Domestic),Banks,银行业,银行与综合金融服务,,南都銀行
8368,8368.T,"The Hyakugo Bank,Ltd.",百五銀行,,Prime Market (Domestic),Banks,银行业,银行与综合金融服务,,百五銀行
8370,8370.T,"The Kiyo Bank,Ltd.",紀陽銀行,,Prime Market (Domestic),Banks,银行业,银行与综合金融服务,,紀陽銀行
8377,8377.T,"Hokuhoku Financial Group, Inc.",ほくほく金融集团,,Prime Market (Domestic),Banks,银行业,银行与综合金融服务,,ほくほくフィナンシャルグループ
8381,8381.T,"The San-in Godo Bank,Ltd.",山陰合同銀行,,Prime Market (Domestic),Banks,银行业,银行与综合金融服务,,山陰合同銀行
8383,8383.T,"THE TOTTORI BANK,LTD.",鳥取銀行,,Standard Market(Domestic),Banks,银行业,银行与综合金融服务,,鳥取銀行
8386,8386.T,"The Hyakujushi Bank,Ltd.",百十四銀行,,Prime Market (Domestic),Banks,银行业,银行与综合金融服务,,百十四銀行
8387,8387.T,"The Shikoku Bank, Ltd.",四国銀行,,Prime Market (Domestic),Banks,银行业,银行与综合金融服务,,四国銀行
8388,8388.T,"The Awa Bank,Ltd.",阿波銀行,,Prime Market (Domestic),Banks,银行业,银行与综合金融服务,,阿波銀行
8392,8392.T,"THE OITA BANK,LTD.",大分銀行,,Prime Market (Domestic),Banks,银行业,银行与综合金融服务,32.9,大分銀行
8393,8393.T,"The Miyazaki Bank,Ltd.",宮崎銀行,,Prime Market (Domestic),Banks,银行业,银行与综合金融服务,,宮崎銀行
8395,8395.T,THE BANK OF SAGA LTD.,佐賀銀行,,Prime Market (Domestic),Banks,银行业,银行与综合金融服务,,佐賀銀行
8399,8399.T,"Bank of The Ryukyus,Limited",琉球銀行,,Prime Market (Domestic),Banks,银行业,银行与综合金融服务,,琉球銀行
8410,8410.T,"Seven Bank,Ltd.",セブン銀行,,Prime Market (Domestic),Banks,银行业,银行与综合金融服务,,セブン銀行
8411,8411.T,"Mizuho Financial Group,Inc.",瑞穗金融集团,,Prime Market (Domestic),Banks,银行业,银行（综合金融与商业银行）,32.9,みずほフィナンシャルグループ
8416,8416.T,"THE BANK OF KOCHI,LTD.",高知銀行,,Standard Market(Domestic),Banks,银行业,银行与综合金融服务,,高知銀行
8418,8418.T,"Yamaguchi Financial Group,Inc.",山口金融集团,,Prime Market (Domestic),Banks,银行业,银行与综合金融服务,32.9,山口フィナンシャルグループ
8424,8424.T,"Fuyo General Lease Co.,Ltd.",芙蓉総合租赁,,Prime Market (Domestic),Other Financing Business,其他金融,融资租赁、消费金融与其他金融服务,32.9,芙蓉総合リース
8425,8425.T,"Mizuho Leasing Company,Limited",みずほ租赁,,Prime Market (Domestic),Other Financing Business,其他金融,融资租赁、消费金融与其他金融服务,32.9,みずほリース
8439,8439.T,Tokyo Century Corporation,東京センチュリー,,Prime Market (Domestic),Other Financing Business,其他金融,融资租赁、消费金融与其他金融服务,,東京センチュリー
8473,8473.T,"SBI Holdings,Inc.",ＳＢＩ控股,,Prime Market (Domestic),Securities and Commodities Futures,证券商品期货,证券经纪与投资银行服务,,ＳＢＩホールディングス
8508,8508.T,"J Trust Co.,Ltd.","J Trust Co.,Ltd.",,Standard Market(Domestic),Other Financing Business,其他金融,融资租赁、消费金融与其他金融服务,,Ｊトラスト
8511,8511.T,"Japan Securities Finance Co.,Ltd.",日本証券金融,,Prime Market (Domestic),Other Financing Business,其他金融,证券经纪与投资银行服务,,日本証券金融
8518,8518.T,"Japan Asia Investment Company,Limited",日本アジア投資,,Standard Market(Domestic),Securities and Commodities Futures,证券商品期货,证券经纪与投资银行服务,,日本アジア投資
8522,8522.T,"The Bank of Nagoya,Ltd.",名古屋銀行,,Prime Market (Domestic),Banks,银行业,银行与综合金融服务,,名古屋銀行
8524,8524.T,"North Pacific Bank,Ltd.",北洋銀行,,Prime Market (Domestic),Banks,银行业,银行与综合金融服务,,北洋銀行
8537,8537.T,"THE TAIKO BANK,LTD.",大光銀行,,Standard Market(Domestic),Banks,银行业,银行与综合金融服务,,大光銀行
8541,8541.T,"The Ehime Bank,Ltd.",愛媛銀行,,Prime Market (Domestic),Banks,银行业,银行与综合金融服务,,愛媛銀行
8542,8542.T,"TOMATO BANK,LTD.",トマト銀行,,Standard Market(Domestic),Banks,银行业,银行与综合金融服务,,トマト銀行
8544,8544.T,"The Keiyo Bank,Ltd.",京葉銀行,,Prime Market (Domestic),Banks,银行业,银行与综合金融服务,,京葉銀行
8550,8550.T,"THE TOCHIGI BANK,LTD.",栃木銀行,,Prime Market (Domestic),Banks,银行业,银行与综合金融服务,,栃木銀行
8551,8551.T,"The Kita-Nippon Bank,Ltd.",北日本銀行,,Prime Market (Domestic),Banks,银行业,银行与综合金融服务,,北日本銀行
8558,8558.T,"THE TOWA BANK,LTD.",東和銀行,,Prime Market (Domestic),Banks,银行业,银行与综合金融服务,,東和銀行
8562,8562.T,"THE FUKUSHIMA BANK,LTD.",福島銀行,,Standard Market(Domestic),Banks,银行业,银行与综合金融服务,,福島銀行
8563,8563.T,"THE DAITO BANK,LTD.",大東銀行,,Standard Market(Domestic),Banks,银行业,银行与综合金融服务,32.9,大東銀行
8566,8566.T,"RICOH LEASING COMPANY,LTD.",リコー租赁,,Prime Market (Domestic),Other Financing Business,其他金融,融资租赁、消费金融与其他金融服务,,リコーリース
8570,8570.T,"AEON Financial Service Co.,Ltd.",イオン金融服务,,Prime Market (Domestic),Other Financing Business,其他金融,融资租赁、消费金融与其他金融服务,32.9,イオンフィナンシャルサービス
8572,8572.T,"ACOM CO.,LTD.","ACOM CO.,LTD.",,Standard Market(Domestic),Other Financing Business,其他金融,融资租赁、消费金融与其他金融服务,,アコム
8584,8584.T,"JACCS CO.,LTD.","JACCS CO.,LTD.",,Prime Market (Domestic),Other Financing Business,其他金融,融资租赁、消费金融与其他金融服务,32.9,ジャックス
8585,8585.T,Orient Corporation,オリエント公司,,Prime Market (Domestic),Other Financing Business,其他金融,融资租赁、消费金融与其他金融服务,,オリエントコーポレーション
8591,8591.T,ORIX CORPORATION,欧力士,,Prime Market (Domestic),Other Financing Business,其他金融,融资租赁、消费金融与其他金融服务,32.9,オリックス
8593,8593.T,Mitsubishi HC Capital Inc.,三菱ＨＣ资本,,Prime Market (Domestic),Other Financing Business,其他金融,融资租赁、消费金融与其他金融服务,32.9,三菱ＨＣキャピタル
8595,8595.T,"JAFCO Group Co.,Ltd.",ジャフコ 集团,,Prime Market (Domestic),Securities and Commodities Futures,证券商品期货,证券经纪与投资银行服务,,ジャフコ　グループ
8596,8596.T,"KYUSHU LEASING SERVICE CO.,LTD.",九州租赁服务,,Standard Market(Domestic),Other Financing Business,其他金融,融资租赁、消费金融与其他金融服务,,九州リースサービス
8600,8600.T,"TOMONY Holdings,Inc.",トモニ控股,,Prime Market (Domestic),Banks,银行业,银行与综合金融服务,,トモニホールディングス
8601,8601.T,Daiwa Securities Group Inc.,大和証券集团本社,,Prime Market (Domestic),Securities and Commodities Futures,证券商品期货,证券经纪与投资银行服务,32.9,大和証券グループ本社
8604,8604.T,"Nomura Holdings, Inc.",野村控股,,Prime Market (Domestic),Securities and Commodities Futures,证券商品期货,证券经纪与投资银行服务,32.9,野村ホールディングス
8609,8609.T,OKASAN SECURITIES GROUP INC.,岡三証券集团,,Prime Market (Domestic),Securities and Commodities Futures,证券商品期货,证券经纪与投资银行服务,,岡三証券グループ
8613,8613.T,"Marusan Securities Co.,Ltd.",丸三証券,,Prime Market (Domestic),Securities and Commodities Futures,证券商品期货,证券经纪与投资银行服务,,丸三証券
8614,8614.T,"TOYO SECURITIES CO.,LTD.",東洋証券,,Prime Market (Domestic),Securities and Commodities Futures,证券商品期货,证券经纪与投资银行服务,,東洋証券
8616,8616.T,"Tokai Tokyo Financial Holdings,Inc.",東海東京金融・控股,,Prime Market (Domestic),Securities and Commodities Futures,证券商品期货,证券经纪与投资银行服务,32.9,東海東京フィナンシャル・ホールディングス
8617,8617.T,"The Kosei Securities Co.,Ltd.",光世証券,,Standard Market(Domestic),Securities and Commodities Futures,证券商品期货,证券经纪与投资银行服务,,光世証券
8622,8622.T,"Mito Securities Co.,Ltd.",水戸証券,,Prime Market (Domestic),Securities and Commodities Futures,证券商品期货,证券经纪与投资银行服务,,水戸証券
8624,8624.T,"Ichiyoshi Securities Co.,Ltd.",いちよし証券,,Prime Market (Domestic),Securities and Commodities Futures,证券商品期货,证券经纪与投资银行服务,,いちよし証券
8628,8628.T,"MATSUI SECURITIES CO.,LTD.",松井証券,,Prime Market (Domestic),Securities and Commodities Futures,证券商品期货,证券经纪与投资银行服务,,松井証券
8630,8630.T,"Sompo Holdings,Inc.",ＳＯＭＰＯ控股,,Prime Market (Domestic),Insurance,保险业,保险服务,80.53,ＳＯＭＰＯホールディングス
8697,8697.T,"Japan Exchange Group,Inc.",日本取引所集团,,Prime Market (Domestic),Other Financing Business,其他金融,融资租赁、消费金融与其他金融服务,,日本取引所グループ
8698,8698.T,"Monex Group,Inc.",マネックス集团,,Prime Market (Domestic),Securities and Commodities Futures,证券商品期货,证券经纪与投资银行服务,,マネックスグループ
8699,8699.T,"HS Holdings Co.,Ltd.",ＨＳ控股,,Standard Market(Domestic),Securities and Commodities Futures,证券商品期货,证券经纪与投资银行服务,,ＨＳホールディングス
8700,8700.T,"Maruhachi Securities Co.,Ltd.",丸八証券,,Standard Market(Domestic),Securities and Commodities Futures,证券商品期货,证券经纪与投资银行服务,32.9,丸八証券
8704,8704.T,"TRADERS HOLDINGS CO.,LTD.",トレイダーズ控股,,Standard Market(Domestic),Securities and Commodities Futures,证券商品期货,证券经纪与投资银行服务,32.9,トレイダーズホールディングス
8705,8705.T,"Nissan Securities Group Co.,Ltd.",日産証券集团,,Standard Market(Domestic),Securities and Commodities Futures,证券商品期货,证券经纪与投资银行服务,,日産証券グループ
8706,8706.T,"KYOKUTO SECURITIES CO.,LTD.",極東証券,,Prime Market (Domestic),Securities and Commodities Futures,证券商品期货,证券经纪与投资银行服务,,極東証券
8707,8707.T,"IwaiCosmo Holdings,Inc.",岩井コスモ控股,,Prime Market (Domestic),Securities and Commodities Futures,证券商品期货,证券经纪与投资银行服务,,岩井コスモホールディングス
8708,8708.T,"AIZAWA SECURITIES GROUP CO.,LTD.",アイザワ証券集团,,Prime Market (Domestic),Securities and Commodities Futures,证券商品期货,证券经纪与投资银行服务,,アイザワ証券グループ
8713,8713.T,FIDEA Holdings Co.Ltd.,フィデア控股,,Prime Market (Domestic),Banks,银行业,银行与综合金融服务,,フィデアホールディングス
8714,8714.T,"Senshu Ikeda Holdings,Inc.",池田泉州控股,,Prime Market (Domestic),Banks,银行业,银行与综合金融服务,,池田泉州ホールディングス
8715,8715.T,"Anicom Holdings,Inc.",アニコム 控股,,Prime Market (Domestic),Insurance,保险业,保险服务,32.9,アニコム　ホールディングス
8725,8725.T,"MS&AD Insurance Group Holdings,Inc.",ＭＳ＆ＡＤインシュアランス集团控股,,Prime Market (Domestic),Insurance,保险业,保险服务,32.9,ＭＳ＆ＡＤインシュアランスグループホールディングス
8729,8729.T,Sony Financial Group Inc.,ソニー金融集团,,Prime Market (Domestic),Insurance,保险业,银行与综合金融服务,,ソニーフィナンシャルグループ
8737,8737.T,Akatsuki Corp.,あかつき本社,,Standard Market(Domestic),Securities and Commodities Futures,证券商品期货,证券经纪与投资银行服务,,あかつき本社
8739,8739.T,"SPARX Group Co.,Ltd.",スパークス・集团,,Prime Market (Domestic),Securities and Commodities Futures,证券商品期货,证券经纪与投资银行服务,32.9,スパークス・グループ
8742,8742.T,"KOBAYASHI YOKO CO.,LTD.",小林洋行,,Standard Market(Domestic),Securities and Commodities Futures,证券商品期货,证券经纪与投资银行服务,,小林洋行
8746,8746.T,unbanked inc.,unbanked inc.,,Standard Market(Domestic),Securities and Commodities Futures,证券商品期货,银行与综合金融服务,,ｕｎｂａｎｋｅｄ
8747,8747.T,"YUTAKA TRUSTY SECURITIES CO.,LTD.",豊トラスティ証券,,Standard Market(Domestic),Securities and Commodities Futures,证券商品期货,证券经纪与投资银行服务,,豊トラスティ証券
8750,8750.T,"Daiichi Life Group,Inc.",第一ライフ集团,,Prime Market (Domestic),Insurance,保险业,保险服务,133.45,第一ライフグループ
8766,8766.T,"Tokio Marine Holdings,Inc.",东京海上控股,,Prime Market (Domestic),Insurance,保险业,保险（财产险与海上保险）,32.9,東京海上ホールディングス
8769,8769.T,"Advantage Risk Management Co.,Ltd.","Advantage Risk Management Co.,Ltd.",,Standard Market(Domestic),Services,服务业,专业服务、消费服务与商业服务（具体业务待核验）,,アドバンテッジリスクマネジメント
8771,8771.T,"eGuarantee,Inc.","eGuarantee,Inc.",,Prime Market (Domestic),Other Financing Business,其他金融,融资租赁、消费金融与其他金融服务,,イー・ギャランティ
8772,8772.T,"ASAX CO.,LTD.","ASAX CO.,LTD.",,Standard Market(Domestic),Other Financing Business,其他金融,融资租赁、消费金融与其他金融服务,,アサックス
8783,8783.T,"abc Co.,Ltd.","abc Co.,Ltd.",,Standard Market(Domestic),Other Financing Business,其他金融,融资租赁、消费金融与其他金融服务,,ａｂｃ
8789,8789.T,FinTech Global Incorporated,FinTech Global Incorporated,,Standard Market(Domestic),Other Financing Business,其他金融,融资租赁、消费金融与其他金融服务,32.9,フィンテック　グローバル
8793,8793.T,NEC Capital Solutions Limited,ＮＥＣ资本ソリューション,,Prime Market (Domestic),Other Financing Business,其他金融,融资租赁、消费金融与其他金融服务,,ＮＥＣキャピタルソリューション
8795,8795.T,"T&D Holdings, Inc.",Ｔ＆Ｄ控股,,Prime Market (Domestic),Insurance,保险业,保险服务,32.9,Ｔ＆Ｄホールディングス
8798,8798.T,"Advance Create Co.,Ltd.","Advance Create Co.,Ltd.",,Prime Market (Domestic),Insurance,保险业,保险服务,,アドバンスクリエイト
8801,8801.T,"Mitsui Fudosan Co.,Ltd.",三井不动产,,Prime Market (Domestic),Real Estate,不动产业,房地产开发（办公、商业与住宅）,,三井不動産
8802,8802.T,"Mitsubishi Estate Company,Limited",三菱地所,,Prime Market (Domestic),Real Estate,不动产业,房地产开发与物业运营,32.9,三菱地所
8803,8803.T,"HEIWA REAL ESTATE CO.,LTD.",平和不動産,,Prime Market (Domestic),Real Estate,不动产业,房地产开发与物业运营,,平和不動産
8804,8804.T,"Tokyo Tatemono Co.,Ltd.",東京建物,,Prime Market (Domestic),Real Estate,不动产业,房地产开发与物业运营,,東京建物
8818,8818.T,"Keihanshin Building Co.,Ltd.",京阪神ビルディング,,Prime Market (Domestic),Real Estate,不动产业,房地产开发与物业运营,,京阪神ビルディング
8830,8830.T,"Sumitomo Realty & Development Co.,Ltd.",住友不動産,,Prime Market (Domestic),Real Estate,不动产业,房地产开发与物业运营,,住友不動産
8835,8835.T,TAIHEIYO KOUHATSU INCORPORATED,太平洋興発,,Standard Market(Domestic),Wholesale Trade,批发业,批发贸易/综合商社,,太平洋興発
8836,8836.T,RISE Inc.,RISE Inc.,,Standard Market(Domestic),Real Estate,不动产业,房地产开发与物业运营,,ＲＩＳＥ
8841,8841.T,"TOC Co.,Ltd.","TOC Co.,Ltd.",,Standard Market(Domestic),Real Estate,不动产业,房地产开发与物业运营,,テーオーシー
8844,8844.T,"COSMOS INITIA Co.,Ltd.","COSMOS INITIA Co.,Ltd.",,Standard Market(Domestic),Real Estate,不动产业,房地产开发与物业运营,,コスモスイニシア
8848,8848.T,LEOPALACE21 CORPORATION,LEOPALACE21 公司,,Prime Market (Domestic),Real Estate,不动产业,房地产开发与物业运营,,レオパレス２１
8850,8850.T,STARTS CORPORATION INC.,スターツ公司,,Prime Market (Domestic),Real Estate,不动产业,房地产开发与物业运营,32.9,スターツコーポレーション
8860,8860.T,FUJI CORPORATION LIMITED,フジ住宅,,Prime Market (Domestic),Real Estate,不动产业,房地产开发与物业运营,32.9,フジ住宅
8864,8864.T,"AIRPORT FACILITIES Co.,LTD.",空港施設,,Standard Market(Domestic),Real Estate,不动产业,房地产开发与物业运营,,空港施設
8869,8869.T,Meiwa Estate Company Limited,明和地所,,Standard Market(Domestic),Real Estate,不动产业,房地产开发与物业运营,,明和地所
8871,8871.T,"GOLDCREST Co.,Ltd.","GOLDCREST Co.,Ltd.",,Standard Market(Domestic),Real Estate,不动产业,房地产开发与物业运营,,ゴールドクレスト
8876,8876.T,"Relo Group,Inc.",リロ集团,,Prime Market (Domestic),Services,服务业,专业服务、消费服务与商业服务（具体业务待核验）,,リログループ
8877,8877.T,ESLEAD CORPORATION,ESLEAD 公司,,Prime Market (Domestic),Real Estate,不动产业,房地产开发与物业运营,,エスリード
8881,8881.T,"NISSHIN GROUP HOLDINGS Company,Limited",日神集团控股,,Prime Market (Domestic),Real Estate,不动产业,房地产开发与物业运营,,日神グループホールディングス
8887,8887.T,"SYLA Holdings Co.,Ltd.",シーラ控股,,Standard Market(Domestic),Real Estate,不动产业,房地产开发与物业运营,,シーラホールディングス
8891,8891.T,"AMG HOLDINGS CO.,LTD.",ＡＭＧ控股,,Standard Market(Domestic),Real Estate,不动产业,房地产开发与物业运营,,ＡＭＧホールディングス
8892,8892.T,ES-CON JAPAN Ltd.,ES-CON JAPAN Ltd.,,Prime Market (Domestic),Real Estate,不动产业,房地产开发与物业运营,,エスコン
8894,8894.T,"REVOLUTION CO.,LTD.","REVOLUTION CO.,LTD.",,Standard Market(Domestic),Real Estate,不动产业,房地产开发与物业运营,,ＲＥＶＯＬＵＴＩＯＮ
8897,8897.T,"MIRARTH HOLDINGS,Inc.",ＭＩＲＡＲＴＨ控股,,Prime Market (Domestic),Real Estate,不动产业,房地产开发与物业运营,,ＭＩＲＡＲＴＨホールディングス
8898,8898.T,CENTURY21 REAL ESTATE OF JAPAN LTD.,CENTURY21 REAL ESTATE OF JAPAN LTD.,,Standard Market(Domestic),Real Estate,不动产业,房地产开发与物业运营,,センチュリー２１・ジャパン
8904,8904.T,"AVANTIA CO.,LTD.","AVANTIA CO.,LTD.",,Standard Market(Domestic),Real Estate,不动产业,房地产开发与物业运营,,ＡＶＡＮＴＩＡ
8908,8908.T,"MAINICHI COMNET CO.,LTD.",毎日コムネット,,Standard Market(Domestic),Real Estate,不动产业,房地产开发与物业运营,,毎日コムネット
8912,8912.T,Area Quest Inc.,Area Quest Inc.,,Standard Market(Domestic),Real Estate,不动产业,房地产开发与物业运营,,エリアクエスト
8914,8914.T,"Arealink Co.,Ltd.","Arealink Co.,Ltd.",,Standard Market(Domestic),Real Estate,不动产业,房地产开发与物业运营,,エリアリンク
8917,8917.T,"First Juken Co.,Ltd.",ファースト住建,,Standard Market(Domestic),Real Estate,不动产业,房地产开发与物业运营,,ファースト住建
8918,8918.T,"LAND Co.,Ltd.","LAND Co.,Ltd.",,Standard Market(Domestic),Real Estate,不动产业,房地产开发与物业运营,,ランド
8919,8919.T,"KATITAS CO.,LTD","KATITAS CO.,LTD",,Prime Market (Domestic),Real Estate,不动产业,房地产开发与物业运营,,カチタス
8920,8920.T,"TOSHO CO.,LTD.",東祥,,Standard Market(Domestic),Services,服务业,专业服务、消费服务与商业服务（具体业务待核验）,,東祥
8923,8923.T,TOSEI CORPORATION,TOSEI 公司,,Prime Market (Domestic),Real Estate,不动产业,房地产开发与物业运营,,トーセイ
8927,8927.T,"MEIHO ENTERPRISE CO.,LTD.",明豊エンタープライズ,,Standard Market(Domestic),Real Estate,不动产业,房地产开发与物业运营,,明豊エンタープライズ
8928,8928.T,ANABUKI KOSAN INC.,穴吹興産,,Standard Market(Domestic),Real Estate,不动产业,房地产开发与物业运营,,穴吹興産
8929,8929.T,"Aoyama Zaisan Networks Company,Limited",青山財産网络ス,,Standard Market(Domestic),Real Estate,不动产业,房地产开发与物业运营,,青山財産ネットワークス
8931,8931.T,WADAKOHSAN CORPORATION,和田興産,,Standard Market(Domestic),Real Estate,不动产业,房地产开发与物业运营,,和田興産
8934,8934.T,"Sun Frontier Fudousan Co.,Ltd.",サンフロンティア不動産,,Prime Market (Domestic),Real Estate,不动产业,房地产开发与物业运营,,サンフロンティア不動産
8935,8935.T,"FJ NEXT HOLDINGS CO.,LTD.",ＦＪネクスト控股,,Prime Market (Domestic),Real Estate,不动产业,房地产开发与物业运营,,ＦＪネクストホールディングス
8938,8938.T,"GLOME Holdings,Inc.",グローム・控股,,Growth Market(Domestic),Real Estate,不动产业,房地产开发与物业运营,,グローム・ホールディングス
8944,8944.T,"LAND BUSINESS CO.,LTD.","LAND BUSINESS CO.,LTD.",,Standard Market(Domestic),Real Estate,不动产业,房地产开发与物业运营,,ランドビジネス
8945,8945.T,SUNNEXTA GROUP Inc.,サンネクスタ集团,,Standard Market(Domestic),Real Estate,不动产业,房地产开发与物业运营,,サンネクスタグループ
8946,8946.T,ASIAN STAR CO.,ASIAN STAR CO.,,Standard Market(Domestic),Real Estate,不动产业,房地产开发与物业运营,32.9,ＡＳＩＡＮ　ＳＴＡＲ
8995,8995.T,"Makoto Construction CO,Ltd",誠建設工業,,Standard Market(Domestic),Real Estate,不动产业,房地产开发与物业运营,,誠建設工業
8996,8996.T,"HouseFreedom Co.,Ltd.","HouseFreedom Co.,Ltd.",,Standard Market(Domestic),Real Estate,不动产业,房地产开发与物业运营,32.9,ハウスフリーダム
8999,8999.T,Grandy House Corporation,Grandy House 公司,,Prime Market (Domestic),Real Estate,不动产业,房地产开发与物业运营,,グランディハウス
9001,9001.T,"TOBU RAILWAY CO.,LTD.",東武鉄道,,Prime Market (Domestic),Land Transportation,陆运,铁路、公路与城市交通服务,,東武鉄道
9003,9003.T,"Sotetsu Holdings,Inc.",相鉄控股,,Prime Market (Domestic),Land Transportation,陆运,铁路、公路与城市交通服务,,相鉄ホールディングス
9005,9005.T,TOKYU CORPORATION,東急,,Prime Market (Domestic),Land Transportation,陆运,铁路、公路与城市交通服务,32.9,東急
9006,9006.T,Keikyu Corporation,京浜急行电铁,,Prime Market (Domestic),Land Transportation,陆运,铁路、公路与城市交通服务,32.9,京浜急行電鉄
9007,9007.T,"Odakyu Electric Railway Co.,Ltd.",小田急电铁,,Prime Market (Domestic),Land Transportation,陆运,电子设备/电气设备（具体产品待核验）,,小田急電鉄
9008,9008.T,Keio Corporation,京王电铁,,Prime Market (Domestic),Land Transportation,陆运,铁路、公路与城市交通服务,,京王電鉄
9009,9009.T,"Keisei Electric Railway Co.,Ltd.",京成电铁,,Prime Market (Domestic),Land Transportation,陆运,电子设备/电气设备（具体产品待核验）,,京成電鉄
9010,9010.T,"FUJI KYUKO CO.,LTD.",富士急行,,Prime Market (Domestic),Land Transportation,陆运,铁路、公路与城市交通服务,,富士急行
9012,9012.T,"Chichibu Railway Co.,Ltd.",秩父鉄道,,Standard Market(Domestic),Land Transportation,陆运,铁路、公路与城市交通服务,,秩父鉄道
9017,9017.T,"Niigata Kotsu Co.,Ltd.",新潟交通,,Standard Market(Domestic),Land Transportation,陆运,铁路、公路与城市交通服务,32.9,新潟交通
9020,9020.T,East Japan Railway Company,东日本旅客铁道,,Prime Market (Domestic),Land Transportation,陆运,铁路运输与城市交通（客运、商业地产）,32.9,東日本旅客鉄道
9021,9021.T,West Japan Railway Company,西日本旅客铁道,,Prime Market (Domestic),Land Transportation,陆运,铁路、公路与城市交通服务,32.9,西日本旅客鉄道
9022,9022.T,Central Japan Railway Company,东海旅客铁道,,Prime Market (Domestic),Land Transportation,陆运,铁路、公路与城市交通服务,,東海旅客鉄道
9023,9023.T,"Tokyo Metro Co.,Ltd.",東京地下鉄,,Prime Market (Domestic),Land Transportation,陆运,铁路、公路与城市交通服务,32.9,東京地下鉄
9024,9024.T,SEIBU HOLDINGS INC.,西武控股,,Prime Market (Domestic),Land Transportation,陆运,铁路、公路与城市交通服务,,西武ホールディングス
9025,9025.T,"Konoike Transport Co.,Ltd.",鴻池运输,,Prime Market (Domestic),Land Transportation,陆运,铁路、公路与城市交通服务,32.9,鴻池運輸
9028,9028.T,"ZERO CO.,LTD.","ZERO CO.,LTD.",,Standard Market(Domestic),Land Transportation,陆运,铁路、公路与城市交通服务,,ゼロ
9029,9029.T,"HIGASHI HOLDINGS CO.,LTD.",ヒガシ控股,,Standard Market(Domestic),Land Transportation,陆运,铁路、公路与城市交通服务,,ヒガシホールディングス
9031,9031.T,"Nishi-Nippon Railroad Co.,Ltd.",西日本鉄道,,Prime Market (Domestic),Land Transportation,陆运,铁路、公路与城市交通服务,,西日本鉄道
9033,9033.T,"Hiroshima Electric Railway Co.,Ltd.",広島电铁,,Standard Market(Domestic),Land Transportation,陆运,电子设备/电气设备（具体产品待核验）,,広島電鉄
9034,9034.T,"NANSO Transport Co.,Ltd.",南総通運,,Standard Market(Domestic),Land Transportation,陆运,铁路、公路与城市交通服务,,南総通運
9036,9036.T,"TOHBU NETWORK CO.,LTD.",東部网络,,Standard Market(Domestic),Land Transportation,陆运,通信、网络设备与通信服务,,東部ネットワーク
9037,9037.T,"HAMAKYOREX CO.,LTD.","HAMAKYOREX CO.,LTD.",,Prime Market (Domestic),Land Transportation,陆运,铁路、公路与城市交通服务,,ハマキョウレックス
9039,9039.T,"Sakai Moving Service Co.,Ltd.",サカイ引越中心,,Prime Market (Domestic),Land Transportation,陆运,铁路、公路与城市交通服务,,サカイ引越センター
9041,9041.T,"Kintetsu Group Holdings Co.,Ltd.",近鉄集团控股,,Prime Market (Domestic),Land Transportation,陆运,铁路、公路与城市交通服务,,近鉄グループホールディングス
9042,9042.T,"Hankyu Hanshin Holdings,Inc.",阪急阪神控股,,Prime Market (Domestic),Land Transportation,陆运,铁路、公路与城市交通服务,,阪急阪神ホールディングス
9044,9044.T,"NANKAI Co.,Ltd.","NANKAI Co.,Ltd.",,Prime Market (Domestic),Land Transportation,陆运,铁路、公路与城市交通服务,,ＮＡＮＫＡＩ
9045,9045.T,"Keihan Holdings Co.,Ltd.",京阪控股,,Prime Market (Domestic),Land Transportation,陆运,铁路、公路与城市交通服务,,京阪ホールディングス
9046,9046.T,"Kobe Electric Railway Co.,Ltd.",神戸电铁,,Standard Market(Domestic),Land Transportation,陆运,电子设备/电气设备（具体产品待核验）,,神戸電鉄
9048,9048.T,"Nagoya Railroad Co., Ltd.",名古屋鉄道,,Prime Market (Domestic),Land Transportation,陆运,铁路、公路与城市交通服务,,名古屋鉄道
9049,9049.T,"Keifuku Electric Railroad Co.,Ltd.",京福電気鉄道,,Standard Market(Domestic),Land Transportation,陆运,电子设备/电气设备（具体产品待核验）,,京福電気鉄道
9051,9051.T,"SENKON LOGISTICS CO.,LTD",センコン物流,,Standard Market(Domestic),Land Transportation,陆运,物流、仓储与配送服务,,センコン物流
9052,9052.T,"Sanyo Electric Railway Co.,Ltd.",山陽電気鉄道,,Prime Market (Domestic),Land Transportation,陆运,电子设备/电气设备（具体产品待核验）,,山陽電気鉄道
9057,9057.T,"ENSHU TRUCK CO.,LTD.",遠州トラック,,Standard Market(Domestic),Land Transportation,陆运,铁路、公路与城市交通服务,,遠州トラック
9059,9059.T,"Kanda Holdings Co.,Ltd.",カンダ控股,,Standard Market(Domestic),Land Transportation,陆运,铁路、公路与城市交通服务,,カンダホールディングス
9060,9060.T,JAPAN LOGISTIC SYSTEMS CORP.,日本ロジテム,,Standard Market(Domestic),Land Transportation,陆运,铁路、公路与城市交通服务,,日本ロジテム
9063,9063.T,"Okayamaken Freight Transportation CO.,LTD.",岡山県貨物運送,,Standard Market(Domestic),Land Transportation,陆运,铁路、公路与城市交通服务,,岡山県貨物運送
9064,9064.T,"YAMATO HOLDINGS CO.,LTD.",ヤマト控股,,Prime Market (Domestic),Land Transportation,陆运,铁路、公路与城市交通服务,,ヤマトホールディングス
9065,9065.T,SANKYU INC.,山九,,Prime Market (Domestic),Land Transportation,陆运,铁路、公路与城市交通服务,32.9,山九
9068,9068.T,"Maruzen Showa Unyu Co.,Ltd.",丸全昭和运输,,Prime Market (Domestic),Land Transportation,陆运,铁路、公路与城市交通服务,,丸全昭和運輸
9069,9069.T,"SENKO Group Holdings Co.,Ltd.",センコー集团控股,,Prime Market (Domestic),Land Transportation,陆运,铁路、公路与城市交通服务,,センコーグループホールディングス
9072,9072.T,"NIKKON Holdings Co.,Ltd.",ニッコン控股,,Prime Market (Domestic),Land Transportation,陆运,铁路、公路与城市交通服务,,ニッコンホールディングス
9073,9073.T,"Kyogoku unyu shoji Co.,Ltd.",京極运输商事,,Standard Market(Domestic),Land Transportation,陆运,铁路、公路与城市交通服务,,京極運輸商事
9074,9074.T,"Japan Oil Transportation Co.,Ltd.",日本石油輸送,,Standard Market(Domestic),Land Transportation,陆运,铁路、公路与城市交通服务,,日本石油輸送
9075,9075.T,"FUKUYAMA TRANSPORTING CO.,LTD.",福山通運,,Prime Market (Domestic),Land Transportation,陆运,铁路、公路与城市交通服务,,福山通運
9076,9076.T,"SEINO HOLDINGS CO.,LTD.",セイノー控股,,Prime Market (Domestic),Land Transportation,陆运,铁路、公路与城市交通服务,,セイノーホールディングス
9081,9081.T,"Kanagawa Chuo Kotsu Co.,Ltd.",神奈川中央交通,,Prime Market (Domestic),Land Transportation,陆运,铁路、公路与城市交通服务,,神奈川中央交通
9082,9082.T,"Daiwa Motor Transportation Co.,Ltd.",大和自動車交通,,Standard Market(Domestic),Land Transportation,陆运,汽车整车与零部件,,大和自動車交通
9083,9083.T,"Shinki Bus Co.,Ltd.",神姫バス,,Standard Market(Domestic),Land Transportation,陆运,铁路、公路与城市交通服务,,神姫バス
9087,9087.T,TAKASE CORPORATION,TAKASE 公司,,Standard Market(Domestic),Land Transportation,陆运,铁路、公路与城市交通服务,,タカセ
9090,9090.T,AZ-COM MARUWA Holdings Inc.,ＡＺ－ＣＯＭ丸和控股,,Prime Market (Domestic),Land Transportation,陆运,铁路、公路与城市交通服务,32.9,ＡＺ－ＣＯＭ丸和ホールディングス
9101,9101.T,Nippon Yusen Kabushiki Kaisha,日本郵船,,Prime Market (Domestic),Marine Transportation,海运,海运、港口与航运服务,32.9,日本郵船
9104,9104.T,"Mitsui O.S.K.Lines,Ltd.",商船三井,,Prime Market (Domestic),Marine Transportation,海运,海运、港口与航运服务,32.9,商船三井
9107,9107.T,"Kawasaki Kisen Kaisha,Ltd.",川崎汽船,,Prime Market (Domestic),Marine Transportation,海运,海运、港口与航运服务,,川崎汽船
9110,9110.T,"NS United Kaiun Kaisha,Ltd.",ＮＳユナイテッド海運,,Prime Market (Domestic),Marine Transportation,海运,海运、港口与航运服务,,ＮＳユナイテッド海運
9115,9115.T,"Meiji Shipping Group Co.,Ltd.",明海集团,,Standard Market(Domestic),Marine Transportation,海运,海运、港口与航运服务,,明海グループ
9119,9119.T,"IINO KAIUN KAISHA,LTD.",飯野海運,,Prime Market (Domestic),Marine Transportation,海运,海运、港口与航运服务,,飯野海運
9127,9127.T,"TAMAI STEAMSHIP CO.,LTD.",玉井商船,,Standard Market(Domestic),Marine Transportation,海运,海运、港口与航运服务,,玉井商船
9130,9130.T,"KYOEI TANKER CO.,LTD.",共栄タンカー,,Standard Market(Domestic),Marine Transportation,海运,海运、港口与航运服务,,共栄タンカー
9142,9142.T,Kyushu Railway Company,九州旅客鉄道,,Prime Market (Domestic),Land Transportation,陆运,铁路、公路与城市交通服务,65.45,九州旅客鉄道
9143,9143.T,"SG HOLDINGS CO.,LTD.",ＳＧ控股,,Prime Market (Domestic),Land Transportation,陆运,铁路、公路与城市交通服务,,ＳＧホールディングス
9145,9145.T,"BEING HOLDINGS CO.,LTD.",ビーイング控股,,Standard Market(Domestic),Land Transportation,陆运,铁路、公路与城市交通服务,,ビーイングホールディングス
9147,9147.T,"NIPPON EXPRESS HOLDINGS,INC.",ＮＩＰＰＯＮ ＥＸＰＲＥＳＳ控股,,Prime Market (Domestic),Land Transportation,陆运,铁路、公路与城市交通服务,32.9,ＮＩＰＰＯＮ　ＥＸＰＲＥＳＳホールディングス
9158,9158.T,CUC Inc.,CUC Inc.,,Growth Market(Domestic),Services,服务业,专业服务、消费服务与商业服务（具体业务待核验）,,シーユーシー
9159,9159.T,W TOKYO Inc.,W TOKYO Inc.,,Growth Market(Domestic),Services,服务业,专业服务、消费服务与商业服务（具体业务待核验）,,Ｗ　ＴＯＫＹＯ
9160,9160.T,"ON THE PAGE,Inc.","ON THE PAGE,Inc.",,Standard Market(Domestic),Services,服务业,专业服务、消费服务与商业服务（具体业务待核验）,,オンザページ
9162,9162.T,"Bleach,Inc.","Bleach,Inc.",,Growth Market(Domestic),Services,服务业,专业服务、消费服务与商业服务（具体业务待核验）,,ブリーチ
9163,9163.T,Nareru Group Inc.,ナレル集团,,Growth Market(Domestic),Services,服务业,专业服务、消费服务与商业服务（具体业务待核验）,,ナレルグループ
9165,9165.T,"Qualtec Co.,Ltd.","Qualtec Co.,Ltd.",,Growth Market(Domestic),Services,服务业,专业服务、消费服务与商业服务（具体业务待核验）,,クオルテック
9166,9166.T,GENDA Inc.,GENDA Inc.,,Growth Market(Domestic),Services,服务业,专业服务、消费服务与商业服务（具体业务待核验）,32.9,ＧＥＮＤＡ
9168,9168.T,"Rise Consulting Group,Inc.",ライズ・咨询・集团,,Growth Market(Domestic),Services,服务业,专业服务、消费服务与商业服务（具体业务待核验）,,ライズ・コンサルティング・グループ
9171,9171.T,"Kuribayashi Steamship Co.,Ltd.",栗林商船,,Standard Market(Domestic),Marine Transportation,海运,海运、港口与航运服务,,栗林商船
9173,9173.T,"Tokai Kisen Co.,Ltd.",東海汽船,,Standard Market(Domestic),Marine Transportation,海运,海运、港口与航运服务,,東海汽船
9193,9193.T,"Tokyo Kisen Co.,Ltd.",東京汽船,,Standard Market(Domestic),Warehousing and Harbor Transportation Service,仓储运输,物流、仓储与配送服务,,東京汽船
9201,9201.T,"Japan Airlines Co.,Ltd.",日本航空,,Prime Market (Domestic),Air Transportation,空运,航空运输与机场服务,32.9,日本航空
9202,9202.T,ANA HOLDINGS INC.,ＡＮＡ控股,,Prime Market (Domestic),Air Transportation,空运,航空运输与机场服务,,ＡＮＡホールディングス
9204,9204.T,Skymark Airlines Inc.,Skymark Airlines Inc.,,Growth Market(Domestic),Air Transportation,空运,航空运输与机场服务,,スカイマーク
9206,9206.T,Star Flyer Inc.,Star Flyer Inc.,,Standard Market(Domestic),Air Transportation,空运,航空运输与机场服务,,スターフライヤー
9211,9211.T,f-code Inc.,f-code Inc.,,Growth Market(Domestic),Services,服务业,专业服务、消费服务与商业服务（具体业务待核验）,,エフ・コード
9212,9212.T,"Green Earth Institute Co.,Ltd.","Green Earth Institute Co.,Ltd.",,Standard Market(Domestic),Services,服务业,专业服务、消费服务与商业服务（具体业务待核验）,,Ｇｒｅｅｎ　Ｅａｒｔｈ　Ｉｎｓｔｉｔｕｔｅ
9213,9213.T,SEYFERT LTD.,SEYFERT LTD.,,Standard Market(Domestic),Services,服务业,专业服务、消费服务与商业服务（具体业务待核验）,,セイファート
9214,9214.T,"Recovery International Co.,Ltd.","Recovery International Co.,Ltd.",,Growth Market(Domestic),Services,服务业,专业服务、消费服务与商业服务（具体业务待核验）,,Ｒｅｃｏｖｅｒｙ　Ｉｎｔｅｒｎａｔｉｏｎａｌ
9215,9215.T,"CaSy Co.,Ltd.","CaSy Co.,Ltd.",,Growth Market(Domestic),Services,服务业,专业服务、消费服务与商业服务（具体业务待核验）,32.9,ＣａＳｙ
9216,9216.T,"Bewith,Inc.","Bewith,Inc.",,Prime Market (Domestic),Services,服务业,专业服务、消费服务与商业服务（具体业务待核验）,,ビーウィズ
9218,9218.T,"Mental Health Technologies Co.,Ltd.",メンタルヘルス科技,,Growth Market(Domestic),Services,服务业,专业服务、消费服务与商业服务（具体业务待核验）,,メンタルヘルステクノロジーズ
9219,9219.T,GiXo Ltd.,GiXo Ltd.,,Growth Market(Domestic),Services,服务业,专业服务、消费服务与商业服务（具体业务待核验）,32.9,ギックス
9220,9220.T,"FB CARE SERVICE CO.,LTD.",エフビー介護服务,,Standard Market(Domestic),Services,服务业,专业服务、消费服务与商业服务（具体业务待核验）,,エフビー介護サービス
9221,9221.T,FULUHASHI EPO CORPORATION,FULUHASHI EPO 公司,,Standard Market(Domestic),Services,服务业,专业服务、消费服务与商业服务（具体业务待核验）,,フルハシＥＰＯ
9225,9225.T,Bridge Consulting Group Inc.,ブリッジ咨询集团,,Growth Market(Domestic),Services,服务业,专业服务、消费服务与商业服务（具体业务待核验）,,ブリッジコンサルティンググループ
9227,9227.T,"Microwave Chemical Co.,Ltd.",マイクロ波化学,,Growth Market(Domestic),Services,服务业,基础化工/特种化学品（具体品类待核验）,,マイクロ波化学
9229,9229.T,"SUNWELS Co.,Ltd.","SUNWELS Co.,Ltd.",,Prime Market (Domestic),Services,服务业,专业服务、消费服务与商业服务（具体业务待核验）,32.9,サンウェルズ
9233,9233.T,"Asia Air Survey Co.,Ltd.",アジア航測,,Standard Market(Domestic),Air Transportation,空运,航空运输与机场服务,,アジア航測
9235,9235.T,"Ureru Net Advertising Group Co.,Ltd.",売れるネット広告社集团,,Growth Market(Domestic),Services,服务业,广告、营销与媒体服务,,売れるネット広告社グループ
9236,9236.T,Japan M&A Solution Incorporated,Japan M&A Solution Incorporated,,Growth Market(Domestic),Services,服务业,专业服务、消费服务与商业服务（具体业务待核验）,,ジャパンＭ＆Ａソリューション
9237,9237.T,"Emimen Co.,Ltd.",笑美面,,Growth Market(Domestic),Services,服务业,专业服务、消费服务与商业服务（具体业务待核验）,,笑美面
9238,9238.T,"VALUE CREATION CO.,LTD.","VALUE CREATION CO.,LTD.",,Growth Market(Domestic),Services,服务业,专业服务、消费服务与商业服务（具体业务待核验）,,バリュークリエーション
9240,9240.T,Delivery Consulting Inc.,デリバリー咨询,,Growth Market(Domestic),Services,服务业,物流、仓储与配送服务,,デリバリーコンサルティング
9241,9241.T,"Future Link Network Co.,Ltd.",フューチャーリンク网络,,Growth Market(Domestic),Services,服务业,通信、网络设备与通信服务,,フューチャーリンクネットワーク
9242,9242.T,"Media Research Institute,Inc.",媒体総研,,Growth Market(Domestic),Services,服务业,广告、营销与媒体服务,,メディア総研
9244,9244.T,DIGITALIFT Inc.,DIGITALIFT Inc.,,Growth Market(Domestic),Services,服务业,专业服务、消费服务与商业服务（具体业务待核验）,32.9,デジタリフト
9245,9245.T,Livero Inc.,Livero Inc.,,Growth Market(Domestic),Services,服务业,专业服务、消费服务与商业服务（具体业务待核验）,,リベロ
9246,9246.T,"ProjectHoldings,Inc.",プロジェクト控股,,Growth Market(Domestic),Services,服务业,专业服务、消费服务与商业服务（具体业务待核验）,,プロジェクトホールディングス
9247,9247.T,TRE HOLDINGS CORPORATION,ＴＲＥ控股,,Prime Market (Domestic),Services,服务业,专业服务、消费服务与商业服务（具体业务待核验）,,ＴＲＥホールディングス
9248,9248.T,"People, Dreams & Technologies Group Co.,Ltd.",人・夢・技術集团,,Standard Market(Domestic),Services,服务业,专业服务、消费服务与商业服务（具体业务待核验）,,人・夢・技術グループ
9249,9249.T,"Japan Ecosystem Co.,Ltd.",日本エコ系统,,Standard Market(Domestic),Services,服务业,专业服务、消费服务与商业服务（具体业务待核验）,,日本エコシステム
9250,9250.T,GRCS Inc.,GRCS Inc.,,Growth Market(Domestic),Services,服务业,专业服务、消费服务与商业服务（具体业务待核验）,,ＧＲＣＳ
9251,9251.T,"AB&Company Co.,Ltd.","AB&Company Co.,Ltd.",,Growth Market(Domestic),Services,服务业,专业服务、消费服务与商业服务（具体业务待核验）,,ＡＢ＆Ｃｏｍｐａｎｙ
9252,9252.T,"Last One Mile Co.,Ltd.","Last One Mile Co.,Ltd.",,Growth Market(Domestic),Services,服务业,专业服务、消费服务与商业服务（具体业务待核验）,,ラストワンマイル
9253,9253.T,Slogan Inc.,Slogan Inc.,,Growth Market(Domestic),Services,服务业,专业服务、消费服务与商业服务（具体业务待核验）,,スローガン
9254,9254.T,"Lovable Marketing Group,inc.",ラバブルマーケティング集团,,Growth Market(Domestic),Services,服务业,广告、营销与媒体服务,,ラバブルマーケティンググループ
9256,9256.T,"Succeed co.,ltd.","Succeed co.,ltd.",,Growth Market(Domestic),Services,服务业,专业服务、消费服务与商业服务（具体业务待核验）,32.9,サクシード
9257,9257.T,YCP Holdings (Global) Limited,ＹＣＰ控股（グローバル）リミテッド ＪＤＲ,,Growth Market (Foreign),Services,服务业,专业服务、消费服务与商业服务（具体业务待核验）,,ＹＣＰホールディングス（グローバル）リミテッド　ＪＤＲ
9258,9258.T,"CS-C.Co.,Ltd.","CS-C.Co.,Ltd.",,Growth Market(Domestic),Services,服务业,专业服务、消费服务与商业服务（具体业务待核验）,,ＣＳ－Ｃ
9259,9259.T,"TAKAYOSHI Holdings,INC.",タカヨシ控股,,Growth Market(Domestic),Services,服务业,专业服务、消费服务与商业服务（具体业务待核验）,,タカヨシホールディングス
9262,9262.T,"SILVER LIFE CO.,LTD.","SILVER LIFE CO.,LTD.",,Standard Market(Domestic),Retail Trade,零售业,零售与消费品渠道,,シルバーライフ
9264,9264.T,"Puequ CO.,LTD.","Puequ CO.,LTD.",,Standard Market(Domestic),Wholesale Trade,批发业,批发贸易/综合商社,,ポエック
9265,9265.T,"YAMASHITA HEALTH CARE HOLDINGS,INC.",ヤマシタヘルスケア控股,,Standard Market(Domestic),Wholesale Trade,批发业,批发贸易/综合商社,,ヤマシタヘルスケアホールディングス
9267,9267.T,"Genky DrugStores Co.,Ltd.","Genky DrugStores Co.,Ltd.",,Prime Market (Domestic),Retail Trade,零售业,零售与消费品渠道,,Ｇｅｎｋｙ　ＤｒｕｇＳｔｏｒｅｓ
9268,9268.T,OPTIMUS GROUP COMPANY LIMITED,オプティマス集团,,Standard Market(Domestic),Wholesale Trade,批发业,批发贸易/综合商社,,オプティマスグループ
9270,9270.T,Valuence Holdings Inc.,バリュエンス控股,,Growth Market(Domestic),Wholesale Trade,批发业,批发贸易/综合商社,32.9,バリュエンスホールディングス
9271,9271.T,"Wagokoro co.,ltd.",和心,,Growth Market(Domestic),Retail Trade,零售业,零售与消费品渠道,,和心
9272,9272.T,"Boutiques,Inc.","Boutiques,Inc.",,Growth Market(Domestic),Services,服务业,专业服务、消费服务与商业服务（具体业务待核验）,,ブティックス
9273,9273.T,"KOA SHOJI HOLDINGS CO.,LTD.",コーア商事控股,,Prime Market (Domestic),Wholesale Trade,批发业,批发贸易/综合商社,,コーア商事ホールディングス
9274,9274.T,"KPP GROUP HOLDINGS CO.,LTD.",ＫＰＰ集团控股,,Prime Market (Domestic),Wholesale Trade,批发业,批发贸易/综合商社,,ＫＰＰグループホールディングス
9278,9278.T,BOOKOFF GROUP HOLDINGS LIMITED,ブックオフ集团控股,,Prime Market (Domestic),Retail Trade,零售业,零售与消费品渠道,,ブックオフグループホールディングス
9279,9279.T,GIFT HOLDINGS INC.,ギフト控股,,Prime Market (Domestic),Retail Trade,零售业,零售与消费品渠道,,ギフトホールディングス
9301,9301.T,Mitsubishi Logistics Corporation,三菱倉庫,,Prime Market (Domestic),Warehousing and Harbor Transportation Service,仓储运输,物流、仓储与配送服务,,三菱倉庫
9302,9302.T,"MITSUI-SOKO HOLDINGS Co.,Ltd.",三井倉庫控股,,Prime Market (Domestic),Warehousing and Harbor Transportation Service,仓储运输,物流、仓储与配送服务,32.9,三井倉庫ホールディングス
9303,9303.T,"The Sumitomo Warehouse Co.,Ltd.",住友倉庫,,Prime Market (Domestic),Warehousing and Harbor Transportation Service,仓储运输,物流、仓储与配送服务,32.9,住友倉庫
9304,9304.T,Shibusawa Logistics Corporation,澁澤倉庫,,Prime Market (Domestic),Warehousing and Harbor Transportation Service,仓储运输,物流、仓储与配送服务,,澁澤倉庫
9305,9305.T,Yamatane Corporation,Yamatane 公司,,Prime Market (Domestic),Wholesale Trade,批发业,批发贸易/综合商社,,ヤマタネ
9306,9306.T,"Toyo Logistics Co.,Ltd.",東陽倉庫,,Standard Market(Domestic),Warehousing and Harbor Transportation Service,仓储运输,物流、仓储与配送服务,,東陽倉庫
9307,9307.T,"Sugimura Warehouse Co.,Ltd.",杉村倉庫,,Standard Market(Domestic),Warehousing and Harbor Transportation Service,仓储运输,物流、仓储与配送服务,32.9,杉村倉庫
9308,9308.T,"Inui Global Logistics Co.,Ltd.",乾汽船,,Standard Market(Domestic),Marine Transportation,海运,物流、仓储与配送服务,,乾汽船
9310,9310.T,Japan Transcity Corporation,日本トランスシティ,,Prime Market (Domestic),Warehousing and Harbor Transportation Service,仓储运输,物流、仓储与配送服务,,日本トランスシティ
9311,9311.T,ASAGAMI CORPORATION,ASAGAMI 公司,,Standard Market(Domestic),Warehousing and Harbor Transportation Service,仓储运输,物流、仓储与配送服务,,アサガミ
9312,9312.T,"THE KEIHIN CO.,LTD.","THE KEIHIN CO.,LTD.",,Standard Market(Domestic),Warehousing and Harbor Transportation Service,仓储运输,物流、仓储与配送服务,,ケイヒン
9313,9313.T,Maruhachi Warehouse Company Limited,丸八倉庫,,Standard Market(Domestic),Warehousing and Harbor Transportation Service,仓储运输,物流、仓储与配送服务,,丸八倉庫
9319,9319.T,"Chuo Warehouse Co.,Ltd.",中央倉庫,,Prime Market (Domestic),Warehousing and Harbor Transportation Service,仓储运输,物流、仓储与配送服务,,中央倉庫
9322,9322.T,"KAWANISHI WAREHOUSE CO.,LTD.",川西倉庫,,Standard Market(Domestic),Warehousing and Harbor Transportation Service,仓储运输,物流、仓储与配送服务,,川西倉庫
9324,9324.T,Yasuda Logistics Corporation,安田倉庫,,Prime Market (Domestic),Warehousing and Harbor Transportation Service,仓储运输,物流、仓储与配送服务,32.9,安田倉庫
9325,9325.T,PHYZ Holdings Inc.,ファイズ控股,,Standard Market(Domestic),Warehousing and Harbor Transportation Service,仓储运输,物流、仓储与配送服务,,ファイズホールディングス
9326,9326.T,"KANTSU HD CO.,LTD.",関通控股,,Growth Market(Domestic),Warehousing and Harbor Transportation Service,仓储运输,物流、仓储与配送服务,,関通ホールディングス
9327,9327.T,"e-LogiT co.,ltd.","e-LogiT co.,ltd.",,Standard Market(Domestic),Warehousing and Harbor Transportation Service,仓储运输,物流、仓储与配送服务,,イー・ロジット
9330,9330.T,AGEHA Inc.,揚羽,,Growth Market(Domestic),Services,服务业,专业服务、消费服务与商业服务（具体业务待核验）,,揚羽
9331,9331.T,Caster Co.Ltd.,Caster Co.Ltd.,,Growth Market(Domestic),Services,服务业,专业服务、消费服务与商业服务（具体业务待核验）,,キャスター
9332,9332.T,"NISSO HOLDINGS Co.,Ltd.",ＮＩＳＳＯ控股,,Prime Market (Domestic),Services,服务业,专业服务、消费服务与商业服务（具体业务待核验）,32.9,ＮＩＳＳＯホールディングス
9336,9336.T,"Daiei Kankyo Co.,Ltd.",大栄環境,,Prime Market (Domestic),Services,服务业,专业服务、消费服务与商业服务（具体业务待核验）,,大栄環境
9337,9337.T,toridori Inc.,toridori Inc.,,Growth Market(Domestic),Services,服务业,专业服务、消费服务与商业服务（具体业务待核验）,,トリドリ
9339,9339.T,"COACH A Co.,Ltd.","COACH A Co.,Ltd.",,Standard Market(Domestic),Services,服务业,专业服务、消费服务与商业服务（具体业务待核验）,32.9,コーチ・エィ
9340,9340.T,"ASO INTERNATIONAL,INC.","ASO INTERNATIONAL,INC.",,Standard Market(Domestic),Services,服务业,专业服务、消费服务与商业服务（具体业务待核验）,,アソインターナショナル
9341,9341.T,"GENOVA,Inc.","GENOVA,Inc.",,Prime Market (Domestic),Services,服务业,专业服务、消费服务与商业服务（具体业务待核验）,,ＧＥＮＯＶＡ
9342,9342.T,Sumasapo Inc.,Sumasapo Inc.,,Growth Market(Domestic),Services,服务业,专业服务、消费服务与商业服务（具体业务待核验）,,スマサポ
9343,9343.T,ibis inc.,ibis inc.,,Growth Market(Domestic),Services,服务业,专业服务、消费服务与商业服务（具体业务待核验）,32.9,アイビス
9344,9344.T,Axis Consulting Corporation,アクシス咨询,,Growth Market(Domestic),Services,服务业,专业服务、消费服务与商业服务（具体业务待核验）,,アクシスコンサルティング
9345,9345.T,"Bizmates,Inc.","Bizmates,Inc.",,Growth Market(Domestic),Services,服务业,专业服务、消费服务与商业服务（具体业务待核验）,,ビズメイツ
9346,9346.T,"Cocorport,Inc.","Cocorport,Inc.",,Growth Market(Domestic),Services,服务业,专业服务、消费服务与商业服务（具体业务待核验）,,ココルポート
9347,9347.T,"NIPPON KANZAI Holdings Co.,Ltd.",日本管財控股,,Prime Market (Domestic),Services,服务业,专业服务、消费服务与商业服务（具体业务待核验）,,日本管財ホールディングス
9348,9348.T,"ispace,inc.","ispace,inc.",,Growth Market(Domestic),Services,服务业,专业服务、消费服务与商业服务（具体业务待核验）,,ｉｓｐａｃｅ
9351,9351.T,"TOYO WHARF & WAREHOUSE CO.,LTD.",東洋埠頭,,Standard Market(Domestic),Warehousing and Harbor Transportation Service,仓储运输,物流、仓储与配送服务,,東洋埠頭
9353,9353.T,"SAKURAJIMA FUTO KAISHA,LTD.",櫻島埠頭,,Standard Market(Domestic),Warehousing and Harbor Transportation Service,仓储运输,物流、仓储与配送服务,,櫻島埠頭
9355,9355.T,RINKO CORPORATION,リンコー公司,,Standard Market(Domestic),Warehousing and Harbor Transportation Service,仓储运输,物流、仓储与配送服务,,リンコーコーポレーション
9360,9360.T,SUZUYO SHINWART CORPORATION,鈴与シンワート,,Standard Market(Domestic),Information & Communication,信息通信,通信、网络设备与通信服务,,鈴与シンワート
9361,9361.T,"FUSHIKI KAIRIKU UNSO CO.,LTD.",伏木海陸運送,,Standard Market(Domestic),Warehousing and Harbor Transportation Service,仓储运输,物流、仓储与配送服务,,伏木海陸運送
9362,9362.T,"HYOKI KAIUN KAISHA,LTD.",兵機海運,,Standard Market(Domestic),Warehousing and Harbor Transportation Service,仓储运输,物流、仓储与配送服务,,兵機海運
9363,9363.T,"DAIUN CO.,LTD.",大運,,Standard Market(Domestic),Warehousing and Harbor Transportation Service,仓储运输,物流、仓储与配送服务,,大運
9364,9364.T,"Kamigumi Co.,Ltd.",上組,,Prime Market (Domestic),Warehousing and Harbor Transportation Service,仓储运输,物流、仓储与配送服务,,上組
9365,9365.T,TRADIA CORPORATION,TRADIA 公司,,Standard Market(Domestic),Warehousing and Harbor Transportation Service,仓储运输,物流、仓储与配送服务,,トレーディア
9366,9366.T,SANRITSU CORPORATION,SANRITSU 公司,,Standard Market(Domestic),Warehousing and Harbor Transportation Service,仓储运输,物流、仓储与配送服务,,サンリツ
9367,9367.T,"DAITO KOUN CO.,LTD.",大東港運,,Standard Market(Domestic),Warehousing and Harbor Transportation Service,仓储运输,物流、仓储与配送服务,,大東港運
9368,9368.T,"KIMURA UNITY CO.,LTD.","KIMURA UNITY CO.,LTD.",,Standard Market(Domestic),Warehousing and Harbor Transportation Service,仓储运输,物流、仓储与配送服务,,キムラユニティー
9369,9369.T,K.R.S.Corporation,キユーソー流通系统,,Standard Market(Domestic),Warehousing and Harbor Transportation Service,仓储运输,物流、仓储与配送服务,,キユーソー流通システム
9376,9376.T,"EURASIA TRAVEL Co.,Ltd.",ユーラシア旅行社,,Standard Market(Domestic),Services,服务业,酒店、旅游与休闲服务,32.9,ユーラシア旅行社
9380,9380.T,"Azuma Shipping Co.,Ltd.",東海運,,Standard Market(Domestic),Warehousing and Harbor Transportation Service,仓储运输,物流、仓储与配送服务,,東海運
9381,9381.T,AIT CORPORATION,AIT 公司,,Prime Market (Domestic),Warehousing and Harbor Transportation Service,仓储运输,物流、仓储与配送服务,32.9,エーアイテイー
9385,9385.T,SHOEI CORPORATION,ショーエイ公司,,Standard Market(Domestic),Chemicals,化学,基础化工/特种化学品（具体品类待核验）,,ショーエイコーポレーション
9399,9399.T,Beat Holdings Limited,ビート・控股・リミテッド,,Standard Market(Foreign),Information & Communication,信息通信,通信、网络设备与通信服务,32.9,ビート・ホールディングス・リミテッド
9401,9401.T,"TBS HOLDINGS,INC.",ＴＢＳ控股,,Prime Market (Domestic),Information & Communication,信息通信,通信、网络设备与通信服务,,ＴＢＳホールディングス
9404,9404.T,"Nippon Television Holdings,Inc.",日本テレビ控股,,Prime Market (Domestic),Information & Communication,信息通信,通信、网络设备与通信服务,,日本テレビホールディングス
9405,9405.T,ASAHI BROADCASTING GROUP HOLDINGS CORPORATION,朝日放送集团控股,,Prime Market (Domestic),Information & Communication,信息通信,通信、网络设备与通信服务,,朝日放送グループホールディングス
9408,9408.T,"BSN MEDIA HOLDINGS,INC.",ＢＳＮ媒体控股,,Standard Market(Domestic),Information & Communication,信息通信,广告、营销与媒体服务,,ＢＳＮメディアホールディングス
9409,9409.T,TV Asahi Holdings Corporation,テレビ朝日控股,,Prime Market (Domestic),Information & Communication,信息通信,通信、网络设备与通信服务,,テレビ朝日ホールディングス
9412,9412.T,SKY Perfect JSAT Corporation,SKY Perfect JSAT 公司,,Prime Market (Domestic),Information & Communication,信息通信,通信、网络设备与通信服务,1070.54,スカパーＪＳＡＴ
9413,9413.T,TV TOKYO Holdings Corporation,テレビ東京控股,,Prime Market (Domestic),Information & Communication,信息通信,通信、网络设备与通信服务,,テレビ東京ホールディングス
9414,9414.T,Nippon BS Broadcasting Corporation,日本ＢＳ放送,,Standard Market(Domestic),Information & Communication,信息通信,通信、网络设备与通信服务,,日本ＢＳ放送
9416,9416.T,VISION INC.,VISION INC.,,Prime Market (Domestic),Information & Communication,信息通信,通信、网络设备与通信服务,,ビジョン
9417,9417.T,"Smartvalue Co.,Ltd.","Smartvalue Co.,Ltd.",,Standard Market(Domestic),Information & Communication,信息通信,通信、网络设备与通信服务,,スマートバリュー
9418,9418.T,"U-NEXT HOLDINGS Co.,Ltd.","U-NEXT 控股 Co.,Ltd.",,Prime Market (Domestic),Information & Communication,信息通信,通信、网络设备与通信服务,,Ｕ－ＮＥＸＴ　ＨＯＬＤＩＮＧＳ
9419,9419.T,"WirelessGate,Inc.","WirelessGate,Inc.",,Standard Market(Domestic),Information & Communication,信息通信,通信、网络设备与通信服务,,ワイヤレスゲート
9421,9421.T,NJ Holdings Inc.,エヌジェイ控股,,Standard Market(Domestic),Information & Communication,信息通信,通信、网络设备与通信服务,,エヌジェイホールディングス
9423,9423.T,Forval RealStraight Inc.,Forval RealStraight Inc.,,Standard Market(Domestic),Information & Communication,信息通信,通信、网络设备与通信服务,,フォーバル・リアルストレート
9424,9424.T,Japan Communications Inc.,日本通信,,Prime Market (Domestic),Information & Communication,信息通信,通信、网络设备与通信服务,,日本通信
9425,9425.T,ReYuu Japan Inc.,ReYuu Japan Inc.,,Standard Market(Domestic),Information & Communication,信息通信,通信、网络设备与通信服务,,ＲｅＹｕｕ　Ｊａｐａｎ
9428,9428.T,CROPS CORPORATION,CROPS 公司,,Standard Market(Domestic),Information & Communication,信息通信,通信、网络设备与通信服务,,クロップス
9432,9432.T,"NTT,Inc.",日本电信电话,,Prime Market (Domestic),Information & Communication,信息通信,通信服务（固定/移动通信与数据基础设施）,,ＮＴＴ
9433,9433.T,KDDI CORPORATION,KDDI,,Prime Market (Domestic),Information & Communication,信息通信,通信服务（移动通信、宽带与金融服务）,,ＫＤＤＩ
9434,9434.T,SoftBank Corp.,软银,,Prime Market (Domestic),Information & Communication,信息通信,银行与综合金融服务,520.53,ソフトバンク
9435,9435.T,"HIKARI TSUSHIN,INC.",光通信,,Prime Market (Domestic),Information & Communication,信息通信,通信、网络设备与通信服务,,光通信
9436,9436.T,OKINAWA CELLULAR TELEPHONE COMPANY,沖縄セルラー電話,,Standard Market(Domestic),Information & Communication,信息通信,通信、网络设备与通信服务,,沖縄セルラー電話
9438,9438.T,MTI Ltd.,MTI Ltd.,,Prime Market (Domestic),Information & Communication,信息通信,通信、网络设备与通信服务,,エムティーアイ
9439,9439.T,M・H・GROUP LTD.,エム・エイチ・集团,,Standard Market(Domestic),Services,服务业,专业服务、消费服务与商业服务（具体业务待核验）,,エム・エイチ・グループ
9441,9441.T,"Bell-Park Co.,Ltd.","Bell-Park Co.,Ltd.",,Standard Market(Domestic),Information & Communication,信息通信,通信、网络设备与通信服务,,ベルパーク
9444,9444.T,"TOSHIN HOLDINGS CO.,LTD",トーシン控股,,Standard Market(Domestic),Information & Communication,信息通信,通信、网络设备与通信服务,,トーシンホールディングス
9445,9445.T,"FORVAL TELECOM,INC.",フォーバル电信,,Standard Market(Domestic),Information & Communication,信息通信,通信、网络设备与通信服务,,フォーバルテレコム
9446,9446.T,"SAKAI Holdings CO.,LTD",サカイ控股,,Standard Market(Domestic),Information & Communication,信息通信,通信、网络设备与通信服务,,サカイホールディングス
9449,9449.T,"GMO internet group,Inc.",ＧＭＯ互联网集团,,Prime Market (Domestic),Information & Communication,信息通信,通信、网络设备与通信服务,,ＧＭＯインターネットグループ
9450,9450.T,Fibergate Inc.,Fibergate Inc.,,Standard Market(Domestic),Information & Communication,信息通信,通信、网络设备与通信服务,,ファイバーゲート
9466,9466.T,Aidma Marketing Communication Corporation,アイドママーケティング通信,,Standard Market(Domestic),Information & Communication,信息通信,广告、营销与媒体服务,,アイドママーケティングコミュニケーション
9467,9467.T,"AlphaPolis Co.,Ltd.","AlphaPolis Co.,Ltd.",,Growth Market(Domestic),Information & Communication,信息通信,通信、网络设备与通信服务,,アルファポリス
9468,9468.T,KADOKAWA CORPORATION,KADOKAWA 公司,,Prime Market (Domestic),Information & Communication,信息通信,通信、网络设备与通信服务,,ＫＡＤＯＫＡＷＡ
9470,9470.T,"GAKKEN HOLDINGS CO.,LTD.",学研控股,,Prime Market (Domestic),Information & Communication,信息通信,通信、网络设备与通信服务,,学研ホールディングス
9474,9474.T,"ZENRIN CO.,LTD.","ZENRIN CO.,LTD.",,Prime Market (Domestic),Information & Communication,信息通信,通信、网络设备与通信服务,,ゼンリン
9475,9475.T,"Shobunsha Holdings,Inc.",昭文社控股,,Standard Market(Domestic),Information & Communication,信息通信,通信、网络设备与通信服务,,昭文社ホールディングス
9476,9476.T,"CHUOKEIZAI-SHA HOLDINGS,INC.",中央経済社控股,,Standard Market(Domestic),Information & Communication,信息通信,通信、网络设备与通信服务,,中央経済社ホールディングス
9478,9478.T,"SE Holdings and Incubations Co.,Ltd.",ＳＥ控股・アンド・インキュベーションズ,,Standard Market(Domestic),Information & Communication,信息通信,通信、网络设备与通信服务,,ＳＥホールディングス・アンド・インキュベーションズ
9501,9501.T,"Tokyo Electric Power Company Holdings,Incorporated",東京電力控股,,Prime Market (Domestic),Electric Power and Gas,电力燃气,电子设备/电气设备（具体产品待核验）,,東京電力ホールディングス
9502,9502.T,"Chubu Electric Power Company,Incorporated",中部電力,,Prime Market (Domestic),Electric Power and Gas,电力燃气,电子设备/电气设备（具体产品待核验）,12029.28,中部電力
9503,9503.T,"The Kansai Electric Power Company,Incorporated",関西電力,,Prime Market (Domestic),Electric Power and Gas,电力燃气,电子设备/电气设备（具体产品待核验）,11700.17,関西電力
9504,9504.T,"The Chugoku Electric Power Company,Incorporated",中国電力,,Prime Market (Domestic),Electric Power and Gas,电力燃气,电子设备/电气设备（具体产品待核验）,,中国電力
9505,9505.T,Hokuriku Electric Power Company,北陸電力,,Prime Market (Domestic),Electric Power and Gas,电力燃气,电子设备/电气设备（具体产品待核验）,,北陸電力
9506,9506.T,"Tohoku Electric Power Company,Incorporated",東北電力,,Prime Market (Domestic),Electric Power and Gas,电力燃气,电子设备/电气设备（具体产品待核验）,,東北電力
9507,9507.T,"Shikoku Electric Power Company,Incorporated",四国電力,,Prime Market (Domestic),Electric Power and Gas,电力燃气,电子设备/电气设备（具体产品待核验）,,四国電力
9509,9509.T,"Hokkaido Electric Power Company,Incorporated",北海道電力,,Prime Market (Domestic),Electric Power and Gas,电力燃气,电子设备/电气设备（具体产品待核验）,,北海道電力
9511,9511.T,"The Okinawa Electric Power Company,Incorporated",沖縄電力,,Prime Market (Domestic),Electric Power and Gas,电力燃气,电子设备/电气设备（具体产品待核验）,,沖縄電力
9513,9513.T,"Electric Power Development Co.,Ltd.",電源開発,,Prime Market (Domestic),Electric Power and Gas,电力燃气,房地产开发与物业运营,,電源開発
9514,9514.T,EF-ON INC.,EF-ON INC.,,Standard Market(Domestic),Electric Power and Gas,电力燃气,电子设备/电气设备（具体产品待核验）,,エフオン
9517,9517.T,"eREX Co.,Ltd.","eREX Co.,Ltd.",,Prime Market (Domestic),Electric Power and Gas,电力燃气,电子设备/电气设备（具体产品待核验）,,イーレックス
9519,9519.T,"RENOVA,Inc.","RENOVA,Inc.",,Prime Market (Domestic),Electric Power and Gas,电力燃气,电子设备/电气设备（具体产品待核验）,,レノバ
9531,9531.T,"TOKYO GAS CO.,LTD.",東京瓦斯,,Prime Market (Domestic),Electric Power and Gas,电力燃气,电子设备/电气设备（具体产品待核验）,,東京瓦斯
9532,9532.T,"OSAKA GAS CO.,LTD.",大阪瓦斯,,Prime Market (Domestic),Electric Power and Gas,电力燃气,电子设备/电气设备（具体产品待核验）,,大阪瓦斯
9533,9533.T,"TOHO GAS CO.,LTD.",東邦瓦斯,,Prime Market (Domestic),Electric Power and Gas,电力燃气,电子设备/电气设备（具体产品待核验）,,東邦瓦斯
9534,9534.T,"HOKKAIDO GAS CO.,LTD.",北海道瓦斯,,Prime Market (Domestic),Electric Power and Gas,电力燃气,电子设备/电气设备（具体产品待核验）,,北海道瓦斯
9535,9535.T,"HIROSHIMA GAS CO.,LTD.",広島ガス,,Prime Market (Domestic),Electric Power and Gas,电力燃气,电子设备/电气设备（具体产品待核验）,,広島ガス
9536,9536.T,"SAIBU GAS HOLDINGS CO.,LTD.",西部ガス控股,,Prime Market (Domestic),Electric Power and Gas,电力燃气,电子设备/电气设备（具体产品待核验）,,西部ガスホールディングス
9537,9537.T,"HOKURIKU GAS CO.,LTD.",北陸瓦斯,,Standard Market(Domestic),Electric Power and Gas,电力燃气,电子设备/电气设备（具体产品待核验）,,北陸瓦斯
9539,9539.T,"KEIYO GAS CO.,LTD.",京葉瓦斯,,Standard Market(Domestic),Electric Power and Gas,电力燃气,电子设备/电气设备（具体产品待核验）,,京葉瓦斯
9543,9543.T,"SHIZUOKA GAS CO.,LTD.",静岡ガス,,Prime Market (Domestic),Electric Power and Gas,电力燃气,电子设备/电气设备（具体产品待核验）,32.9,静岡ガス
9551,9551.T,"METAWATER Co.,Ltd.","METAWATER Co.,Ltd.",,Prime Market (Domestic),Electric Power and Gas,电力燃气,电子设备/电气设备（具体产品待核验）,,メタウォーター
9552,9552.T,"Quants Research Institute Holdings,Inc.",クオンツ総研控股,,Prime Market (Domestic),Services,服务业,专业服务、消费服务与商业服务（具体业务待核验）,,クオンツ総研ホールディングス
9553,9553.T,"MicroAd,Inc.","MicroAd,Inc.",,Growth Market(Domestic),Services,服务业,专业服务、消费服务与商业服务（具体业务待核验）,,マイクロアド
9554,9554.T,"AViC Co.,Ltd.","AViC Co.,Ltd.",,Growth Market(Domestic),Services,服务业,专业服务、消费服务与商业服务（具体业务待核验）,,ＡＶｉＣ
9556,9556.T,INTLOOP Inc.,INTLOOP Inc.,,Growth Market(Domestic),Services,服务业,专业服务、消费服务与商业服务（具体业务待核验）,,ＩＮＴＬＯＯＰ
9557,9557.T,"airCloset,Inc.","airCloset,Inc.",,Growth Market(Domestic),Services,服务业,专业服务、消费服务与商业服务（具体业务待核验）,,エアークローゼット
9558,9558.T,"Japaniace Co.,Ltd.","Japaniace Co.,Ltd.",,Growth Market(Domestic),Services,服务业,专业服务、消费服务与商业服务（具体业务待核验）,,ジャパニアス
9560,9560.T,PROGRIT Inc.,PROGRIT Inc.,,Growth Market(Domestic),Services,服务业,专业服务、消费服务与商业服务（具体业务待核验）,,プログリット
9561,9561.T,GLAD CUBE Inc.,GLAD CUBE Inc.,,Growth Market(Domestic),Services,服务业,专业服务、消费服务与商业服务（具体业务待核验）,,グラッドキューブ
9562,9562.T,Business Coach Inc.,Business Coach Inc.,,Growth Market(Domestic),Services,服务业,专业服务、消费服务与商业服务（具体业务待核验）,,ビジネスコーチ
9563,9563.T,Atlas Technologies Corporation,Atlas 科技 公司,,Growth Market(Domestic),Services,服务业,专业服务、消费服务与商业服务（具体业务待核验）,,Ａｔｌａｓ　Ｔｅｃｈｎｏｌｏｇｉｅｓ
9564,9564.T,FCE Inc.,FCE Inc.,,Standard Market(Domestic),Services,服务业,专业服务、消费服务与商业服务（具体业务待核验）,,ＦＣＥ
9565,9565.T,GLOE Inc.,GLOE Inc.,,Growth Market(Domestic),Services,服务业,专业服务、消费服务与商业服务（具体业务待核验）,,ＧＬＯＥ
9601,9601.T,"Shochiku Co.,Ltd.",松竹,,Prime Market (Domestic),Information & Communication,信息通信,通信、网络设备与通信服务,,松竹
9602,9602.T,"TOHO CO.,LTD",东宝,,Prime Market (Domestic),Information & Communication,信息通信,通信、网络设备与通信服务,,東宝
9603,9603.T,"H.I.S.Co.,Ltd.","H.I.S.Co.,Ltd.",,Prime Market (Domestic),Services,服务业,专业服务、消费服务与商业服务（具体业务待核验）,,エイチ・アイ・エス
9605,9605.T,"TOEI COMPANY,LTD.",東映,,Prime Market (Domestic),Information & Communication,信息通信,通信、网络设备与通信服务,,東映
9610,9610.T,WILSON LEARNING WORLDWIDE INC.,WILSON LEARNING WORLDWIDE INC.,,Standard Market(Domestic),Services,服务业,专业服务、消费服务与商业服务（具体业务待核验）,,ウィルソン・ラーニング　ワールドワイド
9612,9612.T,"LUCKLAND CO.,LTD.","LUCKLAND CO.,LTD.",,Prime Market (Domestic),Services,服务业,专业服务、消费服务与商业服务（具体业务待核验）,,ラックランド
9616,9616.T,"KYORITSU MAINTENANCE CO.,LTD.",共立メンテナンス,,Prime Market (Domestic),Services,服务业,专业服务、消费服务与商业服务（具体业务待核验）,,共立メンテナンス
9619,9619.T,"ICHINEN HOLDINGS CO.,LTD.",イチネン控股,,Prime Market (Domestic),Services,服务业,专业服务、消费服务与商业服务（具体业务待核验）,,イチネンホールディングス
9621,9621.T,"CTI Engineering Co.,Ltd.",建設技術研究所,,Prime Market (Domestic),Services,服务业,专业服务、消费服务与商业服务（具体业务待核验）,,建設技術研究所
9622,9622.T,"SPACE CO.,LTD.","SPACE CO.,LTD.",,Prime Market (Domestic),Services,服务业,专业服务、消费服务与商业服务（具体业务待核验）,,スペース
9625,9625.T,"CERESPO CO.,LTD.","CERESPO CO.,LTD.",,Standard Market(Domestic),Services,服务业,专业服务、消费服务与商业服务（具体业务待核验）,,セレスポ
9627,9627.T,AIN HOLDINGS INC.,アイン控股,,Prime Market (Domestic),Retail Trade,零售业,零售与消费品渠道,,アインホールディングス
9628,9628.T,"SAN HOLDINGS,INC.",燦控股,,Prime Market (Domestic),Services,服务业,专业服务、消费服务与商业服务（具体业务待核验）,,燦ホールディングス
9629,9629.T,PCA CORPORATION,PCA 公司,,Prime Market (Domestic),Information & Communication,信息通信,通信、网络设备与通信服务,,ピー・シー・エー
9632,9632.T,"Subaru Enterprise Co.,Ltd.",スバル興業,,Standard Market(Domestic),Services,服务业,专业服务、消费服务与商业服务（具体业务待核验）,,スバル興業
9633,9633.T,"TOKYO THEATRES COMPANY,INCORPORATED",東京テアトル,,Standard Market(Domestic),Real Estate,不动产业,房地产开发与物业运营,,東京テアトル
9635,9635.T,"Musashino Kogyo Co.,Ltd.",武蔵野興業,,Standard Market(Domestic),Services,服务业,专业服务、消费服务与商业服务（具体业务待核验）,,武蔵野興業
9636,9636.T,Kin-Ei Corp.,Kin-Ei Corp.,,Standard Market(Domestic),Services,服务业,专业服务、消费服务与商业服务（具体业务待核验）,,きんえい
9639,9639.T,"SANKYO FRONTIER CO.,LTD.",三協フロンテア,,Standard Market(Domestic),Services,服务业,专业服务、消费服务与商业服务（具体业务待核验）,,三協フロンテア
9640,9640.T,"Saison Technology Co.,Ltd.",セゾン科技,,Standard Market(Domestic),Information & Communication,信息通信,通信、网络设备与通信服务,,セゾンテクノロジー
9644,9644.T,"TANABE CONSULTING GROUP CO.,LTD.",タナベ咨询集团,,Prime Market (Domestic),Services,服务业,专业服务、消费服务与商业服务（具体业务待核验）,,タナベコンサルティンググループ
9647,9647.T,"KYOWA ENGINEERING CONSULTANTS CO.,LTD.",協和コンサルタンツ,,Standard Market(Domestic),Services,服务业,专业服务、消费服务与商业服务（具体业务待核验）,,協和コンサルタンツ
9651,9651.T,"Japan Process Development Co.,Ltd.",日本プロセス,,Standard Market(Domestic),Information & Communication,信息通信,房地产开发与物业运营,,日本プロセス
9656,9656.T,GREENLAND RESORT COMPANY LIMITED,グリーンランド度假,,Standard Market(Domestic),Services,服务业,酒店、旅游与休闲服务,,グリーンランドリゾート
9658,9658.T,BUSINESS BRAIN SHOWA・OTA INC.,ビジネスブレイン太田昭和,,Prime Market (Domestic),Information & Communication,信息通信,通信、网络设备与通信服务,,ビジネスブレイン太田昭和
9661,9661.T,"Kabuki-Za Co.,Ltd.",歌舞伎座,,Standard Market(Domestic),Services,服务业,专业服务、消费服务与商业服务（具体业务待核验）,,歌舞伎座
9663,9663.T,"NAGAWA CO.,Ltd","NAGAWA CO.,Ltd",,Prime Market (Domestic),Services,服务业,专业服务、消费服务与商业服务（具体业务待核验）,,ナガワ
9672,9672.T,"TOKYOTOKEIBA CO.,LTD.",東京都競馬,,Prime Market (Domestic),Services,服务业,专业服务、消费服务与商业服务（具体业务待核验）,,東京都競馬
9678,9678.T,"KANAMOTO CO.,LTD.","KANAMOTO CO.,LTD.",,Prime Market (Domestic),Services,服务业,专业服务、消费服务与商业服务（具体业务待核验）,,カナモト
9679,9679.T,"HORAI Co.,Ltd.","HORAI Co.,Ltd.",,Standard Market(Domestic),Services,服务业,专业服务、消费服务与商业服务（具体业务待核验）,,ホウライ
9682,9682.T,DTS CORPORATION,DTS 公司,,Prime Market (Domestic),Information & Communication,信息通信,通信、网络设备与通信服务,,ＤＴＳ
9684,9684.T,"SQUARE ENIX HOLDINGS CO.,LTD.",スクウェア・エニックス・控股,,Prime Market (Domestic),Information & Communication,信息通信,通信、网络设备与通信服务,,スクウェア・エニックス・ホールディングス
9685,9685.T,"KYCOM HOLDINGS CO.,LTD.",ＫＹＣＯＭ控股,,Standard Market(Domestic),Information & Communication,信息通信,通信、网络设备与通信服务,,ＫＹＣＯＭホールディングス
9686,9686.T,"TOYO TEC CO.,LTD.",東洋テック,,Standard Market(Domestic),Services,服务业,专业服务、消费服务与商业服务（具体业务待核验）,,東洋テック
9687,9687.T,"KSK CO.,LTD","KSK CO.,LTD",,Standard Market(Domestic),Information & Communication,信息通信,通信、网络设备与通信服务,,ＫＳＫ
9691,9691.T,"RYOMO SYSTEMS CO.,LTD.",両毛系统,,Standard Market(Domestic),Information & Communication,信息通信,通信、网络设备与通信服务,,両毛システムズ
9692,9692.T,COMPUTER ENGINEERING & CONSULTING LTD.,COMPUTER 工程 & CONSULTING LTD.,,Prime Market (Domestic),Information & Communication,信息通信,通信、网络设备与通信服务,,シーイーシー
9697,9697.T,"CAPCOM CO.,LTD.","CAPCOM CO.,LTD.",,Prime Market (Domestic),Information & Communication,信息通信,通信、网络设备与通信服务,,カプコン
9698,9698.T,"CREO CO.,LTD.","CREO CO.,LTD.",,Standard Market(Domestic),Information & Communication,信息通信,通信、网络设备与通信服务,,クレオ
9699,9699.T,"NISHIO HOLDINGS CO.,LTD.",ニシオ控股,,Prime Market (Domestic),Services,服务业,专业服务、消费服务与商业服务（具体业务待核验）,,ニシオホールディングス
9701,9701.T,"Tokyo Kaikan Co.,Ltd.",東京會舘,,Standard Market(Domestic),Services,服务业,专业服务、消费服务与商业服务（具体业务待核验）,,東京會舘
9702,9702.T,ISB CORPORATION,ISB 公司,,Prime Market (Domestic),Information & Communication,信息通信,通信、网络设备与通信服务,,アイ・エス・ビー
9704,9704.T,"Agora Hospitality Group Co.,Ltd.",アゴーラ ホスピタリティー 集团,,Standard Market(Domestic),Services,服务业,医疗服务与医疗器械,,アゴーラ　ホスピタリティー　グループ
9706,9706.T,"Japan Airport Terminal Co.,ltd.",日本空港ビルデング,,Prime Market (Domestic),Real Estate,不动产业,房地产开发与物业运营,,日本空港ビルデング
9708,9708.T,"Imperial Hotel,Ltd.",帝国酒店,,Standard Market(Domestic),Services,服务业,酒店、旅游与休闲服务,,帝国ホテル
9709,9709.T,"NCS&A CO.,LTD.","NCS&A CO.,LTD.",,Standard Market(Domestic),Information & Communication,信息通信,通信、网络设备与通信服务,,ＮＣＳ＆Ａ
9713,9713.T,"THE ROYAL HOTEL,LIMITED",ロイヤル酒店,,Standard Market(Domestic),Services,服务业,酒店、旅游与休闲服务,,ロイヤルホテル
9715,9715.T,transcosmos inc.,transcosmos inc.,,Prime Market (Domestic),Services,服务业,专业服务、消费服务与商业服务（具体业务待核验）,,トランス・コスモス
9716,9716.T,"NOMURA Co.,Ltd.",乃村工藝社,,Prime Market (Domestic),Services,服务业,专业服务、消费服务与商业服务（具体业务待核验）,,乃村工藝社
9720,9720.T,"HOTEL NEWGRAND CO.,LTD.",酒店、ニューグランド,,Standard Market(Domestic),Services,服务业,酒店、旅游与休闲服务,,ホテル、ニューグランド
9722,9722.T,FUJITA KANKO INC.,藤田観光,,Prime Market (Domestic),Services,服务业,专业服务、消费服务与商业服务（具体业务待核验）,,藤田観光
9723,9723.T,"THE KYOTO HOTEL,LTD.",京都酒店,,Standard Market(Domestic),Services,服务业,酒店、旅游与休闲服务,,京都ホテル
9726,9726.T,"KNT-CT Holdings Co.,Ltd.",ＫＮＴ－ＣＴ控股,,Standard Market(Domestic),Services,服务业,专业服务、消费服务与商业服务（具体业务待核验）,,ＫＮＴ－ＣＴホールディングス
9729,9729.T,TOKAI Corp.,TOKAI Corp.,,Prime Market (Domestic),Services,服务业,专业服务、消费服务与商业服务（具体业务待核验）,,トーカイ
9731,9731.T,"Hakuyosha Company,Ltd.",白洋舎,,Standard Market(Domestic),Services,服务业,专业服务、消费服务与商业服务（具体业务待核验）,,白洋舎
9733,9733.T,Nagase Brothers Inc.,Nagase Brothers Inc.,,Standard Market(Domestic),Services,服务业,专业服务、消费服务与商业服务（具体业务待核验）,,ナガセ
9735,9735.T,"SECOM CO.,LTD.","SECOM CO.,LTD.",,Prime Market (Domestic),Services,服务业,专业服务、消费服务与商业服务（具体业务待核验）,,セコム
9739,9739.T,NSW Inc.,NSW Inc.,,Prime Market (Domestic),Information & Communication,信息通信,通信、网络设备与通信服务,,ＮＳＷ
9740,9740.T,"CENTRAL SECURITY PATROLS CO.,LTD.",セントラル警備保障,,Prime Market (Domestic),Services,服务业,专业服务、消费服务与商业服务（具体业务待核验）,,セントラル警備保障
9742,9742.T,INES Corporation,INES 公司,,Prime Market (Domestic),Information & Communication,信息通信,通信、网络设备与通信服务,,アイネス
9743,9743.T,"TANSEISHA CO.,LTD.",丹青社,,Prime Market (Domestic),Services,服务业,专业服务、消费服务与商业服务（具体业务待核验）,,丹青社
9744,9744.T,MEITEC Group Holdings Inc.,メイテック集团控股,,Prime Market (Domestic),Services,服务业,专业服务、消费服务与商业服务（具体业务待核验）,,メイテックグループホールディングス
9746,9746.T,TKC Corporation,TKC 公司,,Prime Market (Domestic),Information & Communication,信息通信,通信、网络设备与通信服务,,ＴＫＣ
9753,9753.T,IX Knowledge Incorporated,IX Knowledge Incorporated,,Standard Market(Domestic),Information & Communication,信息通信,通信、网络设备与通信服务,,アイエックス・ナレッジ
9755,9755.T,OYO Corporation,応用地質,,Prime Market (Domestic),Services,服务业,专业服务、消费服务与商业服务（具体业务待核验）,,応用地質
9757,9757.T,Funai Soken Holdings Incorporated,船井総研控股,,Prime Market (Domestic),Services,服务业,专业服务、消费服务与商业服务（具体业务待核验）,,船井総研ホールディングス
9759,9759.T,"NSD CO.,LTD.","NSD CO.,LTD.",,Prime Market (Domestic),Information & Communication,信息通信,通信、网络设备与通信服务,,ＮＳＤ
9760,9760.T,"SHINGAKUKAI HOLDINGS CO.,LTD.",進学会控股,,Standard Market(Domestic),Services,服务业,专业服务、消费服务与商业服务（具体业务待核验）,,進学会ホールディングス
9761,9761.T,"TOKAI LEASE CO.,LTD.",東海租赁,,Standard Market(Domestic),Services,服务业,专业服务、消费服务与商业服务（具体业务待核验）,,東海リース
9763,9763.T,"Maruken Lease Co.,Ltd.",丸建租赁,,Standard Market(Domestic),Wholesale Trade,批发业,批发贸易/综合商社,,丸建リース
9765,9765.T,"OHBA CO.,LTD.","OHBA CO.,LTD.",,Prime Market (Domestic),Services,服务业,专业服务、消费服务与商业服务（具体业务待核验）,,オオバ
9766,9766.T,KONAMI GROUP CORPORATION,コナミ集团,,Prime Market (Domestic),Information & Communication,信息通信,通信、网络设备与通信服务,1044.91,コナミグループ
9767,9767.T,"NIKKEN KOGAKU CO.,LTD.",日建工学,,Standard Market(Domestic),Services,服务业,专业服务、消费服务与商业服务（具体业务待核验）,,日建工学
9768,9768.T,"IDEA Consultants,Inc.","IDEA Consultants,Inc.",,Standard Market(Domestic),Services,服务业,专业服务、消费服务与商业服务（具体业务待核验）,,いであ
9769,9769.T,"GAKKYUSHA CO.,LTD.",学究社,,Prime Market (Domestic),Services,服务业,专业服务、消费服务与商业服务（具体业务待核验）,,学究社
9778,9778.T,"SUBARU CO.,LTD.",昴,,Standard Market(Domestic),Services,服务业,专业服务、消费服务与商业服务（具体业务待核验）,,昴
9780,9780.T,HARIMA B.STEM CORPORATION,HARIMA B.STEM 公司,,Standard Market(Domestic),Services,服务业,专业服务、消费服务与商业服务（具体业务待核验）,,ハリマビステム
9782,9782.T,DMS INC.,DMS INC.,,Standard Market(Domestic),Services,服务业,专业服务、消费服务与商业服务（具体业务待核验）,,ディーエムエス
9788,9788.T,"NAC CO.,LTD.","NAC CO.,LTD.",,Prime Market (Domestic),Services,服务业,专业服务、消费服务与商业服务（具体业务待核验）,,ナック
9790,9790.T,"Fukui Computer Holdings,Inc.",福井コンピュータ控股,,Prime Market (Domestic),Information & Communication,信息通信,通信、网络设备与通信服务,,福井コンピュータホールディングス
9791,9791.T,BIKEN TECHNO CORPORATION,BIKEN TECHNO 公司,,Standard Market(Domestic),Services,服务业,专业服务、消费服务与商业服务（具体业务待核验）,,ビケンテクノ
9793,9793.T,"Daiseki Co.,Ltd.","Daiseki Co.,Ltd.",,Prime Market (Domestic),Services,服务业,专业服务、消费服务与商业服务（具体业务待核验）,,ダイセキ
9795,9795.T,"STEP CO.,LTD.","STEP CO.,LTD.",,Prime Market (Domestic),Services,服务业,专业服务、消费服务与商业服务（具体业务待核验）,,ステップ
9799,9799.T,"ASAHI INTELLIGENCE SERVICE CO.,LTD.",旭情報服务,,Standard Market(Domestic),Information & Communication,信息通信,通信、网络设备与通信服务,,旭情報サービス
9812,9812.T,"T.O. Holdings CO.,LTD.",テーオー控股,,Standard Market(Domestic),Retail Trade,零售业,零售与消费品渠道,,テーオーホールディングス
9816,9816.T,Striders Corporation,Striders 公司,,Standard Market(Domestic),Real Estate,不动产业,房地产开发与物业运营,,ストライダーズ
9818,9818.T,"DAIMARU ENAWIN Co.,Ltd.",大丸エナウィン,,Standard Market(Domestic),Wholesale Trade,批发业,批发贸易/综合商社,,大丸エナウィン
9820,9820.T,MT GENEX CORPORATION,MT GENEX 公司,,Standard Market(Domestic),Real Estate,不动产业,房地产开发与物业运营,,エムティジェネックス
9823,9823.T,Mammy Mart Holdings Corporation,マミーマート控股,,Standard Market(Domestic),Retail Trade,零售业,零售与消费品渠道,,マミーマートホールディングス
9824,9824.T,"SENSHU ELECTRIC CO.,LTD.",泉州電業,,Prime Market (Domestic),Wholesale Trade,批发业,批发贸易/综合商社,,泉州電業
9827,9827.T,"Lilycolor Co.,Ltd.","Lilycolor Co.,Ltd.",,Standard Market(Domestic),Wholesale Trade,批发业,批发贸易/综合商社,,リリカラ
9828,9828.T,Genki Global Dining Concepts Corporation,Genki Global Dining Concepts 公司,,Standard Market(Domestic),Retail Trade,零售业,零售与消费品渠道,,Ｇｅｎｋｉ　Ｇｌｏｂａｌ　Ｄｉｎｉｎｇ　Ｃｏｎｃｅｐｔｓ
9830,9830.T,TRUSCO NAKAYAMA CORPORATION,トラスコ中山,,Prime Market (Domestic),Wholesale Trade,批发业,批发贸易/综合商社,,トラスコ中山
9831,9831.T,"YAMADA HOLDINGS CO.,LTD.",ヤマダ控股,,Prime Market (Domestic),Retail Trade,零售业,零售与消费品渠道,,ヤマダホールディングス
9832,9832.T,"AUTOBACS SEVEN CO.,LTD.","AUTOBACS SEVEN CO.,LTD.",,Prime Market (Domestic),Wholesale Trade,批发业,批发贸易/综合商社,,オートバックスセブン
9835,9835.T,"JUNTENDO CO.,LTD.","JUNTENDO CO.,LTD.",,Standard Market(Domestic),Retail Trade,零售业,零售与消费品渠道,,ジュンテンドー
9837,9837.T,"MORITO CO.,LTD.","MORITO CO.,LTD.",,Prime Market (Domestic),Wholesale Trade,批发业,批发贸易/综合商社,,モリト
9842,9842.T,ARCLANDS CORPORATION,ARCLANDS 公司,,Prime Market (Domestic),Retail Trade,零售业,零售与消费品渠道,,アークランズ
9843,9843.T,"Nitori Holdings Co.,Ltd.",ニトリ控股,,Prime Market (Domestic),Retail Trade,零售业,零售与消费品渠道,,ニトリホールディングス
9845,9845.T,PARKER CORPORATION,パーカー公司,,Standard Market(Domestic),Chemicals,化学,基础化工/特种化学品（具体品类待核验）,,パーカーコーポレーション
9846,9846.T,"TENMAYA STORE CO.,LTD.",天満屋ストア,,Standard Market(Domestic),Retail Trade,零售业,零售与消费品渠道,,天満屋ストア
9849,9849.T,KYODO PAPER HOLDINGS,共同紙販控股,,Standard Market(Domestic),Wholesale Trade,批发业,批发贸易/综合商社,,共同紙販ホールディングス
9850,9850.T,"GOURMET KINEYA CO.,LTD.",グルメ杵屋,,Prime Market (Domestic),Retail Trade,零售业,零售与消费品渠道,,グルメ杵屋
9853,9853.T,"GINZA RENOIR CO.,LTD.",銀座ルノアール,,Standard Market(Domestic),Retail Trade,零售业,零售与消费品渠道,,銀座ルノアール
9854,9854.T,"AIGAN CO.,LTD.",愛眼,,Standard Market(Domestic),Retail Trade,零售业,零售与消费品渠道,,愛眼
9856,9856.T,"KU HOLDINGS CO.,LTD.",ケーユー控股,,Standard Market(Domestic),Retail Trade,零售业,零售与消费品渠道,,ケーユーホールディングス
9857,9857.T,EIWA CORPORATION,英和,,Standard Market(Domestic),Wholesale Trade,批发业,批发贸易/综合商社,,英和
9861,9861.T,"YOSHINOYA HOLDINGS CO.,LTD.",吉野家控股,,Prime Market (Domestic),Retail Trade,零售业,零售与消费品渠道,,吉野家ホールディングス
9867,9867.T,Solekia Limited,Solekia Limited,,Standard Market(Domestic),Wholesale Trade,批发业,批发贸易/综合商社,,ソレキア
9869,9869.T,"KATO SANGYO CO.,LTD.",加藤工业,,Prime Market (Domestic),Wholesale Trade,批发业,批发贸易/综合商社,,加藤産業
9872,9872.T,"KITAKEI CO.,LTD.",北恵,,Standard Market(Domestic),Wholesale Trade,批发业,批发贸易/综合商社,,北恵
9876,9876.T,"COX CO.,LTD.","COX CO.,LTD.",,Standard Market(Domestic),Retail Trade,零售业,零售与消费品渠道,,コックス
9878,9878.T,"SEKIDO CO.,LTD.","SEKIDO CO.,LTD.",,Standard Market(Domestic),Retail Trade,零售业,零售与消费品渠道,,セキド
9880,9880.T,INNOTECH CORPORATION,INNOTECH 公司,,Prime Market (Domestic),Electric Appliances,电气设备,电子设备/电气设备（具体产品待核验）,,イノテック
9882,9882.T,YELLOW HAT LTD.,YELLOW HAT LTD.,,Prime Market (Domestic),Wholesale Trade,批发业,批发贸易/综合商社,,イエローハット
9885,9885.T,"CHARLE CO.,LTD.","CHARLE CO.,LTD.",,Standard Market(Domestic),Wholesale Trade,批发业,批发贸易/综合商社,,シャルレ
9887,9887.T,"MATSUYA FOODS HOLDINGS CO.,LTD.",松屋フーズ控股,,Prime Market (Domestic),Retail Trade,零售业,零售与消费品渠道,,松屋フーズホールディングス
9888,9888.T,"UEX,LTD.","UEX,LTD.",,Standard Market(Domestic),Wholesale Trade,批发业,批发贸易/综合商社,,ＵＥＸ
9889,9889.T,JBCC Holdings Inc.,ＪＢＣＣ控股,,Prime Market (Domestic),Information & Communication,信息通信,通信、网络设备与通信服务,,ＪＢＣＣホールディングス
9890,9890.T,"MAKIYA CO.,LTD.","MAKIYA CO.,LTD.",,Standard Market(Domestic),Retail Trade,零售业,零售与消费品渠道,,マキヤ
9895,9895.T,CONSEC CORPORATION,CONSEC 公司,,Standard Market(Domestic),Wholesale Trade,批发业,批发贸易/综合商社,,コンセック
9896,9896.T,"JK Holdings Co.,Ltd.",ＪＫ控股,,Standard Market(Domestic),Wholesale Trade,批发业,批发贸易/综合商社,,ＪＫホールディングス
9900,9900.T,Sagami Holdings Corporation,サガミ控股,,Prime Market (Domestic),Retail Trade,零售业,零售与消费品渠道,,サガミホールディングス
9902,9902.T,NICHIDEN Corporation,日伝,,Prime Market (Domestic),Wholesale Trade,批发业,批发贸易/综合商社,,日伝
9903,9903.T,"KANSEKI CO.,LTD","KANSEKI CO.,LTD",,Standard Market(Domestic),Retail Trade,零售业,零售与消费品渠道,,カンセキ
9904,9904.T,"Verite Co.,Ltd.","Verite Co.,Ltd.",,Standard Market(Domestic),Retail Trade,零售业,零售与消费品渠道,,ベリテ
9906,9906.T,Fujii Sangyo Corporation,藤井工业,,Standard Market(Domestic),Wholesale Trade,批发业,批发贸易/综合商社,,藤井産業
9908,9908.T,"NIHON DENKEI CO.,LTD",日本電計,,Standard Market(Domestic),Wholesale Trade,批发业,批发贸易/综合商社,,日本電計
9913,9913.T,NIPPO LTD.,日邦工业,,Standard Market(Domestic),Wholesale Trade,批发业,批发贸易/综合商社,,日邦産業
9928,9928.T,"MIROKU JYOHO SERVICE CO.,LTD.",ミロク情報服务,,Prime Market (Domestic),Information & Communication,信息通信,通信、网络设备与通信服务,,ミロク情報サービス
9929,9929.T,"HEIWA PAPER CO.,LTD.",平和紙業,,Standard Market(Domestic),Wholesale Trade,批发业,批发贸易/综合商社,,平和紙業
9930,9930.T,"KITAZAWA SANGYO CO.,LTD.",北沢工业,,Standard Market(Domestic),Wholesale Trade,批发业,批发贸易/综合商社,,北沢産業
9932,9932.T,"SUGIMOTO & CO.,LTD.",杉本商事,,Prime Market (Domestic),Wholesale Trade,批发业,批发贸易/综合商社,,杉本商事
9934,9934.T,"INABA DENKISANGYO CO.,LTD.",因幡電機工业,,Prime Market (Domestic),Wholesale Trade,批发业,批发贸易/综合商社,,因幡電機産業
9936,9936.T,OHSHO FOOD SERVICE CORP.,王将食品服务,,Prime Market (Domestic),Retail Trade,零售业,餐饮服务,,王将フードサービス
9941,9941.T,"TAIYO BUSSAN KAISHA,LTD.",太洋物産,,Standard Market(Domestic),Wholesale Trade,批发业,批发贸易/综合商社,,太洋物産
9946,9946.T,"MINISTOP CO.,LTD.","MINISTOP CO.,LTD.",,Prime Market (Domestic),Retail Trade,零售业,零售与消费品渠道,,ミニストップ
9948,9948.T,"ARCS COMPANY,LIMITED","ARCS COMPANY,LIMITED",,Prime Market (Domestic),Retail Trade,零售业,零售与消费品渠道,,アークス
9950,9950.T,"HACHI-BAN CO.,LTD.","HACHI-BAN CO.,LTD.",,Standard Market(Domestic),Retail Trade,零售业,零售与消费品渠道,,ハチバン
9955,9955.T,"THE YONKYU CO.,LTD.","THE YONKYU CO.,LTD.",,Standard Market(Domestic),Wholesale Trade,批发业,批发贸易/综合商社,,ヨンキュウ
9956,9956.T,"VALOR HOLDINGS CO.,LTD.",バロー控股,,Prime Market (Domestic),Retail Trade,零售业,零售与消费品渠道,,バローホールディングス
9959,9959.T,"ASEED HOLDINGS CO.,LTD.",アシード控股,,Standard Market(Domestic),Retail Trade,零售业,零售与消费品渠道,,アシードホールディングス
9960,9960.T,TOTECH CORPORATION,東テク,,Prime Market (Domestic),Wholesale Trade,批发业,批发贸易/综合商社,,東テク
9962,9962.T,MISUMI Group Inc.,ミスミ集团本社,,Prime Market (Domestic),Wholesale Trade,批发业,批发贸易/综合商社,,ミスミグループ本社
9969,9969.T,"SHOKUBUN CO.,LTD.","SHOKUBUN CO.,LTD.",,Standard Market(Domestic),Retail Trade,零售业,零售与消费品渠道,,ショクブン
9972,9972.T,"ALTECH CO.,LTD.","ALTECH CO.,LTD.",,Standard Market(Domestic),Wholesale Trade,批发业,批发贸易/综合商社,,アルテック
9973,9973.T,"KOZO Holdings Co.,Ltd.",ＫＯＺＯ控股,,Standard Market(Domestic),Retail Trade,零售业,零售与消费品渠道,,ＫＯＺＯホールディングス
9974,9974.T,"Belc CO.,LTD.","Belc CO.,LTD.",,Prime Market (Domestic),Retail Trade,零售业,零售与消费品渠道,,ベルク
9976,9976.T,"SEKICHU CO.,LTD.","SEKICHU CO.,LTD.",,Standard Market(Domestic),Retail Trade,零售业,零售与消费品渠道,,セキチュー
9978,9978.T,"BUNKYODO GROUP HOLDINGS CO.,LTD.",文教堂集团控股,,Standard Market(Domestic),Retail Trade,零售业,零售与消费品渠道,,文教堂グループホールディングス
9979,9979.T,DAISYO CORPORATION,大庄,,Standard Market(Domestic),Retail Trade,零售业,零售与消费品渠道,,大庄
9980,9980.T,MRK HOLDINGS INC.,ＭＲＫ控股,,Standard Market(Domestic),Retail Trade,零售业,零售与消费品渠道,,ＭＲＫホールディングス
9982,9982.T,"Takihyo Co.,Ltd.","Takihyo Co.,Ltd.",,Standard Market(Domestic),Wholesale Trade,批发业,批发贸易/综合商社,,タキヒヨー
9983,9983.T,"FAST RETAILING CO.,LTD.",迅销,,Prime Market (Domestic),Retail Trade,零售业,服装零售（快时尚与全球门店运营）,520.53,ファーストリテイリング
9984,9984.T,SoftBank Group Corp.,软银集团,,Prime Market (Domestic),Information & Communication,信息通信,通信与互联网投资（移动通信、互联网与科技投资）,948.2,ソフトバンクグループ
9986,9986.T,"ZAOH COMPANY,LTD.",蔵王工业,,Standard Market(Domestic),Wholesale Trade,批发业,批发贸易/综合商社,,蔵王産業
9987,9987.T,"SUZUKEN CO.,LTD.","SUZUKEN CO.,LTD.",,Prime Market (Domestic),Wholesale Trade,批发业,批发贸易/综合商社,,スズケン
9989,9989.T,"SUNDRUG CO.,LTD.","SUNDRUG CO.,LTD.",,Prime Market (Domestic),Retail Trade,零售业,零售与消费品渠道,,サンドラッグ
9990,9990.T,SAC'S BAR HOLDINGS INC.,サックスバー 控股,,Prime Market (Domestic),Retail Trade,零售业,零售与消费品渠道,,サックスバー　ホールディングス
9991,9991.T,GECOSS CORPORATION,GECOSS 公司,,Prime Market (Domestic),Wholesale Trade,批发业,批发贸易/综合商社,,ジェコス
9993,9993.T,"YAMAZAWA CO.,LTD.","YAMAZAWA CO.,LTD.",,Standard Market(Domestic),Retail Trade,零售业,零售与消费品渠道,,ヤマザワ
9994,9994.T,YAMAYA CORPORATION,YAMAYA 公司,,Standard Market(Domestic),Retail Trade,零售业,零售与消费品渠道,,やまや
9996,9996.T,"Satoh&Co.,Ltd.",サトー商会,,Standard Market(Domestic),Wholesale Trade,批发业,批发贸易/综合商社,,サトー商会
9997,9997.T,"BELLUNA CO.,LTD.","BELLUNA CO.,LTD.",,Prime Market (Domestic),Retail Trade,零售业,零售与消费品渠道,,ベルーナ
3670,3670.T,"Kyoritsu Computer & Communication Co.,Ltd.",協立情報通信,,Standard Market(Domestic),Information & Communication,信息通信,通信、网络设备与通信服务,,協立情報通信
