code,yahoo,name_en,name_ja,name_zh,board_lot,category,sub_category,main_business,detailed_business,market_cap_100m_hkd
1301,1301.T,"KYOKUYO CO.,LTD.",極洋,极洋,,Prime Market (Domestic),"Fishery, Agriculture and Forestry",农林水产,农林水产（具体品类待核验）,
0130,130.T,Veritas In Silico Inc.,Ｖｅｒｉｔａｓ Ｉｎ Ｓｉｌｉｃｏ,Veritas In Silico Inc.,,Growth Market(Domestic),Pharmaceutical,医药品,医药、生物科技与处方药,
1332,1332.T,Nissui Corporation,ニッスイ,日本水产,,Prime Market (Domestic),"Fishery, Agriculture and Forestry",农林水产,农林水产（具体品类待核验）,
1333,1333.T,Umios Corporation,Ｕｍｉｏｓ,Umios 公司,,Prime Market (Domestic),"Fishery, Agriculture and Forestry",农林水产,农林水产（具体品类待核验）,12029.28
0135,135.T,"VRAIN Solution,Inc.",ＶＲＡＩＮ Ｓｏｌｕｔｉｏｎ,"VRAIN Solution,Inc.",,Growth Market(Domestic),Information & Communication,信息通信,通信、网络设备与通信服务,
1375,1375.T,"YUKIGUNI FACTORY CO.,LTD.",ユキグニファクトリー,"YUKIGUNI FACTORY CO.,LTD.",,Prime Market (Domestic),"Fishery, Agriculture and Forestry",农林水产,农林水产（具体品类待核验）,
1376,1376.T,"KANEKO SEEDS CO.,LTD.",カネコ種苗,カネコ種苗,,Standard Market(Domestic),"Fishery, Agriculture and Forestry",农林水产,农林水产（具体品类待核验）,
1377,1377.T,SAKATA SEED CORPORATION,サカタのタネ,SAKATA SEED 公司,,Prime Market (Domestic),"Fishery, Agriculture and Forestry",农林水产,农林水产（具体品类待核验）,
1379,1379.T,HOKUTO CORPORATION,ホクト,HOKUTO 公司,,Prime Market (Domestic),"Fishery, Agriculture and Forestry",农林水产,农林水产（具体品类待核验）,
0137,137.T,"Cocolive,Inc.",Ｃｏｃｏｌｉｖｅ,"Cocolive,Inc.",,Growth Market(Domestic),Information & Communication,信息通信,通信、网络设备与通信服务,
1380,1380.T,"AKIKAWA FOODS & FARMS CO.,LTD.",秋川牧園,秋川牧園,,Standard Market(Domestic),"Fishery, Agriculture and Forestry",农林水产,农林水产（具体品类待核验）,
1381,1381.T,"AXYZ CO.,Ltd.",アクシーズ,"AXYZ CO.,Ltd.",,Standard Market(Domestic),"Fishery, Agriculture and Forestry",农林水产,农林水产（具体品类待核验）,
1382,1382.T,"HOB Co.,Ltd.",ホーブ,"HOB Co.,Ltd.",,Standard Market(Domestic),"Fishery, Agriculture and Forestry",农林水产,农林水产（具体品类待核验）,
1383,1383.T,"Berg Earth co.,ltd.",ベルグアース,"Berg Earth co.,ltd.",,Standard Market(Domestic),"Fishery, Agriculture and Forestry",农林水产,农林水产（具体品类待核验）,
1384,1384.T,"Hokuryo Co.,Ltd.",ホクリヨウ,"Hokuryo Co.,Ltd.",,Standard Market(Domestic),"Fishery, Agriculture and Forestry",农林水产,农林水产（具体品类待核验）,
0138,138.T,"Hikari Food Service Co.,Ltd.",光フードサービス,光食品服务,,Growth Market(Domestic),Retail Trade,零售业,餐饮服务,
1401,1401.T,"mbs,inc.",エムビーエス,"mbs,inc.",,Growth Market(Domestic),Construction,建设业,建筑工程、建材与房地产相关工程（具体业务待核验）,
1407,1407.T,West Holdings Corporation,ウエストホールディングス,ウエスト控股,,Standard Market(Domestic),Construction,建设业,建筑工程、建材与房地产相关工程（具体业务待核验）,
1414,1414.T,"SHO-BOND Holdings Co.,Ltd.",ショーボンドホールディングス,ショーボンド控股,,Prime Market (Domestic),Construction,建设业,建筑工程、建材与房地产相关工程（具体业务待核验）,
1417,1417.T,MIRAIT ONE Corporation,ミライト・ワン,MIRAIT ONE 公司,,Prime Market (Domestic),Construction,建设业,建筑工程、建材与房地产相关工程（具体业务待核验）,
1418,1418.T,"INTERLIFE HOLDINGS CO.,LTD.",インターライフホールディングス,インターライフ控股,,Standard Market(Domestic),Construction,建设业,建筑工程、建材与房地产相关工程（具体业务待核验）,
1419,1419.T,"Tama Home Co.,Ltd.",タマホーム,"Tama Home Co.,Ltd.",,Prime Market (Domestic),Construction,建设业,建筑工程、建材与房地产相关工程（具体业务待核验）,
0141,141.T,"TRIAL Holdings,Inc.",トライアルホールディングス,トライアル控股,,Growth Market(Domestic),Retail Trade,零售业,零售与消费品渠道,
1420,1420.T,Sanyo Homes Corporation,サンヨーホームズ,Sanyo Homes 公司,,Standard Market(Domestic),Construction,建设业,建筑工程、建材与房地产相关工程（具体业务待核验）,
1429,1429.T,"Nippon Aqua Co.,Ltd.",日本アクア,日本アクア,,Prime Market (Domestic),Construction,建设业,建筑工程、建材与房地产相关工程（具体业务待核验）,
0142,142.T,"JINJIB Co.,Ltd.",ジンジブ,"JINJIB Co.,Ltd.",,Growth Market(Domestic),Services,服务业,专业服务、消费服务与商业服务（具体业务待核验）,
1430,1430.T,First-corporation Inc.,ファーストコーポレーション,ファースト公司,,Standard Market(Domestic),Construction,建设业,建筑工程、建材与房地产相关工程（具体业务待核验）,
1431,1431.T,"Lib Work Co.,Ltd.",Ｌｉｂ Ｗｏｒｋ,"Lib Work Co.,Ltd.",,Growth Market(Domestic),Construction,建设业,建筑工程、建材与房地产相关工程（具体业务待核验）,
1433,1433.T,"BESTERRA CO.,LTD",ベステラ,"BESTERRA CO.,LTD",,Prime Market (Domestic),Construction,建设业,建筑工程、建材与房地产相关工程（具体业务待核验）,
1434,1434.T,"JESCO Holdings,Inc.",ＪＥＳＣＯホールディングス,ＪＥＳＣＯ控股,,Standard Market(Domestic),Construction,建设业,建筑工程、建材与房地产相关工程（具体业务待核验）,
1435,1435.T,robot home Inc.,ｒｏｂｏｔ ｈｏｍｅ,robot home Inc.,,Standard Market(Domestic),Real Estate,不动产业,房地产开发与物业运营,
1436,1436.T,GreenEnergy & Company Inc.,グリーンエナジー＆カンパニー,GreenEnergy & Company Inc.,,Growth Market(Domestic),Construction,建设业,建筑工程、建材与房地产相关工程（具体业务待核验）,
1438,1438.T,"Gifu landscape architect Co.,Ltd.",岐阜造園,岐阜造園,,Standard Market(Domestic),Construction,建设业,建筑工程、建材与房地产相关工程（具体业务待核验）,
0143,143.T,"Ishin Co.,Ltd.",イシン,"Ishin Co.,Ltd.",,Growth Market(Domestic),Services,服务业,专业服务、消费服务与商业服务（具体业务待核验）,
1443,1443.T,"Giken Holdings Co.,Ltd.",技研ホールディングス,技研控股,,Standard Market(Domestic),Construction,建设业,建筑工程、建材与房地产相关工程（具体业务待核验）,
1444,1444.T,"Nissou Co.,Ltd.",ニッソウ,"Nissou Co.,Ltd.",,Growth Market(Domestic),Construction,建设业,建筑工程、建材与房地产相关工程（具体业务待核验）,
1446,1446.T,"CANDEAL Co.,Ltd.",キャンディル,"CANDEAL Co.,Ltd.",,Standard Market(Domestic),Construction,建设业,建筑工程、建材与房地产相关工程（具体业务待核验）,
1447,1447.T,"SAAF Holdings Co.,Ltd.",ＳＡＡＦホールディングス,ＳＡＡＦ控股,,Growth Market(Domestic),Construction,建设业,建筑工程、建材与房地产相关工程（具体业务待核验）,
1450,1450.T,TANAKEN Inc.,ＴＡＮＡＫＥＮ,TANAKEN Inc.,,Standard Market(Domestic),Construction,建设业,建筑工程、建材与房地产相关工程（具体业务待核验）,
0145,145.T,L is B Corp.,Ｌ ｉｓ Ｂ,L is B Corp.,,Growth Market(Domestic),Information & Communication,信息通信,通信、网络设备与通信服务,
0146,146.T,Columbia Works Inc.,コロンビア・ワークス,Columbia Works Inc.,,Standard Market(Domestic),Real Estate,不动产业,房地产开发与物业运营,
0147,147.T,"SORACOM,INC.",ソラコム,"SORACOM,INC.",,Growth Market(Domestic),Information & Communication,信息通信,通信、网络设备与通信服务,
0148,148.T,"HATCH WORK CO.,LTD.",ハッチ・ワーク,"HATCH WORK CO.,LTD.",,Growth Market(Domestic),Information & Communication,信息通信,通信、网络设备与通信服务,
1491,1491.T,"Chugai Mining Co.,Ltd.",中外鉱業,中外鉱業,,Standard Market(Domestic),Nonferrous Metals,非铁金属,有色金属、冶炼与金属材料（具体品类待核验）,
0149,149.T,"Thinca Co.,Ltd.",シンカ,"Thinca Co.,Ltd.",,Growth Market(Domestic),Information & Communication,信息通信,通信、网络设备与通信服务,
0150,150.T,"JSH Co.,Ltd.",ＪＳＨ,"JSH Co.,Ltd.",,Growth Market(Domestic),Services,服务业,专业服务、消费服务与商业服务（具体业务待核验）,
1514,1514.T,"Sumiseki Holdings,Inc.",住石ホールディングス,住石控股,,Standard Market(Domestic),Mining,矿业,矿产资源与能源（具体矿种待核验）,
1515,1515.T,"Nittetsu Mining Co.,Ltd.",日鉄鉱業,日鉄鉱業,,Prime Market (Domestic),Mining,矿业,矿产资源与能源（具体矿种待核验）,20.72
1518,1518.T,"MITSUI MATSUSHIMA HOLDINGS CO.,LTD.",三井松島ホールディングス,三井松島控股,,Prime Market (Domestic),Other Products,其他制品,其他制造业（公司级产品待核验）,
0151,151.T,Dive Group Inc.,ダイブグループ,ダイブ集团,,Growth Market(Domestic),Services,服务业,专业服务、消费服务与商业服务（具体业务待核验）,
0153,153.T,Caulis Inc.,カウリス,Caulis Inc.,,Growth Market(Domestic),Information & Communication,信息通信,通信、网络设备与通信服务,
0155,155.T,"Information Strategy and Technology Co.,Ltd.",情報戦略テクノロジー,情報戦略科技,,Growth Market(Domestic),Information & Communication,信息通信,通信、网络设备与通信服务,
0156,156.T,Material Group Inc.,マテリアルグループ,材料集团,,Growth Market(Domestic),Services,服务业,专业服务、消费服务与商业服务（具体业务待核验）,
0157,157.T,Green Monster Inc.,グリーンモンスター,Green Monster Inc.,,Growth Market(Domestic),Services,服务业,专业服务、消费服务与商业服务（具体业务待核验）,
1605,1605.T,INPEX CORPORATION,ＩＮＰＥＸ,INPEX,,Prime Market (Domestic),Mining,矿业,矿产资源与能源（具体矿种待核验）,
0160,160.T,"As Partners CO.,LTD.",アズパートナーズ,アズ合作伙伴,,Standard Market(Domestic),Services,服务业,专业服务、消费服务与商业服务（具体业务待核验）,
1662,1662.T,"Japan Petroleum Exploration Co.,Ltd.",石油資源開発,石油資源開発,,Prime Market (Domestic),Mining,矿业,矿产资源与能源（具体矿种待核验）,
1663,1663.T,K&O Energy Group Inc.,Ｋ＆Ｏエナジーグループ,Ｋ＆Ｏエナジー集团,,Prime Market (Domestic),Mining,矿业,矿产资源与能源（具体矿种待核验）,
0166,166.T,TASUKI Holdings Inc.,タスキホールディングス,タスキ控股,,Prime Market (Domestic),Real Estate,不动产业,房地产开发与物业运营,
0167,167.T,"Ryoyo Ryosan Holdings,Inc.",リョーサン菱洋ホールディングス,リョーサン菱洋控股,,Prime Market (Domestic),Wholesale Trade,批发业,批发贸易/综合商社,
0168,168.T,itamiarts inc.,イタミアート,itamiarts inc.,,Growth Market(Domestic),Other Products,其他制品,其他制造业（公司级产品待核验）,
1711,1711.T,"SDS HOLDINGS Co.,Ltd.",ＳＤＳホールディングス,ＳＤＳ控股,,Standard Market(Domestic),Construction,建设业,建筑工程、建材与房地产相关工程（具体业务待核验）,
1716,1716.T,DAI-ICHI CUTTER KOGYO K.K.,第一カッター興業,第一カッター興業,,Standard Market(Domestic),Construction,建设业,建筑工程、建材与房地产相关工程（具体业务待核验）,
1717,1717.T,Meiho Facility Works Ltd.,明豊ファシリティワークス,明豊ファシリティワークス,,Standard Market(Domestic),Services,服务业,专业服务、消费服务与商业服务（具体业务待核验）,
1718,1718.T,"MIKIKOGYO CO.,LTD.",美樹工業,美樹工業,,Standard Market(Domestic),Construction,建设业,建筑工程、建材与房地产相关工程（具体业务待核验）,
1719,1719.T,HAZAMA ANDO CORPORATION,安藤・間,安藤・間,,Prime Market (Domestic),Construction,建设业,建筑工程、建材与房地产相关工程（具体业务待核验）,
1720,1720.T,"TOKYU CONSTRUCTION CO., LTD.",東急建設,東急建設,,Prime Market (Domestic),Construction,建设业,建筑工程、建材与房地产相关工程（具体业务待核验）,
1721,1721.T,COMSYS Holdings Corporation,コムシスホールディングス,コムシス控股,,Prime Market (Domestic),Construction,建设业,建筑工程、建材与房地产相关工程（具体业务待核验）,
1723,1723.T,"NIHON DENGI CO.,LTD.",日本電技,日本電技,,Standard Market(Domestic),Construction,建设业,建筑工程、建材与房地产相关工程（具体业务待核验）,
1724,1724.T,SYNCLAYER INC.,シンクレイヤ,SYNCLAYER INC.,,Standard Market(Domestic),Construction,建设业,建筑工程、建材与房地产相关工程（具体业务待核验）,
1736,1736.T,OTEC CORPORATION,オーテック,OTEC 公司,,Standard Market(Domestic),Construction,建设业,建筑工程、建材与房地产相关工程（具体业务待核验）,
0173,173.T,Hammock Inc.,ハンモック,Hammock Inc.,,Growth Market(Domestic),Information & Communication,信息通信,通信、网络设备与通信服务,
1758,1758.T,"Taiyo Kisokogyo Co.,Ltd.",太洋基礎工業,太洋基礎工業,,Standard Market(Domestic),Construction,建设业,建筑工程、建材与房地产相关工程（具体业务待核验）,
0175,175.T,"Will Smart Co.,LTD.",Ｗｉｌｌ Ｓｍａｒｔ,"Will Smart Co.,LTD.",,Growth Market(Domestic),Information & Communication,信息通信,通信、网络设备与通信服务,
1762,1762.T,"TAKAMATSU CONSTRUCTION GROUP CO.,LTD.",高松コンストラクショングループ,高松コンストラクション集团,,Prime Market (Domestic),Construction,建设业,建筑工程、建材与房地产相关工程（具体业务待核验）,
1764,1764.T,KUDO CORPORATION,工藤建設,工藤建設,,Standard Market(Domestic),Construction,建设业,建筑工程、建材与房地产相关工程（具体业务待核验）,
1766,1766.T,TOKEN CORPORATION,東建コーポレーション,東建公司,,Prime Market (Domestic),Construction,建设业,建筑工程、建材与房地产相关工程（具体业务待核验）,
1768,1768.T,SONEC CORPORATION,ソネック,SONEC 公司,,Standard Market(Domestic),Construction,建设业,建筑工程、建材与房地产相关工程（具体业务待核验）,
1770,1770.T,"FUJITA ENGINEERING CO.,LTD.",藤田エンジニアリング,藤田工程,,Standard Market(Domestic),Construction,建设业,建筑工程、建材与房地产相关工程（具体业务待核验）,
1773,1773.T,YTL Corporation Berhad,ワイ・ティー・エル・コーポレーション・バーハッド,ワイ・ティー・エル・公司・バーハッド,,Prime Market(Foreign),Construction,建设业,建筑工程、建材与房地产相关工程（具体业务待核验）,
0177,177.T,"Kohjin Bio Co.,Ltd.",コージンバイオ,コージン生物,,Growth Market(Domestic),Chemicals,化学,基础化工/特种化学品（具体品类待核验）,
1780,1780.T,YAMAURA CORPORATION,ヤマウラ,YAMAURA 公司,,Prime Market (Domestic),Construction,建设业,建筑工程、建材与房地产相关工程（具体业务待核验）,
1783,1783.T,"Fantasista Co.,Ltd.",ｆａｎｔａｓｉｓｔａ,"Fantasista Co.,Ltd.",,Standard Market(Domestic),Real Estate,不动产业,房地产开发与物业运营,
1786,1786.T,Oriental Shiraishi Corporation,オリエンタル白石,オリエンタル白石,,Prime Market (Domestic),Construction,建设业,建筑工程、建材与房地产相关工程（具体业务待核验）,
1787,1787.T,"Nakabohtec Corrosion Protecting Co.,Ltd.",ナカボーテック,"Nakabohtec Corrosion Protecting Co.,Ltd.",,Standard Market(Domestic),Construction,建设业,建筑工程、建材与房地产相关工程（具体业务待核验）,
1788,1788.T,SANTO CORPORATION,三東工業社,三東工業社,,Standard Market(Domestic),Construction,建设业,建筑工程、建材与房地产相关工程（具体业务待核验）,
1793,1793.T,"OHMOTO GUMI CO.,LTD.",大本組,大本組,,Standard Market(Domestic),Construction,建设业,建筑工程、建材与房地产相关工程（具体业务待核验）,
1795,1795.T,MASARU CORPORATION,マサル,MASARU 公司,,Standard Market(Domestic),Construction,建设业,建筑工程、建材与房地产相关工程（具体业务待核验）,
1798,1798.T,MORIYA CORPORATION,守谷商会,守谷商会,,Standard Market(Domestic),Construction,建设业,建筑工程、建材与房地产相关工程（具体业务待核验）,
1799,1799.T,DAIICHI KENSETSU CORPORATION,第一建設工業,第一建設工業,,Standard Market(Domestic),Construction,建设业,建筑工程、建材与房地产相关工程（具体业务待核验）,
1801,1801.T,TAISEI CORPORATION,大成建設,大成建设,,Prime Market (Domestic),Construction,建设业,建筑工程、建材与房地产相关工程（具体业务待核验）,
1802,1802.T,OBAYASHI CORPORATION,大林組,大林组,,Prime Market (Domestic),Construction,建设业,建筑工程、建材与房地产相关工程（具体业务待核验）,
1803,1803.T,SHIMIZU CORPORATION,清水建設,清水建设,,Prime Market (Domestic),Construction,建设业,建筑工程、建材与房地产相关工程（具体业务待核验）,520.53
1807,1807.T,"WATANABE SATO CO.,LTD.",佐藤渡辺,佐藤渡辺,,Standard Market(Domestic),Construction,建设业,建筑工程、建材与房地产相关工程（具体业务待核验）,
1808,1808.T,HASEKO Corporation,長谷工コーポレーション,長谷工公司,,Prime Market (Domestic),Construction,建设业,建筑工程、建材与房地产相关工程（具体业务待核验）,
1810,1810.T,"MATSUI CONSTRUCTION CO.,LTD.",松井建設,松井建設,,Standard Market(Domestic),Construction,建设业,建筑工程、建材与房地产相关工程（具体业务待核验）,
1811,1811.T,THE ZENITAKA CORPORATION,錢高組,錢高組,,Standard Market(Domestic),Construction,建设业,建筑工程、建材与房地产相关工程（具体业务待核验）,
1812,1812.T,KAJIMA CORPORATION,鹿島建設,鹿島建設,,Prime Market (Domestic),Construction,建设业,建筑工程、建材与房地产相关工程（具体业务待核验）,
1813,1813.T,Fudo Tetra Corporation,不動テトラ,不動テトラ,,Prime Market (Domestic),Construction,建设业,建筑工程、建材与房地产相关工程（具体业务待核验）,
1814,1814.T,"DAISUE CONSTRUCTION CO.,LTD.",大末建設,大末建設,,Prime Market (Domestic),Construction,建设业,建筑工程、建材与房地产相关工程（具体业务待核验）,
1815,1815.T,TEKKEN CORPORATION,鉄建建設,鉄建建設,,Prime Market (Domestic),Construction,建设业,建筑工程、建材与房地产相关工程（具体业务待核验）,
1820,1820.T,"Nishimatsu Construction Co.,Ltd.",西松建設,西松建設,,Prime Market (Domestic),Construction,建设业,建筑工程、建材与房地产相关工程（具体业务待核验）,
1822,1822.T,DAIHO CORPORATION,大豊建設,大豊建設,,Standard Market(Domestic),Construction,建设业,建筑工程、建材与房地产相关工程（具体业务待核验）,
1826,1826.T,"Sata Construction Co.,Ltd.",佐田建設,佐田建設,,Standard Market(Domestic),Construction,建设业,建筑工程、建材与房地产相关工程（具体业务待核验）,
1827,1827.T,NAKANO CORPORATION,ナカノフドー建設,ナカノフドー建設,,Standard Market(Domestic),Construction,建设业,建筑工程、建材与房地产相关工程（具体业务待核验）,
1828,1828.T,TANABE ENGINEERING CORPORATION,田辺工業,田辺工業,,Standard Market(Domestic),Construction,建设业,建筑工程、建材与房地产相关工程（具体业务待核验）,
1833,1833.T,OKUMURA CORPORATION,奥村組,奥村組,,Prime Market (Domestic),Construction,建设业,建筑工程、建材与房地产相关工程（具体业务待核验）,
1835,1835.T,"TOTETSU KOGYO CO.,LTD.",東鉄工業,東鉄工業,,Prime Market (Domestic),Construction,建设业,建筑工程、建材与房地产相关工程（具体业务待核验）,
1840,1840.T,"TSUCHIYA HOLDINGS CO.,LTD.",土屋ホールディングス,土屋控股,,Standard Market(Domestic),Construction,建设业,建筑工程、建材与房地产相关工程（具体业务待核验）,
1844,1844.T,"OHMORI CO.,LTD.",大盛工業,大盛工業,,Standard Market(Domestic),Construction,建设业,建筑工程、建材与房地产相关工程（具体业务待核验）,
1847,1847.T,"ICHIKEN Co.,Ltd.",イチケン,"ICHIKEN Co.,Ltd.",,Standard Market(Domestic),Construction,建设业,建筑工程、建材与房地产相关工程（具体业务待核验）,
1848,1848.T,FUJI P.S CORPORATION,富士ピー・エス,富士ピー・エス,,Standard Market(Domestic),Construction,建设业,建筑工程、建材与房地产相关工程（具体业务待核验）,
0184,184.T,"Manabi-aid Co.,Ltd.",学びエイド,学びエイド,,Growth Market(Domestic),Information & Communication,信息通信,通信、网络设备与通信服务,
1850,1850.T,"Nankai Tatsumura Construction Co.,Ltd.",南海辰村建設,南海辰村建設,,Standard Market(Domestic),Construction,建设业,建筑工程、建材与房地产相关工程（具体业务待核验）,
1852,1852.T,ASANUMA CORPORATION,淺沼組,淺沼組,,Prime Market (Domestic),Construction,建设业,建筑工程、建材与房地产相关工程（具体业务待核验）,
1853,1853.T,"Mori-Gumi Co.,Ltd.",森組,森組,,Standard Market(Domestic),Construction,建设业,建筑工程、建材与房地产相关工程（具体业务待核验）,
1860,1860.T,TODA CORPORATION,戸田建設,戸田建設,,Prime Market (Domestic),Construction,建设业,建筑工程、建材与房地产相关工程（具体业务待核验）,
1861,1861.T,"Kumagai Gumi Co.,Ltd.",熊谷組,熊谷組,,Prime Market (Domestic),Construction,建设业,建筑工程、建材与房地产相关工程（具体业务待核验）,
1866,1866.T,KITANO CONSTRUCTION CORP.,北野建設,北野建設,,Standard Market(Domestic),Construction,建设业,建筑工程、建材与房地产相关工程（具体业务待核验）,
1867,1867.T,UEKI CORPORATION,植木組,植木組,,Standard Market(Domestic),Construction,建设业,建筑工程、建材与房地产相关工程（具体业务待核验）,
0186,186.T,Astroscale Holdings Inc.,アストロスケールホールディングス,アストロスケール控股,,Growth Market(Domestic),Services,服务业,专业服务、消费服务与商业服务（具体业务待核验）,
1870,1870.T,"YAHAGI CONSTRUCTION CO.,LTD.",矢作建設工業,矢作建設工業,,Prime Market (Domestic),Construction,建设业,建筑工程、建材与房地产相关工程（具体业务待核验）,
1871,1871.T,"PS Construction Co.,Ltd.",ピーエス・コンストラクション,"PS 建设 Co.,Ltd.",,Prime Market (Domestic),Construction,建设业,建筑工程、建材与房地产相关工程（具体业务待核验）,
1873,1873.T,"NIHON HOUSE HOLDINGS CO.,LTD.",日本ハウスホールディングス,日本ハウス控股,,Prime Market (Domestic),Construction,建设业,建筑工程、建材与房地产相关工程（具体业务待核验）,
1878,1878.T,"DAITO TRUST CONSTRUCTION CO.,LTD.",大東建託,大東建託,,Prime Market (Domestic),Real Estate,不动产业,房地产开发与物业运营,
1879,1879.T,SHINNIHON CORPORATION,新日本建設,新日本建設,,Prime Market (Domestic),Construction,建设业,建筑工程、建材与房地产相关工程（具体业务待核验）,
1882,1882.T,TOA ROAD CORPORATION,東亜道路工業,東亜道路工業,,Prime Market (Domestic),Construction,建设业,建筑工程、建材与房地产相关工程（具体业务待核验）,
1885,1885.T,TOA CORPORATION,東亜建設工業,東亜建設工業,,Prime Market (Domestic),Construction,建设业,建筑工程、建材与房地产相关工程（具体业务待核验）,
1887,1887.T,JDC CORPORATION,日本国土開発,日本国土開発,,Prime Market (Domestic),Construction,建设业,建筑工程、建材与房地产相关工程（具体业务待核验）,
1888,1888.T,"WAKACHIKU CONSTRUCTION CO.,LTD.",若築建設,若築建設,,Prime Market (Domestic),Construction,建设业,建筑工程、建材与房地产相关工程（具体业务待核验）,
1893,1893.T,"PENTA-OCEAN CONSTRUCTION CO.,LTD.",五洋建設,五洋建設,,Prime Market (Domestic),Construction,建设业,建筑工程、建材与房地产相关工程（具体业务待核验）,
1897,1897.T,"The Kaneshita Construction Co.,Ltd.",金下建設,金下建設,,Standard Market(Domestic),Construction,建设业,建筑工程、建材与房地产相关工程（具体业务待核验）,
1898,1898.T,"SEIKITOKYU KOGYO CO.,LTD.",世紀東急工業,世紀東急工業,,Prime Market (Domestic),Construction,建设业,建筑工程、建材与房地产相关工程（具体业务待核验）,
1899,1899.T,FUKUDA CORPORATION,福田組,福田組,,Prime Market (Domestic),Construction,建设业,建筑工程、建材与房地产相关工程（具体业务待核验）,
0189,189.T,"D&M COMPANY CO.,LTD",Ｄ＆Ｍカンパニー,"D&M COMPANY CO.,LTD",,Growth Market(Domestic),Services,服务业,专业服务、消费服务与商业服务（具体业务待核验）,
1904,1904.T,"TAISEI ONCHO CO.,LTD.",大成温調,大成温調,,Standard Market(Domestic),Construction,建设业,建筑工程、建材与房地产相关工程（具体业务待核验）,
1905,1905.T,TENOX CORPORATION,テノックス,TENOX 公司,,Standard Market(Domestic),Construction,建设业,建筑工程、建材与房地产相关工程（具体业务待核验）,
0190,190.T,Chordia Therapeutics Inc.,Ｃｈｏｒｄｉａ Ｔｈｅｒａｐｅｕｔｉｃｓ,Chordia Therapeutics Inc.,,Growth Market(Domestic),Pharmaceutical,医药品,医药、生物科技与处方药,
1911,1911.T,"Sumitomo Forestry Co.,Ltd.",住友林業,住友林業,,Prime Market (Domestic),Construction,建设业,建筑工程、建材与房地产相关工程（具体业务待核验）,
1914,1914.T,"JAPAN FOUNDATION ENGINEERING CO.,LTD.",日本基礎技術,日本基礎技術,,Standard Market(Domestic),Construction,建设业,建筑工程、建材与房地产相关工程（具体业务待核验）,
1921,1921.T,TOMOE CORPORATION,巴コーポレーション,巴公司,,Standard Market(Domestic),Construction,建设业,建筑工程、建材与房地产相关工程（具体业务待核验）,
1925,1925.T,"DAIWA HOUSE INDUSTRY CO.,LTD.",大和ハウス工業,大和房屋工业,,Prime Market (Domestic),Construction,建设业,建筑工程、建材与房地产相关工程（具体业务待核验）,
1926,1926.T,"RAITO KOGYO CO.,LTD.",ライト工業,ライト工業,,Prime Market (Domestic),Construction,建设业,建筑工程、建材与房地产相关工程（具体业务待核验）,
1928,1928.T,"Sekisui House,Ltd.",積水ハウス,积水房屋,,Prime Market (Domestic),Construction,建设业,建筑工程、建材与房地产相关工程（具体业务待核验）,
1929,1929.T,"NITTOC CONSTRUCTION CO.,LTD.",日特建設,日特建設,,Prime Market (Domestic),Construction,建设业,建筑工程、建材与房地产相关工程（具体业务待核验）,
0192,192.T,Integroup Inc.,インテグループ,インテ集团,,Growth Market(Domestic),Services,服务业,专业服务、消费服务与商业服务（具体业务待核验）,
1930,1930.T,"HOKURIKU ELECTRICAL CONSTRUCTION CO.,LTD.",北陸電気工事,北陸電気工事,,Prime Market (Domestic),Construction,建设业,电子设备/电气设备（具体产品待核验）,
1934,1934.T,YURTEC CORPORATION,ユアテック,YURTEC 公司,,Prime Market (Domestic),Construction,建设业,建筑工程、建材与房地产相关工程（具体业务待核验）,
1938,1938.T,"NIPPON RIETEC CO.,LTD.",日本リーテック,日本リーテック,,Prime Market (Domestic),Construction,建设业,建筑工程、建材与房地产相关工程（具体业务待核验）,
1939,1939.T,YONDENKO CORPORATION,四電工,四電工,,Prime Market (Domestic),Construction,建设业,建筑工程、建材与房地产相关工程（具体业务待核验）,
1941,1941.T,CHUDENKO CORPORATION,中電工,中電工,,Prime Market (Domestic),Construction,建设业,建筑工程、建材与房地产相关工程（具体业务待核验）,
1942,1942.T,"KANDENKO CO.,LTD.",関電工,関電工,,Prime Market (Domestic),Construction,建设业,建筑工程、建材与房地产相关工程（具体业务待核验）,
1944,1944.T,KINDEN CORPORATION,きんでん,KINDEN 公司,,Prime Market (Domestic),Construction,建设业,建筑工程、建材与房地产相关工程（具体业务待核验）,
1945,1945.T,TOKYO ENERGY & SYSTEMS INC.,東京エネシス,東京エネシス,,Prime Market (Domestic),Construction,建设业,建筑工程、建材与房地产相关工程（具体业务待核验）,
1946,1946.T,TOENEC CORPORATION,トーエネック,TOENEC 公司,,Prime Market (Domestic),Construction,建设业,建筑工程、建材与房地产相关工程（具体业务待核验）,
0194,194.T,"WOLVES HAND Co.,Ltd.",ＷＯＬＶＥＳ ＨＡＮＤ,"WOLVES HAND Co.,Ltd.",,Growth Market(Domestic),Services,服务业,专业服务、消费服务与商业服务（具体业务待核验）,
1950,1950.T,"NIPPON DENSETSU KOGYO CO.,LTD.",日本電設工業,日本電設工業,,Prime Market (Domestic),Construction,建设业,建筑工程、建材与房地产相关工程（具体业务待核验）,
1951,1951.T,"EXEO Group,Inc.",エクシオグループ,エクシオ集团,,Prime Market (Domestic),Construction,建设业,建筑工程、建材与房地产相关工程（具体业务待核验）,
1952,1952.T,"Shin Nippon Air Technologies Co.,Ltd.",新日本空調,新日本空調,,Prime Market (Domestic),Construction,建设业,建筑工程、建材与房地产相关工程（具体业务待核验）,
1959,1959.T,KRAFTIA CORPORATION,クラフティア,KRAFTIA 公司,,Prime Market (Domestic),Construction,建设业,建筑工程、建材与房地产相关工程（具体业务待核验）,
0195,195.T,MUSCAT GROUP Inc.,ＭＵＳＣＡＴ ＧＲＯＵＰ,MUSCAT 集团 Inc.,,Growth Market(Domestic),Services,服务业,专业服务、消费服务与商业服务（具体业务待核验）,
1960,1960.T,Sanyo Engineering & Construction Inc.,サンテック,Sanyo 工程 & 建设 Inc.,,Standard Market(Domestic),Construction,建设业,建筑工程、建材与房地产相关工程（具体业务待核验）,
1961,1961.T,"SANKI ENGINEERING CO.,LTD.",三機工業,三機工業,,Prime Market (Domestic),Construction,建设业,建筑工程、建材与房地产相关工程（具体业务待核验）,
1963,1963.T,JGC HOLDINGS CORPORATION,日揮ホールディングス,日揮控股,,Prime Market (Domestic),Construction,建设业,建筑工程、建材与房地产相关工程（具体业务待核验）,
1964,1964.T,"Chugai Ro Co.,Ltd.",中外炉工業,中外炉工業,,Prime Market (Domestic),Construction,建设业,建筑工程、建材与房地产相关工程（具体业务待核验）,
1965,1965.T,TECHNO RYOWA LTD.,テクノ菱和,テクノ菱和,,Standard Market(Domestic),Construction,建设业,建筑工程、建材与房地产相关工程（具体业务待核验）,
1966,1966.T,TAKADA CORPORATION,高田工業所,高田工業所,,Standard Market(Domestic),Construction,建设业,建筑工程、建材与房地产相关工程（具体业务待核验）,
1967,1967.T,YAMATO CORPORATION,ヤマト,YAMATO 公司,,Standard Market(Domestic),Construction,建设业,建筑工程、建材与房地产相关工程（具体业务待核验）,
1968,1968.T,"TAIHEI DENGYO KAISHA,LTD.",太平電業,太平電業,,Prime Market (Domestic),Construction,建设业,建筑工程、建材与房地产相关工程（具体业务待核验）,
1969,1969.T,"Takasago Thermal Engineering Co.,Ltd.",高砂熱学工業,高砂熱学工業,,Prime Market (Domestic),Construction,建设业,建筑工程、建材与房地产相关工程（具体业务待核验）,
0196,196.T,"MFS,Inc.",ＭＦＳ,"MFS,Inc.",,Growth Market(Domestic),Other Financing Business,其他金融,融资租赁、消费金融与其他金融服务,
1972,1972.T,"SANKO METAL INDUSTRIAL CO.,LTD.",三晃金属工業,三晃金属工業,,Standard Market(Domestic),Construction,建设业,工业机械与自动化设备（具体产品待核验）,
1975,1975.T,"ASAHI KOGYOSHA CO.,LTD.",朝日工業社,朝日工業社,,Prime Market (Domestic),Construction,建设业,建筑工程、建材与房地产相关工程（具体业务待核验）,
1976,1976.T,"MEISEI INDUSTRIAL Co.,Ltd.",明星工業,明星工業,,Prime Market (Domestic),Construction,建设业,工业机械与自动化设备（具体产品待核验）,
1979,1979.T,Taikisha Ltd.,大氣社,大氣社,,Prime Market (Domestic),Construction,建设业,建筑工程、建材与房地产相关工程（具体业务待核验）,
0197,197.T,"TAUNS Laboratories,Inc.",タウンズ,"TAUNS Laboratories,Inc.",,Standard Market(Domestic),Pharmaceutical,医药品,医药、生物科技与处方药,
1980,1980.T,"DAI-DAN CO.,LTD.",ダイダン,"DAI-DAN CO.,LTD.",,Prime Market (Domestic),Construction,建设业,建筑工程、建材与房地产相关工程（具体业务待核验）,
1981,1981.T,"KYOWANISSEI CO.,LTD.",協和日成,協和日成,,Standard Market(Domestic),Construction,建设业,建筑工程、建材与房地产相关工程（具体业务待核验）,
1982,1982.T,"Hibiya Engineering,Ltd.",日比谷総合設備,日比谷総合設備,,Prime Market (Domestic),Construction,建设业,建筑工程、建材与房地产相关工程（具体业务待核验）,
0198,198.T,PostPrime Inc.,ＰｏｓｔＰｒｉｍｅ,PostPrime Inc.,,Growth Market(Domestic),Information & Communication,信息通信,通信、网络设备与通信服务,
1992,1992.T,"KANDA TSUSHINKI CO.,LTD.",神田通信機,神田通信機,,Standard Market(Domestic),Construction,建设业,建筑工程、建材与房地产相关工程（具体业务待核验）,
1994,1994.T,TAKAHASHI CURTAIN WALL CORPORATION,高橋カーテンウォール工業,高橋カーテンウォール工業,,Standard Market(Domestic),Construction,建设业,建筑工程、建材与房地产相关工程（具体业务待核验）,
1997,1997.T,"AKATSUKI EAZIMA CO.,LTD.",暁飯島工業,暁飯島工業,,Standard Market(Domestic),Construction,建设业,建筑工程、建材与房地产相关工程（具体业务待核验）,
2001,2001.T,NIPPN CORPORATION,ニップン,NIPPN 公司,,Prime Market (Domestic),Foods,食品,食品饮料与食品加工（具体品类待核验）,
2002,2002.T,NISSHIN SEIFUN GROUP INC.,日清製粉グループ本社,日清製粉集团本社,,Prime Market (Domestic),Foods,食品,食品饮料与食品加工（具体品类待核验）,
2003,2003.T,"NITTO FUJI FLOUR MILLING CO.,LTD.",日東富士製粉,日東富士製粉,,Standard Market(Domestic),Foods,食品,食品饮料与食品加工（具体品类待核验）,
2004,2004.T,"Showa Sangyo Co.,Ltd.",昭和産業,昭和工业,,Prime Market (Domestic),Foods,食品,食品饮料与食品加工（具体品类待核验）,
2009,2009.T,"THE TORIGOE CO.,LTD.",鳥越製粉,鳥越製粉,,Standard Market(Domestic),Foods,食品,食品饮料与食品加工（具体品类待核验）,
2053,2053.T,"CHUBU SHIRYO CO.,LTD.",中部飼料,中部飼料,,Prime Market (Domestic),Foods,食品,食品饮料与食品加工（具体品类待核验）,
2055,2055.T,"NICHIWA SANGYO CO.,LTD.",日和産業,日和工业,,Standard Market(Domestic),Foods,食品,食品饮料与食品加工（具体品类待核验）,
0205,205.T,LOGOS HOLDINGS INC.,ロゴスホールディングス,ロゴス控股,,Growth Market(Domestic),Construction,建设业,建筑工程、建材与房地产相关工程（具体业务待核验）,
2060,2060.T,"FEED ONE CO.,LTD.",フィード・ワン,"FEED ONE CO.,LTD.",,Prime Market (Domestic),Foods,食品,食品饮料与食品加工（具体品类待核验）,
0206,206.T,"PRISM BioLab Co.,LTD",ＰＲＩＳＭ ＢｉｏＬａｂ,"PRISM BioLab Co.,LTD",,Growth Market(Domestic),Pharmaceutical,医药品,医药、生物科技与处方药,
0208,208.T,KOZO KEIKAKU ENGINEERING HOLDINGS Inc.,構造計画研究所ホールディングス,構造計画研究所控股,,Standard Market(Domestic),Information & Communication,信息通信,通信、网络设备与通信服务,
2108,2108.T,"Nippon Beet Sugar Manufacturing Co.,Ltd.",日本甜菜製糖,日本甜菜製糖,,Prime Market (Domestic),Foods,食品,食品饮料与食品加工（具体品类待核验）,
2109,2109.T,"Mitsui DM Sugar Co.,Ltd.",ＤＭ三井製糖,ＤＭ三井製糖,,Prime Market (Domestic),Foods,食品,食品饮料与食品加工（具体品类待核验）,
2112,2112.T,"Ensuiko Sugar Refining Co.,Ltd.",塩水港精糖,塩水港精糖,,Standard Market(Domestic),Foods,食品,食品饮料与食品加工（具体品类待核验）,
2114,2114.T,Fuji Nihon Corporation,フジ日本,フジ日本,,Standard Market(Domestic),Foods,食品,食品饮料与食品加工（具体品类待核验）,
2117,2117.T,"WELLNEO SUGAR Co.,Ltd.",ウェルネオシュガー,"WELLNEO SUGAR Co.,Ltd.",,Prime Market (Domestic),Foods,食品,食品饮料与食品加工（具体品类待核验）,
0211,211.T,Cados Corporation,カドス・コーポレーション,カドス・公司,,Standard Market(Domestic),Construction,建设业,建筑工程、建材与房地产相关工程（具体业务待核验）,
2120,2120.T,"LIFULL Co.,Ltd.",ＬＩＦＵＬＬ,"LIFULL Co.,Ltd.",,Prime Market (Domestic),Services,服务业,专业服务、消费服务与商业服务（具体业务待核验）,
2121,2121.T,"MIXI,Inc.",ＭＩＸＩ,"MIXI,Inc.",,Prime Market (Domestic),Information & Communication,信息通信,通信、网络设备与通信服务,
2122,2122.T,"Interspace Co.,Ltd.",インタースペース,"Interspace Co.,Ltd.",,Standard Market(Domestic),Services,服务业,专业服务、消费服务与商业服务（具体业务待核验）,
2124,2124.T,"JAC Recruitment Co.,Ltd.",ジェイエイシーリクルートメント,"JAC Recruitment Co.,Ltd.",,Prime Market (Domestic),Services,服务业,人力资源与招聘服务,
2127,2127.T,Nihon M&A Center Holdings Inc.,日本Ｍ＆Ａセンターホールディングス,日本Ｍ＆Ａ中心控股,,Prime Market (Domestic),Services,服务业,专业服务、消费服务与商业服务（具体业务待核验）,
0212,212.T,FIT EASY Inc.,フィットイージー,FIT EASY Inc.,,Prime Market (Domestic),Services,服务业,专业服务、消费服务与商业服务（具体业务待核验）,
2130,2130.T,"Members Co.,Ltd.",メンバーズ,"Members Co.,Ltd.",,Prime Market (Domestic),Services,服务业,专业服务、消费服务与商业服务（具体业务待核验）,
2134,2134.T,"Kitahama Capital Partners Co.,Ltd.",北浜キャピタルパートナーズ,北浜资本合作伙伴,,Standard Market(Domestic),Services,服务业,专业服务、消费服务与商业服务（具体业务待核验）,
2136,2136.T,HIP CORPORATION,ヒップ,HIP 公司,,Standard Market(Domestic),Services,服务业,专业服务、消费服务与商业服务（具体业务待核验）,
2138,2138.T,"CROOZ,Inc.",クルーズ,"CROOZ,Inc.",,Standard Market(Domestic),Information & Communication,信息通信,通信、网络设备与通信服务,
2139,2139.T,"CHUCO CO.,LTD.",中広,中広,,Standard Market(Domestic),Services,服务业,专业服务、消费服务与商业服务（具体业务待核验）,
2146,2146.T,"UT Group Co.,Ltd.",ＵＴグループ,ＵＴ集团,,Prime Market (Domestic),Services,服务业,专业服务、消费服务与商业服务（具体业务待核验）,
2148,2148.T,ITmedia Inc.,アイティメディア,アイティ媒体,,Prime Market (Domestic),Services,服务业,广告、营销与媒体服务,
2152,2152.T,Youji Corporation,幼児活動研究会,幼児活動研究会,,Standard Market(Domestic),Services,服务业,专业服务、消费服务与商业服务（具体业务待核验）,
2153,2153.T,E・J Holdings Inc.,Ｅ・Ｊホールディングス,Ｅ・Ｊ控股,,Prime Market (Domestic),Services,服务业,专业服务、消费服务与商业服务（具体业务待核验）,
2154,2154.T,Open Up Group Inc.,オープンアップグループ,オープンアップ集团,,Prime Market (Domestic),Services,服务业,专业服务、消费服务与商业服务（具体业务待核验）,
2156,2156.T,SAYLOR ADVERTISING INC.,セーラー広告,セーラー広告,,Standard Market(Domestic),Services,服务业,广告、营销与媒体服务,
2157,2157.T,"KOSHIDAKA HOLDINGS Co.,LTD.",コシダカホールディングス,コシダカ控股,,Prime Market (Domestic),Services,服务业,专业服务、消费服务与商业服务（具体业务待核验）,
2158,2158.T,"FRONTEO,Inc.",ＦＲＯＮＴＥＯ,"FRONTEO,Inc.",,Growth Market(Domestic),Services,服务业,专业服务、消费服务与商业服务（具体业务待核验）,
0215,215.T,"Timee,Inc.",タイミー,"Timee,Inc.",,Growth Market(Domestic),Services,服务业,专业服务、消费服务与商业服务（具体业务待核验）,
2160,2160.T,GNI Group Ltd.,ジーエヌアイグループ,ジーエヌアイ集团,,Growth Market(Domestic),Pharmaceutical,医药品,医药、生物科技与处方药,
2163,2163.T,"ARTNER CO.,LTD.",アルトナー,"ARTNER CO.,LTD.",,Prime Market (Domestic),Services,服务业,专业服务、消费服务与商业服务（具体业务待核验）,
2164,2164.T,"CHIIKISHINBUNSHA CO.,LTD.",地域新聞社,地域新聞社,,Standard Market(Domestic),Services,服务业,专业服务、消费服务与商业服务（具体业务待核验）,
2168,2168.T,Pasona Group Inc.,パソナグループ,パソナ集团,,Prime Market (Domestic),Services,服务业,专业服务、消费服务与商业服务（具体业务待核验）,
2169,2169.T,"CDS Co.,Ltd.",ＣＤＳ,"CDS Co.,Ltd.",,Standard Market(Domestic),Services,服务业,专业服务、消费服务与商业服务（具体业务待核验）,
2170,2170.T,Link and Motivation Inc.,リンクアンドモチベーション,Link and Motivation Inc.,,Prime Market (Domestic),Services,服务业,专业服务、消费服务与商业服务（具体业务待核验）,
2173,2173.T,Hakuten Corporation,博展,博展,,Growth Market(Domestic),Services,服务业,专业服务、消费服务与商业服务（具体业务待核验）,
2175,2175.T,"SMS CO.,LTD.",エス・エム・エス,"SMS CO.,LTD.",,Prime Market (Domestic),Services,服务业,专业服务、消费服务与商业服务（具体业务待核验）,
2179,2179.T,"SEIGAKUSHA CO.,LTD.",成学社,成学社,,Standard Market(Domestic),Services,服务业,专业服务、消费服务与商业服务（具体业务待核验）,
2181,2181.T,"PERSOL HOLDINGS CO.,LTD.",パーソルホールディングス,パーソル控股,,Prime Market (Domestic),Services,服务业,专业服务、消费服务与商业服务（具体业务待核验）,
2183,2183.T,"Linical Co.,Ltd.",リニカル,"Linical Co.,Ltd.",,Standard Market(Domestic),Services,服务业,专业服务、消费服务与商业服务（具体业务待核验）,
2185,2185.T,CMC CORPORATION,シイエム・シイ,CMC 公司,,Standard Market(Domestic),Services,服务业,专业服务、消费服务与商业服务（具体业务待核验）,
2186,2186.T,Sobal Corporation,ソーバル,Sobal 公司,,Standard Market(Domestic),Services,服务业,专业服务、消费服务与商业服务（具体业务待核验）,
0218,218.T,"Liberaware Co.,Ltd.",Ｌｉｂｅｒａｗａｒｅ,"Liberaware Co.,Ltd.",,Growth Market(Domestic),Precision Instruments,精密仪器,精密仪器与光学设备,
2193,2193.T,Cookpad Inc.,クックパッド,Cookpad Inc.,,Standard Market(Domestic),Services,服务业,专业服务、消费服务与商业服务（具体业务待核验）,
2195,2195.T,"AMITA HOLDINGS CO.,LTD.",アミタホールディングス,アミタ控股,,Growth Market(Domestic),Services,服务业,专业服务、消费服务与商业服务（具体业务待核验）,
2198,2198.T,IKK Holdings Inc.,アイ・ケイ・ケイホールディングス,アイ・ケイ・ケイ控股,,Prime Market (Domestic),Services,服务业,专业服务、消费服务与商业服务（具体业务待核验）,
0219,219.T,Heartseed Inc.,Ｈｅａｒｔｓｅｅｄ,Heartseed Inc.,,Growth Market(Domestic),Pharmaceutical,医药品,医药、生物科技与处方药,
2201,2201.T,"Morinaga & Co.,Ltd.",森永製菓,森永製菓,,Prime Market (Domestic),Foods,食品,食品饮料与食品加工（具体品类待核验）,
2204,2204.T,"NAKAMURAYA CO.,LTD.",中村屋,中村屋,,Standard Market(Domestic),Foods,食品,食品饮料与食品加工（具体品类待核验）,
2206,2206.T,"Ezaki Glico Co.,Ltd.",江崎グリコ,江崎グリコ,,Prime Market (Domestic),Foods,食品,食品饮料与食品加工（具体品类待核验）,
2207,2207.T,"MEITO CO.,LTD.",ｍｅｉｔｏ,"MEITO CO.,LTD.",,Prime Market (Domestic),Foods,食品,食品饮料与食品加工（具体品类待核验）,
2208,2208.T,BOURBON CORPORATION,ブルボン,BOURBON 公司,,Standard Market(Domestic),Foods,食品,食品饮料与食品加工（具体品类待核验）,
2209,2209.T,"IMURAYA GROUP CO.,LTD.",井村屋グループ,井村屋集团,,Prime Market (Domestic),Foods,食品,食品饮料与食品加工（具体品类待核验）,
0220,220.T,Faber Company Inc.,Ｆａｂｅｒ Ｃｏｍｐａｎｙ,Faber Company Inc.,,Standard Market(Domestic),Information & Communication,信息通信,通信、网络设备与通信服务,
2211,2211.T,"Fujiya Co.,Ltd.",不二家,不二家,,Prime Market (Domestic),Foods,食品,食品饮料与食品加工（具体品类待核验）,
2212,2212.T,"YAMAZAKI BAKING CO.,LTD.",山崎製パン,山崎製パン,,Prime Market (Domestic),Foods,食品,食品饮料与食品加工（具体品类待核验）,
2215,2215.T,"FIRST BAKING CO.,LTD.",第一屋製パン,第一屋製パン,,Standard Market(Domestic),Foods,食品,食品饮料与食品加工（具体品类待核验）,
2216,2216.T,Kanro Inc.,カンロ,Kanro Inc.,,Standard Market(Domestic),Foods,食品,食品饮料与食品加工（具体品类待核验）,
2217,2217.T,Morozoff Limited,モロゾフ,Morozoff Limited,,Prime Market (Domestic),Foods,食品,食品饮料与食品加工（具体品类待核验）,
2220,2220.T,"KAMEDA SEIKA CO.,LTD.",亀田製菓,亀田製菓,,Prime Market (Domestic),Foods,食品,食品饮料与食品加工（具体品类待核验）,
2221,2221.T,"IWATSUKA CONFECTIONERY CO.,LTD.",岩塚製菓,岩塚製菓,,Standard Market(Domestic),Foods,食品,食品饮料与食品加工（具体品类待核验）,
2222,2222.T,"Kotobuki Spirits Co.,Ltd.",寿スピリッツ,寿スピリッツ,,Prime Market (Domestic),Foods,食品,食品饮料与食品加工（具体品类待核验）,
2224,2224.T,"COMO CO.,LTD.",コモ,"COMO CO.,LTD.",,Standard Market(Domestic),Foods,食品,食品饮料与食品加工（具体品类待核验）,
2226,2226.T,KOIKE-YA Inc.,湖池屋,湖池屋,,Standard Market(Domestic),Foods,食品,食品饮料与食品加工（具体品类待核验）,
2229,2229.T,"CALBEE,Inc.",カルビー,"CALBEE,Inc.",,Prime Market (Domestic),Foods,食品,食品饮料与食品加工（具体品类待核验）,
2264,2264.T,"MORINAGA MILK INDUSTRY CO.,LTD.",森永乳業,森永乳業,,Prime Market (Domestic),Foods,食品,食品饮料与食品加工（具体品类待核验）,
2266,2266.T,"ROKKO BUTTER CO.,LTD.",六甲バター,六甲バター,,Prime Market (Domestic),Foods,食品,食品饮料与食品加工（具体品类待核验）,
2267,2267.T,"YAKULT HONSHA CO.,LTD.",ヤクルト本社,ヤクルト本社,,Prime Market (Domestic),Foods,食品,食品饮料与食品加工（具体品类待核验）,
2268,2268.T,"B-R 31 ICE CREAM CO.,LTD.",Ｂ－Ｒ サーティワン アイスクリーム,"B-R 31 ICE CREAM CO.,LTD.",,Standard Market(Domestic),Foods,食品,食品饮料与食品加工（具体品类待核验）,
2269,2269.T,"Meiji Holdings Co.,Ltd.",明治ホールディングス,明治控股,,Prime Market (Domestic),Foods,食品,食品饮料与食品加工（具体品类待核验）,
2270,2270.T,"MEGMILK SNOW BRAND Co.,Ltd.",雪印メグミルク,雪印メグミルク,,Prime Market (Domestic),Foods,食品,食品饮料与食品加工（具体品类待核验）,
2281,2281.T,"Prima Meat Packers,Ltd.",プリマハム,"Prima Meat Packers,Ltd.",,Prime Market (Domestic),Foods,食品,食品饮料与食品加工（具体品类待核验）,
2282,2282.T,NH Foods Ltd.,日本ハム,日本ハム,,Prime Market (Domestic),Foods,食品,食品饮料与食品加工（具体品类待核验）,
2286,2286.T,"Hayashikane Sangyo Co.,Ltd.",林兼産業,林兼工业,,Standard Market(Domestic),Foods,食品,食品饮料与食品加工（具体品类待核验）,
2288,2288.T,"MARUDAI FOOD CO.,LTD.",丸大食品,丸大食品,,Prime Market (Domestic),Foods,食品,食品饮料与食品加工（具体品类待核验）,
0228,228.T,"OPRO Co.,Ltd.",オプロ,"OPRO Co.,Ltd.",,Growth Market(Domestic),Information & Communication,信息通信,通信、网络设备与通信服务,
2291,2291.T,"FUKUTOME MEAT PACKERS,LTD.",福留ハム,福留ハム,,Standard Market(Domestic),Foods,食品,食品饮料与食品加工（具体品类待核验）,
2292,2292.T,S Foods Inc.,Ｓ Ｆｏｏｄｓ,S 食品 Inc.,,Prime Market (Domestic),Foods,食品,食品饮料与食品加工（具体品类待核验）,
2293,2293.T,"TAKIZAWA HAM CO.,LTD.",滝沢ハム,滝沢ハム,,Standard Market(Domestic),Foods,食品,食品饮料与食品加工（具体品类待核验）,
2294,2294.T,"Kakiyasu Honten Co.,Ltd.",柿安本店,柿安本店,,Prime Market (Domestic),Foods,食品,食品饮料与食品加工（具体品类待核验）,
2296,2296.T,ITOHAM YONEKYU HOLDINGS INC.,伊藤ハム米久ホールディングス,伊藤ハム米久控股,,Prime Market (Domestic),Foods,食品,食品饮料与食品加工（具体品类待核验）,
2300,2300.T,"Kyokuto Co.,Ltd.",きょくとう,"Kyokuto Co.,Ltd.",,Standard Market(Domestic),Services,服务业,专业服务、消费服务与商业服务（具体业务待核验）,
2301,2301.T,"GAKUJO CO.,Ltd.",学情,学情,,Prime Market (Domestic),Services,服务业,专业服务、消费服务与商业服务（具体业务待核验）,
2303,2303.T,Dawn Corporation,ドーン,Dawn 公司,,Standard Market(Domestic),Information & Communication,信息通信,通信、网络设备与通信服务,
2304,2304.T,"CSS HOLDINGS,LTD.",ＣＳＳホールディングス,ＣＳＳ控股,,Standard Market(Domestic),Services,服务业,专业服务、消费服务与商业服务（具体业务待核验）,
2305,2305.T,"STUDIO ALICE Co.,Ltd.",スタジオアリス,"STUDIO ALICE Co.,Ltd.",,Standard Market(Domestic),Services,服务业,专业服务、消费服务与商业服务（具体业务待核验）,
2307,2307.T,"CROSS CAT CO.,LTD.",クロスキャット,"CROSS CAT CO.,LTD.",,Prime Market (Domestic),Information & Communication,信息通信,通信、网络设备与通信服务,
2311,2311.T,"EPCO Co.,Ltd.",エプコ,"EPCO Co.,Ltd.",,Standard Market(Domestic),Services,服务业,专业服务、消费服务与商业服务（具体业务待核验）,
2315,2315.T,CAICA DIGITAL Inc.,ＣＡＩＣＡ ＤＩＧＩＴＡＬ,CAICA DIGITAL Inc.,,Standard Market(Domestic),Information & Communication,信息通信,通信、网络设备与通信服务,
2317,2317.T,Systena Corporation,システナ,Systena 公司,,Prime Market (Domestic),Information & Communication,信息通信,通信、网络设备与通信服务,
2321,2321.T,Softfront Holdings,ソフトフロントホールディングス,ソフトフロント控股,,Growth Market(Domestic),Information & Communication,信息通信,通信、网络设备与通信服务,
2323,2323.T,fonfun corporation,ｆｏｎｆｕｎ,fonfun 公司,,Standard Market(Domestic),Information & Communication,信息通信,通信、网络设备与通信服务,
2325,2325.T,"NJS Co.,Ltd.",ＮＪＳ,"NJS Co.,Ltd.",,Prime Market (Domestic),Services,服务业,专业服务、消费服务与商业服务（具体业务待核验）,
2326,2326.T,Digital Arts Inc.,デジタルアーツ,数字アーツ,,Prime Market (Domestic),Information & Communication,信息通信,通信、网络设备与通信服务,
2327,2327.T,NS Solutions Corporation,日鉄ソリューションズ,日鉄解决方案,,Prime Market (Domestic),Information & Communication,信息通信,通信、网络设备与通信服务,
2329,2329.T,TOHOKUSHINSHA FILM CORPORATION,東北新社,東北新社,,Standard Market(Domestic),Information & Communication,信息通信,通信、网络设备与通信服务,
2330,2330.T,"Forside Co.,Ltd.",フォーサイド,"Forside Co.,Ltd.",,Standard Market(Domestic),Information & Communication,信息通信,通信、网络设备与通信服务,
2331,2331.T,"ALSOK CO.,LTD.",ＡＬＳＯＫ,"ALSOK CO.,LTD.",,Prime Market (Domestic),Services,服务业,专业服务、消费服务与商业服务（具体业务待核验）,
2332,2332.T,"Quest Co.,Ltd.",クエスト,"Quest Co.,Ltd.",,Standard Market(Domestic),Information & Communication,信息通信,通信、网络设备与通信服务,
2334,2334.T,eole Inc.,イオレ,eole Inc.,,Growth Market(Domestic),Services,服务业,专业服务、消费服务与商业服务（具体业务待核验）,
2335,2335.T,CUBE SYSTEM INC.,キューブシステム,キューブ系统,,Prime Market (Domestic),Information & Communication,信息通信,通信、网络设备与通信服务,
2337,2337.T,Ichigo Inc.,いちご,Ichigo Inc.,,Prime Market (Domestic),Real Estate,不动产业,房地产开发与物业运营,
2338,2338.T,"Quantum Solutions Co.,Ltd.",クオンタムソリューションズ,クオンタム解决方案,,Standard Market(Domestic),Information & Communication,信息通信,通信、网络设备与通信服务,
2340,2340.T,"GOKURAKUYU HOLDINGS CO.,LTD.",極楽湯ホールディングス,極楽湯控股,,Standard Market(Domestic),Services,服务业,专业服务、消费服务与商业服务（具体业务待核验）,
2341,2341.T,"ARBEIT-TIMES CO.,LTD.",アルバイトタイムス,"ARBEIT-TIMES CO.,LTD.",,Standard Market(Domestic),Services,服务业,专业服务、消费服务与商业服务（具体业务待核验）,
2342,2342.T,TRANSGENIC GROUP INC.,トランスジェニックグループ,トランスジェニック集团,,Standard Market(Domestic),Services,服务业,专业服务、消费服务与商业服务（具体业务待核验）,
2345,2345.T,"HODL1,inc.",ＨＯＤＬ１,"HODL1,inc.",,Standard Market(Domestic),Information & Communication,信息通信,通信、网络设备与通信服务,
2349,2349.T,"Nippon Information Development Co.,Ltd.",エヌアイデイ,"Nippon Information Development Co.,Ltd.",,Standard Market(Domestic),Information & Communication,信息通信,房地产开发与物业运营,
2351,2351.T,ASJ INC.,ＡＳＪ,ASJ INC.,,Standard Market(Domestic),Information & Communication,信息通信,通信、网络设备与通信服务,
2353,2353.T,"NIPPON PARKING DEVELOPMENT Co.,Ltd.",日本駐車場開発,日本駐車場開発,,Prime Market (Domestic),Real Estate,不动产业,房地产开发与物业运营,
2354,2354.T,YE DIGITAL Corporation,ＹＥ ＤＩＧＩＴＡＬ,YE DIGITAL 公司,,Standard Market(Domestic),Information & Communication,信息通信,通信、网络设备与通信服务,
2359,2359.T,CORE CORPORATION,コア,CORE 公司,,Prime Market (Domestic),Information & Communication,信息通信,通信、网络设备与通信服务,
2370,2370.T,"MEDINET Co.,Ltd.",メディネット,"MEDINET Co.,Ltd.",,Growth Market(Domestic),Services,服务业,专业服务、消费服务与商业服务（具体业务待核验）,
2371,2371.T,"Kakaku.com,Inc.",カカクコム,"Kakaku.com,Inc.",,Prime Market (Domestic),Services,服务业,专业服务、消费服务与商业服务（具体业务待核验）,
2373,2373.T,CARE TWENTYONE CORPORATION,ケア２１,CARE TWENTYONE 公司,,Standard Market(Domestic),Services,服务业,专业服务、消费服务与商业服务（具体业务待核验）,
2375,2375.T,GiG Works Inc.,ギグワークス,GiG Works Inc.,,Standard Market(Domestic),Services,服务业,专业服务、消费服务与商业服务（具体业务待核验）,
2376,2376.T,SCINEX CORPORATION,サイネックス,SCINEX 公司,,Standard Market(Domestic),Services,服务业,专业服务、消费服务与商业服务（具体业务待核验）,
2378,2378.T,"RENAISSANCE,INCORPORATED",ルネサンス,"RENAISSANCE,INCORPORATED",,Prime Market (Domestic),Services,服务业,专业服务、消费服务与商业服务（具体业务待核验）,
2379,2379.T,dip Corporation,ディップ,dip 公司,,Prime Market (Domestic),Services,服务业,专业服务、消费服务与商业服务（具体业务待核验）,
2384,2384.T,"SBS Holdings,Inc.",ＳＢＳホールディングス,ＳＢＳ控股,,Prime Market (Domestic),Land Transportation,陆运,铁路、公路与城市交通服务,
2385,2385.T,Soiken Holdings Inc.,総医研ホールディングス,総医研控股,,Growth Market(Domestic),Services,服务业,专业服务、消费服务与商业服务（具体业务待核验）,
2388,2388.T,"Wedge Holdings CO.,LTD.",ウェッジホールディングス,ウェッジ控股,,Growth Market(Domestic),Other Financing Business,其他金融,融资租赁、消费金融与其他金融服务,
2391,2391.T,"PLANET,INC.",プラネット,"PLANET,INC.",,Standard Market(Domestic),Services,服务业,专业服务、消费服务与商业服务（具体业务待核验）,
2393,2393.T,"Nippon Care Supply Co.,Ltd.",日本ケアサプライ,日本ケアサプライ,,Standard Market(Domestic),Services,服务业,专业服务、消费服务与商业服务（具体业务待核验）,
2395,2395.T,"SHIN NIPPON BIOMEDICAL LABORATORIES,LTD.",新日本科学,新日本科学,,Prime Market (Domestic),Services,服务业,医疗服务与医疗器械,
2404,2404.T,"TETSUJIN Holdings,Inc.",鉄人化ホールディングス,鉄人化控股,,Standard Market(Domestic),Services,服务业,专业服务、消费服务与商业服务（具体业务待核验）,
2408,2408.T,"KG Intelligence CO.,LTD.",ＫＧ情報,ＫＧ情報,,Standard Market(Domestic),Services,服务业,专业服务、消费服务与商业服务（具体业务待核验）,
2410,2410.T,"CAREER DESIGN CENTER CO.,LTD.",キャリアデザインセンター,キャリアデザイン中心,,Prime Market (Domestic),Services,服务业,专业服务、消费服务与商业服务（具体业务待核验）,
2411,2411.T,GENDAI AGENCY INC.,ゲンダイエージェンシー,GENDAI AGENCY INC.,,Standard Market(Domestic),Information & Communication,信息通信,通信、网络设备与通信服务,
2413,2413.T,"M3,Inc.",エムスリー,"M3,Inc.",,Prime Market (Domestic),Services,服务业,专业服务、消费服务与商业服务（具体业务待核验）,
2415,2415.T,"Human Holdings Co.,Ltd.",ヒューマンホールディングス,ヒューマン控股,,Standard Market(Domestic),Services,服务业,专业服务、消费服务与商业服务（具体业务待核验）,
2418,2418.T,TSUKADA GLOBAL HOLDINGS Inc.,ツカダ・グローバルホールディング,TSUKADA GLOBAL 控股 Inc.,,Standard Market(Domestic),Services,服务业,专业服务、消费服务与商业服务（具体业务待核验）,
0241,241.T,"ROXX,inc.",ＲＯＸＸ,"ROXX,inc.",,Growth Market(Domestic),Information & Communication,信息通信,通信、网络设备与通信服务,
2424,2424.T,Brass Corporation,ブラス,Brass 公司,,Standard Market(Domestic),Services,服务业,专业服务、消费服务与商业服务（具体业务待核验）,
2425,2425.T,"Care Service Co.,Ltd.",ケアサービス,ケア服务,,Standard Market(Domestic),Services,服务业,专业服务、消费服务与商业服务（具体业务待核验）,
2428,2428.T,WELLNET CORPORATION,ウェルネット,WELLNET 公司,,Standard Market(Domestic),Services,服务业,专业服务、消费服务与商业服务（具体业务待核验）,
2429,2429.T,"WORLD HOLDINGS CO.,LTD.",ワールドホールディングス,ワールド控股,,Prime Market (Domestic),Services,服务业,专业服务、消费服务与商业服务（具体业务待核验）,
2432,2432.T,"DeNA Co.,Ltd.",ディー・エヌ・エー,"DeNA Co.,Ltd.",,Prime Market (Domestic),Information & Communication,信息通信,通信、网络设备与通信服务,
2433,2433.T,HAKUHODO DY HOLDINGS INCORPORATED,博報堂ＤＹホールディングス,博報堂ＤＹ控股,,Prime Market (Domestic),Services,服务业,专业服务、消费服务与商业服务（具体业务待核验）,
2435,2435.T,"CEDAR.Co.,Ltd",シダー,"CEDAR.Co.,Ltd",,Standard Market(Domestic),Services,服务业,专业服务、消费服务与商业服务（具体业务待核验）,
2436,2436.T,"KYODO PUBLIC RELATIONS CO.,LTD.",共同ピーアール,共同ピーアール,,Standard Market(Domestic),Services,服务业,专业服务、消费服务与商业服务（具体业务待核验）,
2437,2437.T,"SHINWA WISE HOLDINGS CO.,LTD.",Ｓｈｉｎｗａ Ｗｉｓｅ Ｈｏｌｄｉｎｇｓ,"SHINWA WISE 控股 CO.,LTD.",,Standard Market(Domestic),Services,服务业,专业服务、消费服务与商业服务（具体业务待核验）,
2438,2438.T,"Asukanet Company,Limited",アスカネット,"Asukanet Company,Limited",,Growth Market(Domestic),Services,服务业,专业服务、消费服务与商业服务（具体业务待核验）,
2440,2440.T,"Gurunavi,Inc.",ぐるなび,"Gurunavi,Inc.",,Standard Market(Domestic),Services,服务业,专业服务、消费服务与商业服务（具体业务待核验）,
2445,2445.T,"Takamiya Co.,Ltd.",タカミヤ,"Takamiya Co.,Ltd.",,Standard Market(Domestic),Services,服务业,专业服务、消费服务与商业服务（具体业务待核验）,
2449,2449.T,"PRAP Japan,Inc.",プラップジャパン,"PRAP Japan,Inc.",,Standard Market(Domestic),Services,服务业,专业服务、消费服务与商业服务（具体业务待核验）,
0244,244.T,"Growth xPartners,Inc.",グロースエクスパートナーズ,グロースエクス合作伙伴,,Growth Market(Domestic),Information & Communication,信息通信,通信、网络设备与通信服务,
2454,2454.T,"All About,Inc.",オールアバウト,"All About,Inc.",,Standard Market(Domestic),Services,服务业,专业服务、消费服务与商业服务（具体业务待核验）,
2459,2459.T,"AUN CONSULTING,Inc.",アウンコンサルティング,アウン咨询,,Standard Market(Domestic),Services,服务业,专业服务、消费服务与商业服务（具体业务待核验）,
0245,245.T,INGS inc.,ＩＮＧＳ,INGS inc.,,Growth Market(Domestic),Retail Trade,零售业,零售与消费品渠道,
2461,2461.T,"FAN Communications,Inc.",ファンコミュニケーションズ,ファン通信ズ,,Prime Market (Domestic),Services,服务业,通信、网络设备与通信服务,
2462,2462.T,"LIKE,Inc.",ライク,"LIKE,Inc.",,Prime Market (Domestic),Services,服务业,专业服务、消费服务与商业服务（具体业务待核验）,
2464,2464.T,"Aoba-BBT,Inc.",Ａｏｂａ‐ＢＢＴ,"Aoba-BBT,Inc.",,Standard Market(Domestic),Services,服务业,专业服务、消费服务与商业服务（具体业务待核验）,
2469,2469.T,Hibino Corporation,ヒビノ,Hibino 公司,,Standard Market(Domestic),Services,服务业,专业服务、消费服务与商业服务（具体业务待核验）,
0246,246.T,ASUA Inc.,アスア,ASUA Inc.,,Growth Market(Domestic),Services,服务业,专业服务、消费服务与商业服务（具体业务待核验）,
2471,2471.T,"S-Pool,Inc.",エスプール,"S-Pool,Inc.",,Prime Market (Domestic),Services,服务业,专业服务、消费服务与商业服务（具体业务待核验）,
2475,2475.T,"WDB HOLDINGS CO.,LTD.",ＷＤＢホールディングス,ＷＤＢ控股,,Prime Market (Domestic),Services,服务业,专业服务、消费服务与商业服务（具体业务待核验）,
2477,2477.T,"Temairazu,Inc.",手間いらず,手間いらず,,Standard Market(Domestic),Information & Communication,信息通信,通信、网络设备与通信服务,
2479,2479.T,JTEC CORPORATION,ジェイテック,JTEC 公司,,Standard Market(Domestic),Services,服务业,专业服务、消费服务与商业服务（具体业务待核验）,
0247,247.T,Ai ROBOTICS INC.,Ａｉロボティクス,Ai ROBOTICS INC.,,Growth Market(Domestic),Chemicals,化学,基础化工/特种化学品（具体品类待核验）,
2480,2480.T,"System Location Co.,Ltd.",システム・ロケーション,系统・ロケーション,,Standard Market(Domestic),Information & Communication,信息通信,通信、网络设备与通信服务,
2481,2481.T,"TOWNNEWS-SHA CO.,LTD.",タウンニュース社,タウンニュース社,,Standard Market(Domestic),Services,服务业,专业服务、消费服务与商业服务（具体业务待核验）,
2483,2483.T,HONYAKU Center Inc.,翻訳センター,翻訳中心,,Standard Market(Domestic),Services,服务业,专业服务、消费服务与商业服务（具体业务待核验）,
2484,2484.T,"DEMAE-CAN CO.,LTD",出前館,出前館,,Standard Market(Domestic),Information & Communication,信息通信,通信、网络设备与通信服务,
2485,2485.T,TEAR Corporation,ティア,TEAR 公司,,Standard Market(Domestic),Services,服务业,专业服务、消费服务与商业服务（具体业务待核验）,
2488,2488.T,"JTP CO.,LTD.",ＪＴＰ,"JTP CO.,LTD.",,Standard Market(Domestic),Services,服务业,专业服务、消费服务与商业服务（具体业务待核验）,
2489,2489.T,Adways Inc.,アドウェイズ,Adways Inc.,,Standard Market(Domestic),Services,服务业,专业服务、消费服务与商业服务（具体业务待核验）,
0248,248.T,KIDS STAR Inc.,キッズスター,KIDS STAR Inc.,,Growth Market(Domestic),Information & Communication,信息通信,通信、网络设备与通信服务,
2491,2491.T,"ValueCommerce Co.,Ltd.",バリューコマース,"ValueCommerce Co.,Ltd.",,Prime Market (Domestic),Services,服务业,批发贸易/综合商社,
2492,2492.T,Infomart Corporation,インフォマート,Infomart 公司,,Prime Market (Domestic),Services,服务业,专业服务、消费服务与商业服务（具体业务待核验）,
2493,2493.T,"E-SUPPORTLINK,Ltd.",イーサポートリンク,"E-SUPPORTLINK,Ltd.",,Standard Market(Domestic),Services,服务业,专业服务、消费服务与商业服务（具体业务待核验）,
2497,2497.T,"UNITED,Inc.",ユナイテッド,"UNITED,Inc.",,Growth Market(Domestic),Services,服务业,专业服务、消费服务与商业服务（具体业务待核验）,
2498,2498.T,Oriental Consultants Holdings Company Limited,オリエンタルコンサルタンツホールディングス,オリエンタルコンサルタンツ控股,,Standard Market(Domestic),Services,服务业,专业服务、消费服务与商业服务（具体业务待核验）,
2499,2499.T,"NIHONWASOU HOLDINGS,INC.",日本和装ホールディングス,日本和装控股,,Standard Market(Domestic),Services,服务业,专业服务、消费服务与商业服务（具体业务待核验）,
2501,2501.T,SAPPORO BREWERIES LIMITED,サッポロビール,SAPPORO BREWERIES LIMITED,,Prime Market (Domestic),Foods,食品,食品饮料与食品加工（具体品类待核验）,
2502,2502.T,"Asahi Group Holdings,Ltd.",アサヒグループホールディングス,アサヒ集团控股,,Prime Market (Domestic),Foods,食品,食品饮料与食品加工（具体品类待核验）,
2503,2503.T,"Kirin Holdings Company,Limited",キリンホールディングス,キリン控股,,Prime Market (Domestic),Foods,食品,食品饮料与食品加工（具体品类待核验）,
0250,250.T,Shimadaya Corporation,シマダヤ,Shimadaya 公司,,Standard Market(Domestic),Foods,食品,食品饮料与食品加工（具体品类待核验）,
2531,2531.T,TAKARA HOLDINGS INC.,宝ホールディングス,宝控股,,Prime Market (Domestic),Foods,食品,食品饮料与食品加工（具体品类待核验）,
2533,2533.T,"Oenon Holdings,Inc.",オエノンホールディングス,オエノン控股,,Prime Market (Domestic),Foods,食品,食品饮料与食品加工（具体品类待核验）,
0253,253.T,"ETS Group Co.,Ltd.",ＥＴＳグループ,ＥＴＳ集团,,Standard Market(Domestic),Construction,建设业,建筑工程、建材与房地产相关工程（具体业务待核验）,
0254,254.T,AI FUSION CAPITAL GROUP CORP.,ＡＩフュージョンキャピタルグループ,ＡＩフュージョン资本集团,,Standard Market(Domestic),Securities and Commodities Futures,证券商品期货,证券经纪与投资银行服务,
0255,255.T,"GLTECHNO HOLDINGS,INC.",ジーエルテクノホールディングス,ジーエルテクノ控股,,Standard Market(Domestic),Precision Instruments,精密仪器,精密仪器与光学设备,
0256,256.T,TOBISHIMA HOLDINGS Inc.,飛島ホールディングス,飛島控股,,Prime Market (Domestic),Construction,建设业,建筑工程、建材与房地产相关工程（具体业务待核验）,
2573,2573.T,"HOKKAIDO COCA-COLA BOTTLING CO.,LTD.",北海道コカ・コーラボトリング,北海道コカ・コーラボトリング,,Standard Market(Domestic),Foods,食品,食品饮料与食品加工（具体品类待核验）,
2579,2579.T,Coca-Cola Bottlers Japan Holdings Inc.,コカ・コーラ ボトラーズジャパンホールディングス,コカ・コーラ ボトラーズジャパン控股,,Prime Market (Domestic),Foods,食品,食品饮料与食品加工（具体品类待核验）,
2585,2585.T,"LIFEDRINK COMPANY,INC.",ライフドリンク カンパニー,"LIFEDRINK COMPANY,INC.",,Prime Market (Domestic),Foods,食品,食品饮料与食品加工（具体品类待核验）,
2586,2586.T,FRUTA FRUTA INC.,フルッタフルッタ,FRUTA FRUTA INC.,,Growth Market(Domestic),Foods,食品,食品饮料与食品加工（具体品类待核验）,
2587,2587.T,Suntory Beverage & Food Limited,サントリービバレッジ＆フード,サントリー饮料＆食品,,Prime Market (Domestic),Foods,食品,食品饮料与食品加工（具体品类待核验）,
2588,2588.T,"Premium Water Holdings,Inc.",プレミアムウォーターホールディングス,プレミアムウォーター控股,,Standard Market(Domestic),Foods,食品,食品饮料与食品加工（具体品类待核验）,
2590,2590.T,"DyDo GROUP HOLDINGS,INC.",ダイドーグループホールディングス,ダイドー集团控股,,Prime Market (Domestic),Foods,食品,食品饮料与食品加工（具体品类待核验）,
2593,2593.T,"ITO EN,LTD.",伊藤園,伊藤園,,Prime Market (Domestic),Foods,食品,食品饮料与食品加工（具体品类待核验）,
2594,2594.T,KEY COFFEE INC,キーコーヒー,KEY COFFEE INC,,Prime Market (Domestic),Foods,食品,食品饮料与食品加工（具体品类待核验）,
2597,2597.T,UNICAFE INC.,ユニカフェ,UNICAFE INC.,,Standard Market(Domestic),Foods,食品,食品饮料与食品加工（具体品类待核验）,
2602,2602.T,"The Nisshin OilliO Group,Ltd.",日清オイリオグループ,日清オイリオ集团,,Prime Market (Domestic),Foods,食品,食品饮料与食品加工（具体品类待核验）,
2607,2607.T,"FUJI OIL CO.,LTD.",不二製油,不二製油,,Prime Market (Domestic),Foods,食品,食品饮料与食品加工（具体品类待核验）,
2612,2612.T,KADOYA SESAME MILLS INCORPORATED,かどや製油,かどや製油,,Standard Market(Domestic),Foods,食品,食品饮料与食品加工（具体品类待核验）,
2613,2613.T,"J-OIL MILLS, INC.",Ｊ－オイルミルズ,"J-OIL MILLS, INC.",,Prime Market (Domestic),Foods,食品,食品饮料与食品加工（具体品类待核验）,
0261,261.T,"Nihon Suido Consultants Co.,Ltd.",日水コン,日水コン,,Standard Market(Domestic),Services,服务业,专业服务、消费服务与商业服务（具体业务待核验）,
0262,262.T,INTERMESTIC INC.,インターメスティック,INTERMESTIC INC.,,Prime Market (Domestic),Retail Trade,零售业,零售与消费品渠道,
0264,264.T,"Schoo,inc.",Ｓｃｈｏｏ,"Schoo,inc.",,Growth Market(Domestic),Services,服务业,专业服务、消费服务与商业服务（具体业务待核验）,
2652,2652.T,MANDARAKE INC.,まんだらけ,MANDARAKE INC.,,Standard Market(Domestic),Retail Trade,零售业,零售与消费品渠道,
2653,2653.T,"AEON KYUSHU CO.,LTD.",イオン九州,イオン九州,,Standard Market(Domestic),Retail Trade,零售业,零售与消费品渠道,
2654,2654.T,ASMO CORPORATION,アスモ,ASMO 公司,,Standard Market(Domestic),Retail Trade,零售业,零售与消费品渠道,
2656,2656.T,Vector HOLDINGS Inc.,ベクターホールディングス,ベクター控股,,Standard Market(Domestic),Retail Trade,零售业,零售与消费品渠道,
2659,2659.T,"SAN-A CO.,LTD.",サンエー,"SAN-A CO.,LTD.",,Prime Market (Domestic),Retail Trade,零售业,零售与消费品渠道,
0265,265.T,Hmcomm Inc.,Ｈｍｃｏｍｍ,Hmcomm Inc.,,Growth Market(Domestic),Information & Communication,信息通信,通信、网络设备与通信服务,
2664,2664.T,CAWACHI LIMITED,カワチ薬品,カワチ薬品,,Prime Market (Domestic),Retail Trade,零售业,零售与消费品渠道,
2666,2666.T,"AUTOWAVE Co.,Ltd.",オートウェーブ,"AUTOWAVE Co.,Ltd.",,Standard Market(Domestic),Retail Trade,零售业,零售与消费品渠道,
2667,2667.T,"ImageONE Co.,Ltd.",イメージ ワン,"ImageONE Co.,Ltd.",,Standard Market(Domestic),Wholesale Trade,批发业,批发贸易/综合商社,
2668,2668.T,Tabio Corporation,タビオ,Tabio 公司,,Standard Market(Domestic),Wholesale Trade,批发业,批发贸易/综合商社,
2669,2669.T,"Kanemi Co.,Ltd.",カネ美食品,カネ美食品,,Standard Market(Domestic),Retail Trade,零售业,零售与消费品渠道,
2670,2670.T,"ABC-MART,INC.",エービーシー・マート,"ABC-MART,INC.",,Prime Market (Domestic),Retail Trade,零售业,零售与消费品渠道,
2673,2673.T,"YUMEMITSUKETAI Co.,Ltd.",夢みつけ隊,夢みつけ隊,,Standard Market(Domestic),Retail Trade,零售业,零售与消费品渠道,
2674,2674.T,"HARD OFF CORPORATION Co.,Ltd.",ハードオフコーポレーション,ハードオフ公司,,Prime Market (Domestic),Retail Trade,零售业,零售与消费品渠道,
2676,2676.T,"TAKACHIHO KOHEKI CO.,LTD.",高千穂交易,高千穂交易,,Prime Market (Domestic),Wholesale Trade,批发业,批发贸易/综合商社,
2678,2678.T,ASKUL Corporation,アスクル,ASKUL 公司,,Prime Market (Domestic),Retail Trade,零售业,零售与消费品渠道,
2681,2681.T,GEO HOLDINGS CORPORATION,ゲオホールディングス,ゲオ控股,,Prime Market (Domestic),Retail Trade,零售业,零售与消费品渠道,
2683,2683.T,"UOGroup CO.,LTD.",ＵＯＧｒｏｕｐ,"UOGroup CO.,LTD.",,Standard Market(Domestic),Retail Trade,零售业,零售与消费品渠道,
2685,2685.T,"and ST HD Co.,Ltd.",アンドエスティＨＤ,"and ST HD Co.,Ltd.",,Prime Market (Domestic),Retail Trade,零售业,零售与消费品渠道,
2687,2687.T,CVS Bay Area Inc.,シー・ヴイ・エス・ベイエリア,CVS Bay Area Inc.,,Standard Market(Domestic),Services,服务业,专业服务、消费服务与商业服务（具体业务待核验）,
2689,2689.T,"OLBA DVx HEALTHCARE,Inc.",オルバディーブイエックスヘルスケア,"OLBA DVx HEALTHCARE,Inc.",,Standard Market(Domestic),Wholesale Trade,批发业,批发贸易/综合商社,
0268,268.T,Rigaku Holdings Corporation,リガク・ホールディングス,リガク・控股,,Prime Market (Domestic),Precision Instruments,精密仪器,精密仪器与光学设备,
2693,2693.T,YKT CORPORATION,ＹＫＴ,YKT 公司,,Standard Market(Domestic),Wholesale Trade,批发业,批发贸易/综合商社,
2694,2694.T,Yakiniku Sakai Holdings Inc.,焼肉坂井ホールディングス,焼肉坂井控股,,Standard Market(Domestic),Retail Trade,零售业,零售与消费品渠道,
2695,2695.T,"Kura Sushi,Inc.",くら寿司,くら寿司,,Prime Market (Domestic),Retail Trade,零售业,零售与消费品渠道,
2698,2698.T,"CAN DO CO.,LTD.",キャンドゥ,"CAN DO CO.,LTD.",,Standard Market(Domestic),Retail Trade,零售业,零售与消费品渠道,
0269,269.T,Sapeet Inc.,Ｓａｐｅｅｔ,Sapeet Inc.,,Growth Market(Domestic),Information & Communication,信息通信,通信、网络设备与通信服务,
2700,2700.T,"KITOKU SHINRYO CO.,LTD.",木徳神糧,木徳神糧,,Standard Market(Domestic),Wholesale Trade,批发业,批发贸易/综合商社,
2702,2702.T,"McDonald's Holdings Company(Japan),Ltd.",日本マクドナルドホールディングス,日本マクドナルド控股,,Standard Market(Domestic),Retail Trade,零售业,零售与消费品渠道,
2705,2705.T,"OOTOYA Holdings Co.,Ltd.",大戸屋ホールディングス,大戸屋控股,,Standard Market(Domestic),Retail Trade,零售业,零售与消费品渠道,
2708,2708.T,"KUZE CO.,LTD.",久世,久世,,Standard Market(Domestic),Wholesale Trade,批发业,批发贸易/综合商社,
2721,2721.T,J-Holdings Corp.,ジェイホールディングス,ジェイ控股,,Standard Market(Domestic),Wholesale Trade,批发业,批发贸易/综合商社,
2722,2722.T,"IK HOLDINGS Co.,Ltd.",ＩＫホールディングス,ＩＫ控股,,Standard Market(Domestic),Retail Trade,零售业,零售与消费品渠道,
2726,2726.T,"PAL GROUP Holdings CO.,LTD",パルグループホールディングス,パル集团控股,,Prime Market (Domestic),Retail Trade,零售业,零售与消费品渠道,
2730,2730.T,EDION Corporation,エディオン,EDION 公司,,Prime Market (Domestic),Retail Trade,零售业,零售与消费品渠道,
2733,2733.T,ARATA CORPORATION,あらた,ARATA 公司,,Prime Market (Domestic),Wholesale Trade,批发业,批发贸易/综合商社,
2734,2734.T,SALA CORPORATION,サーラコーポレーション,サーラ公司,,Prime Market (Domestic),Retail Trade,零售业,零售与消费品渠道,
2735,2735.T,"WATTS CO.,LTD.",ワッツ,"WATTS CO.,LTD.",,Standard Market(Domestic),Retail Trade,零售业,零售与消费品渠道,
2736,2736.T,"Festaria Holdings Co.,Ltd.",フェスタリアホールディングス,フェスタリア控股,,Standard Market(Domestic),Retail Trade,零售业,零售与消费品渠道,
2737,2737.T,TOMEN DEVICES CORPORATION,トーメンデバイス,TOMEN DEVICES 公司,,Prime Market (Domestic),Wholesale Trade,批发业,批发贸易/综合商社,
2742,2742.T,"HALOWS CO.,LTD.",ハローズ,"HALOWS CO.,LTD.",,Prime Market (Domestic),Retail Trade,零售业,零售与消费品渠道,
2747,2747.T,"Hokuyu Lucky Co.,Ltd.",北雄ラッキー,北雄ラッキー,,Standard Market(Domestic),Retail Trade,零售业,零售与消费品渠道,
2749,2749.T,"JP-HOLDINGS,INC.",ＪＰホールディングス,ＪＰ控股,,Prime Market (Domestic),Services,服务业,专业服务、消费服务与商业服务（具体业务待核验）,
0274,274.T,"Garden Co.,Ltd.",ガーデン,"Garden Co.,Ltd.",,Standard Market(Domestic),Retail Trade,零售业,零售与消费品渠道,
2750,2750.T,"S.ISHIMITSU&CO.,LTD.",石光商事,石光商事,,Standard Market(Domestic),Wholesale Trade,批发业,批发贸易/综合商社,
2751,2751.T,"TENPOS HOLDINGS Co.,Ltd.",テンポスホールディングス,テンポス控股,,Standard Market(Domestic),Wholesale Trade,批发业,批发贸易/综合商社,
2752,2752.T,FUJIO FOOD GROUP INC.,フジオフードグループ本社,フジオ食品集团本社,,Prime Market (Domestic),Retail Trade,零售业,零售与消费品渠道,
2753,2753.T,"AMIYAKI TEI CO.,LTD.",あみやき亭,あみやき亭,,Prime Market (Domestic),Retail Trade,零售业,零售与消费品渠道,
2760,2760.T,TOKYO ELECTRON DEVICE LIMITED,東京エレクトロン デバイス,東京エレクトロン デバイス,,Prime Market (Domestic),Wholesale Trade,批发业,批发贸易/综合商社,
2762,2762.T,"SANKO MARKETING FOODS CO.,LTD.",ＳＡＮＫＯ ＭＡＲＫＥＴＩＮＧ ＦＯＯＤＳ,"SANKO MARKETING 食品 CO.,LTD.",,Standard Market(Domestic),Retail Trade,零售业,广告、营销与媒体服务,
2764,2764.T,Hiramatsu Inc.,ひらまつ,Hiramatsu Inc.,,Standard Market(Domestic),Retail Trade,零售业,零售与消费品渠道,
2767,2767.T,TSUBURAYA FIELDS HOLDINGS INC.,円谷フィールズホールディングス,円谷フィールズ控股,,Prime Market (Domestic),Wholesale Trade,批发业,批发贸易/综合商社,
2768,2768.T,Sojitz Corporation,双日,双日,,Prime Market (Domestic),Wholesale Trade,批发业,批发贸易/综合商社,
2769,2769.T,"Village Vanguard CO.,LTD.",ヴィレッジヴァンガードコーポレーション,ヴィレッジヴァンガード公司,,Standard Market(Domestic),Retail Trade,零售业,零售与消费品渠道,
0276,276.T,CCReB Advisors Inc.,ククレブ・アドバイザーズ,CCReB Advisors Inc.,,Growth Market(Domestic),Real Estate,不动产业,房地产开发与物业运营,
2776,2776.T,"SHINTO Holdings,Inc.",新都ホールディングス,新都控股,,Standard Market(Domestic),Wholesale Trade,批发业,批发贸易/综合商社,
2778,2778.T,"PALEMO HOLDINGS CO.,LTD.",パレモ・ホールディングス,パレモ・控股,,Standard Market(Domestic),Retail Trade,零售业,零售与消费品渠道,
0277,277.T,Globe-ing Inc.,グロービング,Globe-ing Inc.,,Prime Market (Domestic),Services,服务业,专业服务、消费服务与商业服务（具体业务待核验）,
2780,2780.T,"Komehyo Holdings Co.,Ltd.",コメ兵ホールディングス,コメ兵控股,,Standard Market(Domestic),Retail Trade,零售业,零售与消费品渠道,
2782,2782.T,"Seria Co.,Ltd.",セリア,"Seria Co.,Ltd.",,Standard Market(Domestic),Retail Trade,零售业,零售与消费品渠道,
2784,2784.T,Alfresa Holdings Corporation,アルフレッサ ホールディングス,アルフレッサ 控股,,Prime Market (Domestic),Wholesale Trade,批发业,批发贸易/综合商社,
2788,2788.T,"APPLE INTERNATIONAL CO.,LTD.",アップルインターナショナル,"APPLE INTERNATIONAL CO.,LTD.",,Standard Market(Domestic),Wholesale Trade,批发业,批发贸易/综合商社,
2789,2789.T,"Karula Co.,LTD.",カルラ,"Karula Co.,LTD.",,Standard Market(Domestic),Retail Trade,零售业,零售与消费品渠道,
0278,278.T,Terra Drone Corporation,Ｔｅｒｒａ Ｄｒｏｎｅ,Terra Drone 公司,,Growth Market(Domestic),Precision Instruments,精密仪器,精密仪器与光学设备,
2790,2790.T,"NAFCO Co.,Ltd.",ナフコ,"NAFCO Co.,Ltd.",,Standard Market(Domestic),Retail Trade,零售业,零售与消费品渠道,
2791,2791.T,"DAIKOKUTENBUSSAN CO.,LTD.",大黒天物産,大黒天物産,,Prime Market (Domestic),Retail Trade,零售业,零售与消费品渠道,
2792,2792.T,"HONEYS HOLDINGS CO.,LTD.",ハニーズホールディングス,ハニーズ控股,,Prime Market (Domestic),Retail Trade,零售业,零售与消费品渠道,
2795,2795.T,NIPPON PRIMEX INC.,日本プリメックス,日本プリメックス,,Standard Market(Domestic),Wholesale Trade,批发业,批发贸易/综合商社,
2796,2796.T,Pharmarise Holdings Corporation,ファーマライズホールディングス,制药ライズ控股,,Standard Market(Domestic),Retail Trade,零售业,零售与消费品渠道,
2798,2798.T,Y's table corporation,ワイズテーブルコーポレーション,ワイズテーブル公司,,Standard Market(Domestic),Retail Trade,零售业,零售与消费品渠道,
2801,2801.T,KIKKOMAN CORPORATION,キッコーマン,KIKKOMAN 公司,,Prime Market (Domestic),Foods,食品,食品饮料与食品加工（具体品类待核验）,
2802,2802.T,"Ajinomoto Co.,Inc.",味の素,味の素,,Prime Market (Domestic),Foods,食品,食品饮料与食品加工（具体品类待核验）,
2804,2804.T,"BULL-DOG SAUCE CO.,LTD.",ブルドックソース,"BULL-DOG SAUCE CO.,LTD.",,Prime Market (Domestic),Foods,食品,食品饮料与食品加工（具体品类待核验）,
2805,2805.T,S&B FOODS INC.,ヱスビー食品,ヱスビー食品,,Standard Market(Domestic),Foods,食品,食品饮料与食品加工（具体品类待核验）,
2806,2806.T,YUTAKA FOODS CORPORATION,ユタカフーズ,YUTAKA 食品 公司,,Standard Market(Domestic),Foods,食品,食品饮料与食品加工（具体品类待核验）,
2809,2809.T,Kewpie Corporation,キユーピー,Kewpie 公司,,Prime Market (Domestic),Foods,食品,食品饮料与食品加工（具体品类待核验）,
0280,280.T,TMH Inc.,ＴＭＨ,TMH Inc.,,Growth Market(Domestic),Wholesale Trade,批发业,批发贸易/综合商社,
2810,2810.T,House Foods Group Inc.,ハウス食品グループ本社,ハウス食品集团本社,,Prime Market (Domestic),Foods,食品,食品饮料与食品加工（具体品类待核验）,
2811,2811.T,"KAGOME CO.,LTD.",カゴメ,"KAGOME CO.,LTD.",,Prime Market (Domestic),Foods,食品,食品饮料与食品加工（具体品类待核验）,
2813,2813.T,"Wakou Shokuhin Co.,Ltd.",和弘食品,和弘食品,,Standard Market(Domestic),Foods,食品,食品饮料与食品加工（具体品类待核验）,
2814,2814.T,"SATO FOODS INDUSTRIES CO.,LTD.",佐藤食品工業,佐藤食品工業,,Standard Market(Domestic),Foods,食品,食品饮料与食品加工（具体品类待核验）,
2815,2815.T,"ARIAKE JAPAN Co.,Ltd.",アリアケジャパン,"ARIAKE JAPAN Co.,Ltd.",,Prime Market (Domestic),Foods,食品,食品饮料与食品加工（具体品类待核验）,
2816,2816.T,"DAISHO CO.,LTD.",ダイショー,"DAISHO CO.,LTD.",,Standard Market(Domestic),Foods,食品,食品饮料与食品加工（具体品类待核验）,
2818,2818.T,"PIETRO Co.,Ltd.",ピエトロ,"PIETRO Co.,Ltd.",,Standard Market(Domestic),Foods,食品,食品饮料与食品加工（具体品类待核验）,
2819,2819.T,"EBARA Foods Industry,Inc.",エバラ食品工業,エバラ食品工業,,Standard Market(Domestic),Foods,食品,食品饮料与食品加工（具体品类待核验）,
0281,281.T,"Informetis Co.,Ltd.",インフォメティス,"Informetis Co.,Ltd.",,Growth Market(Domestic),Information & Communication,信息通信,通信、网络设备与通信服务,
2820,2820.T,Yamami Company,やまみ,Yamami Company,,Standard Market(Domestic),Foods,食品,食品饮料与食品加工（具体品类待核验）,
2831,2831.T,HAGOROMO FOODS CORPORATION,はごろもフーズ,HAGOROMO 食品 公司,,Standard Market(Domestic),Foods,食品,食品饮料与食品加工（具体品类待核验）,
0285,285.T,Kioxia Holdings Corporation,キオクシアホールディングス,キオクシア控股,,Prime Market (Domestic),Electric Appliances,电气设备,电子设备/电气设备（具体产品待核验）,
0286,286.T,EUCALIA Inc.,ユカリア,EUCALIA Inc.,,Growth Market(Domestic),Services,服务业,专业服务、消费服务与商业服务（具体业务待核验）,
2871,2871.T,NICHIREI CORPORATION,ニチレイ,NICHIREI 公司,,Prime Market (Domestic),Foods,食品,食品饮料与食品加工（具体品类待核验）,
2872,2872.T,"SEIHYO CO.,LTD.",セイヒョー,"SEIHYO CO.,LTD.",,Standard Market(Domestic),Foods,食品,食品饮料与食品加工（具体品类待核验）,
2874,2874.T,"YOKOREI CO.,LTD.",横浜冷凍,横浜冷凍,,Prime Market (Domestic),Wholesale Trade,批发业,批发贸易/综合商社,
2875,2875.T,"TOYO SUISAN KAISHA,LTD.",東洋水産,東洋水産,,Prime Market (Domestic),Foods,食品,食品饮料与食品加工（具体品类待核验）,
2876,2876.T,Delsole Corporation,デルソーレ,Delsole 公司,,Standard Market(Domestic),Foods,食品,食品饮料与食品加工（具体品类待核验）,
2877,2877.T,NittoBest Corporation,日東ベスト,日東ベスト,,Standard Market(Domestic),Foods,食品,食品饮料与食品加工（具体品类待核验）,
0287,287.T,"Kuroda Group Co.,Ltd.",黒田グループ,黒田集团,,Standard Market(Domestic),Wholesale Trade,批发业,批发贸易/综合商社,
2882,2882.T,"EAT&HOLDINGS Co.,Ltd",イートアンドホールディングス,イートアンド控股,,Prime Market (Domestic),Foods,食品,食品饮料与食品加工（具体品类待核验）,
2883,2883.T,"DAIREI CO.,LTD.",大冷,大冷,,Standard Market(Domestic),Foods,食品,食品饮料与食品加工（具体品类待核验）,
2884,2884.T,Yoshimura Food Holdings K.K.,ヨシムラ・フード・ホールディングス,ヨシムラ・食品・控股,,Prime Market (Domestic),Foods,食品,食品饮料与食品加工（具体品类待核验）,
0288,288.T,Laxus Technologies Inc.,ラクサス・テクノロジーズ,ラクサス・科技,,Growth Market(Domestic),Services,服务业,专业服务、消费服务与商业服务（具体业务待核验）,
2892,2892.T,"NIHON SHOKUHIN KAKO CO.,LTD.",日本食品化工,日本食品化工,,Standard Market(Domestic),Foods,食品,食品饮料与食品加工（具体品类待核验）,
2894,2894.T,"Ishii Food Co.,Ltd.",石井食品,石井食品,,Standard Market(Domestic),Foods,食品,食品饮料与食品加工（具体品类待核验）,
2897,2897.T,"NISSIN FOODS HOLDINGS CO.,LTD.",日清食品ホールディングス,日清食品控股,,Prime Market (Domestic),Foods,食品,食品饮料与食品加工（具体品类待核验）,
2901,2901.T,Wel-Dish.Incorporated,ウェルディッシュ,Wel-Dish.Incorporated,,Standard Market(Domestic),Foods,食品,食品饮料与食品加工（具体品类待核验）,
2903,2903.T,"SHINOBU FOODS PRODUCTS CO.,LTD.",シノブフーズ,"SHINOBU 食品 PRODUCTS CO.,LTD.",,Standard Market(Domestic),Foods,食品,食品饮料与食品加工（具体品类待核验）,
2904,2904.T,"ICHIMASA KAMABOKO CO.,LTD.",一正蒲鉾,一正蒲鉾,,Standard Market(Domestic),Foods,食品,食品饮料与食品加工（具体品类待核验）,
2907,2907.T,"AHJIKAN CO.,LTD.",あじかん,"AHJIKAN CO.,LTD.",,Standard Market(Domestic),Foods,食品,食品饮料与食品加工（具体品类待核验）,
2908,2908.T,"FUJICCO CO.,LTD.",フジッコ,"FUJICCO CO.,LTD.",,Prime Market (Domestic),Foods,食品,食品饮料与食品加工（具体品类待核验）,
0290,290.T,Synspective Inc.,Ｓｙｎｓｐｅｃｔｉｖｅ,Synspective Inc.,,Growth Market(Domestic),Information & Communication,信息通信,通信、网络设备与通信服务,
2910,2910.T,"ROCK FIELD CO.,LTD.",ロック・フィールド,"ROCK FIELD CO.,LTD.",,Prime Market (Domestic),Foods,食品,食品饮料与食品加工（具体品类待核验）,
2911,2911.T,"ASAHIMATSU FOODS CO.,LTD.",旭松食品,旭松食品,,Standard Market(Domestic),Foods,食品,食品饮料与食品加工（具体品类待核验）,
2914,2914.T,JAPAN TOBACCO INC.,日本たばこ産業,日本烟草,,Prime Market (Domestic),Foods,食品,食品饮料与食品加工（具体品类待核验）,
2915,2915.T,"KENKO Mayonnaise Co.,Ltd.",ケンコーマヨネーズ,"KENKO Mayonnaise Co.,Ltd.",,Prime Market (Domestic),Foods,食品,食品饮料与食品加工（具体品类待核验）,
2916,2916.T,"Semba Tohka Industries Co.,Ltd",仙波糖化工業,仙波糖化工業,,Standard Market(Domestic),Foods,食品,食品饮料与食品加工（具体品类待核验）,
2917,2917.T,"OHMORIYA Co.,LTD.",大森屋,大森屋,,Standard Market(Domestic),Foods,食品,食品饮料与食品加工（具体品类待核验）,
2918,2918.T,"WARABEYA NICHIYO HOLDINGS CO.,LTD.",わらべや日洋ホールディングス,わらべや日洋控股,,Prime Market (Domestic),Foods,食品,食品饮料与食品加工（具体品类待核验）,
0291,291.T,Reskill Corp.,リスキル,Reskill Corp.,,Growth Market(Domestic),Services,服务业,专业服务、消费服务与商业服务（具体业务待核验）,
2922,2922.T,"NATORI CO.,LTD.",なとり,"NATORI CO.,LTD.",,Prime Market (Domestic),Foods,食品,食品饮料与食品加工（具体品类待核验）,
2923,2923.T,"SATO FOODS CO.,LTD.",サトウ食品,サトウ食品,,Standard Market(Domestic),Foods,食品,食品饮料与食品加工（具体品类待核验）,
2924,2924.T,"Ifuji Sangyo Co.,Ltd.",イフジ産業,イフジ工业,,Standard Market(Domestic),Foods,食品,食品饮料与食品加工（具体品类待核验）,
2926,2926.T,"SHINOZAKIYA,INC.",篠崎屋,篠崎屋,,Standard Market(Domestic),Foods,食品,食品饮料与食品加工（具体品类待核验）,
2927,2927.T,"AFC-HD AMS Life Science Co.,Ltd.",ＡＦＣ－ＨＤアムスライフサイエンス,"AFC-HD AMS Life Science Co.,Ltd.",,Standard Market(Domestic),Foods,食品,食品饮料与食品加工（具体品类待核验）,
2929,2929.T,"Pharma Foods International Co.,Ltd.",ファーマフーズ,制药フーズ,,Prime Market (Domestic),Foods,食品,医药、生物科技与处方药,
2930,2930.T,Kitanotatsujin Corporation,北の達人コーポレーション,北の達人公司,,Prime Market (Domestic),Chemicals,化学,基础化工/特种化学品（具体品类待核验）,
2931,2931.T,"Euglena Co.,Ltd.",ユーグレナ,"Euglena Co.,Ltd.",,Prime Market (Domestic),Foods,食品,食品饮料与食品加工（具体品类待核验）,
2932,2932.T,"STI Foods Holdings,Inc.",ＳＴＩフードホールディングス,ＳＴＩ食品控股,,Standard Market(Domestic),Foods,食品,食品饮料与食品加工（具体品类待核验）,
2933,2933.T,KIBUN FOODS INC.,紀文食品,紀文食品,,Prime Market (Domestic),Foods,食品,食品饮料与食品加工（具体品类待核验）,
2934,2934.T,"J Frontier Co.,Ltd.",ジェイフロンティア,"J Frontier Co.,Ltd.",,Growth Market(Domestic),Foods,食品,食品饮料与食品加工（具体品类待核验）,
2935,2935.T,"PICKLES HOLDINGS CO.,LTD.",ピックルスホールディングス,ピックルス控股,,Prime Market (Domestic),Foods,食品,食品饮料与食品加工（具体品类待核验）,
2936,2936.T,"BASE FOOD,Inc.",ベースフード,ベース食品,,Growth Market(Domestic),Foods,食品,食品饮料与食品加工（具体品类待核验）,
2937,2937.T,"St.Cousair CO.,LTD.",サンクゼール,"St.Cousair CO.,LTD.",,Growth Market(Domestic),Foods,食品,食品饮料与食品加工（具体品类待核验）,
2938,2938.T,"Okamura Foods Co.,Ltd.",オカムラ食品工業,オカムラ食品工業,,Standard Market(Domestic),Foods,食品,食品饮料与食品加工（具体品类待核验）,
2961,2961.T,NITCHO CORPORATION,日本調理機,日本調理機,,Standard Market(Domestic),Metal Products,金属制品,金属制品、零部件与加工（具体产品待核验）,
2962,2962.T,"TECNISCO,LTD.",テクニスコ,"TECNISCO,LTD.",,Standard Market(Domestic),Metal Products,金属制品,金属制品、零部件与加工（具体产品待核验）,
0296,296.T,"Reiwa Accounting Holdings Co.,Ltd.",令和アカウンティング・ホールディングス,令和アカウンティング・控股,,Growth Market(Domestic),Services,服务业,专业服务、消费服务与商业服务（具体业务待核验）,
2970,2970.T,"GLC GROUP,INC.",ＧＬＣ ＧＲＯＵＰ,"GLC 集团,INC.",,Standard Market(Domestic),Real Estate,不动产业,房地产开发与物业运营,
2975,2975.T,"Star Mica Holdings Co.,Ltd.",スター・マイカ・ホールディングス,スター・マイカ・控股,,Prime Market (Domestic),Real Estate,不动产业,房地产开发与物业运营,
2978,2978.T,TSUKURUBA Inc.,ツクルバ,TSUKURUBA Inc.,,Growth Market(Domestic),Real Estate,不动产业,房地产开发与物业运营,
0297,297.T,"ALPICO HOLDINGS CO.,LTD.",アルピコホールディングス,アルピコ控股,,Standard Market(Domestic),Retail Trade,零售业,零售与消费品渠道,
2980,2980.T,SRE Holdings Corporation,ＳＲＥホールディングス,ＳＲＥ控股,,Prime Market (Domestic),Real Estate,不动产业,房地产开发与物业运营,
2981,2981.T,Landix Inc.,ランディックス,Landix Inc.,,Growth Market(Domestic),Real Estate,不动产业,房地产开发与物业运营,
2982,2982.T,"A.D.Works Group Co.,Ltd.",ＡＤワークスグループ,ＡＤワークス集团,,Prime Market (Domestic),Real Estate,不动产业,房地产开发与物业运营,
2983,2983.T,"Arr Planner Co.,Ltd.",アールプランナー,"Arr Planner Co.,Ltd.",,Growth Market(Domestic),Real Estate,不动产业,房地产开发与物业运营,
2984,2984.T,"Yamaichi Real Estate Co.,Ltd",ヤマイチエステート,"Yamaichi Real Estate Co.,Ltd",,Standard Market(Domestic),Real Estate,不动产业,房地产开发与物业运营,
2986,2986.T,"LA Holdings Co.,Ltd.",ＬＡホールディングス,ＬＡ控股,,Growth Market(Domestic),Real Estate,不动产业,房地产开发与物业运营,
0298,298.T,"GVA TECH,Inc.",ＧＶＡ ＴＥＣＨ,"GVA TECH,Inc.",,Growth Market(Domestic),Information & Communication,信息通信,通信、网络设备与通信服务,
2991,2991.T,LANDNET Inc.,ランドネット,LANDNET Inc.,,Standard Market(Domestic),Real Estate,不动产业,房地产开发与物业运营,
2993,2993.T,Choei Inc.,長栄,長栄,,Standard Market(Domestic),Real Estate,不动产业,房地产开发与物业运营,
2997,2997.T,"STORAGE-OH Co.,Ltd.",ストレージ王,ストレージ王,,Growth Market(Domestic),Real Estate,不动产业,房地产开发与物业运营,
2998,2998.T,CREAL Inc.,クリアル,CREAL Inc.,,Growth Market(Domestic),Real Estate,不动产业,房地产开发与物业运营,
2999,2999.T,"Home Position Co.,Ltd.",ホームポジション,"Home Position Co.,Ltd.",,Standard Market(Domestic),Real Estate,不动产业,房地产开发与物业运营,
0299,299.T,"Kurashiru,Inc.",クラシル,"Kurashiru,Inc.",,Growth Market(Domestic),Services,服务业,专业服务、消费服务与商业服务（具体业务待核验）,
3001,3001.T,"Katakura Industries Co.,Ltd.",片倉工業,片倉工業,,Standard Market(Domestic),Textiles and Apparels,纤维制品,纺织、服装与生活消费品（具体品类待核验）,
3002,3002.T,GUNZE LIMITED,グンゼ,GUNZE LIMITED,,Prime Market (Domestic),Textiles and Apparels,纤维制品,纺织、服装与生活消费品（具体品类待核验）,
3003,3003.T,"Hulic Co.,Ltd.",ヒューリック,"Hulic Co.,Ltd.",,Prime Market (Domestic),Real Estate,不动产业,房地产开发与物业运营,
3004,3004.T,SHINYEI KAISHA,神栄,神栄,,Standard Market(Domestic),Wholesale Trade,批发业,批发贸易/综合商社,
0300,300.T,"MIC Co.,Ltd.",ＭＩＣ,"MIC Co.,Ltd.",,Standard Market(Domestic),Services,服务业,专业服务、消费服务与商业服务（具体业务待核验）,
3010,3010.T,"Polaris Holdings Co.,Ltd.",ポラリス・ホールディングス,ポラリス・控股,,Standard Market(Domestic),Services,服务业,专业服务、消费服务与商业服务（具体业务待核验）,
3011,3011.T,"BANNERS CO.,LTD.",バナーズ,"BANNERS CO.,LTD.",,Standard Market(Domestic),Retail Trade,零售业,零售与消费品渠道,
3020,3020.T,"Applied Co.,Ltd.",アプライド,"Applied Co.,Ltd.",,Standard Market(Domestic),Retail Trade,零售业,零售与消费品渠道,
3021,3021.T,"Pacific Net Co.,Ltd.",パシフィックネット,"Pacific Net Co.,Ltd.",,Standard Market(Domestic),Services,服务业,专业服务、消费服务与商业服务（具体业务待核验）,
3023,3023.T,Rasa Corporation,ラサ商事,ラサ商事,,Standard Market(Domestic),Wholesale Trade,批发业,批发贸易/综合商社,
3024,3024.T,CREATE CORPORATION,クリエイト,CREATE 公司,,Standard Market(Domestic),Wholesale Trade,批发业,批发贸易/综合商社,
3028,3028.T,"Alpen Co.,Ltd.",アルペン,"Alpen Co.,Ltd.",,Prime Market (Domestic),Retail Trade,零售业,零售与消费品渠道,
0302,302.T,"b-style holdings,Inc.",ビースタイルホールディングス,ビースタイル控股,,Growth Market(Domestic),Services,服务业,专业服务、消费服务与商业服务（具体业务待核验）,
3030,3030.T,"HUB CO.,LTD.",ハブ,"HUB CO.,LTD.",,Standard Market(Domestic),Retail Trade,零售业,零售与消费品渠道,
3031,3031.T,"RACCOON HOLDINGS,Inc.",ラクーンホールディングス,ラクーン控股,,Prime Market (Domestic),Information & Communication,信息通信,通信、网络设备与通信服务,
3034,3034.T,"Qol Holdings Co.,Ltd.",クオールホールディングス,クオール控股,,Prime Market (Domestic),Retail Trade,零售业,零售与消费品渠道,
3035,3035.T,ktk INC.,ケイティケイ,ktk INC.,,Standard Market(Domestic),Wholesale Trade,批发业,批发贸易/综合商社,
3036,3036.T,ALCONIX CORPORATION,アルコニックス,ALCONIX 公司,,Prime Market (Domestic),Wholesale Trade,批发业,批发贸易/综合商社,
3038,3038.T,"KOBE BUSSAN CO.,LTD.",神戸物産,神戸物産,,Prime Market (Domestic),Wholesale Trade,批发业,批发贸易/综合商社,
0303,303.T,visumo Inc.,ｖｉｓｕｍｏ,visumo Inc.,,Growth Market(Domestic),Information & Communication,信息通信,通信、网络设备与通信服务,
3040,3040.T,SOLITON SYSTEMS K.K.,ソリトンシステムズ,ソリトン系统,,Prime Market (Domestic),Information & Communication,信息通信,通信、网络设备与通信服务,
3041,3041.T,"Beauty Kadan Holdings Co.,Ltd.",ビューティカダンホールディングス,ビューティカダン控股,,Standard Market(Domestic),Wholesale Trade,批发业,批发贸易/综合商社,
3042,3042.T,SecuAvail Inc.,セキュアヴェイル,SecuAvail Inc.,,Standard Market(Domestic),Information & Communication,信息通信,通信、网络设备与通信服务,
3045,3045.T,"Kawasaki & Co.,Ltd.",カワサキ,"Kawasaki & Co.,Ltd.",,Standard Market(Domestic),Wholesale Trade,批发业,批发贸易/综合商社,
3046,3046.T,JINS HOLDINGS Inc.,ジンズホールディングス,ジンズ控股,,Prime Market (Domestic),Retail Trade,零售业,零售与消费品渠道,
3048,3048.T,BIC CAMERA INC.,ビックカメラ,BIC CAMERA INC.,,Prime Market (Domestic),Retail Trade,零售业,零售与消费品渠道,
0304,304.T,"FORCIA,Inc.",フォルシア,"FORCIA,Inc.",,Growth Market(Domestic),Information & Communication,信息通信,通信、网络设备与通信服务,
3050,3050.T,"DCM Holdings Co.,Ltd.",ＤＣＭホールディングス,ＤＣＭ控股,,Prime Market (Domestic),Retail Trade,零售业,零售与消费品渠道,
3053,3053.T,"PEPPER FOOD SERVICE CO.,LTD.",ペッパーフードサービス,ペッパー食品服务,,Standard Market(Domestic),Retail Trade,零售业,餐饮服务,
3054,3054.T,HYPER Inc.,ハイパー,HYPER Inc.,,Standard Market(Domestic),Wholesale Trade,批发业,批发贸易/综合商社,
3058,3058.T,Sanyodo Holdings Inc.,三洋堂ホールディングス,三洋堂控股,,Standard Market(Domestic),Retail Trade,零售业,零售与消费品渠道,
3059,3059.T,"HIRAKI CO.,LTD.",ヒラキ,"HIRAKI CO.,LTD.",,Standard Market(Domestic),Retail Trade,零售业,零售与消费品渠道,
3063,3063.T,j-Group Holdings Corp.,ジェイグループホールディングス,ジェイ集团控股,,Growth Market(Domestic),Retail Trade,零售业,零售与消费品渠道,
3064,3064.T,"MonotaRO Co.,Ltd.",ＭｏｎｏｔａＲＯ,"MonotaRO Co.,Ltd.",,Prime Market (Domestic),Retail Trade,零售业,零售与消费品渠道,
3065,3065.T,"Life Foods Co.,Ltd.",ライフフーズ,"Life 食品 Co.,Ltd.",,Standard Market(Domestic),Retail Trade,零售业,零售与消费品渠道,
3067,3067.T,"TOKYO ICHIBAN FOODS CO.,LTD.",東京一番フーズ,東京一番フーズ,,Standard Market(Domestic),Retail Trade,零售业,零售与消费品渠道,
3068,3068.T,WDI Corporation,ＷＤＩ,WDI 公司,,Standard Market(Domestic),Retail Trade,零售业,零售与消费品渠道,
3069,3069.T,JFLA Holdings Inc.,ＪＦＬＡホールディングス,ＪＦＬＡ控股,,Standard Market(Domestic),Foods,食品,食品饮料与食品加工（具体品类待核验）,
3070,3070.T,"JELLY BEANS GROUP Co.,Ltd.",ジェリービーンズグループ,ジェリービーンズ集团,,Growth Market(Domestic),Wholesale Trade,批发业,批发贸易/综合商社,
3071,3071.T,"Stream Co.,Ltd.",ストリーム,"Stream Co.,Ltd.",,Standard Market(Domestic),Retail Trade,零售业,零售与消费品渠道,
3075,3075.T,"Choushimaru Co.,Ltd.",銚子丸,銚子丸,,Standard Market(Domestic),Retail Trade,零售业,零售与消费品渠道,
3076,3076.T,Ai Holdings Corporation,あい ホールディングス,あい 控股,,Prime Market (Domestic),Wholesale Trade,批发业,批发贸易/综合商社,
3077,3077.T,"Horiifoodservice Co.,Ltd.",ホリイフードサービス,ホリイ食品服务,,Standard Market(Domestic),Retail Trade,零售业,零售与消费品渠道,
3080,3080.T,"JASON CO.,LTD.",ジェーソン,"JASON CO.,LTD.",,Standard Market(Domestic),Retail Trade,零售业,零售与消费品渠道,
3082,3082.T,"KICHIRI HOLDINGS & Co.,Ltd.",きちりホールディングス,きちり控股,,Standard Market(Domestic),Retail Trade,零售业,零售与消费品渠道,
3083,3083.T,"Star seeds Co.,Ltd.",スターシーズ,"Star seeds Co.,Ltd.",,Standard Market(Domestic),Retail Trade,零售业,零售与消费品渠道,
3086,3086.T,"J.FRONT RETAILING Co.,Ltd.",Ｊ．フロント リテイリング,"J.FRONT RETAILING Co.,Ltd.",,Prime Market (Domestic),Retail Trade,零售业,零售与消费品渠道,
3087,3087.T,"DOUTOR・NICHIRES Holdings Co.,Ltd.",ドトール・日レスホールディングス,ドトール・日レス控股,,Prime Market (Domestic),Retail Trade,零售业,零售与消费品渠道,
3088,3088.T,MatsukiyoCocokara & Co.,マツキヨココカラ＆カンパニー,MatsukiyoCocokara & Co.,,Prime Market (Domestic),Retail Trade,零售业,零售与消费品渠道,
3089,3089.T,"Techno Alpha Co.,Ltd.",テクノアルファ,"Techno Alpha Co.,Ltd.",,Standard Market(Domestic),Wholesale Trade,批发业,批发贸易/综合商社,
3091,3091.T,"BRONCO BILLY Co.,LTD.",ブロンコビリー,"BRONCO BILLY Co.,LTD.",,Prime Market (Domestic),Retail Trade,零售业,零售与消费品渠道,
3092,3092.T,"ZOZO,Inc.",ＺＯＺＯ,"ZOZO,Inc.",,Prime Market (Domestic),Retail Trade,零售业,零售与消费品渠道,
3093,3093.T,"Treasure Factory Co.,LTD.",トレジャー・ファクトリー,"Treasure Factory Co.,LTD.",,Prime Market (Domestic),Retail Trade,零售业,零售与消费品渠道,
3096,3096.T,OCEAN SYSTEM CORPORATION,オーシャンシステム,オーシャン系统,,Standard Market(Domestic),Retail Trade,零售业,零售与消费品渠道,
3097,3097.T,The Monogatari Corporation,物語コーポレーション,物語公司,,Prime Market (Domestic),Retail Trade,零售业,零售与消费品渠道,
3099,3099.T,Isetan Mitsukoshi Holdings Ltd.,三越伊勢丹ホールディングス,三越伊勢丹控股,,Prime Market (Domestic),Retail Trade,零售业,零售与消费品渠道,
3101,3101.T,"TOYOBO CO.,LTD.",東洋紡,東洋紡,,Prime Market (Domestic),Chemicals,化学,基础化工/特种化学品（具体品类待核验）,
3103,3103.T,UNITIKA LTD.,ユニチカ,UNITIKA LTD.,,Standard Market(Domestic),Textiles and Apparels,纤维制品,纺织、服装与生活消费品（具体品类待核验）,
3104,3104.T,"Fujibo Holdings,Inc.",富士紡ホールディングス,富士紡控股,,Prime Market (Domestic),Textiles and Apparels,纤维制品,纺织、服装与生活消费品（具体品类待核验）,
3105,3105.T,Nisshinbo Holdings Inc.,日清紡ホールディングス,日清紡控股,,Prime Market (Domestic),Electric Appliances,电气设备,电子设备/电气设备（具体产品待核验）,
3106,3106.T,KURABO INDUSTRIES LTD.,倉敷紡績,倉敷紡績,,Prime Market (Domestic),Textiles and Apparels,纤维制品,纺织、服装与生活消费品（具体品类待核验）,
3107,3107.T,"Daiwabo Holdings Co.,Ltd.",ダイワボウホールディングス,ダイワボウ控股,,Prime Market (Domestic),Wholesale Trade,批发业,批发贸易/综合商社,
3109,3109.T,SHIKIBO LTD.,シキボウ,SHIKIBO LTD.,,Prime Market (Domestic),Textiles and Apparels,纤维制品,纺织、服装与生活消费品（具体品类待核验）,
3110,3110.T,"NITTO BOSEKI CO.,LTD.",日東紡績,日東紡績,,Prime Market (Domestic),Glass and Ceramics Products,玻璃土石制品,玻璃、陶瓷与建筑材料（具体产品待核验）,
3111,3111.T,"OMIKENSHI CO.,LTD.",オーミケンシ,"OMIKENSHI CO.,LTD.",,Standard Market(Domestic),Textiles and Apparels,纤维制品,纺织、服装与生活消费品（具体品类待核验）,
3113,3113.T,UNIVA Oak Holdings Limited,ＵＮＩＶＡ・Ｏａｋホールディングス,ＵＮＩＶＡ・Ｏａｋ控股,,Standard Market(Domestic),Securities and Commodities Futures,证券商品期货,证券经纪与投资银行服务,
3116,3116.T,TOYOTA BOSHOKU CORPORATION,トヨタ紡織,トヨタ紡織,,Prime Market (Domestic),Transportation Equipment,运输用设备,工业机械与自动化设备（具体产品待核验）,
3121,3121.T,"MBK Co.,Ltd.",マーチャント・バンカーズ,"MBK Co.,Ltd.",,Standard Market(Domestic),Services,服务业,专业服务、消费服务与商业服务（具体业务待核验）,
3123,3123.T,"SAIBO Co.,Ltd.",サイボー,"SAIBO Co.,Ltd.",,Standard Market(Domestic),Textiles and Apparels,纤维制品,纺织、服装与生活消费品（具体品类待核验）,
3131,3131.T,SHINDEN HIGHTEX CORPORATION,シンデン・ハイテックス,SHINDEN HIGHTEX 公司,,Standard Market(Domestic),Wholesale Trade,批发业,批发贸易/综合商社,
3132,3132.T,"MACNICA HOLDINGS,INC.",マクニカホールディングス,マクニカ控股,,Prime Market (Domestic),Wholesale Trade,批发业,批发贸易/综合商社,
3133,3133.T,"kaihan co.,Ltd.",海帆,海帆,,Growth Market(Domestic),Retail Trade,零售业,零售与消费品渠道,
3134,3134.T,Hamee Corp.,Ｈａｍｅｅ,Hamee Corp.,,Standard Market(Domestic),Retail Trade,零售业,零售与消费品渠道,
3135,3135.T,"MarketEnterprise Co.,Ltd",マーケットエンタープライズ,"MarketEnterprise Co.,Ltd",,Standard Market(Domestic),Retail Trade,零售业,零售与消费品渠道,
3137,3137.T,"Fundely Co.,Ltd.",ファンデリー,"Fundely Co.,Ltd.",,Standard Market(Domestic),Retail Trade,零售业,零售与消费品渠道,
3138,3138.T,"Fujisan Magazine Service Co.,Ltd.",富士山マガジンサービス,富士山マガジン服务,,Standard Market(Domestic),Retail Trade,零售业,零售与消费品渠道,
3139,3139.T,"Lacto Japan Co.,Ltd.",ラクト・ジャパン,"Lacto Japan Co.,Ltd.",,Prime Market (Domestic),Wholesale Trade,批发业,批发贸易/综合商社,
3140,3140.T,"BRUNO,Inc.",ＢＲＵＮＯ,"BRUNO,Inc.",,Growth Market(Domestic),Wholesale Trade,批发业,批发贸易/综合商社,
3143,3143.T,O'will Corporation,オーウイル,O'will 公司,,Standard Market(Domestic),Wholesale Trade,批发业,批发贸易/综合商社,
3148,3148.T,"CREATE SD HOLDINGS CO.,LTD.",クリエイトＳＤホールディングス,クリエイトＳＤ控股,,Prime Market (Domestic),Retail Trade,零售业,零售与消费品渠道,
3150,3150.T,"grems,Inc.",グリムス,"grems,Inc.",,Prime Market (Domestic),Electric Power and Gas,电力燃气,电子设备/电气设备（具体产品待核验）,
3151,3151.T,"VITAL KSK HOLDINGS,INC.",バイタルケーエスケー・ホールディングス,バイタルケーエスケー・控股,,Prime Market (Domestic),Wholesale Trade,批发业,批发贸易/综合商社,
3153,3153.T,"Yashima Denki Co.,Ltd.",八洲電機,八洲電機,,Prime Market (Domestic),Wholesale Trade,批发业,批发贸易/综合商社,
3154,3154.T,"MEDIUS HOLDINGS Co.,Ltd.",メディアスホールディングス,媒体ス控股,,Prime Market (Domestic),Wholesale Trade,批发业,批发贸易/综合商社,
3156,3156.T,Restar Corporation,レスター,Restar 公司,,Prime Market (Domestic),Wholesale Trade,批发业,批发贸易/综合商社,
3157,3157.T,GEOLIVE Group Corporation,ジオリーブグループ,ジオリーブ集团,,Standard Market(Domestic),Wholesale Trade,批发业,批发贸易/综合商社,
3159,3159.T,"Maruzen CHI Holdings Co.,Ltd.",丸善ＣＨＩホールディングス,丸善ＣＨＩ控股,,Standard Market(Domestic),Retail Trade,零售业,零售与消费品渠道,
3160,3160.T,"OOMITSU CO.,LTD.",大光,大光,,Standard Market(Domestic),Wholesale Trade,批发业,批发贸易/综合商社,
3161,3161.T,AZEARTH Corporation,アゼアス,AZEARTH 公司,,Standard Market(Domestic),Wholesale Trade,批发业,批发贸易/综合商社,
3166,3166.T,"OCHI HOLDINGS CO.,LTD.",ＯＣＨＩホールディングス,ＯＣＨＩ控股,,Standard Market(Domestic),Wholesale Trade,批发业,批发贸易/综合商社,
3167,3167.T,TOKAI Holdings Corporation,ＴＯＫＡＩホールディングス,ＴＯＫＡＩ控股,,Prime Market (Domestic),Wholesale Trade,批发业,批发贸易/综合商社,
3168,3168.T,MERF Inc.,ＭＥＲＦ,MERF Inc.,,Standard Market(Domestic),Wholesale Trade,批发业,批发贸易/综合商社,
3169,3169.T,"Misawa & Co.,Ltd.",ミサワ,"Misawa & Co.,Ltd.",,Standard Market(Domestic),Retail Trade,零售业,零售与消费品渠道,
3172,3172.T,"Tea Life Co.,Ltd.",ティーライフ,"Tea Life Co.,Ltd.",,Standard Market(Domestic),Retail Trade,零售业,零售与消费品渠道,
3173,3173.T,"Cominix Co.,Ltd.",Ｃｏｍｉｎｉｘ,"Cominix Co.,Ltd.",,Standard Market(Domestic),Wholesale Trade,批发业,批发贸易/综合商社,
3174,3174.T,"Happiness and D Co.,Ltd.",ハピネス・アンド・ディ,"Happiness and D Co.,Ltd.",,Standard Market(Domestic),Retail Trade,零售业,零售与消费品渠道,
3175,3175.T,"AP HOLDINGS CO.,LTD.",エー・ピーホールディングス,エー・ピー控股,,Standard Market(Domestic),Retail Trade,零售业,零售与消费品渠道,
3176,3176.T,"Sanyo Trading Co.,Ltd.",三洋貿易,三洋貿易,,Prime Market (Domestic),Wholesale Trade,批发业,批发贸易/综合商社,
3177,3177.T,"ARIGATOU SERVICES COMPANY,LIMITED",ありがとうサービス,ありがとう服务,,Standard Market(Domestic),Retail Trade,零售业,零售与消费品渠道,
3178,3178.T,"CHIMNEY CO.,LTD.",チムニー,"CHIMNEY CO.,LTD.",,Standard Market(Domestic),Retail Trade,零售业,零售与消费品渠道,
3179,3179.T,"Syuppin Co.,Ltd.",シュッピン,"Syuppin Co.,Ltd.",,Prime Market (Domestic),Retail Trade,零售业,零售与消费品渠道,
3180,3180.T,BEAUTY GARAGE Inc.,ビューティガレージ,BEAUTY GARAGE Inc.,,Prime Market (Domestic),Wholesale Trade,批发业,批发贸易/综合商社,
3181,3181.T,"KAITORI OKOKU CO.,LTD.",買取王国,買取王国,,Standard Market(Domestic),Retail Trade,零售业,零售与消费品渠道,
3182,3182.T,Oisix Inc.,オイシックス,Oisix Inc.,,Prime Market (Domestic),Retail Trade,零售业,零售与消费品渠道,
3183,3183.T,"WIN-Partners Co.,Ltd.",ウイン・パートナーズ,ウイン・合作伙伴,,Prime Market (Domestic),Wholesale Trade,批发业,批发贸易/综合商社,
3184,3184.T,"International Conglomerate of Distribution for Automobile Holdings Co.,Ltd.",ＩＣＤＡホールディングス,ＩＣＤＡ控股,,Standard Market(Domestic),Retail Trade,零售业,零售与消费品渠道,
3185,3185.T,"DREAM VISION CO.,LTD.",夢展望,夢展望,,Growth Market(Domestic),Retail Trade,零售业,零售与消费品渠道,
3186,3186.T,"NEXTAGE Co.,Ltd.",ネクステージ,"NEXTAGE Co.,Ltd.",,Prime Market (Domestic),Retail Trade,零售业,零售与消费品渠道,
3187,3187.T,miratap inc.,ミラタップ,miratap inc.,,Growth Market(Domestic),Retail Trade,零售业,零售与消费品渠道,
3189,3189.T,ANAP HOLDINGS INC.,ＡＮＡＰホールディングス,ＡＮＡＰ控股,,Standard Market(Domestic),Retail Trade,零售业,零售与消费品渠道,
3190,3190.T,"HOTMAN Co.,Ltd.",ホットマン,"HOTMAN Co.,Ltd.",,Standard Market(Domestic),Retail Trade,零售业,零售与消费品渠道,
3191,3191.T,"JOYFUL HONDA CO.,LTD.",ジョイフル本田,ジョイフル本田,,Prime Market (Domestic),Retail Trade,零售业,零售与消费品渠道,
3192,3192.T,"Shirohato Co.,Ltd.",白鳩,白鳩,,Standard Market(Domestic),Retail Trade,零售业,零售与消费品渠道,
3193,3193.T,"Eternal Hospitality Group Co.,Ltd.",エターナルホスピタリティグループ,エターナルホスピタリティ集团,,Prime Market (Domestic),Retail Trade,零售业,零售与消费品渠道,
3195,3195.T,"GENERATION PASS CO.,LTD.",ジェネレーションパス,"GENERATION PASS CO.,LTD.",,Standard Market(Domestic),Retail Trade,零售业,零售与消费品渠道,
3196,3196.T,"HOTLAND HOLDINGS Co.,Ltd.",ホットランドホールディングス,ホットランド控股,,Prime Market (Domestic),Retail Trade,零售业,零售与消费品渠道,
3197,3197.T,"SKYLARK HOLDINGS CO.,LTD.",すかいらーくホールディングス,すかいらーく控股,,Prime Market (Domestic),Retail Trade,零售业,零售与消费品渠道,
3199,3199.T,"Watahan & Co.,Ltd.",綿半ホールディングス,綿半控股,,Prime Market (Domestic),Retail Trade,零售业,零售与消费品渠道,
0319,319.T,Next Generation Technology Group Inc.,技術承継機構,技術承継機構,,Growth Market(Domestic),Metal Products,金属制品,金属制品、零部件与加工（具体产品待核验）,
3201,3201.T,"THE JAPAN WOOL TEXTILE CO.,LTD.",日本毛織,日本毛織,,Prime Market (Domestic),Textiles and Apparels,纤维制品,纺织、服装与生活消费品（具体品类待核验）,
3202,3202.T,"Daitobo Co.,Ltd.",ダイトウボウ,"Daitobo Co.,Ltd.",,Standard Market(Domestic),Textiles and Apparels,纤维制品,纺织、服装与生活消费品（具体品类待核验）,
3204,3204.T,Toabo Corporation,トーア紡コーポレーション,トーア紡公司,,Standard Market(Domestic),Textiles and Apparels,纤维制品,纺织、服装与生活消费品（具体品类待核验）,
3205,3205.T,DAIDOH LIMITED,ダイドーリミテッド,DAIDOH LIMITED,,Standard Market(Domestic),Textiles and Apparels,纤维制品,纺织、服装与生活消费品（具体品类待核验）,
3221,3221.T,"Yossix Holdings Co.,Ltd.",ヨシックスホールディングス,ヨシックス控股,,Prime Market (Domestic),Retail Trade,零售业,零售与消费品渠道,
3222,3222.T,United Super Markets Holdings Inc.,ユナイテッド・スーパーマーケット・ホールディングス,ユナイテッド・スーパーマーケット・控股,,Standard Market(Domestic),Retail Trade,零售业,零售与消费品渠道,
3223,3223.T,SLD Entertainment Inc.,エスエルディー,SLD Entertainment Inc.,,Standard Market(Domestic),Retail Trade,零售业,零售与消费品渠道,
3224,3224.T,"General Oyster,Inc.",ゼネラル・オイスター,"General Oyster,Inc.",,Growth Market(Domestic),Retail Trade,零售业,零售与消费品渠道,
3231,3231.T,"Nomura Real Estate Holdings,Inc.",野村不動産ホールディングス,野村不動産控股,,Prime Market (Domestic),Real Estate,不动产业,房地产开发与物业运营,
3232,3232.T,"Mie Kotsu Group Holdings,Inc.",三重交通グループホールディングス,三重交通集团控股,,Prime Market (Domestic),Real Estate,不动产业,房地产开发与物业运营,
3236,3236.T,"PROPERST CO.,LTD.",プロパスト,"PROPERST CO.,LTD.",,Standard Market(Domestic),Real Estate,不动产业,房地产开发与物业运营,
3237,3237.T,"INTRANCE CO.,LTD.",イントランス,"INTRANCE CO.,LTD.",,Growth Market(Domestic),Real Estate,不动产业,房地产开发与物业运营,
3238,3238.T,"CENTRAL GENERAL DEVELOPMENT CO.,LTD.",セントラル総合開発,セントラル総合開発,,Standard Market(Domestic),Real Estate,不动产业,房地产开发与物业运营,
0323,323.T,Flier Inc.,フライヤー,Flier Inc.,,Growth Market(Domestic),Information & Communication,信息通信,通信、网络设备与通信服务,
3241,3241.T,"WILL,Co.,Ltd.",ウィル,"WILL,Co.,Ltd.",,Standard Market(Domestic),Real Estate,不动产业,房地产开发与物业运营,
3242,3242.T,"URBANET CORPORATION CO.,LTD.",アーバネットコーポレーション,アーバネット公司,,Standard Market(Domestic),Real Estate,不动产业,房地产开发与物业运营,
3245,3245.T,"DEAR LIFE CO.,LTD.",ディア・ライフ,"DEAR LIFE CO.,LTD.",,Prime Market (Domestic),Real Estate,不动产业,房地产开发与物业运营,
3246,3246.T,"KOSE R.E. Co.,Ltd.",コーセーアールイー,"KOSE R.E. Co.,Ltd.",,Standard Market(Domestic),Real Estate,不动产业,房地产开发与物业运营,
3248,3248.T,"EARLY AGE CO.,Ltd.",アールエイジ,"EARLY AGE CO.,Ltd.",,Standard Market(Domestic),Real Estate,不动产业,房地产开发与物业运营,
0324,324.T,"Booking Resort Co.,Ltd.",ブッキングリゾート,ブッキング度假,,Growth Market(Domestic),Services,服务业,酒店、旅游与休闲服务,
3252,3252.T,"JINUSHI Co.,Ltd.",地主,地主,,Prime Market (Domestic),Real Estate,不动产业,房地产开发与物业运营,
0325,325.T,TENTIAL Inc.,ＴＥＮＴＩＡＬ,TENTIAL Inc.,,Growth Market(Domestic),Textiles and Apparels,纤维制品,纺织、服装与生活消费品（具体品类待核验）,
3261,3261.T,"GRANDES,Inc.",グランディーズ,"GRANDES,Inc.",,Growth Market(Domestic),Real Estate,不动产业,房地产开发与物业运营,
3266,3266.T,"Fund Creation Group Co.,Ltd.",ファンドクリエーショングループ,基金クリエーション集团,,Standard Market(Domestic),Real Estate,不动产业,房地产开发与物业运营,
3267,3267.T,"Phil Company,Inc.",フィル・カンパニー,"Phil Company,Inc.",,Standard Market(Domestic),Construction,建设业,建筑工程、建材与房地产相关工程（具体业务待核验）,
3276,3276.T,"Japan Property Management Center Co.,Ltd.",ＪＰＭＣ,"Japan Property Management Center Co.,Ltd.",,Prime Market (Domestic),Real Estate,不动产业,房地产开发与物业运营,
3277,3277.T,"Sansei Landic Co.,Ltd",サンセイランディック,"Sansei Landic Co.,Ltd",,Standard Market(Domestic),Real Estate,不动产业,房地产开发与物业运营,
3280,3280.T,"STrust Co.,Ltd.",エストラスト,"STrust Co.,Ltd.",,Standard Market(Domestic),Real Estate,不动产业,房地产开发与物业运营,
3284,3284.T,"Hoosiers Holdings Co.,Ltd.",フージャースホールディングス,フージャース控股,,Prime Market (Domestic),Real Estate,不动产业,房地产开发与物业运营,
3286,3286.T,TRUST Holdings Inc.,トラストホールディングス,トラスト控股,,Standard Market(Domestic),Real Estate,不动产业,房地产开发与物业运营,
3288,3288.T,"Open House Group Co.,Ltd.",オープンハウスグループ,オープンハウス集团,,Prime Market (Domestic),Real Estate,不动产业,房地产开发与物业运营,
3289,3289.T,Tokyu Fudosan Holdings Corporation,東急不動産ホールディングス,東急不動産控股,,Prime Market (Domestic),Real Estate,不动产业,房地产开发与物业运营,
3291,3291.T,"Iida Group Holdings Co.,Ltd.",飯田グループホールディングス,飯田集团控股,,Prime Market (Domestic),Real Estate,不动产业,房地产开发与物业运营,
3293,3293.T,"AZUMA HOUSE Co.,Ltd.",アズマハウス,"AZUMA HOUSE Co.,Ltd.",,Standard Market(Domestic),Real Estate,不动产业,房地产开发与物业运营,
3297,3297.T,"Toubujyuhan Co.,Ltd.",東武住販,東武住販,,Standard Market(Domestic),Real Estate,不动产业,房地产开发与物业运营,
3299,3299.T,"MUGEN ESTATE Co.,Ltd.",ムゲンエステート,"MUGEN ESTATE Co.,Ltd.",,Standard Market(Domestic),Real Estate,不动产业,房地产开发与物业运营,
3300,3300.T,"AMBITION DX HOLDINGS Co.,Ltd.",アンビション ＤＸ ホールディングス,アンビション ＤＸ 控股,,Growth Market(Domestic),Real Estate,不动产业,房地产开发与物业运营,
3302,3302.T,"TEIKOKU SEN-I Co.,Ltd.",帝国繊維,帝国繊維,,Prime Market (Domestic),Textiles and Apparels,纤维制品,纺织、服装与生活消费品（具体品类待核验）,
3306,3306.T,"THE NIHON SEIMA CO.,LTD.",日本製麻,日本製麻,,Standard Market(Domestic),Wholesale Trade,批发业,批发贸易/综合商社,
0330,330.T,TalentX Inc.,ＴａｌｅｎｔＸ,TalentX Inc.,,Growth Market(Domestic),Information & Communication,信息通信,通信、网络设备与通信服务,
3315,3315.T,"NIPPON COKE & ENGINEERING COMPANY,LIMITED",日本コークス工業,日本コークス工業,,Prime Market (Domestic),Oil and Coal Products,石油煤炭制品,石油炼化、燃料与石化产品（具体品类待核验）,
3317,3317.T,"FLYING GARDEN CO.,LTD.",フライングガーデン,"FLYING GARDEN CO.,LTD.",,Standard Market(Domestic),Retail Trade,零售业,零售与消费品渠道,
0331,331.T,Medix Inc.,メディックス,Medix Inc.,,Standard Market(Domestic),Services,服务业,专业服务、消费服务与商业服务（具体业务待核验）,
3320,3320.T,CROSS PLUS INC.,クロスプラス,CROSS PLUS INC.,,Standard Market(Domestic),Wholesale Trade,批发业,批发贸易/综合商社,
3321,3321.T,"MITACHI CO.,LTD.",ミタチ産業,ミタチ工业,,Standard Market(Domestic),Wholesale Trade,批发业,批发贸易/综合商社,
3323,3323.T,"RECOMM CO.,LTD.",レカム,"RECOMM CO.,LTD.",,Standard Market(Domestic),Wholesale Trade,批发业,批发贸易/综合商社,
3326,3326.T,"RUNSYSTEM CO.,LTD.",ランシステム,ラン系统,,Standard Market(Domestic),Services,服务业,专业服务、消费服务与商业服务（具体业务待核验）,
3329,3329.T,"TOWA FOOD SERVICE CO.,LTD.",東和フードサービス,東和食品服务,,Standard Market(Domestic),Retail Trade,零售业,餐饮服务,
0332,332.T,MEEQ Inc.,ミーク,MEEQ Inc.,,Growth Market(Domestic),Information & Communication,信息通信,通信、网络设备与通信服务,
3333,3333.T,"ASAHI CO.,LTD.",あさひ,"ASAHI CO.,LTD.",,Prime Market (Domestic),Retail Trade,零售业,零售与消费品渠道,
3349,3349.T,COSMOS Pharmaceutical Corporation,コスモス薬品,コスモス薬品,,Prime Market (Domestic),Retail Trade,零售业,零售与消费品渠道,
0334,334.T,"Visual Processing Japan Co.,Ltd.",ビジュアル・プロセッシング・ジャパン,"Visual Processing Japan Co.,Ltd.",,Growth Market(Domestic),Information & Communication,信息通信,通信、网络设备与通信服务,
3350,3350.T,Metaplanet Inc.,メタプラネット,Metaplanet Inc.,,Standard Market(Domestic),Wholesale Trade,批发业,批发贸易/综合商社,
3352,3352.T,"BUFFALO CO.,LTD.",バッファロー,"BUFFALO CO.,LTD.",,Standard Market(Domestic),Retail Trade,零售业,零售与消费品渠道,
3353,3353.T,"Medical Ikkou Group Co.,Ltd.",メディカル一光グループ,医疗一光集团,,Standard Market(Domestic),Retail Trade,零售业,零售与消费品渠道,
3355,3355.T,KURIYAMA HOLDINGS CORPORATION,クリヤマホールディングス,クリヤマ控股,,Standard Market(Domestic),Wholesale Trade,批发业,批发贸易/综合商社,
3358,3358.T,"Trailhead Global Holdings,Inc.",Ｔｒａｉｌｈｅａｄ Ｇｌｏｂａｌ Ｈｏｌｄｉｎｇｓ,"Trailhead Global 控股,Inc.",,Standard Market(Domestic),Retail Trade,零售业,零售与消费品渠道,
3359,3359.T,"cotta CO.,LTD",ｃｏｔｔａ,"cotta CO.,LTD",,Growth Market(Domestic),Wholesale Trade,批发业,批发贸易/综合商社,
0335,335.T,Mirairo Inc.,ミライロ,Mirairo Inc.,,Growth Market(Domestic),Information & Communication,信息通信,通信、网络设备与通信服务,
3360,3360.T,"SHIP HEALTHCARE HOLDINGS,INC.",シップヘルスケアホールディングス,シップヘルスケア控股,,Prime Market (Domestic),Wholesale Trade,批发业,批发贸易/综合商社,
3361,3361.T,"Toell Co.,Ltd.",トーエル,"Toell Co.,Ltd.",,Standard Market(Domestic),Retail Trade,零售业,零售与消费品渠道,
0336,336.T,"Dynamic Map Platform Co.,Ltd.",ダイナミックマッププラットフォーム,"Dynamic Map Platform Co.,Ltd.",,Growth Market(Domestic),Information & Communication,信息通信,通信、网络设备与通信服务,
3370,3370.T,"FUJITA CORPORATION Co.,Ltd.",フジタコーポレーション,フジタ公司,,Standard Market(Domestic),Retail Trade,零售业,零售与消费品渠道,
3371,3371.T,SOFTCREATE HOLDINGS CORP.,ソフトクリエイトホールディングス,ソフトクリエイト控股,,Prime Market (Domestic),Information & Communication,信息通信,通信、网络设备与通信服务,
3372,3372.T,"KANMONKAI Co.,Ltd.",関門海,関門海,,Standard Market(Domestic),Retail Trade,零售业,零售与消费品渠道,
3374,3374.T,Naigai Tec Corporation,内外テック,内外テック,,Standard Market(Domestic),Wholesale Trade,批发业,批发贸易/综合商社,
3375,3375.T,ZOA CORPORATION,ＺＯＡ,ZOA 公司,,Standard Market(Domestic),Retail Trade,零售业,零售与消费品渠道,
3377,3377.T,BIKE O & COMPANY Ltd.,バイク王＆カンパニー,バイク王＆カンパニー,,Standard Market(Domestic),Wholesale Trade,批发业,批发贸易/综合商社,
3382,3382.T,"Seven & i Holdings Co.,Ltd.",セブン＆アイ・ホールディングス,7&I控股,,Prime Market (Domestic),Retail Trade,零售业,零售与消费品渠道,
3386,3386.T,"COSMO BIO COMPANY,LIMITED",コスモ・バイオ,コスモ・生物,,Standard Market(Domestic),Wholesale Trade,批发业,批发贸易/综合商社,
3387,3387.T,create restaurants holdings inc.,クリエイト・レストランツ・ホールディングス,クリエイト・餐饮ツ・控股,,Prime Market (Domestic),Retail Trade,零售业,餐饮服务,
3388,3388.T,"MEIJI ELECTRIC INDUSTRIES CO.,LTD.",明治電機工業,明治電機工業,,Prime Market (Domestic),Wholesale Trade,批发业,批发贸易/综合商社,
0338,338.T,"ZenmuTech,Inc.",ＺｅｎｍｕＴｅｃｈ,"ZenmuTech,Inc.",,Growth Market(Domestic),Information & Communication,信息通信,通信、网络设备与通信服务,
3391,3391.T,TSURUHA HOLDINGS INC.,ツルハホールディングス,ツルハ控股,,Prime Market (Domestic),Retail Trade,零售业,零售与消费品渠道,
3392,3392.T,"DELICA FOODS HOLDINGS CO.,LTD.",デリカフーズホールディングス,デリカフーズ控股,,Standard Market(Domestic),Wholesale Trade,批发业,批发贸易/综合商社,
3393,3393.T,"Startia Holdings,Inc.",スターティアホールディングス,スターティア控股,,Prime Market (Domestic),Wholesale Trade,批发业,批发贸易/综合商社,
3395,3395.T,"Saint Marc Holdings Co.,Ltd.",サンマルクホールディングス,サンマルク控股,,Prime Market (Domestic),Retail Trade,零售业,零售与消费品渠道,
3396,3396.T,FELISSIMO CORPORATION,フェリシモ,FELISSIMO 公司,,Standard Market(Domestic),Retail Trade,零售业,零售与消费品渠道,
3397,3397.T,TORIDOLL Holdings Corporation,トリドールホールディングス,トリドール控股,,Prime Market (Domestic),Retail Trade,零售业,零售与消费品渠道,
3399,3399.T,Maruchiyo Yamaokaya Corporation,丸千代山岡家,丸千代山岡家,,Standard Market(Domestic),Retail Trade,零售业,零售与消费品渠道,
0339,339.T,"PROGRESS TECHNOLOGIES GROUP,Inc.",プログレス・テクノロジーズ グループ,プログレス・科技 集团,,Growth Market(Domestic),Services,服务业,专业服务、消费服务与商业服务（具体业务待核验）,
3401,3401.T,TEIJIN LIMITED,帝人,帝人,,Prime Market (Domestic),Textiles and Apparels,纤维制品,纺织、服装与生活消费品（具体品类待核验）,
3402,3402.T,"TORAY INDUSTRIES,INC.",東レ,東レ,,Prime Market (Domestic),Textiles and Apparels,纤维制品,纺织、服装与生活消费品（具体品类待核验）,
3405,3405.T,"KURARAY CO.,LTD.",クラレ,"KURARAY CO.,LTD.",,Prime Market (Domestic),Chemicals,化学,基础化工/特种化学品（具体品类待核验）,
3407,3407.T,ASAHI KASEI CORPORATION,旭化成,旭化成,,Prime Market (Domestic),Chemicals,化学,基础化工/特种化学品（具体品类待核验）,
3409,3409.T,"KITABO CO.,LTD",北紡,北紡,,Standard Market(Domestic),Textiles and Apparels,纤维制品,纺织、服装与生活消费品（具体品类待核验）,
0340,340.T,"zig-zag,Inc.",ジグザグ,"zig-zag,Inc.",,Growth Market(Domestic),Information & Communication,信息通信,通信、网络设备与通信服务,
3415,3415.T,"TOKYO BASE Co.,Ltd.",ＴＯＫＹＯ ＢＡＳＥ,"TOKYO BASE Co.,Ltd.",,Prime Market (Domestic),Retail Trade,零售业,零售与消费品渠道,
3416,3416.T,PIXTA Inc.,ピクスタ,PIXTA Inc.,,Standard Market(Domestic),Retail Trade,零售业,零售与消费品渠道,
3417,3417.T,"OHKI HEALTHCARE HOLDINGS CO.,LTD.",大木ヘルスケアホールディングス,大木ヘルスケア控股,,Standard Market(Domestic),Wholesale Trade,批发业,批发贸易/综合商社,
3418,3418.T,"BALNIBARBI Co.,Ltd.",バルニバービ,"BALNIBARBI Co.,Ltd.",,Growth Market(Domestic),Retail Trade,零售业,零售与消费品渠道,
0341,341.T,TOYOKOH Inc.,トヨコー,TOYOKOH Inc.,,Growth Market(Domestic),Construction,建设业,建筑工程、建材与房地产相关工程（具体业务待核验）,
3420,3420.T,KFC Ltd,ケー・エフ・シー,KFC Ltd,,Standard Market(Domestic),Metal Products,金属制品,金属制品、零部件与加工（具体产品待核验）,
3421,3421.T,"INABA SEISAKUSHO Co.,Ltd.",稲葉製作所,稲葉制作所,,Standard Market(Domestic),Metal Products,金属制品,金属制品、零部件与加工（具体产品待核验）,
3422,3422.T,"J-MAX Co.,Ltd.",Ｊ－ＭＡＸ,"J-MAX Co.,Ltd.",,Standard Market(Domestic),Metal Products,金属制品,金属制品、零部件与加工（具体产品待核验）,
3423,3423.T,S E Corporation,エスイー,S E 公司,,Standard Market(Domestic),Metal Products,金属制品,金属制品、零部件与加工（具体产品待核验）,
3426,3426.T,"ATOM LIVIN TECH Co.,Ltd.",アトムリビンテック,"ATOM LIVIN TECH Co.,Ltd.",,Standard Market(Domestic),Metal Products,金属制品,金属制品、零部件与加工（具体产品待核验）,
3431,3431.T,"MIYAJI ENGINEERING GROUP,INC.",宮地エンジニアリンググループ,宮地工程集团,,Prime Market (Domestic),Metal Products,金属制品,金属制品、零部件与加工（具体产品待核验）,
3433,3433.T,"TOCALO Co.,Ltd.",トーカロ,"TOCALO Co.,Ltd.",,Prime Market (Domestic),Metal Products,金属制品,金属制品、零部件与加工（具体产品待核验）,
3434,3434.T,ALPHA Corporation,アルファＣｏ,ALPHA 公司,,Standard Market(Domestic),Metal Products,金属制品,金属制品、零部件与加工（具体产品待核验）,
3435,3435.T,"SANKO TECHNO CO.,LTD.",サンコーテクノ,"SANKO TECHNO CO.,LTD.",,Standard Market(Domestic),Metal Products,金属制品,金属制品、零部件与加工（具体产品待核验）,
3436,3436.T,SUMCO CORPORATION,ＳＵＭＣＯ,SUMCO 公司,,Prime Market (Domestic),Metal Products,金属制品,金属制品、零部件与加工（具体产品待核验）,
3437,3437.T,"TOKUDEN CO.,LTD.",特殊電極,特殊電極,,Standard Market(Domestic),Metal Products,金属制品,金属制品、零部件与加工（具体产品待核验）,
3439,3439.T,Mitsuchi Corporation,三ツ知,三ツ知,,Standard Market(Domestic),Metal Products,金属制品,金属制品、零部件与加工（具体产品待核验）,
0343,343.T,IACE TRAVEL Corporation.,ＩＡＣＥトラベル,IACE TRAVEL 公司.,,Standard Market(Domestic),Services,服务业,酒店、旅游与休闲服务,
3440,3440.T,"NISSO GROUP Co.,Ltd.",日創グループ,日創集团,,Standard Market(Domestic),Metal Products,金属制品,金属制品、零部件与加工（具体产品待核验）,
3441,3441.T,"SANNO Co.,Ltd.",山王,山王,,Standard Market(Domestic),Metal Products,金属制品,金属制品、零部件与加工（具体产品待核验）,
3443,3443.T,"KAWADA TECHNOLOGIES,INC.",川田テクノロジーズ,川田科技,,Prime Market (Domestic),Metal Products,金属制品,金属制品、零部件与加工（具体产品待核验）,
3444,3444.T,"KIKUCHI SEISAKUSHO CO.,LTD.",菊池製作所,菊池制作所,,Standard Market(Domestic),Metal Products,金属制品,金属制品、零部件与加工（具体产品待核验）,
3445,3445.T,"RS Technologies Co.,Ltd.",ＲＳ Ｔｅｃｈｎｏｌｏｇｉｅｓ,"RS 科技 Co.,Ltd.",,Prime Market (Domestic),Metal Products,金属制品,金属制品、零部件与加工（具体产品待核验）,
3446,3446.T,JTEC CORPORATION,ジェイテックコーポレーション,ジェイテック公司,,Standard Market(Domestic),Metal Products,金属制品,金属制品、零部件与加工（具体产品待核验）,
3447,3447.T,"Shinwa Co.,Ltd.",信和,信和,,Standard Market(Domestic),Metal Products,金属制品,金属制品、零部件与加工（具体产品待核验）,
3449,3449.T,TECHNOFLEX CORPORATION,テクノフレックス,TECHNOFLEX 公司,,Standard Market(Domestic),Metal Products,金属制品,金属制品、零部件与加工（具体产品待核验）,
3452,3452.T,B-Lot Company Limited,ビーロット,B-Lot Company Limited,,Standard Market(Domestic),Real Estate,不动产业,房地产开发与物业运营,
3454,3454.T,"First Brothers Co.,Ltd.",ファーストブラザーズ,"First Brothers Co.,Ltd.",,Standard Market(Domestic),Real Estate,不动产业,房地产开发与物业运营,
3457,3457.T,"&Do Holdings Co.,Ltd.",Ａｎｄ Ｄｏホールディングス,Ａｎｄ Ｄｏ控股,,Prime Market (Domestic),Real Estate,不动产业,房地产开发与物业运营,
3461,3461.T,"Palma Co.,Ltd.",パルマ,"Palma Co.,Ltd.",,Standard Market(Domestic),Real Estate,不动产业,房地产开发与物业运营,
3465,3465.T,"KI-STAR REAL ESTATE CO.,LTD",ケイアイスター不動産,ケイアイスター不動産,,Prime Market (Domestic),Real Estate,不动产业,房地产开发与物业运营,
3467,3467.T,Agratio urban design Inc.,アグレ都市デザイン,アグレ都市デザイン,,Standard Market(Domestic),Real Estate,不动产业,房地产开发与物业运营,
3469,3469.T,"Dualtap Co.,Ltd.",デュアルタップ,"Dualtap Co.,Ltd.",,Standard Market(Domestic),Real Estate,不动产业,房地产开发与物业运营,
3474,3474.T,"G-FACTORY CO.,LTD.",Ｇ－ＦＡＣＴＯＲＹ,"G-FACTORY CO.,LTD.",,Growth Market(Domestic),Real Estate,不动产业,房地产开发与物业运营,
3475,3475.T,"Good Com Asset Co.,Ltd.",グッドコムアセット,グッドコム资产,,Prime Market (Domestic),Real Estate,不动产业,房地产开发与物业运营,
3477,3477.T,"FORLIFE Co.,Ltd.",フォーライフ,"FORLIFE Co.,Ltd.",,Standard Market(Domestic),Real Estate,不动产业,房地产开发与物业运营,
3479,3479.T,TKP Corporation,ＴＫＰ,TKP 公司,,Growth Market(Domestic),Real Estate,不动产业,房地产开发与物业运营,
3482,3482.T,Loadstar Capital K.K.,ロードスターキャピタル,ロードスター资本,,Prime Market (Domestic),Real Estate,不动产业,房地产开发与物业运营,
3484,3484.T,"Innovation Holdings CO.,LTD.",イノベーションホールディングス,イノベーション控股,,Standard Market(Domestic),Real Estate,不动产业,房地产开发与物业运营,
3486,3486.T,GLOBAL LINK MANAGEMENT INC.,グローバル・リンク・マネジメント,GLOBAL LINK MANAGEMENT INC.,,Prime Market (Domestic),Real Estate,不动产业,房地产开发与物业运营,
3489,3489.T,"FaithNetwork Co.,Ltd",フェイスネットワーク,フェイス网络,,Standard Market(Domestic),Real Estate,不动产业,房地产开发与物业运营,
3490,3490.T,"Azplanning Co.,Ltd.",アズ企画設計,アズ企画設計,,Standard Market(Domestic),Real Estate,不动产业,房地产开发与物业运营,
3491,3491.T,"GAtechnologies Co.,Ltd.",ＧＡ ｔｅｃｈｎｏｌｏｇｉｅｓ,"GAtechnologies Co.,Ltd.",,Growth Market(Domestic),Real Estate,不动产业,房地产开发与物业运营,
3494,3494.T,"Mullion Co.,Ltd.",マリオン,"Mullion Co.,Ltd.",,Standard Market(Domestic),Real Estate,不动产业,房地产开发与物业运营,
3495,3495.T,"Koryojyuhan Co.,Ltd.",香陵住販,香陵住販,,Standard Market(Domestic),Real Estate,不动产业,房地产开发与物业运营,
3496,3496.T,"AZOOM CO.,LTD",アズーム,"AZOOM CO.,LTD",,Prime Market (Domestic),Real Estate,不动产业,房地产开发与物业运营,
3498,3498.T,"Kasumigaseki Capital Co.,Ltd.",霞ヶ関キャピタル,霞ヶ関资本,,Prime Market (Domestic),Real Estate,不动产业,房地产开发与物业运营,10601.62
3501,3501.T,"SUMINOE Co.,Ltd.",ＳＵＭＩＮＯＥ,"SUMINOE Co.,Ltd.",,Prime Market (Domestic),Textiles and Apparels,纤维制品,纺织、服装与生活消费品（具体品类待核验）,
0350,350.T,DIGITAL GRID Corporation,デジタルグリッド,数字グリッド,,Growth Market(Domestic),Electric Power and Gas,电力燃气,电子设备/电气设备（具体产品待核验）,
3512,3512.T,Nippon Felt Company Limited,日本フエルト,日本フエルト,,Standard Market(Domestic),Textiles and Apparels,纤维制品,纺织、服装与生活消费品（具体品类待核验）,
3513,3513.T,"ICHIKAWA CO.,LTD.",イチカワ,"ICHIKAWA CO.,LTD.",,Standard Market(Domestic),Textiles and Apparels,纤维制品,纺织、服装与生活消费品（具体品类待核验）,
3521,3521.T,"THERMAE-YU HOLDINGS CO.,LTD.",テルマー湯ホールディングス,テルマー湯控股,,Standard Market(Domestic),Services,服务业,专业服务、消费服务与商业服务（具体业务待核验）,
3524,3524.T,"NITTO SEIMO CO.,LTD.",日東製網,日東製網,,Standard Market(Domestic),Textiles and Apparels,纤维制品,纺织、服装与生活消费品（具体品类待核验）,
3529,3529.T,"ATSUGI CO.,LTD.",アツギ,"ATSUGI CO.,LTD.",,Standard Market(Domestic),Textiles and Apparels,纤维制品,纺织、服装与生活消费品（具体品类待核验）,
0352,352.T,"LOIVE Co.,Ltd.",ＬＯＩＶＥ,"LOIVE Co.,Ltd.",,Growth Market(Domestic),Services,服务业,专业服务、消费服务与商业服务（具体业务待核验）,
3536,3536.T,"AXAS HOLDINGS CO.,LTD.",アクサスホールディングス,アクサス控股,,Standard Market(Domestic),Retail Trade,零售业,零售与消费品渠道,
3537,3537.T,"SHOEI YAKUHIN CO.,LTD.",昭栄薬品,昭栄薬品,,Standard Market(Domestic),Wholesale Trade,批发业,批发贸易/综合商社,
3538,3538.T,WILLPLUS Holdings Corporation,ウイルプラスホールディングス,ウイルプラス控股,,Standard Market(Domestic),Retail Trade,零售业,零售与消费品渠道,
3539,3539.T,"JM HOLDINGS CO.,LTD.",ＪＭホールディングス,ＪＭ控股,,Prime Market (Domestic),Retail Trade,零售业,零售与消费品渠道,
3542,3542.T,"Vega corporation Co.,Ltd.",ベガコーポレーション,ベガ公司,,Growth Market(Domestic),Retail Trade,零售业,零售与消费品渠道,
3543,3543.T,"KOMEDA Holdings Co.,Ltd.",コメダホールディングス,コメダ控股,,Prime Market (Domestic),Wholesale Trade,批发业,批发贸易/综合商社,
3544,3544.T,"SATUDORA HOLDINGS CO.,LTD.",サツドラホールディングス,サツドラ控股,,Standard Market(Domestic),Retail Trade,零售业,零售与消费品渠道,
3547,3547.T,UNISIA HOLDINGS CO.,ユニシアホールディングス,ユニシア控股,,Standard Market(Domestic),Retail Trade,零售业,零售与消费品渠道,
3548,3548.T,BAROQUE JAPAN LIMITED,バロックジャパンリミテッド,BAROQUE JAPAN LIMITED,,Prime Market (Domestic),Retail Trade,零售业,零售与消费品渠道,
3549,3549.T,"KUSURI NO AOKI HOLDINGS CO.,LTD.",クスリのアオキホールディングス,クスリのアオキ控股,,Standard Market(Domestic),Retail Trade,零售业,零售与消费品渠道,
3550,3550.T,"STUDIO ATAO Co.,Ltd.",スタジオアタオ,"STUDIO ATAO Co.,Ltd.",,Growth Market(Domestic),Retail Trade,零售业,零售与消费品渠道,
3551,3551.T,DYNIC CORPORATION,ダイニック,DYNIC 公司,,Standard Market(Domestic),Textiles and Apparels,纤维制品,纺织、服装与生活消费品（具体品类待核验）,
3553,3553.T,"KYOWA LEATHER CLOTH CO.,LTD.",共和レザー,共和レザー,,Standard Market(Domestic),Chemicals,化学,基础化工/特种化学品（具体品类待核验）,
3556,3556.T,"RenetJapanGroup,Inc.",リネットジャパングループ,リネットジャパン集团,,Growth Market(Domestic),Retail Trade,零售业,零售与消费品渠道,
3557,3557.T,UNITED&COLLECTIVE CO.LTD.,ユナイテッド＆コレクティブ,UNITED&COLLECTIVE CO.LTD.,,Growth Market(Domestic),Retail Trade,零售业,零售与消费品渠道,
3558,3558.T,"JADE GROUP,Inc.",ジェイドグループ,ジェイド集团,,Growth Market(Domestic),Retail Trade,零售业,零售与消费品渠道,
3559,3559.T,p-ban.com Corp.,ピーバンドットコム,p-ban.com Corp.,,Standard Market(Domestic),Wholesale Trade,批发业,批发贸易/综合商社,
3560,3560.T,"Hobonichi Co.,Ltd.",ほぼ日,ほぼ日,,Standard Market(Domestic),Retail Trade,零售业,零售与消费品渠道,
3561,3561.T,"CHIKARANOMOTO HOLDINGS Co.,Ltd.",力の源ホールディングス,力の源控股,,Prime Market (Domestic),Retail Trade,零售业,零售与消费品渠道,
3562,3562.T,"No.1 Co.,Ltd",Ｎｏ．１,"No.1 Co.,Ltd",,Standard Market(Domestic),Wholesale Trade,批发业,批发贸易/综合商社,
3563,3563.T,FOOD & LIFE COMPANIES LTD.,ＦＯＯＤ ＆ ＬＩＦＥ ＣＯＭＰＡＮＩＥＳ,FOOD & LIFE COMPANIES LTD.,,Prime Market (Domestic),Retail Trade,零售业,零售与消费品渠道,
3565,3565.T,Ascentech K.K.,アセンテック,Ascentech K.K.,,Standard Market(Domestic),Wholesale Trade,批发业,批发贸易/综合商社,
3566,3566.T,"UNIFORM NEXT CO.,LTD.",ユニフォームネクスト,"UNIFORM NEXT CO.,LTD.",,Growth Market(Domestic),Retail Trade,零售业,零售与消费品渠道,
3569,3569.T,"SEIREN CO.,LTD.",セーレン,"SEIREN CO.,LTD.",,Prime Market (Domestic),Textiles and Apparels,纤维制品,纺织、服装与生活消费品（具体品类待核验）,
3571,3571.T,"SOTOH CO.,LTD.",ソトー,"SOTOH CO.,LTD.",,Standard Market(Domestic),Textiles and Apparels,纤维制品,纺织、服装与生活消费品（具体品类待核验）,
3577,3577.T,Tokai Senko K.K.,東海染工,東海染工,,Standard Market(Domestic),Textiles and Apparels,纤维制品,纺织、服装与生活消费品（具体品类待核验）,
3580,3580.T,"KOMATSU MATERE Co.,Ltd.",小松マテーレ,小松マテーレ,,Prime Market (Domestic),Textiles and Apparels,纤维制品,纺织、服装与生活消费品（具体品类待核验）,
3583,3583.T,AuBEX CORPORATION,オーベクス,AuBEX 公司,,Standard Market(Domestic),Textiles and Apparels,纤维制品,纺织、服装与生活消费品（具体品类待核验）,
3591,3591.T,WACOAL HOLDINGS CORP.,ワコールホールディングス,ワコール控股,,Prime Market (Domestic),Textiles and Apparels,纤维制品,纺织、服装与生活消费品（具体品类待核验）,
3597,3597.T,"JICHODO Co.,Ltd.",自重堂,自重堂,,Standard Market(Domestic),Textiles and Apparels,纤维制品,纺织、服装与生活消费品（具体品类待核验）,
3598,3598.T,"YAMAKI CO.,LTD.",山喜,山喜,,Standard Market(Domestic),Textiles and Apparels,纤维制品,纺织、服装与生活消费品（具体品类待核验）,
3600,3600.T,FUJIX Ltd.,フジックス,FUJIX Ltd.,,Standard Market(Domestic),Textiles and Apparels,纤维制品,纺织、服装与生活消费品（具体品类待核验）,
3607,3607.T,"KURAUDIA HOLDINGS CO.,LTD.",クラウディアホールディングス,クラウディア控股,,Standard Market(Domestic),Textiles and Apparels,纤维制品,纺织、服装与生活消费品（具体品类待核验）,
3608,3608.T,"TSI HOLDINGS CO.,LTD.",ＴＳＩホールディングス,ＴＳＩ控股,,Prime Market (Domestic),Textiles and Apparels,纤维制品,纺织、服装与生活消费品（具体品类待核验）,
3611,3611.T,MATSUOKA CORPORATION,マツオカコーポレーション,マツオカ公司,,Standard Market(Domestic),Textiles and Apparels,纤维制品,纺织、服装与生活消费品（具体品类待核验）,
3612,3612.T,"WORLD CO.,LTD.",ワールド,"WORLD CO.,LTD.",,Prime Market (Domestic),Textiles and Apparels,纤维制品,纺织、服装与生活消费品（具体品类待核验）,
3622,3622.T,Netyear Group Corporation,ネットイヤーグループ,ネットイヤー集团,,Standard Market(Domestic),Information & Communication,信息通信,通信、网络设备与通信服务,
3623,3623.T,Billing System Corporation,ビリングシステム,ビリング系统,,Growth Market(Domestic),Information & Communication,信息通信,通信、网络设备与通信服务,
3624,3624.T,AXEL MARK INC.,アクセルマーク,AXEL MARK INC.,,Growth Market(Domestic),Information & Communication,信息通信,通信、网络设备与通信服务,
3625,3625.T,Techfirm Holdings Inc.,テックファームホールディングス,テックファーム控股,,Growth Market(Domestic),Information & Communication,信息通信,通信、网络设备与通信服务,
3626,3626.T,TISI Inc.,ＴＩＳＩ,TISI Inc.,,Prime Market (Domestic),Information & Communication,信息通信,通信、网络设备与通信服务,
3627,3627.T,TECMIRA HOLDINGS INC.,テクミラホールディングス,テクミラ控股,,Standard Market(Domestic),Information & Communication,信息通信,通信、网络设备与通信服务,
3628,3628.T,"DATA HORIZON CO.,LTD.",データホライゾン,数据ホライゾン,,Growth Market(Domestic),Information & Communication,信息通信,通信、网络设备与通信服务,
3632,3632.T,"GREE Holdings,Inc.",グリーホールディングス,グリー控股,,Prime Market (Domestic),Information & Communication,信息通信,通信、网络设备与通信服务,
3633,3633.T,"GMO Pepabo,Inc.",ＧＭＯペパボ,"GMO Pepabo,Inc.",,Standard Market(Domestic),Information & Communication,信息通信,通信、网络设备与通信服务,
3634,3634.T,Sockets Inc.,ソケッツ,Sockets Inc.,,Standard Market(Domestic),Information & Communication,信息通信,通信、网络设备与通信服务,
3635,3635.T,"KOEI TECMO HOLDINGS CO.,LTD.",コーエーテクモホールディングス,コーエーテクモ控股,,Prime Market (Domestic),Information & Communication,信息通信,通信、网络设备与通信服务,
3636,3636.T,"Mitsubishi Research Institute,Inc.",三菱総合研究所,三菱総合研究所,,Prime Market (Domestic),Information & Communication,信息通信,通信、网络设备与通信服务,
3639,3639.T,Voltage Incorporation,ボルテージ,Voltage Incorporation,,Standard Market(Domestic),Information & Communication,信息通信,通信、网络设备与通信服务,
3640,3640.T,"DENSAN CO.,LTD.",電算,電算,,Standard Market(Domestic),Information & Communication,信息通信,通信、网络设备与通信服务,
3641,3641.T,"PAPYLESS CO.,LTD.",パピレス,"PAPYLESS CO.,LTD.",,Standard Market(Domestic),Information & Communication,信息通信,通信、网络设备与通信服务,
3645,3645.T,"Medical Net,Inc.",メディカルネット,医疗ネット,,Standard Market(Domestic),Information & Communication,信息通信,医疗服务与医疗器械,
3646,3646.T,"Ekitan & Co.,Ltd.",駅探,駅探,,Standard Market(Domestic),Information & Communication,信息通信,通信、网络设备与通信服务,
3647,3647.T,"ASULINA Co.,Ltd.",アスリナ,"ASULINA Co.,Ltd.",,Standard Market(Domestic),Information & Communication,信息通信,通信、网络设备与通信服务,
3648,3648.T,AGS Corporation,ＡＧＳ,AGS 公司,,Standard Market(Domestic),Information & Communication,信息通信,通信、网络设备与通信服务,
3649,3649.T,FINDEX Inc.,ファインデックス,FINDEX Inc.,,Prime Market (Domestic),Information & Communication,信息通信,通信、网络设备与通信服务,
3652,3652.T,Digital Media Professionals Inc.,ディジタルメディアプロフェッショナル,ディジタル媒体プロフェッショナル,,Growth Market(Domestic),Information & Communication,信息通信,广告、营销与媒体服务,
3653,3653.T,"Morpho,Inc.",モルフォ,"Morpho,Inc.",,Growth Market(Domestic),Information & Communication,信息通信,通信、网络设备与通信服务,
3656,3656.T,KLab Inc.,ＫＬａｂ,KLab Inc.,,Prime Market (Domestic),Information & Communication,信息通信,通信、网络设备与通信服务,
3657,3657.T,"Pole To Win Holdings,Inc.",ポールトゥウィンホールディングス,ポールトゥウィン控股,,Prime Market (Domestic),Information & Communication,信息通信,通信、网络设备与通信服务,
3659,3659.T,"NEXON Co.,Ltd.",ネクソン,"NEXON Co.,Ltd.",,Prime Market (Domestic),Information & Communication,信息通信,通信、网络设备与通信服务,
0365,365.T,"IZAWA TOWEL CO.,LTD.",伊澤タオル,伊澤タオル,,Standard Market(Domestic),Textiles and Apparels,纤维制品,纺织、服装与生活消费品（具体品类待核验）,
3660,3660.T,istyle Inc.,アイスタイル,istyle Inc.,,Prime Market (Domestic),Information & Communication,信息通信,通信、网络设备与通信服务,
3661,3661.T,"m-up holdings,Inc.",エムアップホールディングス,エムアップ控股,,Prime Market (Domestic),Information & Communication,信息通信,通信、网络设备与通信服务,
3662,3662.T,"Ateam Holdings Co.,Ltd.",エイチームホールディングス,エイチーム控股,,Prime Market (Domestic),Information & Communication,信息通信,通信、网络设备与通信服务,
3663,3663.T,"CELSYS,Inc.",セルシス,"CELSYS,Inc.",,Prime Market (Domestic),Information & Communication,信息通信,通信、网络设备与通信服务,
3664,3664.T,WIZE INC.,ＷＩＺＥ,WIZE INC.,,Growth Market(Domestic),Information & Communication,信息通信,通信、网络设备与通信服务,
3665,3665.T,Enigmo Inc.,エニグモ,Enigmo Inc.,,Prime Market (Domestic),Information & Communication,信息通信,通信、网络设备与通信服务,
3667,3667.T,"enish,inc.",ｅｎｉｓｈ,"enish,inc.",,Standard Market(Domestic),Information & Communication,信息通信,通信、网络设备与通信服务,
3668,3668.T,"COLOPL,Inc.",コロプラ,"COLOPL,Inc.",,Prime Market (Domestic),Information & Communication,信息通信,通信、网络设备与通信服务,
0366,366.T,Wellness Communications Corporation,ウェルネス・コミュニケーションズ,ウェルネス・通信ズ,,Growth Market(Domestic),Services,服务业,通信、网络设备与通信服务,
3671,3671.T,"SOFTMAX CO.,LTD",ソフトマックス,"SOFTMAX CO.,LTD",,Standard Market(Domestic),Information & Communication,信息通信,通信、网络设备与通信服务,
3672,3672.T,AltPlusInc.,オルトプラス,AltPlusInc.,,Standard Market(Domestic),Information & Communication,信息通信,通信、网络设备与通信服务,
3673,3673.T,"Broadleaf Co.,Ltd.",ブロードリーフ,"Broadleaf Co.,Ltd.",,Prime Market (Domestic),Information & Communication,信息通信,通信、网络设备与通信服务,
3674,3674.T,"Aucfan Co.,Ltd.",オークファン,"Aucfan Co.,Ltd.",,Growth Market(Domestic),Information & Communication,信息通信,通信、网络设备与通信服务,
3675,3675.T,Cross Marketing Group Inc.,クロス・マーケティンググループ,クロス・マーケティング集团,,Standard Market(Domestic),Information & Communication,信息通信,广告、营销与媒体服务,
3676,3676.T,"DIGITAL HEARTS HOLDINGS Co.,Ltd.",デジタルハーツホールディングス,数字ハーツ控股,,Prime Market (Domestic),Information & Communication,信息通信,通信、网络设备与通信服务,
3678,3678.T,"MEDIA DO Co.,Ltd.",メディアドゥ,媒体ドゥ,,Prime Market (Domestic),Information & Communication,信息通信,广告、营销与媒体服务,
3679,3679.T,"ZIGExN Co.,Ltd.",じげん,"ZIGExN Co.,Ltd.",,Prime Market (Domestic),Information & Communication,信息通信,通信、网络设备与通信服务,
0367,367.T,"Primo Global Holdings Co.,Ltd.",プリモグローバルホールディングス,プリモグローバル控股,,Standard Market(Domestic),Retail Trade,零售业,零售与消费品渠道,
3680,3680.T,Hotto Link Inc.,ホットリンク,Hotto Link Inc.,,Growth Market(Domestic),Information & Communication,信息通信,通信、网络设备与通信服务,
3682,3682.T,"Encourage Technologies Co.,Ltd.",エンカレッジ・テクノロジ,"Encourage 科技 Co.,Ltd.",,Standard Market(Domestic),Information & Communication,信息通信,通信、网络设备与通信服务,
3683,3683.T,"CYBERLINKS CO.,LTD.",サイバーリンクス,"CYBERLINKS CO.,LTD.",,Standard Market(Domestic),Information & Communication,信息通信,通信、网络设备与通信服务,
3686,3686.T,DLE Inc.,ディー・エル・イー,DLE Inc.,,Standard Market(Domestic),Information & Communication,信息通信,通信、网络设备与通信服务,
3687,3687.T,Fixstars Corporation,フィックスターズ,Fixstars 公司,,Prime Market (Domestic),Information & Communication,信息通信,通信、网络设备与通信服务,
0368,368.T,Kitazato Corporation,北里,北里,,Prime Market (Domestic),Precision Instruments,精密仪器,精密仪器与光学设备,
3690,3690.T,YRGLM Inc.,イルグルム,YRGLM Inc.,,Standard Market(Domestic),Information & Communication,信息通信,通信、网络设备与通信服务,
3691,3691.T,"DIGITAL PLUS,Inc.",デジタルプラス,数字プラス,,Growth Market(Domestic),Information & Communication,信息通信,通信、网络设备与通信服务,
3692,3692.T,"FFRI Security,Inc.",ＦＦＲＩセキュリティ,"FFRI Security,Inc.",,Growth Market(Domestic),Information & Communication,信息通信,通信、网络设备与通信服务,
3694,3694.T,OPTiM CORPORATION,オプティム,OPTiM 公司,,Prime Market (Domestic),Information & Communication,信息通信,通信、网络设备与通信服务,
3695,3695.T,"GMO Product Platform,Inc.",ＧＭＯプロダクトプラットフォーム,"GMO Product Platform,Inc.",,Growth Market(Domestic),Information & Communication,信息通信,通信、网络设备与通信服务,
3696,3696.T,CERES INC.,セレス,CERES INC.,,Prime Market (Domestic),Information & Communication,信息通信,通信、网络设备与通信服务,
3697,3697.T,SHIFT Inc.,ＳＨＩＦＴ,SHIFT Inc.,,Prime Market (Domestic),Information & Communication,信息通信,通信、网络设备与通信服务,
3698,3698.T,"CRI Middleware Co.,Ltd.",ＣＲＩ・ミドルウェア,"CRI Middleware Co.,Ltd.",,Standard Market(Domestic),Information & Communication,信息通信,通信、网络设备与通信服务,
0369,369.T,"A-tie Co.,Ltd.",エータイ,"A-tie Co.,Ltd.",,Growth Market(Domestic),Services,服务业,专业服务、消费服务与商业服务（具体业务待核验）,
3708,3708.T,"Tokushu Tokai Paper Co.,Ltd.",特種東海製紙,特種東海製紙,,Prime Market (Domestic),Pulp and Paper,纸浆纸业,纸浆、纸品与包装材料（具体品类待核验）,
3710,3710.T,"Jorudan Co.,Ltd.",ジョルダン,"Jorudan Co.,Ltd.",,Standard Market(Domestic),Information & Communication,信息通信,通信、网络设备与通信服务,
3712,3712.T,"Information Planning CO.,LTD.",情報企画,情報企画,,Standard Market(Domestic),Information & Communication,信息通信,通信、网络设备与通信服务,
3719,3719.T,"AI storm Co.,Ltd.",ＡＩストーム,"AI storm Co.,Ltd.",,Standard Market(Domestic),Information & Communication,信息通信,通信、网络设备与通信服务,
3723,3723.T,NIHON FALCOM CORPORATION,日本ファルコム,日本ファルコム,,Growth Market(Domestic),Information & Communication,信息通信,通信、网络设备与通信服务,
3726,3726.T,"4Cs HD Co.,Ltd.",フォーシーズＨＤ,"4Cs HD Co.,Ltd.",,Standard Market(Domestic),Retail Trade,零售业,零售与消费品渠道,
3727,3727.T,Aplix Corporation,アプリックス,Aplix 公司,,Growth Market(Domestic),Information & Communication,信息通信,通信、网络设备与通信服务,
0372,372.T,RENT CORPORATION,レント,RENT 公司,,Standard Market(Domestic),Services,服务业,专业服务、消费服务与商业服务（具体业务待核验）,
3733,3733.T,"Software Service,Inc.",ソフトウェア・サービス,软件・服务,,Standard Market(Domestic),Information & Communication,信息通信,软件/IT服务/系统集成,
0373,373.T,"LIPPS CO.,LTD",リップス,"LIPPS CO.,LTD",,Growth Market(Domestic),Chemicals,化学,基础化工/特种化学品（具体品类待核验）,
3741,3741.T,"Systems Engineering Consultants Co.,LTD.",セック,"系统 工程 Consultants Co.,LTD.",,Prime Market (Domestic),Information & Communication,信息通信,通信、网络设备与通信服务,
3744,3744.T,SIOS Corporation,サイオス,SIOS 公司,,Standard Market(Domestic),Information & Communication,信息通信,通信、网络设备与通信服务,
3747,3747.T,"INTERTRADE Co.,Ltd.",インタートレード,"INTERTRADE Co.,Ltd.",,Standard Market(Domestic),Information & Communication,信息通信,通信、网络设备与通信服务,
3750,3750.T,ADR Biomedical Holdings Inc.,ＡＤＲバイオメディカルホールディングス,ＡＤＲ生物医疗控股,,Standard Market(Domestic),Information & Communication,信息通信,医疗服务与医疗器械,
3753,3753.T,FLIGHT SOLUTIONS Inc.,フライトソリューションズ,フライト解决方案,,Standard Market(Domestic),Information & Communication,信息通信,通信、网络设备与通信服务,
3758,3758.T,Aeria Inc.,アエリア,Aeria Inc.,,Standard Market(Domestic),Information & Communication,信息通信,通信、网络设备与通信服务,
3760,3760.T,"CAVE Interactive CO.,LTD.",ケイブ,"CAVE Interactive CO.,LTD.",,Standard Market(Domestic),Information & Communication,信息通信,通信、网络设备与通信服务,
3762,3762.T,TECHMATRIX CORPORATION,テクマトリックス,TECHMATRIX 公司,,Prime Market (Domestic),Information & Communication,信息通信,通信、网络设备与通信服务,
3763,3763.T,Pro-Ship Incorporated,プロシップ,Pro-Ship Incorporated,,Prime Market (Domestic),Information & Communication,信息通信,通信、网络设备与通信服务,
3765,3765.T,"GungHo Online Entertainment,Inc.",ガンホー・オンライン・エンターテイメント,"GungHo Online Entertainment,Inc.",,Prime Market (Domestic),Information & Communication,信息通信,通信、网络设备与通信服务,
3766,3766.T,"SYSTEMS DESIGN Co.,Ltd.",システムズ・デザイン,系统・デザイン,,Standard Market(Domestic),Information & Communication,信息通信,通信、网络设备与通信服务,
3768,3768.T,Riskmonster.com,リスクモンスター,Riskmonster.com,,Standard Market(Domestic),Information & Communication,信息通信,通信、网络设备与通信服务,
3769,3769.T,"GMO Payment Gateway,Inc.",ＧＭＯペイメントゲートウェイ,"GMO Payment Gateway,Inc.",,Prime Market (Domestic),Information & Communication,信息通信,通信、网络设备与通信服务,
3771,3771.T,"SYSTEM RESEARCH CO.,LTD.",システムリサーチ,系统研究,,Prime Market (Domestic),Information & Communication,信息通信,通信、网络设备与通信服务,
3772,3772.T,"Wealth Management,Inc.",ウェルス・マネジメント,"Wealth Management,Inc.",,Standard Market(Domestic),Real Estate,不动产业,房地产开发与物业运营,
3773,3773.T,"Advanced Media,Inc.",アドバンスト・メディア,アドバンスト・媒体,,Growth Market(Domestic),Information & Communication,信息通信,广告、营销与媒体服务,
3774,3774.T,Internet Initiative Japan Inc.,インターネットイニシアティブ,互联网イニシアティブ,,Prime Market (Domestic),Information & Communication,信息通信,通信、网络设备与通信服务,
3776,3776.T,"BroadBand Tower,Inc.",ブロードバンドタワー,"BroadBand Tower,Inc.",,Standard Market(Domestic),Information & Communication,信息通信,通信、网络设备与通信服务,
3777,3777.T,Environment Friendly Holdings Corp.,環境フレンドリーホールディングス,環境フレンドリー控股,,Growth Market(Domestic),Information & Communication,信息通信,通信、网络设备与通信服务,
3778,3778.T,SAKURA internet Inc.,さくらインターネット,さくら互联网,,Prime Market (Domestic),Information & Communication,信息通信,通信、网络设备与通信服务,
3779,3779.T,"J ESCOM HOLDINGS,INC.",ジェイ・エスコムホールディングス,ジェイ・エスコム控股,,Standard Market(Domestic),Information & Communication,信息通信,通信、网络设备与通信服务,
3787,3787.T,"Techno Mathematical Co.,Ltd.",テクノマセマティカル,"Techno Mathematical Co.,Ltd.",,Standard Market(Domestic),Information & Communication,信息通信,通信、网络设备与通信服务,
3788,3788.T,GMO GlobalSign Holdings K.K.,ＧＭＯグローバルサイン・ホールディングス,ＧＭＯグローバルサイン・控股,,Prime Market (Domestic),Information & Communication,信息通信,通信、网络设备与通信服务,
0378,378.T,"Hit Co.,Ltd.",ヒット,"Hit Co.,Ltd.",,Growth Market(Domestic),Services,服务业,专业服务、消费服务与商业服务（具体业务待核验）,
3791,3791.T,"IG Port,Inc.",ＩＧポート,"IG Port,Inc.",,Standard Market(Domestic),Information & Communication,信息通信,通信、网络设备与通信服务,
3793,3793.T,"Drecom Co.,Ltd.",ドリコム,"Drecom Co.,Ltd.",,Growth Market(Domestic),Information & Communication,信息通信,通信、网络设备与通信服务,
3796,3796.T,"e-Seikatsu Co.,Ltd.",いい生活,いい生活,,Standard Market(Domestic),Information & Communication,信息通信,通信、网络设备与通信服务,
3798,3798.T,"ULS Group,Inc.",ＵＬＳグループ,ＵＬＳ集团,,Standard Market(Domestic),Information & Communication,信息通信,通信、网络设备与通信服务,
3799,3799.T,Keyware Solutions Inc.,キーウェアソリューションズ,キーウェア解决方案,,Standard Market(Domestic),Information & Communication,信息通信,通信、网络设备与通信服务,
3800,3800.T,UNIRITA Inc.,ユニリタ,UNIRITA Inc.,,Standard Market(Domestic),Information & Communication,信息通信,通信、网络设备与通信服务,
3802,3802.T,"ECOMIC CO.,LTD",エコミック,"ECOMIC CO.,LTD",,Standard Market(Domestic),Information & Communication,信息通信,通信、网络设备与通信服务,
3803,3803.T,Image Information Inc.,イメージ情報開発,イメージ情報開発,,Growth Market(Domestic),Information & Communication,信息通信,通信、网络设备与通信服务,
3804,3804.T,System D Inc.,システム ディ,系统 ディ,,Standard Market(Domestic),Information & Communication,信息通信,通信、网络设备与通信服务,
3807,3807.T,FISCO Ltd.,フィスコ,FISCO Ltd.,,Growth Market(Domestic),Information & Communication,信息通信,通信、网络设备与通信服务,
3810,3810.T,"CyberStep Holdings,Inc.",サイバーステップホールディングス,サイバーステップ控股,,Standard Market(Domestic),Information & Communication,信息通信,通信、网络设备与通信服务,
3815,3815.T,"Media Kobo,Inc.",メディア工房,媒体工房,,Growth Market(Domestic),Information & Communication,信息通信,广告、营销与媒体服务,
3816,3816.T,"DAIWA COMPUTER CO.,LTD.",大和コンピューター,大和コンピューター,,Standard Market(Domestic),Information & Communication,信息通信,通信、网络设备与通信服务,
3817,3817.T,"SRA Holdings,Inc.",ＳＲＡホールディングス,ＳＲＡ控股,,Prime Market (Domestic),Information & Communication,信息通信,通信、网络设备与通信服务,
3823,3823.T,"THE WHY HOW DO COMPANY,Inc.",ＴＨＥ ＷＨＹ ＨＯＷ ＤＯ ＣＯＭＰＡＮＹ,"THE WHY HOW DO COMPANY,Inc.",,Standard Market(Domestic),Information & Communication,信息通信,通信、网络设备与通信服务,
3825,3825.T,"Remixpoint,inc.",リミックスポイント,"Remixpoint,inc.",,Standard Market(Domestic),Retail Trade,零售业,零售与消费品渠道,
3826,3826.T,System Integrator Corp.,システムインテグレータ,系统インテグレータ,,Standard Market(Domestic),Information & Communication,信息通信,通信、网络设备与通信服务,
3834,3834.T,"Asahi Net,Inc.",朝日ネット,朝日ネット,,Prime Market (Domestic),Information & Communication,信息通信,通信、网络设备与通信服务,
3835,3835.T,"eBASE Co.,Ltd.",ｅＢＡＳＥ,"eBASE Co.,Ltd.",,Prime Market (Domestic),Information & Communication,信息通信,通信、网络设备与通信服务,
3836,3836.T,AVANT GROUP CORPORATION,アバントグループ,アバント集团,,Prime Market (Domestic),Information & Communication,信息通信,通信、网络设备与通信服务,
3837,3837.T,Ad-Sol Nissin Corporation,アドソル日進,アドソル日進,,Prime Market (Domestic),Information & Communication,信息通信,通信、网络设备与通信服务,
3839,3839.T,"ODK Solutions Company,Ltd.",ＯＤＫソリューションズ,ＯＤＫ解决方案,,Standard Market(Domestic),Information & Communication,信息通信,通信、网络设备与通信服务,
3840,3840.T,VIXTON corporation,ヴィクトン,VIXTON 公司,,Standard Market(Domestic),Information & Communication,信息通信,通信、网络设备与通信服务,
3841,3841.T,Jedat Inc.,ジーダット,Jedat Inc.,,Standard Market(Domestic),Information & Communication,信息通信,通信、网络设备与通信服务,
3842,3842.T,"Nextgen,Inc.",ネクストジェン,"Nextgen,Inc.",,Standard Market(Domestic),Information & Communication,信息通信,通信、网络设备与通信服务,
3843,3843.T,"FreeBit Co.,Ltd.",フリービット,"FreeBit Co.,Ltd.",,Prime Market (Domestic),Information & Communication,信息通信,通信、网络设备与通信服务,
3844,3844.T,COMTURE CORPORATION,コムチュア,COMTURE 公司,,Prime Market (Domestic),Information & Communication,信息通信,通信、网络设备与通信服务,
3845,3845.T,I-FREEK MOBILE INC.,アイフリークモバイル,I-FREEK MOBILE INC.,,Standard Market(Domestic),Information & Communication,信息通信,通信、网络设备与通信服务,
3848,3848.T,"Data Applications Company,Limited",データ・アプリケーション,数据・アプリケーション,,Standard Market(Domestic),Information & Communication,信息通信,通信、网络设备与通信服务,
3850,3850.T,NTT DATA INTRAMART CORPORATION,エヌ・ティ・ティ・データ・イントラマート,エヌ・ティ・ティ・数据・イントラマート,,Standard Market(Domestic),Information & Communication,信息通信,通信、网络设备与通信服务,
3851,3851.T,"Nippon Ichi Software,Inc.",日本一ソフトウェア,日本一软件,,Standard Market(Domestic),Information & Communication,信息通信,软件/IT服务/系统集成,
3853,3853.T,ASTERIA Corporation,アステリア,ASTERIA 公司,,Prime Market (Domestic),Information & Communication,信息通信,通信、网络设备与通信服务,
3854,3854.T,I'LL INC,アイル,I'LL INC,,Prime Market (Domestic),Information & Communication,信息通信,通信、网络设备与通信服务,
3858,3858.T,Ubiquitous AI Corporation,ユビキタスＡＩ,Ubiquitous AI 公司,,Standard Market(Domestic),Information & Communication,信息通信,通信、网络设备与通信服务,
3861,3861.T,Oji Holdings Corporation,王子ホールディングス,王子控股,,Prime Market (Domestic),Pulp and Paper,纸浆纸业,纸浆、纸品与包装材料（具体品类待核验）,
3863,3863.T,"Nippon Paper Industries Co.,Ltd.",日本製紙,日本製紙,,Prime Market (Domestic),Pulp and Paper,纸浆纸业,纸浆、纸品与包装材料（具体品类待核验）,12029.28
3864,3864.T,Mitsubishi Paper Mills Limited,三菱製紙,三菱製紙,,Prime Market (Domestic),Pulp and Paper,纸浆纸业,纸浆、纸品与包装材料（具体品类待核验）,
3865,3865.T,Hokuetsu Corporation,北越コーポレーション,北越公司,,Prime Market (Domestic),Pulp and Paper,纸浆纸业,纸浆、纸品与包装材料（具体品类待核验）,
0386,386.T,"MINOYA CO.,LTD.",みのや,"MINOYA CO.,LTD.",,Standard Market(Domestic),Retail Trade,零售业,零售与消费品渠道,
3877,3877.T,"Chuetsu Pulp & Paper Co.,Ltd.",中越パルプ工業,中越パルプ工業,,Prime Market (Domestic),Pulp and Paper,纸浆纸业,纸浆、纸品与包装材料（具体品类待核验）,
3878,3878.T,TOMOEGAWA CORPORATION,巴川コーポレーション,巴川公司,,Standard Market(Domestic),Chemicals,化学,基础化工/特种化学品（具体品类待核验）,
0387,387.T,"Fuller,Inc.",フラー,"Fuller,Inc.",,Growth Market(Domestic),Information & Communication,信息通信,通信、网络设备与通信服务,
3880,3880.T,Daio Paper Corporation,大王製紙,大王製紙,,Prime Market (Domestic),Pulp and Paper,纸浆纸业,纸浆、纸品与包装材料（具体品类待核验）,
3891,3891.T,NIPPON KODOSHI CORPORATION,ニッポン高度紙工業,ニッポン高度紙工業,,Standard Market(Domestic),Pulp and Paper,纸浆纸业,纸浆、纸品与包装材料（具体品类待核验）,
3892,3892.T,"Okayama Paper Industries Co.,Ltd.",岡山製紙,岡山製紙,,Standard Market(Domestic),Pulp and Paper,纸浆纸业,纸浆、纸品与包装材料（具体品类待核验）,
3895,3895.T,HAVIX CORPORATION,ハビックス,HAVIX 公司,,Standard Market(Domestic),Pulp and Paper,纸浆纸业,纸浆、纸品与包装材料（具体品类待核验）,
3896,3896.T,"AWA PAPER & TECHNOLOGICAL COMPANY,Inc.",阿波製紙,阿波製紙,,Standard Market(Domestic),Pulp and Paper,纸浆纸业,纸浆、纸品与包装材料（具体品类待核验）,
3900,3900.T,CrowdWorks Inc.,クラウドワークス,CrowdWorks Inc.,,Growth Market(Domestic),Information & Communication,信息通信,通信、网络设备与通信服务,
3901,3901.T,"MarkLines Co.,Ltd.",マークラインズ,"MarkLines Co.,Ltd.",,Prime Market (Domestic),Information & Communication,信息通信,通信、网络设备与通信服务,
3903,3903.T,gumi Inc.,ｇｕｍｉ,gumi Inc.,,Prime Market (Domestic),Information & Communication,信息通信,通信、网络设备与通信服务,
3904,3904.T,KAYAC Inc.,カヤック,KAYAC Inc.,,Growth Market(Domestic),Information & Communication,信息通信,通信、网络设备与通信服务,
3905,3905.T,Datasection Inc.,データセクション,数据セクション,,Growth Market(Domestic),Information & Communication,信息通信,通信、网络设备与通信服务,
3907,3907.T,Silicon Studio Corp.,シリコンスタジオ,Silicon Studio Corp.,,Standard Market(Domestic),Information & Communication,信息通信,通信、网络设备与通信服务,
3908,3908.T,Collabos Corporation,コラボス,Collabos 公司,,Standard Market(Domestic),Information & Communication,信息通信,通信、网络设备与通信服务,
3909,3909.T,Showcase Inc.,ショーケース,Showcase Inc.,,Standard Market(Domestic),Information & Communication,信息通信,通信、网络设备与通信服务,
3910,3910.T,MKSystem Corporation,エムケイシステム,エムケイ系统,,Standard Market(Domestic),Information & Communication,信息通信,通信、网络设备与通信服务,
3911,3911.T,Aiming Inc.,Ａｉｍｉｎｇ,Aiming Inc.,,Growth Market(Domestic),Information & Communication,信息通信,通信、网络设备与通信服务,
3912,3912.T,"Mobile Factory,Inc.",モバイルファクトリー,"Mobile Factory,Inc.",,Standard Market(Domestic),Information & Communication,信息通信,通信、网络设备与通信服务,
3913,3913.T,"GreenBee,Inc.",ＧｒｅｅｎＢｅｅ,"GreenBee,Inc.",,Standard Market(Domestic),Information & Communication,信息通信,通信、网络设备与通信服务,
3914,3914.T,JIG-SAW INC.,ＪＩＧ－ＳＡＷ,JIG-SAW INC.,,Growth Market(Domestic),Information & Communication,信息通信,通信、网络设备与通信服务,
3915,3915.T,"TerraSky Co.,Ltd",テラスカイ,"TerraSky Co.,Ltd",,Prime Market (Domestic),Information & Communication,信息通信,通信、网络设备与通信服务,
3916,3916.T,Digital Information Technologies Corporation,デジタル・インフォメーション・テクノロジー,数字・インフォメーション・科技,,Prime Market (Domestic),Information & Communication,信息通信,通信、网络设备与通信服务,
3917,3917.T,"iRidge,Inc.",アイリッジ,"iRidge,Inc.",,Growth Market(Domestic),Information & Communication,信息通信,通信、网络设备与通信服务,
3918,3918.T,"PCI Holdings,INC.",ＰＣＩホールディングス,ＰＣＩ控股,,Standard Market(Domestic),Information & Communication,信息通信,通信、网络设备与通信服务,
3920,3920.T,"Internetworking and Broadband Consulting Co.,Ltd.",アイビーシー,"Internetworking and Broadband Consulting Co.,Ltd.",,Standard Market(Domestic),Information & Communication,信息通信,通信、网络设备与通信服务,
3921,3921.T,NEOJAPAN Inc.,ネオジャパン,NEOJAPAN Inc.,,Prime Market (Domestic),Information & Communication,信息通信,通信、网络设备与通信服务,
3922,3922.T,PR TIMES Corporation,ＰＲ ＴＩＭＥＳ,PR TIMES 公司,,Prime Market (Domestic),Information & Communication,信息通信,通信、网络设备与通信服务,
3923,3923.T,"RAKUS Co.,Ltd.",ラクス,"RAKUS Co.,Ltd.",,Prime Market (Domestic),Information & Communication,信息通信,通信、网络设备与通信服务,
3925,3925.T,Double Standard Inc.,ダブルスタンダード,Double Standard Inc.,,Prime Market (Domestic),Information & Communication,信息通信,通信、网络设备与通信服务,
3926,3926.T,Open Door Inc.,オープンドア,Open Door Inc.,,Standard Market(Domestic),Information & Communication,信息通信,通信、网络设备与通信服务,
3927,3927.T,Fuva Brain Limited,フーバーブレイン,Fuva Brain Limited,,Standard Market(Domestic),Information & Communication,信息通信,通信、网络设备与通信服务,
3928,3928.T,Mynet Inc.,マイネット,Mynet Inc.,,Standard Market(Domestic),Information & Communication,信息通信,通信、网络设备与通信服务,
3929,3929.T,"SOCIALWIRE CO.,LTD.",ソーシャルワイヤー,"SOCIALWIRE CO.,LTD.",,Growth Market(Domestic),Information & Communication,信息通信,通信、网络设备与通信服务,
3930,3930.T,"Hatena Co.,Ltd.",はてな,"Hatena Co.,Ltd.",,Growth Market(Domestic),Information & Communication,信息通信,通信、网络设备与通信服务,
3931,3931.T,VALUE GOLF Inc.,バリューゴルフ,VALUE GOLF Inc.,,Growth Market(Domestic),Information & Communication,信息通信,通信、网络设备与通信服务,
3932,3932.T,Akatsuki Inc.,アカツキ,Akatsuki Inc.,,Prime Market (Domestic),Information & Communication,信息通信,通信、网络设备与通信服务,
3933,3933.T,"CHIeru Co.,Ltd.",チエル,"CHIeru Co.,Ltd.",,Standard Market(Domestic),Information & Communication,信息通信,通信、网络设备与通信服务,
3934,3934.T,"BENEFIT JAPAN Co.,LTD.",ベネフィットジャパン,"BENEFIT JAPAN Co.,LTD.",,Standard Market(Domestic),Information & Communication,信息通信,通信、网络设备与通信服务,
3935,3935.T,"Edia Co.,Ltd.",エディア,"Edia Co.,Ltd.",,Standard Market(Domestic),Information & Communication,信息通信,通信、网络设备与通信服务,
3936,3936.T,"Globalway,Inc.",グローバルウェイ,"Globalway,Inc.",,Growth Market(Domestic),Information & Communication,信息通信,通信、网络设备与通信服务,
3937,3937.T,"Ubicom Holdings,Inc.",Ｕｂｉｃｏｍホールディングス,Ｕｂｉｃｏｍ控股,,Standard Market(Domestic),Information & Communication,信息通信,通信、网络设备与通信服务,
3939,3939.T,"Kanamic Network Co.,LTD",カナミックネットワーク,カナミック网络,,Prime Market (Domestic),Information & Communication,信息通信,通信、网络设备与通信服务,
3940,3940.T,"Nomura System Corporation Co,Ltd.",ノムラシステムコーポレーション,ノムラ系统公司,,Standard Market(Domestic),Information & Communication,信息通信,通信、网络设备与通信服务,
3941,3941.T,"Rengo Co.,Ltd.",レンゴー,"Rengo Co.,Ltd.",,Prime Market (Domestic),Pulp and Paper,纸浆纸业,纸浆、纸品与包装材料（具体品类待核验）,
3943,3943.T,"OHISHI SANGYO CO.,LTD.",大石産業,大石工业,,Standard Market(Domestic),Pulp and Paper,纸浆纸业,纸浆、纸品与包装材料（具体品类待核验）,
3944,3944.T,"Furubayashi Shiko Co.,Ltd.",古林紙工,古林紙工,,Standard Market(Domestic),Pulp and Paper,纸浆纸业,纸浆、纸品与包装材料（具体品类待核验）,
3945,3945.T,"Superbag Company,Limited",スーパーバッグ,"Superbag Company,Limited",,Standard Market(Domestic),Pulp and Paper,纸浆纸业,纸浆、纸品与包装材料（具体品类待核验）,
3946,3946.T,"TOMOKU CO.,LTD.",トーモク,"TOMOKU CO.,LTD.",,Prime Market (Domestic),Pulp and Paper,纸浆纸业,纸浆、纸品与包装材料（具体品类待核验）,
3947,3947.T,"Dynapac Co.,Ltd.",ダイナパック,"Dynapac Co.,Ltd.",,Standard Market(Domestic),Pulp and Paper,纸浆纸业,纸浆、纸品与包装材料（具体品类待核验）,
3948,3948.T,"HIKARI BUSINESS FORM CO.,LTD.",光ビジネスフォーム,光ビジネスフォーム,,Standard Market(Domestic),Pulp and Paper,纸浆纸业,纸浆、纸品与包装材料（具体品类待核验）,
3950,3950.T,THE PACK CORPORATION,ザ・パック,THE PACK 公司,,Prime Market (Domestic),Pulp and Paper,纸浆纸业,纸浆、纸品与包装材料（具体品类待核验）,
3951,3951.T,"ASAHI PRINTING CO.,LTD.",朝日印刷,朝日印刷,,Standard Market(Domestic),Pulp and Paper,纸浆纸业,纸浆、纸品与包装材料（具体品类待核验）,
3953,3953.T,"OHMURA SHIGYO CO.,LTD.",大村紙業,大村紙業,,Standard Market(Domestic),Pulp and Paper,纸浆纸业,纸浆、纸品与包装材料（具体品类待核验）,
3954,3954.T,SHOWA PAXXS CORPORATION,昭和パックス,昭和パックス,,Standard Market(Domestic),Pulp and Paper,纸浆纸业,纸浆、纸品与包装材料（具体品类待核验）,
3955,3955.T,"IMURA & Co.,Ltd.",イムラ,"IMURA & Co.,Ltd.",,Standard Market(Domestic),Pulp and Paper,纸浆纸业,纸浆、纸品与包装材料（具体品类待核验）,
3958,3958.T,"Sasatoku Printing Co.,Ltd.",笹徳印刷,笹徳印刷,,Standard Market(Domestic),Pulp and Paper,纸浆纸业,纸浆、纸品与包装材料（具体品类待核验）,
3962,3962.T,"CHANGE Holdings,Inc.",チェンジホールディングス,チェンジ控股,,Prime Market (Domestic),Information & Communication,信息通信,通信、网络设备与通信服务,
3963,3963.T,"Synchro Food Co.,Ltd.",シンクロ・フード,シンクロ・食品,,Prime Market (Domestic),Information & Communication,信息通信,通信、网络设备与通信服务,
3964,3964.T,AUCNET INC.,オークネット,AUCNET INC.,,Prime Market (Domestic),Information & Communication,信息通信,通信、网络设备与通信服务,
3965,3965.T,"Capital Asset Planning,Inc.",キャピタル・アセット・プランニング,资本・资产・プランニング,,Standard Market(Domestic),Information & Communication,信息通信,通信、网络设备与通信服务,
3967,3967.T,"Eltes Co.,Ltd.",エルテス,"Eltes Co.,Ltd.",,Growth Market(Domestic),Information & Communication,信息通信,通信、网络设备与通信服务,
3968,3968.T,"Segue Group Co.,Ltd.",セグエグループ,セグエ集团,,Prime Market (Domestic),Information & Communication,信息通信,通信、网络设备与通信服务,
3969,3969.T,ATLED CORP.,エイトレッド,ATLED CORP.,,Standard Market(Domestic),Information & Communication,信息通信,通信、网络设备与通信服务,
3970,3970.T,Innovation Inc.,イノベーション,Innovation Inc.,,Standard Market(Domestic),Information & Communication,信息通信,通信、网络设备与通信服务,
3974,3974.T,SCAT Inc.,ＳＣＡＴ,SCAT Inc.,,Standard Market(Domestic),Information & Communication,信息通信,通信、网络设备与通信服务,
3976,3976.T,SHANON Inc.,シャノン,SHANON Inc.,,Growth Market(Domestic),Information & Communication,信息通信,通信、网络设备与通信服务,
3979,3979.T,"ULURU.CO.,LTD.",うるる,"ULURU.CO.,LTD.",,Growth Market(Domestic),Information & Communication,信息通信,通信、网络设备与通信服务,
3981,3981.T,Beaglee Inc.,ビーグリー,Beaglee Inc.,,Standard Market(Domestic),Information & Communication,信息通信,通信、网络设备与通信服务,
3983,3983.T,"ORO Co.,Ltd.",オロ,"ORO Co.,Ltd.",,Prime Market (Domestic),Information & Communication,信息通信,通信、网络设备与通信服务,
3984,3984.T,"User Local,Inc.",ユーザーローカル,"User Local,Inc.",,Prime Market (Domestic),Information & Communication,信息通信,通信、网络设备与通信服务,
3985,3985.T,TEMONA.inc.,テモナ,TEMONA.inc.,,Standard Market(Domestic),Information & Communication,信息通信,通信、网络设备与通信服务,
3986,3986.T,"bBreak Systems Company,Limited",ビーブレイクシステムズ,ビーブレイク系统,,Standard Market(Domestic),Information & Communication,信息通信,通信、网络设备与通信服务,
3987,3987.T,Ecomott Inc.,エコモット,Ecomott Inc.,,Growth Market(Domestic),Information & Communication,信息通信,通信、网络设备与通信服务,
3988,3988.T,"SYS Holdings Co.,Ltd.",ＳＹＳホールディングス,ＳＹＳ控股,,Standard Market(Domestic),Information & Communication,信息通信,通信、网络设备与通信服务,
3989,3989.T,SHARINGTECHNOLOGY INC.,シェアリングテクノロジー,シェアリング科技,,Growth Market(Domestic),Information & Communication,信息通信,通信、网络设备与通信服务,
3991,3991.T,"Wantedly,Inc",ウォンテッドリー,"Wantedly,Inc",,Growth Market(Domestic),Information & Communication,信息通信,通信、网络设备与通信服务,
3992,3992.T,Needs Well Inc.,ニーズウェル,Needs Well Inc.,,Prime Market (Domestic),Information & Communication,信息通信,通信、网络设备与通信服务,
3993,3993.T,PKSHA Technology Inc.,ＰＫＳＨＡ Ｔｅｃｈｎｏｌｏｇｙ,PKSHA 科技 Inc.,,Prime Market (Domestic),Information & Communication,信息通信,通信、网络设备与通信服务,
3994,3994.T,"Money Forward,Inc.",マネーフォワード,"Money Forward,Inc.",,Prime Market (Domestic),Information & Communication,信息通信,通信、网络设备与通信服务,
3996,3996.T,Signpost Corporation,サインポスト,Signpost 公司,,Standard Market(Domestic),Information & Communication,信息通信,通信、网络设备与通信服务,
3997,3997.T,"TRADE WORKS Co.,Ltd",トレードワークス,"TRADE WORKS Co.,Ltd",,Standard Market(Domestic),Information & Communication,信息通信,通信、网络设备与通信服务,
3998,3998.T,"SuRaLa Net Co.,Ltd.",すららネット,"SuRaLa Net Co.,Ltd.",,Growth Market(Domestic),Information & Communication,信息通信,通信、网络设备与通信服务,
4004,4004.T,Resonac Holdings Corporation,レゾナック・ホールディングス,レゾナック・控股,,Prime Market (Domestic),Chemicals,化学,基础化工/特种化学品（具体品类待核验）,
4005,4005.T,"SUMITOMO CHEMICAL COMPANY,LIMITED",住友化学,住友化学,,Prime Market (Domestic),Chemicals,化学,基础化工/特种化学品（具体品类待核验）,
4008,4008.T,"Sumitomo Seika Chemicals Company,Limited.",住友精化,住友精化,,Prime Market (Domestic),Chemicals,化学,基础化工/特种化学品（具体品类待核验）,
4011,4011.T,"Headwaters Co.,Ltd",ヘッドウォータース,"Headwaters Co.,Ltd",,Growth Market(Domestic),Information & Communication,信息通信,通信、网络设备与通信服务,
4012,4012.T,"AXIS CO.,LTD.",アクシス,"AXIS CO.,LTD.",,Standard Market(Domestic),Information & Communication,信息通信,通信、网络设备与通信服务,
4013,4013.T,"Kinjiro Co.,Ltd.",勤次郎,勤次郎,,Growth Market(Domestic),Information & Communication,信息通信,通信、网络设备与通信服务,
4014,4014.T,"KARADANOTE,INC.",カラダノート,"KARADANOTE,INC.",,Growth Market(Domestic),Information & Communication,信息通信,通信、网络设备与通信服务,
4015,4015.T,Paycloud Holdings Inc.,ペイクラウドホールディングス,ペイクラウド控股,,Growth Market(Domestic),Information & Communication,信息通信,软件/IT服务/系统集成,
4016,4016.T,"MIT Holdings CO.,LTD.",ＭＩＴホールディングス,ＭＩＴ控股,,Standard Market(Domestic),Information & Communication,信息通信,通信、网络设备与通信服务,
4017,4017.T,CREEMA LTD.,クリーマ,CREEMA LTD.,,Growth Market(Domestic),Information & Communication,信息通信,通信、网络设备与通信服务,
4019,4019.T,"Stmn,Inc.",スタメン,"Stmn,Inc.",,Growth Market(Domestic),Information & Communication,信息通信,通信、网络设备与通信服务,
4020,4020.T,BETREND CORPORATION,ビートレンド,BETREND 公司,,Growth Market(Domestic),Information & Communication,信息通信,通信、网络设备与通信服务,
4021,4021.T,Nissan Chemical Corporation,日産化学,日産化学,,Prime Market (Domestic),Chemicals,化学,基础化工/特种化学品（具体品类待核验）,
4022,4022.T,"Rasa Industries,Ltd.",ラサ工業,ラサ工業,,Prime Market (Domestic),Chemicals,化学,基础化工/特种化学品（具体品类待核验）,
4023,4023.T,KUREHA CORPORATION,クレハ,KUREHA 公司,,Prime Market (Domestic),Chemicals,化学,基础化工/特种化学品（具体品类待核验）,
4025,4025.T,"TAKI CHEMICAL CO.,LTD.",多木化学,多木化学,,Prime Market (Domestic),Chemicals,化学,基础化工/特种化学品（具体品类待核验）,
4026,4026.T,"Konoshima Chemical Co.,Ltd.",神島化学工業,神島化学工業,,Standard Market(Domestic),Glass and Ceramics Products,玻璃土石制品,基础化工/特种化学品（具体品类待核验）,
4027,4027.T,TAYCA CORPORATION,テイカ,TAYCA 公司,,Prime Market (Domestic),Chemicals,化学,基础化工/特种化学品（具体品类待核验）,
4028,4028.T,"ISHIHARA SANGYO KAISHA,LTD.",石原産業,石原工业,,Prime Market (Domestic),Chemicals,化学,基础化工/特种化学品（具体品类待核验）,
0402,402.T,Axelspace Holdings Corporation,アクセルスペースホールディングス,アクセルスペース控股,,Growth Market(Domestic),Transportation Equipment,运输用设备,工业机械与自动化设备（具体产品待核验）,
4031,4031.T,Katakura & Co-op Agri Corporation,片倉コープアグリ,片倉コープアグリ,,Standard Market(Domestic),Chemicals,化学,基础化工/特种化学品（具体品类待核验）,
4040,4040.T,"NANKAI CHEMICAL COMPANY,LIMITED",南海化学,南海化学,,Standard Market(Domestic),Chemicals,化学,基础化工/特种化学品（具体品类待核验）,
4041,4041.T,"Nippon Soda Co.,Ltd.",日本曹達,日本曹達,,Prime Market (Domestic),Chemicals,化学,基础化工/特种化学品（具体品类待核验）,
4042,4042.T,TOSOH CORPORATION,東ソー,東ソー,,Prime Market (Domestic),Chemicals,化学,基础化工/特种化学品（具体品类待核验）,
4043,4043.T,Tokuyama Corporation,トクヤマ,Tokuyama 公司,,Prime Market (Domestic),Chemicals,化学,基础化工/特种化学品（具体品类待核验）,
4044,4044.T,"Central Glass Co.,Ltd.",セントラル硝子,セントラル硝子,,Prime Market (Domestic),Chemicals,化学,基础化工/特种化学品（具体品类待核验）,
4045,4045.T,"TOAGOSEI CO.,LTD.",東亞合成,東亞合成,,Prime Market (Domestic),Chemicals,化学,基础化工/特种化学品（具体品类待核验）,
4046,4046.T,"OSAKA SODA CO.,LTD.",大阪ソーダ,大阪ソーダ,,Prime Market (Domestic),Chemicals,化学,基础化工/特种化学品（具体品类待核验）,
4047,4047.T,"KANTO DENKA KOGYO CO.,LTD.",関東電化工業,関東電化工業,,Prime Market (Domestic),Chemicals,化学,基础化工/特种化学品（具体品类待核验）,
4051,4051.T,"GMO Financial Gate,Inc.",ＧＭＯフィナンシャルゲート,ＧＭＯ金融ゲート,,Prime Market (Domestic),Information & Communication,信息通信,通信、网络设备与通信服务,
4052,4052.T,Ficha Inc.,フィーチャ,Ficha Inc.,,Growth Market(Domestic),Information & Communication,信息通信,通信、网络设备与通信服务,
4053,4053.T,Sun* Inc.,Ｓｕｎ Ａｓｔｅｒｉｓｋ,Sun* Inc.,,Prime Market (Domestic),Information & Communication,信息通信,通信、网络设备与通信服务,
4054,4054.T,"Japan PropTech Co.,Ltd.",日本情報クリエイト,日本情報クリエイト,,Growth Market(Domestic),Information & Communication,信息通信,通信、网络设备与通信服务,
4055,4055.T,T&S Group Inc.,ティアンドエスグループ,ティアンドエス集团,,Growth Market(Domestic),Information & Communication,信息通信,通信、网络设备与通信服务,
4056,4056.T,Neural Group Inc.,ニューラルグループ,ニューラル集团,,Growth Market(Domestic),Information & Communication,信息通信,通信、网络设备与通信服务,
4057,4057.T,"Interfactory,Inc.",インターファクトリー,"Interfactory,Inc.",,Growth Market(Domestic),Information & Communication,信息通信,通信、网络设备与通信服务,
4058,4058.T,"Toyokumo,Inc.",トヨクモ,"Toyokumo,Inc.",,Growth Market(Domestic),Information & Communication,信息通信,通信、网络设备与通信服务,
4059,4059.T,"Magmag,Inc.",まぐまぐ,"Magmag,Inc.",,Standard Market(Domestic),Information & Communication,信息通信,通信、网络设备与通信服务,
4060,4060.T,rakumo Inc.,ｒａｋｕｍｏ,rakumo Inc.,,Growth Market(Domestic),Information & Communication,信息通信,通信、网络设备与通信服务,
4061,4061.T,Denka Company Limited,デンカ,Denka Company Limited,,Prime Market (Domestic),Chemicals,化学,基础化工/特种化学品（具体品类待核验）,
4062,4062.T,"IBIDEN CO.,LTD.",イビデン,"IBIDEN CO.,LTD.",,Prime Market (Domestic),Electric Appliances,电气设备,电子设备/电气设备（具体产品待核验）,
4063,4063.T,"Shin-Etsu Chemical Co.,Ltd.",信越化学工業,信越化学工业,,Prime Market (Domestic),Chemicals,化学,电子化学品/半导体材料（硅片、光刻胶等）,
4064,4064.T,"Nippon Carbide Industries Company,Incorporated",日本カーバイド工業,日本カーバイド工業,,Prime Market (Domestic),Chemicals,化学,基础化工/特种化学品（具体品类待核验）,
4068,4068.T,Basis Corporation,ベイシス,Basis 公司,,Growth Market(Domestic),Information & Communication,信息通信,通信、网络设备与通信服务,
4069,4069.T,BlueMeme Inc.,ＢｌｕｅＭｅｍｅ,BlueMeme Inc.,,Growth Market(Domestic),Information & Communication,信息通信,通信、网络设备与通信服务,
4071,4071.T,"Plus Alpha Consulting Co.,LTD.",プラスアルファ・コンサルティング,プラスアルファ・咨询,,Prime Market (Domestic),Information & Communication,信息通信,通信、网络设备与通信服务,
4072,4072.T,"Densan System Holdings Co.,Ltd.",電算システムホールディングス,電算系统控股,,Prime Market (Domestic),Information & Communication,信息通信,通信、网络设备与通信服务,
4073,4073.T,"Global Communication Planning Co.,Ltd.",ジィ・シィ企画,ジィ・シィ企画,,Growth Market(Domestic),Information & Communication,信息通信,通信、网络设备与通信服务,
4074,4074.T,"LaKeel,Inc.",ラキール,"LaKeel,Inc.",,Growth Market(Domestic),Information & Communication,信息通信,通信、网络设备与通信服务,
4075,4075.T,"Brains Technology,Inc.",ブレインズテクノロジー,ブレインズ科技,,Growth Market(Domestic),Information & Communication,信息通信,通信、网络设备与通信服务,
4076,4076.T,"CNS Co.,Ltd.",シイエヌエス,"CNS Co.,Ltd.",,Growth Market(Domestic),Information & Communication,信息通信,通信、网络设备与通信服务,
4078,4078.T,"Sakai Chemical Industry Co.,Ltd.",堺化学工業,堺化学工業,,Prime Market (Domestic),Chemicals,化学,基础化工/特种化学品（具体品类待核验）,
0407,407.T,"UNICON Holdings Co.,Ltd.",ＵＮＩＣＯＮホールディングス,ＵＮＩＣＯＮ控股,,Standard Market(Domestic),Construction,建设业,建筑工程、建材与房地产相关工程（具体业务待核验）,
4082,4082.T,"DAIICHI KIGENSO KAGAKU-KOGYO CO.,LTD",第一稀元素化学工業,第一稀元素化学工業,,Prime Market (Domestic),Chemicals,化学,基础化工/特种化学品（具体品类待核验）,
4088,4088.T,AIR WATER INC.,エア・ウォーター,AIR WATER INC.,,Prime Market (Domestic),Chemicals,化学,基础化工/特种化学品（具体品类待核验）,
4091,4091.T,NIPPON SANSO HOLDINGS CORPORATION,日本酸素ホールディングス,日本酸素控股,,Prime Market (Domestic),Chemicals,化学,基础化工/特种化学品（具体品类待核验）,860.1
4092,4092.T,"Nippon Chemical Industrial Co.,Ltd.",日本化学工業,日本化学工業,,Prime Market (Domestic),Chemicals,化学,工业机械与自动化设备（具体产品待核验）,
4093,4093.T,"Toho Acetylene Co.,Ltd.",東邦アセチレン,東邦アセチレン,,Standard Market(Domestic),Chemicals,化学,基础化工/特种化学品（具体品类待核验）,
4094,4094.T,"NIHON KAGAKU SANGYO CO.,LTD.",日本化学産業,日本化学工业,,Standard Market(Domestic),Chemicals,化学,基础化工/特种化学品（具体品类待核验）,
4095,4095.T,"NIHON PARKERIZING CO.,LTD.",日本パーカライジング,日本パーカライジング,,Prime Market (Domestic),Chemicals,化学,基础化工/特种化学品（具体品类待核验）,
4097,4097.T,"KOATSU GAS KOGYO CO.,LTD.",高圧ガス工業,高圧ガス工業,,Prime Market (Domestic),Chemicals,化学,基础化工/特种化学品（具体品类待核验）,
4098,4098.T,"Titan Kogyo ,Ltd.",チタン工業,チタン工業,,Standard Market(Domestic),Chemicals,化学,基础化工/特种化学品（具体品类待核验）,
4099,4099.T,SHIKOKU KASEI HOLDINGS CORPORATION,四国化成ホールディングス,四国化成控股,,Prime Market (Domestic),Chemicals,化学,基础化工/特种化学品（具体品类待核验）,
0409,409.T,"ORION BREWERIES,LTD.",オリオンビール,"ORION BREWERIES,LTD.",,Prime Market (Domestic),Foods,食品,食品饮料与食品加工（具体品类待核验）,
4100,4100.T,TODA KOGYO CORP.,戸田工業,戸田工業,,Standard Market(Domestic),Chemicals,化学,基础化工/特种化学品（具体品类待核验）,
4102,4102.T,"Maruo Calcium Co.,Ltd.",丸尾カルシウム,丸尾カルシウム,,Standard Market(Domestic),Chemicals,化学,基础化工/特种化学品（具体品类待核验）,
4107,4107.T,ISE CHEMICALS CORPORATION,伊勢化学工業,伊勢化学工業,,Standard Market(Domestic),Chemicals,化学,基础化工/特种化学品（具体品类待核验）,
4109,4109.T,STELLA CHEMIFA CORPORATION,ステラ ケミファ,STELLA CHEMIFA 公司,,Prime Market (Domestic),Chemicals,化学,基础化工/特种化学品（具体品类待核验）,
0410,410.T,"GMO Commerce,Inc.",ＧＭＯコマース,"GMO Commerce,Inc.",,Growth Market(Domestic),Services,服务业,批发贸易/综合商社,
4112,4112.T,"Hodogaya Chemical Co.,Ltd.",保土谷化学工業,保土谷化学工業,,Prime Market (Domestic),Chemicals,化学,基础化工/特种化学品（具体品类待核验）,
4113,4113.T,"TAOKA CHEMICAL COMPANY,LIMITED",田岡化学工業,田岡化学工業,,Standard Market(Domestic),Chemicals,化学,基础化工/特种化学品（具体品类待核验）,
4114,4114.T,"NIPPON SHOKUBAI CO.,LTD.",日本触媒,日本触媒,,Prime Market (Domestic),Chemicals,化学,基础化工/特种化学品（具体品类待核验）,
4116,4116.T,"Dainichiseika Color & Chemicals Mfg.Co.,Ltd.",大日精化工業,大日精化工業,,Prime Market (Domestic),Chemicals,化学,基础化工/特种化学品（具体品类待核验）,
4118,4118.T,KANEKA CORPORATION,カネカ,KANEKA 公司,,Prime Market (Domestic),Chemicals,化学,基础化工/特种化学品（具体品类待核验）,
4119,4119.T,Nippon Pigment Holdings Company Limited,日本ピグメントホールディングス,日本ピグメント控股,,Standard Market(Domestic),Chemicals,化学,基础化工/特种化学品（具体品类待核验）,
4120,4120.T,"SUGAI CHEMICAL INDUSTRY CO.,LTD.",スガイ化学工業,スガイ化学工業,,Standard Market(Domestic),Chemicals,化学,基础化工/特种化学品（具体品类待核验）,
4124,4124.T,OSAKA YUKA INDUSTRY LTD.,大阪油化工業,大阪油化工業,,Standard Market(Domestic),Chemicals,化学,基础化工/特种化学品（具体品类待核验）,
4125,4125.T,SANWAYUKA INDUSTRY CORPORATION,三和油化工業,三和油化工業,,Standard Market(Domestic),Chemicals,化学,基础化工/特种化学品（具体品类待核验）,
0414,414.T,"OVERLAP Holdings,Inc.",オーバーラップホールディングス,オーバーラップ控股,,Growth Market(Domestic),Information & Communication,信息通信,通信、网络设备与通信服务,
4151,4151.T,"Kyowa Kirin Co.,Ltd.",協和キリン,協和キリン,,Prime Market (Domestic),Pharmaceutical,医药品,医药、生物科技与处方药,
0415,415.T,"GMO TECH Holdings,Inc.",ＧＭＯ ＴＥＣＨホールディングス,ＧＭＯ ＴＥＣＨ控股,,Growth Market(Domestic),Services,服务业,专业服务、消费服务与商业服务（具体业务待核验）,
4165,4165.T,"PLAID,Inc.",プレイド,"PLAID,Inc.",,Growth Market(Domestic),Information & Communication,信息通信,通信、网络设备与通信服务,948.2
4166,4166.T,Cacco Inc.,かっこ,Cacco Inc.,,Growth Market(Domestic),Information & Communication,信息通信,通信、网络设备与通信服务,
4167,4167.T,Kokopelli Inc.,ココペリ,Kokopelli Inc.,,Growth Market(Domestic),Information & Communication,信息通信,通信、网络设备与通信服务,
4168,4168.T,"Yappli,Inc.",ヤプリ,"Yappli,Inc.",,Growth Market(Domestic),Information & Communication,信息通信,通信、网络设备与通信服务,
4169,4169.T,ENECHANGE Ltd.,ＥＮＥＣＨＡＮＧＥ,ENECHANGE Ltd.,,Growth Market(Domestic),Information & Communication,信息通信,通信、网络设备与通信服务,
0416,416.T,"FUJI UNITED HOLDINGS COMPANY,LTD.",富士ユナイトホールディングス,富士ユナイト控股,,Standard Market(Domestic),Wholesale Trade,批发业,批发贸易/综合商社,
4170,4170.T,"Kaizen Platform,Inc.",Ｋａｉｚｅｎ Ｐｌａｔｆｏｒｍ,"Kaizen Platform,Inc.",,Growth Market(Domestic),Information & Communication,信息通信,通信、网络设备与通信服务,
4172,4172.T,"Hi-CRATES CO.,LTD.",Ｈｉクラテス,"Hi-CRATES CO.,LTD.",,Standard Market(Domestic),Information & Communication,信息通信,通信、网络设备与通信服务,
4174,4174.T,Appirits Inc.,アピリッツ,Appirits Inc.,,Standard Market(Domestic),Information & Communication,信息通信,通信、网络设备与通信服务,
4175,4175.T,coly Inc.,ｃｏｌｙ,coly Inc.,,Growth Market(Domestic),Information & Communication,信息通信,通信、网络设备与通信服务,
4176,4176.T,coconala Inc.,ココナラ,coconala Inc.,,Growth Market(Domestic),Information & Communication,信息通信,通信、网络设备与通信服务,
4177,4177.T,"i-plug,Inc.",ｉ‐ｐｌｕｇ,"i-plug,Inc.",,Growth Market(Domestic),Information & Communication,信息通信,通信、网络设备与通信服务,
4178,4178.T,Sharing Innovations Inc.,Ｓｈａｒｉｎｇ Ｉｎｎｏｖａｔｉｏｎｓ,Sharing Innovations Inc.,,Growth Market(Domestic),Information & Communication,信息通信,通信、网络设备与通信服务,
4179,4179.T,G-NEXT Inc.,ジーネクスト,G-NEXT Inc.,,Growth Market(Domestic),Information & Communication,信息通信,通信、网络设备与通信服务,
0417,417.T,"BLUE ZONES HOLDINGS CO.,LTD.",ブルーゾーンホールディングス,ブルーゾーン控股,,Prime Market (Domestic),Retail Trade,零售业,零售与消费品渠道,
4180,4180.T,"Appier Group,Inc.",Ａｐｐｉｅｒ Ｇｒｏｕｐ,"Appier 集团,Inc.",,Prime Market (Domestic),Information & Communication,信息通信,通信、网络设备与通信服务,
4182,4182.T,"Mitsubishi Gas Chemical Company,Inc.",三菱瓦斯化学,三菱瓦斯化学,,Prime Market (Domestic),Chemicals,化学,基础化工/特种化学品（具体品类待核验）,469.96
4183,4183.T,"Mitsui Chemicals,Inc.",三井化学,三井化学,,Prime Market (Domestic),Chemicals,化学,基础化工/特种化学品（具体品类待核验）,
4186,4186.T,"TOKYO OHKA KOGYO CO.,LTD.",東京応化工業,東京応化工業,,Prime Market (Domestic),Chemicals,化学,基础化工/特种化学品（具体品类待核验）,
4187,4187.T,OSAKA ORGANIC CHEMICAL INDUSTRY LTD.,大阪有機化学工業,大阪有機化学工業,,Prime Market (Domestic),Chemicals,化学,基础化工/特种化学品（具体品类待核验）,
4188,4188.T,Mitsubishi Chemical Group Corporation,三菱ケミカルグループ,三菱化学集团,,Prime Market (Domestic),Chemicals,化学,基础化工/特种化学品（具体品类待核验）,
4189,4189.T,"KH Neochem Co.,Ltd.",ＫＨネオケム,"KH Neochem Co.,Ltd.",,Prime Market (Domestic),Chemicals,化学,基础化工/特种化学品（具体品类待核验）,
4192,4192.T,SpiderPlus & Co.,スパイダープラス,SpiderPlus & Co.,,Growth Market(Domestic),Information & Communication,信息通信,通信、网络设备与通信服务,
4193,4193.T,"Fabrica Holdings Co.,Ltd.",ファブリカホールディングス,ファブリカ控股,,Standard Market(Domestic),Information & Communication,信息通信,通信、网络设备与通信服务,
4194,4194.T,"Visional,Inc.",ビジョナル,"Visional,Inc.",,Prime Market (Domestic),Information & Communication,信息通信,通信、网络设备与通信服务,
4196,4196.T,NEO MARKETING Inc.,ネオマーケティング,NEO MARKETING Inc.,,Standard Market(Domestic),Information & Communication,信息通信,广告、营销与媒体服务,
4197,4197.T,"ASMARQ Co.,Ltd.",アスマーク,"ASMARQ Co.,Ltd.",,Standard Market(Domestic),Information & Communication,信息通信,通信、网络设备与通信服务,
4198,4198.T,"TENDA Co.,LTD.",テンダ,"TENDA Co.,LTD.",,Standard Market(Domestic),Information & Communication,信息通信,通信、网络设备与通信服务,
4199,4199.T,WonderPlanet Inc.,ワンダープラネット,WonderPlanet Inc.,,Growth Market(Domestic),Information & Communication,信息通信,通信、网络设备与通信服务,
4202,4202.T,Daicel Corporation,ダイセル,Daicel 公司,,Prime Market (Domestic),Chemicals,化学,基础化工/特种化学品（具体品类待核验）,
4203,4203.T,"Sumitomo Bakelite Company,Limited",住友ベークライト,住友ベークライト,,Prime Market (Domestic),Chemicals,化学,基础化工/特种化学品（具体品类待核验）,
4204,4204.T,"Sekisui Chemical Co.,Ltd.",積水化学工業,積水化学工業,,Prime Market (Domestic),Chemicals,化学,基础化工/特种化学品（具体品类待核验）,
4205,4205.T,ZEON CORPORATION,日本ゼオン,日本ゼオン,,Prime Market (Domestic),Chemicals,化学,基础化工/特种化学品（具体品类待核验）,
4206,4206.T,"Aica Kogyo Company,Limited",アイカ工業,アイカ工業,,Prime Market (Domestic),Chemicals,化学,基础化工/特种化学品（具体品类待核验）,
4208,4208.T,UBE Corporation,ＵＢＥ,UBE 公司,,Prime Market (Domestic),Chemicals,化学,基础化工/特种化学品（具体品类待核验）,
4212,4212.T,Sekisui Jushi Corporation,積水樹脂,積水樹脂,,Prime Market (Domestic),Chemicals,化学,基础化工/特种化学品（具体品类待核验）,
4216,4216.T,ASAHI YUKIZAI CORPORATION,旭有機材,旭有機材,,Prime Market (Domestic),Chemicals,化学,基础化工/特种化学品（具体品类待核验）,
4218,4218.T,"NICHIBAN CO.,LTD.",ニチバン,"NICHIBAN CO.,LTD.",,Prime Market (Domestic),Chemicals,化学,基础化工/特种化学品（具体品类待核验）,
0421,421.T,"Movin' Strategic Career CO.,LTD.",ムービン・ストラテジック・キャリア,"Movin' Strategic Career CO.,LTD.",,Growth Market(Domestic),Services,服务业,专业服务、消费服务与商业服务（具体业务待核验）,
4220,4220.T,RIKEN TECHNOS CORPORATION,リケンテクノス,RIKEN TECHNOS 公司,,Prime Market (Domestic),Chemicals,化学,基础化工/特种化学品（具体品类待核验）,
4221,4221.T,"Okura Industrial Co.,Ltd.",大倉工業,大倉工業,,Prime Market (Domestic),Chemicals,化学,工业机械与自动化设备（具体产品待核验）,
4222,4222.T,"KODAMA CHEMICAL INDUSTRY CO.,LTD.",児玉化学工業,児玉化学工業,,Standard Market(Domestic),Chemicals,化学,基础化工/特种化学品（具体品类待核验）,
4224,4224.T,LONSEAL CORPORATION,ロンシール工業,ロンシール工業,,Standard Market(Domestic),Chemicals,化学,基础化工/特种化学品（具体品类待核验）,
4228,4228.T,"Sekisui Kasei Co.,Ltd.",積水化成品工業,積水化成品工業,,Prime Market (Domestic),Chemicals,化学,基础化工/特种化学品（具体品类待核验）,
4229,4229.T,"Gun Ei Chemical Industry Co.,Ltd.",群栄化学工業,群栄化学工業,,Prime Market (Domestic),Chemicals,化学,基础化工/特种化学品（具体品类待核验）,
4231,4231.T,TIGERS POLYMER CORPORATION,タイガースポリマー,TIGERS POLYMER 公司,,Standard Market(Domestic),Chemicals,化学,基础化工/特种化学品（具体品类待核验）,
4234,4234.T,"Sun A.Kaken Company,Limited",サンエー化研,サンエー化研,,Standard Market(Domestic),Chemicals,化学,基础化工/特种化学品（具体品类待核验）,
4235,4235.T,"Ultrafabrics Holdings Co.,Ltd.",ウルトラファブリックス・ホールディングス,ウルトラファブリックス・控股,,Standard Market(Domestic),Chemicals,化学,基础化工/特种化学品（具体品类待核验）,
4237,4237.T,Fujipream Corporation,フジプレアム,Fujipream 公司,,Standard Market(Domestic),Chemicals,化学,基础化工/特种化学品（具体品类待核验）,
4238,4238.T,"Miraial Co.,Ltd.",ミライアル,"Miraial Co.,Ltd.",,Standard Market(Domestic),Chemicals,化学,基础化工/特种化学品（具体品类待核验）,
0423,423.T,LION OFFICE PRODUCTS CORP.,ライオン事務器,ライオン事務器,,Standard Market(Domestic),Wholesale Trade,批发业,批发贸易/综合商社,
4240,4240.T,"CLUSTER TECHNOLOGY CO.,LTD.",クラスターテクノロジー,クラスター科技,,Standard Market(Domestic),Chemicals,化学,基础化工/特种化学品（具体品类待核验）,
4241,4241.T,atect corporation,アテクト,atect 公司,,Standard Market(Domestic),Chemicals,化学,基础化工/特种化学品（具体品类待核验）,
4242,4242.T,TAKAGI SEIKO CORPORATION,タカギセイコー,TAKAGI SEIKO 公司,,Standard Market(Domestic),Chemicals,化学,基础化工/特种化学品（具体品类待核验）,
4243,4243.T,"NIX,INC.",ニックス,"NIX,INC.",,Standard Market(Domestic),Chemicals,化学,基础化工/特种化学品（具体品类待核验）,
4245,4245.T,"Daiki Axis Co.,Ltd.",ダイキアクシス,"Daiki Axis Co.,Ltd.",,Standard Market(Domestic),Chemicals,化学,基础化工/特种化学品（具体品类待核验）,
4246,4246.T,DaikyoNishikawa Corporation,ダイキョーニシカワ,DaikyoNishikawa 公司,,Prime Market (Domestic),Chemicals,化学,基础化工/特种化学品（具体品类待核验）,
4247,4247.T,"POVAL KOGYO CO.,LTD.",ポバール興業,ポバール興業,,Standard Market(Domestic),Chemicals,化学,基础化工/特种化学品（具体品类待核验）,
4248,4248.T,"Takemoto Yohki Co.,Ltd.",竹本容器,竹本容器,,Standard Market(Domestic),Chemicals,化学,基础化工/特种化学品（具体品类待核验）,
4249,4249.T,"MORIROKU COMPANY,LTD.",森六,森六,,Prime Market (Domestic),Chemicals,化学,基础化工/特种化学品（具体品类待核验）,
4251,4251.T,KEIWA Incorporated,恵和,恵和,,Prime Market (Domestic),Chemicals,化学,基础化工/特种化学品（具体品类待核验）,
4255,4255.T,THECOO Inc.,ＴＨＥＣＯＯ,THECOO Inc.,,Growth Market(Domestic),Information & Communication,信息通信,通信、网络设备与通信服务,
4256,4256.T,"CYND Co.,Ltd.",サインド,"CYND Co.,Ltd.",,Growth Market(Domestic),Information & Communication,信息通信,通信、网络设备与通信服务,
4258,4258.T,AMIYA Corporation,網屋,網屋,,Growth Market(Domestic),Information & Communication,信息通信,通信、网络设备与通信服务,
4259,4259.T,ExaWizards Inc.,エクサウィザーズ,ExaWizards Inc.,,Growth Market(Domestic),Information & Communication,信息通信,通信、网络设备与通信服务,
4260,4260.T,"Hybrid Technologies Co.,Ltd.",ハイブリッドテクノロジーズ,ハイブリッド科技,,Growth Market(Domestic),Information & Communication,信息通信,通信、网络设备与通信服务,
4261,4261.T,"AsiaQuest Co.,Ltd.",アジアクエスト,"AsiaQuest Co.,Ltd.",,Growth Market(Domestic),Information & Communication,信息通信,通信、网络设备与通信服务,
4262,4262.T,"NIFTY Lifestyle Co.,Ltd.",ニフティライフスタイル,"NIFTY Lifestyle Co.,Ltd.",,Growth Market(Domestic),Information & Communication,信息通信,通信、网络设备与通信服务,
4263,4263.T,"SUSMED,Inc.",サスメド,"SUSMED,Inc.",,Growth Market(Domestic),Information & Communication,信息通信,通信、网络设备与通信服务,
4264,4264.T,"SECURE,INC.",セキュア,"SECURE,INC.",,Growth Market(Domestic),Information & Communication,信息通信,通信、网络设备与通信服务,
4265,4265.T,Institution for a Global Society Corporation,Ｉｎｓｔｉｔｕｔｉｏｎ ｆｏｒ ａ Ｇｌｏｂａｌ Ｓｏｃｉｅｔｙ,Institution for a Global Society 公司,,Growth Market(Domestic),Information & Communication,信息通信,通信、网络设备与通信服务,
4270,4270.T,BeeX Inc.,ＢｅｅＸ,BeeX Inc.,,Growth Market(Domestic),Information & Communication,信息通信,通信、网络设备与通信服务,
4272,4272.T,"NIPPON KAYAKU CO.,LTD.",日本化薬,日本化薬,,Prime Market (Domestic),Chemicals,化学,基础化工/特种化学品（具体品类待核验）,
4274,4274.T,"HOSOYA PYRO-ENGINEERING CO.,LTD.",細谷火工,細谷火工,,Standard Market(Domestic),Chemicals,化学,基础化工/特种化学品（具体品类待核验）,
4275,4275.T,"Carlit Co.,Ltd.",カーリット,"Carlit Co.,Ltd.",,Prime Market (Domestic),Chemicals,化学,基础化工/特种化学品（具体品类待核验）,
4284,4284.T,"SOLXYZ Co.,Ltd.",ソルクシーズ,"SOLXYZ Co.,Ltd.",,Standard Market(Domestic),Information & Communication,信息通信,通信、网络设备与通信服务,
4286,4286.T,CL Holdings Inc.,ＣＬホールディングス,ＣＬ控股,,Standard Market(Domestic),Services,服务业,专业服务、消费服务与商业服务（具体业务待核验）,
4287,4287.T,JUST PLANNING INC.,ジャストプランニング,JUST PLANNING INC.,,Standard Market(Domestic),Information & Communication,信息通信,通信、网络设备与通信服务,
4288,4288.T,"Asgent,Inc.",アズジェント,"Asgent,Inc.",,Standard Market(Domestic),Information & Communication,信息通信,通信、网络设备与通信服务,
0428,428.T,"Cypress Holdings Co.,Ltd.",サイプレス・ホールディングス,サイプレス・控股,,Standard Market(Domestic),Retail Trade,零售业,零售与消费品渠道,
4290,4290.T,Prestige International Inc.,プレステージ・インターナショナル,Prestige International Inc.,,Prime Market (Domestic),Services,服务业,专业服务、消费服务与商业服务（具体业务待核验）,
4293,4293.T,"SEPTENI HOLDINGS CO.,LTD.",セプテーニ・ホールディングス,セプテーニ・控股,,Standard Market(Domestic),Services,服务业,专业服务、消费服务与商业服务（具体业务待核验）,
4299,4299.T,"HIMACS,Ltd.",ハイマックス,"HIMACS,Ltd.",,Standard Market(Domestic),Information & Communication,信息通信,通信、网络设备与通信服务,
0429,429.T,Tekscend Photomask Corp.,テクセンドフォトマスク,Tekscend Photomask Corp.,,Prime Market (Domestic),Other Products,其他制品,其他制造业（公司级产品待核验）,
4301,4301.T,AMUSE INC.,アミューズ,AMUSE INC.,,Prime Market (Domestic),Services,服务业,专业服务、消费服务与商业服务（具体业务待核验）,
4307,4307.T,"Nomura Research Institute,Ltd.",野村総合研究所,野村総合研究所,,Prime Market (Domestic),Information & Communication,信息通信,通信、网络设备与通信服务,
4308,4308.T,J-Stream Inc.,Ｊストリーム,J-Stream Inc.,,Growth Market(Domestic),Information & Communication,信息通信,通信、网络设备与通信服务,
4310,4310.T,Dream Incubator Inc.,ドリームインキュベータ,Dream Incubator Inc.,,Prime Market (Domestic),Services,服务业,专业服务、消费服务与商业服务（具体业务待核验）,
4316,4316.T,"BeMap,Inc.",ビーマップ,"BeMap,Inc.",,Growth Market(Domestic),Information & Communication,信息通信,通信、网络设备与通信服务,
4317,4317.T,Ray Corporation,レイ,Ray 公司,,Standard Market(Domestic),Services,服务业,专业服务、消费服务与商业服务（具体业务待核验）,
4318,4318.T,"QUICK CO.,LTD.",クイック,"QUICK CO.,LTD.",,Prime Market (Domestic),Services,服务业,专业服务、消费服务与商业服务（具体业务待核验）,
0431,431.T,"uSonar Co.,Ltd.",ユーソナー,"uSonar Co.,Ltd.",,Growth Market(Domestic),Information & Communication,信息通信,通信、网络设备与通信服务,
4320,4320.T,"CE Holdings Co.,Ltd.",ＣＥホールディングス,ＣＥ控股,,Standard Market(Domestic),Information & Communication,信息通信,通信、网络设备与通信服务,
4323,4323.T,"Japan System Techniques Co.,Ltd.",日本システム技術,日本系统技術,,Prime Market (Domestic),Information & Communication,信息通信,通信、网络设备与通信服务,
4324,4324.T,DENTSU GROUP INC.,電通グループ,電通集团,,Prime Market (Domestic),Services,服务业,专业服务、消费服务与商业服务（具体业务待核验）,4664.82
4326,4326.T,INTAGE HOLDINGS Inc.,インテージホールディングス,インテージ控股,,Prime Market (Domestic),Information & Communication,信息通信,通信、网络设备与通信服务,
4331,4331.T,"TAKE AND GIVE. NEEDS Co.,Ltd.",テイクアンドギヴ・ニーズ,"TAKE AND GIVE. NEEDS Co.,Ltd.",,Prime Market (Domestic),Services,服务业,专业服务、消费服务与商业服务（具体业务待核验）,
4334,4334.T,"YUKE'S Co.,Ltd.",ユークス,"YUKE'S Co.,Ltd.",,Standard Market(Domestic),Information & Communication,信息通信,通信、网络设备与通信服务,
4335,4335.T,"IPS HOLDINGS CO.,LTD.",ＩＰＳホールディングス,ＩＰＳ控股,,Standard Market(Domestic),Information & Communication,信息通信,通信、网络设备与通信服务,
4337,4337.T,PIA CORPORATION,ぴあ,PIA 公司,,Prime Market (Domestic),Services,服务业,专业服务、消费服务与商业服务（具体业务待核验）,
4341,4341.T,SEIRYO ELECTRIC CORPORATION,西菱電機,西菱電機,,Standard Market(Domestic),Services,服务业,电子设备/电气设备（具体产品待核验）,
4343,4343.T,"AEON Fantasy Co.,LTD.",イオンファンタジー,"AEON Fantasy Co.,LTD.",,Prime Market (Domestic),Services,服务业,专业服务、消费服务与商业服务（具体业务待核验）,
4344,4344.T,SOURCENEXT CORPORATION,ソースネクスト,SOURCENEXT 公司,,Prime Market (Domestic),Information & Communication,信息通信,通信、网络设备与通信服务,
4345,4345.T,"CTS Co.,Ltd.",シーティーエス,"CTS Co.,Ltd.",,Prime Market (Domestic),Services,服务业,专业服务、消费服务与商业服务（具体业务待核验）,
4346,4346.T,NEXYZ.Group Corporation,ＮＥＸＹＺ．Ｇｒｏｕｐ,NEXYZ.集团 公司,,Standard Market(Domestic),Other Financing Business,其他金融,融资租赁、消费金融与其他金融服务,
4347,4347.T,Broadmedia Corporation,ブロードメディア,ブロード媒体,,Standard Market(Domestic),Services,服务业,广告、营销与媒体服务,
4350,4350.T,"MEDICAL SYSTEM NETWORK Co.,Ltd.",メディカルシステムネットワーク,医疗系统网络,,Standard Market(Domestic),Retail Trade,零售业,零售与消费品渠道,
4351,4351.T,YAMADA SERVICER SYNTHETIC OFFICE,山田再生系債権回収総合事務所,山田再生系債権回収総合事務所,,Standard Market(Domestic),Other Financing Business,其他金融,融资租赁、消费金融与其他金融服务,
4356,4356.T,"APPLIED TECHNOLOGY CO.,LTD.",応用技術,応用技術,,Standard Market(Domestic),Information & Communication,信息通信,通信、网络设备与通信服务,
4360,4360.T,"MANAC Chemical Partners Co.,Ltd",マナック・ケミカル・パートナーズ,マナック・化学・合作伙伴,,Standard Market(Domestic),Chemicals,化学,基础化工/特种化学品（具体品类待核验）,
4361,4361.T,"KAWAGUCHI CHEMICAL INDUSTRY CO.,LTD.",川口化学工業,川口化学工業,,Standard Market(Domestic),Chemicals,化学,基础化工/特种化学品（具体品类待核验）,
4362,4362.T,"Nippon Fine Chemical Co.,Ltd.",日本精化,日本精化,,Prime Market (Domestic),Chemicals,化学,基础化工/特种化学品（具体品类待核验）,
4365,4365.T,"MATSUMOTO YUSHI-SEIYAKU CO.,LTD.",松本油脂製薬,松本油脂製薬,,Standard Market(Domestic),Chemicals,化学,基础化工/特种化学品（具体品类待核验）,
4366,4366.T,Daito Chemix Corporation,ダイトーケミックス,Daito Chemix 公司,,Standard Market(Domestic),Chemicals,化学,基础化工/特种化学品（具体品类待核验）,
4368,4368.T,"FUSO CHEMICAL CO.,LTD.",扶桑化学工業,扶桑化学工業,,Prime Market (Domestic),Chemicals,化学,基础化工/特种化学品（具体品类待核验）,
4369,4369.T,Tri Chemical Laboratories Inc.,トリケミカル研究所,トリ化学研究所,,Prime Market (Domestic),Chemicals,化学,基础化工/特种化学品（具体品类待核验）,
0436,436.T,CyberSolutions Inc.,サイバーソリューションズ,サイバー解决方案,,Growth Market(Domestic),Information & Communication,信息通信,通信、网络设备与通信服务,
4370,4370.T,Mobilus Corporation,モビルス,Mobilus 公司,,Growth Market(Domestic),Information & Communication,信息通信,通信、网络设备与通信服务,
4371,4371.T,Core Concept Technologies Inc.,コアコンセプト・テクノロジー,コアコンセプト・科技,,Growth Market(Domestic),Information & Communication,信息通信,通信、网络设备与通信服务,
4372,4372.T,"YMIRLINK,Inc.",ユミルリンク,"YMIRLINK,Inc.",,Growth Market(Domestic),Information & Communication,信息通信,通信、网络设备与通信服务,
4373,4373.T,"Simplex Holdings,Inc.",シンプレクス・ホールディングス,シンプレクス・控股,,Prime Market (Domestic),Information & Communication,信息通信,通信、网络设备与通信服务,
4374,4374.T,ROBOT PAYMENT INC.,ＲＯＢＯＴ ＰＡＹＭＥＮＴ,ROBOT PAYMENT INC.,,Growth Market(Domestic),Information & Communication,信息通信,通信、网络设备与通信服务,
4375,4375.T,Safie Inc.,セーフィー,Safie Inc.,,Growth Market(Domestic),Information & Communication,信息通信,通信、网络设备与通信服务,
4376,4376.T,Kufu Company Holdings Inc.,くふうカンパニーホールディングス,くふうカンパニー控股,,Growth Market(Domestic),Information & Communication,信息通信,通信、网络设备与通信服务,
4377,4377.T,ONE CAREER Inc.,ワンキャリア,ONE CAREER Inc.,,Growth Market(Domestic),Information & Communication,信息通信,通信、网络设备与通信服务,
4378,4378.T,CINC Corp.,ＣＩＮＣ,CINC Corp.,,Growth Market(Domestic),Information & Communication,信息通信,通信、网络设备与通信服务,
4379,4379.T,Photosynth inc.,Ｐｈｏｔｏｓｙｎｔｈ,Photosynth inc.,,Growth Market(Domestic),Information & Communication,信息通信,通信、网络设备与通信服务,
4380,4380.T,M - mart Inc.,Ｍマート,M - mart Inc.,,Growth Market(Domestic),Information & Communication,信息通信,通信、网络设备与通信服务,
4381,4381.T,"BPLATS,Inc.",ビープラッツ,"BPLATS,Inc.",,Growth Market(Domestic),Information & Communication,信息通信,通信、网络设备与通信服务,
4382,4382.T,"HEROZ,Inc.",ＨＥＲＯＺ,"HEROZ,Inc.",,Standard Market(Domestic),Information & Communication,信息通信,通信、网络设备与通信服务,
4385,4385.T,"Mercari,Inc.",メルカリ,"Mercari,Inc.",,Prime Market (Domestic),Information & Communication,信息通信,通信、网络设备与通信服务,71.23
4386,4386.T,"SIG Group Co.,Ltd.",ＳＩＧグループ,ＳＩＧ集团,,Standard Market(Domestic),Information & Communication,信息通信,通信、网络设备与通信服务,
4387,4387.T,"ZUU Co.,Ltd.",ＺＵＵ,"ZUU Co.,Ltd.",,Growth Market(Domestic),Information & Communication,信息通信,通信、网络设备与通信服务,
4388,4388.T,"AI,Inc.",エーアイ,"AI,Inc.",,Standard Market(Domestic),Information & Communication,信息通信,通信、网络设备与通信服务,520.53
4389,4389.T,"Property Data Bank,Inc.",プロパティデータバンク,地产数据银行,,Growth Market(Domestic),Information & Communication,信息通信,房地产开发与物业运营,
0438,438.T,"Infcurion,Inc.",インフキュリオン,"Infcurion,Inc.",,Growth Market(Domestic),Information & Communication,信息通信,通信、网络设备与通信服务,
4390,4390.T,"IPS,Inc.",ＩＰＳ,"IPS,Inc.",,Prime Market (Domestic),Information & Communication,信息通信,通信、网络设备与通信服务,
4391,4391.T,"Logizard Co.,Ltd.",ロジザード,"Logizard Co.,Ltd.",,Growth Market(Domestic),Information & Communication,信息通信,通信、网络设备与通信服务,
4392,4392.T,"Future Innovation Group,Inc.",ＦＩＧ,"Future Innovation 集团,Inc.",,Prime Market (Domestic),Information & Communication,信息通信,通信、网络设备与通信服务,
4393,4393.T,"Bank of Innovation,Inc.",バンク・オブ・イノベーション,银行・オブ・イノベーション,,Growth Market(Domestic),Information & Communication,信息通信,银行与综合金融服务,
4394,4394.T,"eXmotion Co.,Ltd.",エクスモーション,"eXmotion Co.,Ltd.",,Growth Market(Domestic),Information & Communication,信息通信,通信、网络设备与通信服务,
4395,4395.T,Accrete Inc.,アクリート,Accrete Inc.,,Growth Market(Domestic),Information & Communication,信息通信,通信、网络设备与通信服务,
4396,4396.T,System Support Holdings Inc.,システムサポートホールディングス,系统サポート控股,,Prime Market (Domestic),Information & Communication,信息通信,通信、网络设备与通信服务,
4397,4397.T,TeamSpirit Inc.,チームスピリット,TeamSpirit Inc.,,Growth Market(Domestic),Information & Communication,信息通信,通信、网络设备与通信服务,
4398,4398.T,"BroadBand Security,Inc.",ブロードバンドセキュリティ,"BroadBand Security,Inc.",,Standard Market(Domestic),Information & Communication,信息通信,通信、网络设备与通信服务,
4401,4401.T,ADEKA CORPORATION,ＡＤＥＫＡ,ADEKA 公司,,Prime Market (Domestic),Chemicals,化学,基础化工/特种化学品（具体品类待核验）,
4403,4403.T,NOF CORPORATION,日油,日油,,Prime Market (Domestic),Chemicals,化学,基础化工/特种化学品（具体品类待核验）,
4404,4404.T,"Miyoshi Oil & Fat Co.,Ltd.",ミヨシ油脂,ミヨシ油脂,,Standard Market(Domestic),Foods,食品,食品饮料与食品加工（具体品类待核验）,
4406,4406.T,"New Japan Chemical Co.,Ltd.",新日本理化,新日本理化,,Standard Market(Domestic),Chemicals,化学,基础化工/特种化学品（具体品类待核验）,
4409,4409.T,"TOHO CHEMICAL INDUSTRY COMPANY,LIMITED",東邦化学工業,東邦化学工業,,Standard Market(Domestic),Chemicals,化学,基础化工/特种化学品（具体品类待核验）,
4410,4410.T,"HARIMA CHEMICALS GROUP,INC.",ハリマ化成グループ,ハリマ化成集团,,Prime Market (Domestic),Chemicals,化学,基础化工/特种化学品（具体品类待核验）,
4412,4412.T,"Science Arts,Inc.",サイエンスアーツ,"Science Arts,Inc.",,Growth Market(Domestic),Information & Communication,信息通信,通信、网络设备与通信服务,
4413,4413.T,"baudroie,inc.",ボードルア,"baudroie,inc.",,Prime Market (Domestic),Information & Communication,信息通信,通信、网络设备与通信服务,
4414,4414.T,"FLECT Co.,Ltd.",フレクト,"FLECT Co.,Ltd.",,Growth Market(Domestic),Information & Communication,信息通信,通信、网络设备与通信服务,
4415,4415.T,"BROAD ENTERPRISE CO.,LTD.",ブロードエンタープライズ,"BROAD ENTERPRISE CO.,LTD.",,Growth Market(Domestic),Information & Communication,信息通信,通信、网络设备与通信服务,
4416,4416.T,True Data Inc.,Ｔｒｕｅ Ｄａｔａ,True Data Inc.,,Growth Market(Domestic),Information & Communication,信息通信,通信、网络设备与通信服务,
4417,4417.T,Global Security Experts Inc.,グローバルセキュリティエキスパート,Global Security Experts Inc.,,Growth Market(Domestic),Information & Communication,信息通信,通信、网络设备与通信服务,
4418,4418.T,Japan Data Science Consortium Co.Ltd.,ＪＤＳＣ,Japan Data Science Consortium Co.Ltd.,,Growth Market(Domestic),Information & Communication,信息通信,通信、网络设备与通信服务,
4419,4419.T,Finatext Holdings Ltd.,Ｆｉｎａｔｅｘｔホールディングス,Ｆｉｎａｔｅｘｔ控股,,Growth Market(Domestic),Information & Communication,信息通信,通信、网络设备与通信服务,
0441,441.T,NE Inc.,ＮＥ,NE Inc.,,Growth Market(Domestic),Information & Communication,信息通信,通信、网络设备与通信服务,
4420,4420.T,"eSOL Co.,Ltd.",イーソル,"eSOL Co.,Ltd.",,Standard Market(Domestic),Information & Communication,信息通信,通信、网络设备与通信服务,
4421,4421.T,"D.I.System Co.,Ltd.",ディ・アイ・システム,ディ・アイ・系统,,Standard Market(Domestic),Information & Communication,信息通信,通信、网络设备与通信服务,
4422,4422.T,VALUENEX Japan Inc.,ＶＡＬＵＥＮＥＸ,VALUENEX Japan Inc.,,Growth Market(Domestic),Information & Communication,信息通信,通信、网络设备与通信服务,
4424,4424.T,"Amazia,inc.",Ａｍａｚｉａ,"Amazia,inc.",,Growth Market(Domestic),Information & Communication,信息通信,通信、网络设备与通信服务,
4425,4425.T,Kudan Inc.,Ｋｕｄａｎ,Kudan Inc.,,Growth Market(Domestic),Information & Communication,信息通信,通信、网络设备与通信服务,
4427,4427.T,"EduLab,Inc.",ＥｄｕＬａｂ,"EduLab,Inc.",,Growth Market(Domestic),Information & Communication,信息通信,通信、网络设备与通信服务,
4428,4428.T,sinops Inc.,シノプス,sinops Inc.,,Growth Market(Domestic),Information & Communication,信息通信,通信、网络设备与通信服务,
4429,4429.T,"Ricksoft Co.,Ltd.",リックソフト,"Ricksoft Co.,Ltd.",,Growth Market(Domestic),Information & Communication,信息通信,通信、网络设备与通信服务,
0442,442.T,"Classico,Inc.",クラシコ,"Classico,Inc.",,Growth Market(Domestic),Textiles and Apparels,纤维制品,纺织、服装与生活消费品（具体品类待核验）,
4430,4430.T,"TOKAI SOFT CO.,LTD.",東海ソフト,東海ソフト,,Standard Market(Domestic),Information & Communication,信息通信,通信、网络设备与通信服务,
4431,4431.T,"Smaregi,Inc.",スマレジ,"Smaregi,Inc.",,Growth Market(Domestic),Information & Communication,信息通信,通信、网络设备与通信服务,
4432,4432.T,WingArc1st Inc.,ウイングアーク１ｓｔ,WingArc1st Inc.,,Prime Market (Domestic),Information & Communication,信息通信,通信、网络设备与通信服务,
4433,4433.T,"HITO-Communications Holdings,Inc.",ヒト・コミュニケーションズ・ホールディングス,ヒト・通信ズ・控股,,Prime Market (Domestic),Services,服务业,通信、网络设备与通信服务,
4434,4434.T,"Serverworks Co.,Ltd.",サーバーワークス,"Serverworks Co.,Ltd.",,Standard Market(Domestic),Information & Communication,信息通信,通信、网络设备与通信服务,
4436,4436.T,"MINKABU THE INFONOID,Inc.",ミンカブ・ジ・インフォノイド,"MINKABU THE INFONOID,Inc.",,Growth Market(Domestic),Information & Communication,信息通信,通信、网络设备与通信服务,
4437,4437.T,"gooddays holdings,Inc.",ｇｏｏｄｄａｙｓホールディングス,ｇｏｏｄｄａｙｓ控股,,Growth Market(Domestic),Information & Communication,信息通信,通信、网络设备与通信服务,
4438,4438.T,Welby Inc.,Ｗｅｌｂｙ,Welby Inc.,,Growth Market(Domestic),Information & Communication,信息通信,通信、网络设备与通信服务,
4439,4439.T,"TOUMEI CO.,LTD.",東名,東名,,Standard Market(Domestic),Information & Communication,信息通信,通信、网络设备与通信服务,
4440,4440.T,WITZ Corporation,ヴィッツ,WITZ 公司,,Standard Market(Domestic),Information & Communication,信息通信,通信、网络设备与通信服务,
4441,4441.T,Tobila Systems Inc.,トビラシステムズ,トビラ系统,,Standard Market(Domestic),Information & Communication,信息通信,通信、网络设备与通信服务,
4442,4442.T,"VALTES HOLDINGS CO.,LTD.",バルテス・ホールディングス,バルテス・控股,,Growth Market(Domestic),Information & Communication,信息通信,通信、网络设备与通信服务,
4443,4443.T,"Sansan,Inc.",Ｓａｎｓａｎ,"Sansan,Inc.",,Prime Market (Domestic),Information & Communication,信息通信,通信、网络设备与通信服务,
4444,4444.T,INFONET inc.,インフォネット,INFONET inc.,,Growth Market(Domestic),Information & Communication,信息通信,通信、网络设备与通信服务,
4445,4445.T,Living Technologies Inc.,リビン・テクノロジーズ,リビン・科技,,Growth Market(Domestic),Information & Communication,信息通信,通信、网络设备与通信服务,
4446,4446.T,Link-U Group Inc.,Ｌｉｎｋ－Ｕグループ,Ｌｉｎｋ－Ｕ集团,,Standard Market(Domestic),Information & Communication,信息通信,通信、网络设备与通信服务,
4447,4447.T,"PBsystems,Inc.",ピー・ビーシステムズ,ピー・ビー系统,,Growth Market(Domestic),Information & Communication,信息通信,通信、网络设备与通信服务,
4448,4448.T,"kubell Co.,Ltd.",ｋｕｂｅｌｌ,"kubell Co.,Ltd.",,Growth Market(Domestic),Information & Communication,信息通信,通信、网络设备与通信服务,
4450,4450.T,"Power Solutions,Ltd.",パワーソリューションズ,パワー解决方案,,Growth Market(Domestic),Information & Communication,信息通信,通信、网络设备与通信服务,
4452,4452.T,Kao Corporation,花王,花王,,Prime Market (Domestic),Chemicals,化学,基础化工/特种化学品（具体品类待核验）,
4461,4461.T,DKS Co.Ltd.,第一工業製薬,第一工業製薬,,Prime Market (Domestic),Chemicals,化学,基础化工/特种化学品（具体品类待核验）,
4462,4462.T,"ISHIHARA CHEMICAL CO.,LTD.",石原ケミカル,石原化学,,Prime Market (Domestic),Chemicals,化学,基础化工/特种化学品（具体品类待核验）,
4463,4463.T,"NICCA CHEMICAL CO.,LTD.",日華化学,日華化学,,Standard Market(Domestic),Chemicals,化学,基础化工/特种化学品（具体品类待核验）,
4464,4464.T,SOFT99corporation,ソフト９９コーポレーション,ソフト９９公司,,Standard Market(Domestic),Chemicals,化学,基础化工/特种化学品（具体品类待核验）,
4465,4465.T,"Niitaka Co., Ltd.",ニイタカ,"Niitaka Co., Ltd.",,Standard Market(Domestic),Chemicals,化学,基础化工/特种化学品（具体品类待核验）,
0446,446.T,"Northsand,Inc.",ノースサンド,"Northsand,Inc.",,Growth Market(Domestic),Services,服务业,专业服务、消费服务与商业服务（具体业务待核验）,
4471,4471.T,"SANYO CHEMICAL INDUSTRIES,LTD.",三洋化成工業,三洋化成工業,,Prime Market (Domestic),Chemicals,化学,基础化工/特种化学品（具体品类待核验）,
4475,4475.T,HENNGE K.K.,ＨＥＮＮＧＥ,HENNGE K.K.,,Growth Market(Domestic),Information & Communication,信息通信,通信、网络设备与通信服务,
4476,4476.T,AI CROSS Inc.,ＡＩ ＣＲＯＳＳ,AI CROSS Inc.,,Growth Market(Domestic),Information & Communication,信息通信,通信、网络设备与通信服务,
4477,4477.T,"BASE,Inc.",ＢＡＳＥ,"BASE,Inc.",,Growth Market(Domestic),Information & Communication,信息通信,通信、网络设备与通信服务,
4478,4478.T,freee K.K.,フリー,freee K.K.,,Growth Market(Domestic),Information & Communication,信息通信,通信、网络设备与通信服务,
4479,4479.T,"Makuake,Inc.",マクアケ,"Makuake,Inc.",,Growth Market(Domestic),Information & Communication,信息通信,通信、网络设备与通信服务,
4480,4480.T,"MEDLEY,INC.",メドレー,"MEDLEY,INC.",,Prime Market (Domestic),Information & Communication,信息通信,通信、网络设备与通信服务,
4481,4481.T,"BASE CO.,LTD.",ベース,"BASE CO.,LTD.",,Prime Market (Domestic),Information & Communication,信息通信,通信、网络设备与通信服务,
4482,4482.T,WILLs Inc.,ウィルズ,WILLs Inc.,,Growth Market(Domestic),Information & Communication,信息通信,通信、网络设备与通信服务,
4483,4483.T,JMDC Inc.,ＪＭＤＣ,JMDC Inc.,,Prime Market (Domestic),Information & Communication,信息通信,通信、网络设备与通信服务,
4484,4484.T,"LANCERS,INC.",ランサーズ,"LANCERS,INC.",,Growth Market(Domestic),Information & Communication,信息通信,通信、网络设备与通信服务,
4486,4486.T,Unite and Grow Inc.,ユナイトアンドグロウ,Unite and Grow Inc.,,Growth Market(Domestic),Information & Communication,信息通信,通信、网络设备与通信服务,
4487,4487.T,"Spacemarket,Inc.",スペースマーケット,"Spacemarket,Inc.",,Growth Market(Domestic),Information & Communication,信息通信,通信、网络设备与通信服务,
4488,4488.T,AI inside Inc.,ＡＩ ｉｎｓｉｄｅ,AI inside Inc.,,Growth Market(Domestic),Information & Communication,信息通信,通信、网络设备与通信服务,
4490,4490.T,VisasQ Inc.,ビザスク,VisasQ Inc.,,Growth Market(Domestic),Information & Communication,信息通信,通信、网络设备与通信服务,
4491,4491.T,"Computer Management Co.,Ltd.",コンピューターマネージメント,"Computer Management Co.,Ltd.",,Standard Market(Domestic),Information & Communication,信息通信,通信、网络设备与通信服务,
4492,4492.T,GENETEC CORPORATION,ゼネテック,GENETEC 公司,,Standard Market(Domestic),Information & Communication,信息通信,通信、网络设备与通信服务,
4493,4493.T,"Cyber Security Cloud,Inc.",サイバーセキュリティクラウド,"Cyber Security Cloud,Inc.",,Growth Market(Domestic),Information & Communication,信息通信,软件/IT服务/系统集成,
4495,4495.T,"i Cubed Systems,Inc.",アイキューブドシステムズ,アイキューブド系统,,Growth Market(Domestic),Information & Communication,信息通信,通信、网络设备与通信服务,
4496,4496.T,Commerce One Holdings Inc.,コマースＯｎｅホールディングス,コマースＯｎｅ控股,,Growth Market(Domestic),Information & Communication,信息通信,批发贸易/综合商社,
4498,4498.T,"Cybertrust Japan Co.,Ltd.",サイバートラスト,"Cybertrust Japan Co.,Ltd.",,Growth Market(Domestic),Information & Communication,信息通信,通信、网络设备与通信服务,
4499,4499.T,"Speee,Inc.",Ｓｐｅｅｅ,"Speee,Inc.",,Standard Market(Domestic),Information & Communication,信息通信,通信、网络设备与通信服务,
4502,4502.T,Takeda Pharmaceutical Company Limited,武田薬品工業,武田药品工业,,Prime Market (Domestic),Pharmaceutical,医药品,创新药与处方药（综合制药）,
4503,4503.T,Astellas Pharma Inc.,アステラス製薬,安斯泰来制药,,Prime Market (Domestic),Pharmaceutical,医药品,医药、生物科技与处方药,4812.61
4506,4506.T,"Sumitomo Pharma Co.,Ltd.",住友ファーマ,住友制药,,Prime Market (Domestic),Pharmaceutical,医药品,医药、生物科技与处方药,
4507,4507.T,"Shionogi & Co.,Ltd.",塩野義製薬,盐野义制药,,Prime Market (Domestic),Pharmaceutical,医药品,医药、生物科技与处方药,20.72
4512,4512.T,"WAKAMOTO PHARMACEUTICAL CO.,LTD.",わかもと製薬,わかもと製薬,,Standard Market(Domestic),Pharmaceutical,医药品,医药、生物科技与处方药,
4516,4516.T,"Nippon Shinyaku Co.,Ltd.",日本新薬,日本新薬,,Prime Market (Domestic),Pharmaceutical,医药品,医药、生物科技与处方药,
4519,4519.T,"CHUGAI PHARMACEUTICAL CO.,LTD.",中外製薬,中外制药,,Prime Market (Domestic),Pharmaceutical,医药品,创新药与处方药（抗体药物等）,10694.34
4521,4521.T,"KAKEN PHARMACEUTICAL CO.,LTD.",科研製薬,科研製薬,,Prime Market (Domestic),Pharmaceutical,医药品,医药、生物科技与处方药,
4523,4523.T,"Eisai Co.,Ltd.",エーザイ,卫材,,Prime Market (Domestic),Pharmaceutical,医药品,医药、生物科技与处方药,
4524,4524.T,"MORISHITA JINTAN CO.,LTD.",森下仁丹,森下仁丹,,Standard Market(Domestic),Pharmaceutical,医药品,医药、生物科技与处方药,
4526,4526.T,"RIKEN VITAMIN CO.,LTD.",理研ビタミン,理研ビタミン,,Prime Market (Domestic),Foods,食品,食品饮料与食品加工（具体品类待核验）,
4527,4527.T,"ROHTO PHARMACEUTICAL CO.,LTD.",ロート製薬,ロート製薬,,Prime Market (Domestic),Pharmaceutical,医药品,医药、生物科技与处方药,
4528,4528.T,"ONO PHARMACEUTICAL CO.,LTD.",小野薬品工業,小野薬品工業,,Prime Market (Domestic),Pharmaceutical,医药品,医药、生物科技与处方药,
4531,4531.T,"Yuki Gosei Kogyo Co.,Ltd.",有機合成薬品工業,有機合成薬品工業,,Standard Market(Domestic),Chemicals,化学,基础化工/特种化学品（具体品类待核验）,
4534,4534.T,"Mochida Pharmaceutical Co.,Ltd.",持田製薬,持田製薬,,Prime Market (Domestic),Pharmaceutical,医药品,医药、生物科技与处方药,
4536,4536.T,"SANTEN PHARMACEUTICAL CO.,LTD.",参天製薬,参天製薬,,Prime Market (Domestic),Pharmaceutical,医药品,医药、生物科技与处方药,520.53
4538,4538.T,"Fuso Pharmaceutical Industries,Ltd.",扶桑薬品工業,扶桑薬品工業,,Prime Market (Domestic),Pharmaceutical,医药品,医药、生物科技与处方药,
4539,4539.T,"NIPPON CHEMIPHAR CO.,LTD.",日本ケミファ,日本ケミファ,,Standard Market(Domestic),Pharmaceutical,医药品,医药、生物科技与处方药,
4540,4540.T,TSUMURA & CO.,ツムラ,TSUMURA & CO.,,Prime Market (Domestic),Pharmaceutical,医药品,医药、生物科技与处方药,
4543,4543.T,TERUMO CORPORATION,テルモ,TERUMO 公司,,Prime Market (Domestic),Precision Instruments,精密仪器,精密仪器与光学设备,
4544,4544.T,"H.U. Group Holdings,Inc.",Ｈ．Ｕ．グループホールディングス,Ｈ．Ｕ．集团控股,,Prime Market (Domestic),Services,服务业,专业服务、消费服务与商业服务（具体业务待核验）,
4547,4547.T,"KISSEI PHARMACEUTICAL CO.,LTD.",キッセイ薬品工業,キッセイ薬品工業,,Prime Market (Domestic),Pharmaceutical,医药品,医药、生物科技与处方药,
4548,4548.T,SEIKAGAKU CORPORATION,生化学工業,生化学工業,,Prime Market (Domestic),Pharmaceutical,医药品,医药、生物科技与处方药,
4549,4549.T,"EIKEN CHEMICAL CO.,LTD.",栄研化学,栄研化学,,Prime Market (Domestic),Pharmaceutical,医药品,医药、生物科技与处方药,
4552,4552.T,"JCR Pharmaceuticals Co.,Ltd.",ＪＣＲファーマ,ＪＣＲ制药,,Prime Market (Domestic),Pharmaceutical,医药品,医药、生物科技与处方药,
4553,4553.T,"TOWA PHARMACEUTICAL CO.,LTD.",東和薬品,東和薬品,,Prime Market (Domestic),Pharmaceutical,医药品,医药、生物科技与处方药,
4554,4554.T,"Fuji Pharma Co.,Ltd.",富士製薬工業,富士製薬工業,,Prime Market (Domestic),Pharmaceutical,医药品,医药、生物科技与处方药,
4558,4558.T,"CHUKYO IYAKUHIN CO.,LTD.",中京医薬品,中京医薬品,,Standard Market(Domestic),Pharmaceutical,医药品,医药、生物科技与处方药,
4559,4559.T,"ZERIA PHARMACEUTICAL CO.,LTD.",ゼリア新薬工業,ゼリア新薬工業,,Prime Market (Domestic),Pharmaceutical,医药品,医药、生物科技与处方药,
4563,4563.T,"AnGes,Inc.",アンジェス,"AnGes,Inc.",,Growth Market(Domestic),Pharmaceutical,医药品,医药、生物科技与处方药,
4564,4564.T,"OncoTherapy Science,Inc.",オンコセラピー・サイエンス,"OncoTherapy Science,Inc.",,Growth Market(Domestic),Pharmaceutical,医药品,医药、生物科技与处方药,
4565,4565.T,"Nxera Pharma Co.,Ltd.",ネクセラファーマ,ネクセラ制药,,Prime Market (Domestic),Pharmaceutical,医药品,医药、生物科技与处方药,492.54
4568,4568.T,"DAIICHI SANKYO COMPANY,LIMITED",第一三共,第一三共,,Prime Market (Domestic),Pharmaceutical,医药品,创新药与处方药（肿瘤及专科药）,520.53
4569,4569.T,"KYORIN Pharmaceutical Co.,Ltd.",杏林製薬,杏林製薬,,Prime Market (Domestic),Pharmaceutical,医药品,医药、生物科技与处方药,
0456,456.T,HUMAN MADE Inc.,ＨＵＭＡＮ ＭＡＤＥ,HUMAN MADE Inc.,,Growth Market(Domestic),Retail Trade,零售业,零售与消费品渠道,
4570,4570.T,"Immuno-Biological Laboratories Co.,Ltd.",免疫生物研究所,免疫生物研究所,,Growth Market(Domestic),Pharmaceutical,医药品,医药、生物科技与处方药,
4571,4571.T,"Nano Holdings,Inc.",ＮＡＮＯホールディングス,ＮＡＮＯ控股,,Growth Market(Domestic),Pharmaceutical,医药品,医药、生物科技与处方药,
4572,4572.T,"Carna Biosciences,Inc.",カルナバイオサイエンス,カルナ生物サイエンス,,Growth Market(Domestic),Pharmaceutical,医药品,医药、生物科技与处方药,
4574,4574.T,"TAIKO PHARMACEUTICAL CO.,LTD.",大幸薬品,大幸薬品,,Prime Market (Domestic),Pharmaceutical,医药品,医药、生物科技与处方药,
4575,4575.T,"CanBas Co.,Ltd.",キャンバス,"CanBas Co.,Ltd.",,Growth Market(Domestic),Pharmaceutical,医药品,医药、生物科技与处方药,
4576,4576.T,"D.Western Therapeutics Institute, Inc.",デ・ウエスタン・セラピテクス研究所,デ・ウエスタン・セラピテクス研究所,,Growth Market(Domestic),Pharmaceutical,医药品,医药、生物科技与处方药,
4577,4577.T,"Daito Pharmaceutical Co.,Ltd.",ダイト,"Daito 制药 Co.,Ltd.",,Prime Market (Domestic),Pharmaceutical,医药品,医药、生物科技与处方药,
4578,4578.T,"Otsuka Holdings Co.,Ltd.",大塚ホールディングス,大塚控股,,Prime Market (Domestic),Pharmaceutical,医药品,医药、生物科技与处方药,
4579,4579.T,RaQualia Pharma Inc.,ラクオリア創薬,ラクオリア創薬,,Growth Market(Domestic),Pharmaceutical,医药品,医药、生物科技与处方药,
4582,4582.T,SymBio Pharmaceuticals Limited,シンバイオ製薬,シン生物製薬,,Growth Market(Domestic),Pharmaceutical,医药品,医药、生物科技与处方药,
4583,4583.T,Chiome Bioscience Inc.,カイオム・バイオサイエンス,カイオム・生物サイエンス,,Growth Market(Domestic),Pharmaceutical,医药品,医药、生物科技与处方药,
4584,4584.T,Kidswell Bio Corporation,キッズウェル・バイオ,キッズウェル・生物,,Growth Market(Domestic),Pharmaceutical,医药品,医药、生物科技与处方药,
4586,4586.T,"Medrx Co.,Ltd.",メドレックス,"Medrx Co.,Ltd.",,Growth Market(Domestic),Pharmaceutical,医药品,医药、生物科技与处方药,
4587,4587.T,PeptiDream Inc.,ペプチドリーム,PeptiDream Inc.,,Prime Market (Domestic),Pharmaceutical,医药品,医药、生物科技与处方药,
4588,4588.T,Oncolys BioPharma Inc.,オンコリスバイオファーマ,オンコリス生物制药,,Growth Market(Domestic),Pharmaceutical,医药品,医药、生物科技与处方药,
4591,4591.T,RIBOMIC Inc.,リボミック,RIBOMIC Inc.,,Growth Market(Domestic),Pharmaceutical,医药品,医药、生物科技与处方药,
4592,4592.T,SanBio Company Limited,サンバイオ,サン生物,,Growth Market(Domestic),Pharmaceutical,医药品,医药、生物科技与处方药,
4593,4593.T,HEALIOS K.K.,ヘリオス,HEALIOS K.K.,,Growth Market(Domestic),Pharmaceutical,医药品,医药、生物科技与处方药,
4594,4594.T,"BrightPath Biotherapeutics Co.,Ltd.",ブライトパス・バイオ,ブライトパス・生物,,Growth Market(Domestic),Pharmaceutical,医药品,医药、生物科技与处方药,
4595,4595.T,"MIZUHO MEDY CO.,LTD.",ミズホメディー,"MIZUHO MEDY CO.,LTD.",,Standard Market(Domestic),Pharmaceutical,医药品,医药、生物科技与处方药,
4596,4596.T,"Kubota Pharmaceutical Holdings Co.,Ltd.",窪田製薬ホールディングス,窪田製薬控股,,Growth Market(Domestic),Pharmaceutical,医药品,医药、生物科技与处方药,
4597,4597.T,Solasia Pharma K.K.,ソレイジア・ファーマ,ソレイジア・制药,,Growth Market(Domestic),Pharmaceutical,医药品,医药、生物科技与处方药,
4598,4598.T,"Delta-Fly Pharma,Inc.",Ｄｅｌｔａ－Ｆｌｙ Ｐｈａｒｍａ,"Delta-Fly Pharma,Inc.",,Growth Market(Domestic),Pharmaceutical,医药品,医药、生物科技与处方药,
4599,4599.T,StemRIM Inc.,ステムリム,StemRIM Inc.,,Growth Market(Domestic),Pharmaceutical,医药品,医药、生物科技与处方药,
0460,460.T,BRANU Inc.,ＢＲＡＮＵ,BRANU Inc.,,Growth Market(Domestic),Information & Communication,信息通信,通信、网络设备与通信服务,
4611,4611.T,"Dai Nippon Toryo Company,Limited",大日本塗料,大日本塗料,,Prime Market (Domestic),Chemicals,化学,基础化工/特种化学品（具体品类待核验）,
4612,4612.T,"NIPPON PAINT HOLDINGS CO.,LTD.",日本ペイントホールディングス,日本ペイント控股,,Prime Market (Domestic),Chemicals,化学,基础化工/特种化学品（具体品类待核验）,
4613,4613.T,"KANSAI PAINT CO.,LTD.",関西ペイント,関西ペイント,,Prime Market (Domestic),Chemicals,化学,基础化工/特种化学品（具体品类待核验）,
4615,4615.T,"SHINTO PAINT COMPANY,LIMITED",神東塗料,神東塗料,,Standard Market(Domestic),Chemicals,化学,基础化工/特种化学品（具体品类待核验）,
4616,4616.T,"KAWAKAMI PAINT MANUFACTURING CO.,LTD.",川上塗料,川上塗料,,Standard Market(Domestic),Chemicals,化学,基础化工/特种化学品（具体品类待核验）,
4617,4617.T,"Chugoku Marine Paints,Ltd.",中国塗料,中国塗料,,Prime Market (Domestic),Chemicals,化学,基础化工/特种化学品（具体品类待核验）,
4619,4619.T,"Nihon Tokushu Toryo Co.,Ltd.",日本特殊塗料,日本特殊塗料,,Standard Market(Domestic),Chemicals,化学,基础化工/特种化学品（具体品类待核验）,
4620,4620.T,"FUJIKURA KASEI CO.,LTD.",藤倉化成,藤倉化成,,Standard Market(Domestic),Chemicals,化学,基础化工/特种化学品（具体品类待核验）,
4623,4623.T,ASAHIPEN CORPORATION,アサヒペン,ASAHIPEN 公司,,Standard Market(Domestic),Chemicals,化学,基础化工/特种化学品（具体品类待核验）,
4624,4624.T,"Isamu Paint Co.,Ltd.",イサム塗料,イサム塗料,,Standard Market(Domestic),Chemicals,化学,基础化工/特种化学品（具体品类待核验）,
4625,4625.T,"ATOMIX CO.,LTD.",アトミクス,"ATOMIX CO.,LTD.",,Standard Market(Domestic),Chemicals,化学,基础化工/特种化学品（具体品类待核验）,
4626,4626.T,"TAIYO HOLDINGS CO.,LTD.",太陽ホールディングス,太陽控股,,Prime Market (Domestic),Chemicals,化学,基础化工/特种化学品（具体品类待核验）,
4627,4627.T,"NATOCO CO.,LTD.",ナトコ,"NATOCO CO.,LTD.",,Standard Market(Domestic),Chemicals,化学,基础化工/特种化学品（具体品类待核验）,
4628,4628.T,"SK KAKEN CO.,LTD.",エスケー化研,エスケー化研,,Standard Market(Domestic),Chemicals,化学,基础化工/特种化学品（具体品类待核验）,
4629,4629.T,"DAISHIN CHEMICAL CO.,LTD.",大伸化学,大伸化学,,Standard Market(Domestic),Chemicals,化学,基础化工/特种化学品（具体品类待核验）,
0462,462.T,"FUNDINNO,INC.",ＦＵＮＤＩＮＮＯ,"FUNDINNO,INC.",,Growth Market(Domestic),Securities and Commodities Futures,证券商品期货,证券经纪与投资银行服务,
4631,4631.T,DIC Corporation,ＤＩＣ,DIC 公司,,Prime Market (Domestic),Chemicals,化学,基础化工/特种化学品（具体品类待核验）,
4633,4633.T,SAKATA INX CORPORATION,サカタインクス,SAKATA INX 公司,,Prime Market (Domestic),Chemicals,化学,基础化工/特种化学品（具体品类待核验）,
4634,4634.T,"artience Co.,Ltd.",ａｒｔｉｅｎｃｅ,"artience Co.,Ltd.",,Prime Market (Domestic),Chemicals,化学,基础化工/特种化学品（具体品类待核验）,
4635,4635.T,"TOKYO PRINTING INK MFG.CO.,LTD.",東京インキ,東京インキ,,Standard Market(Domestic),Chemicals,化学,基础化工/特种化学品（具体品类待核验）,
0463,463.T,"INTELLEX HOLDINGS Co.,Ltd.",インテリックスホールディングス,インテリックス控股,,Standard Market(Domestic),Real Estate,不动产业,房地产开发与物业运营,
4641,4641.T,Altech Corporation,アルプス技研,アルプス技研,,Prime Market (Domestic),Services,服务业,专业服务、消费服务与商业服务（具体业务待核验）,
4642,4642.T,"ORIGINAL ENGINEERING CONSULTANTS CO.,LTD.",オリジナル設計,オリジナル設計,,Standard Market(Domestic),Services,服务业,专业服务、消费服务与商业服务（具体业务待核验）,
4644,4644.T,"Imagineer Co.,Ltd.",イマジニア,"Imagineer Co.,Ltd.",,Standard Market(Domestic),Information & Communication,信息通信,通信、网络设备与通信服务,
4645,4645.T,"ICHISHIN HOLDINGS CO.,LTD.",市進ホールディングス,市進控股,,Standard Market(Domestic),Services,服务业,专业服务、消费服务与商业服务（具体业务待核验）,
0464,464.T,QPS Holdings Inc.,ＱＰＳホールディングス,ＱＰＳ控股,,Growth Market(Domestic),Information & Communication,信息通信,通信、网络设备与通信服务,
4650,4650.T,"SD ENTERTAINMENT,Inc.",ＳＤエンターテイメント,"SD ENTERTAINMENT,Inc.",,Standard Market(Domestic),Services,服务业,专业服务、消费服务与商业服务（具体业务待核验）,
4651,4651.T,SANIX HOLDINGS INCORPORATED,サニックスホールディングス,サニックス控股,,Standard Market(Domestic),Services,服务业,专业服务、消费服务与商业服务（具体业务待核验）,
4657,4657.T,"ENVIRONMENTAL CONTROL CENTER CO.,LTD.",環境管理センター,環境管理中心,,Standard Market(Domestic),Services,服务业,专业服务、消费服务与商业服务（具体业务待核验）,
4658,4658.T,"Nippon Air Conditioning Services Co.,Ltd.",日本空調サービス,日本空調服务,,Prime Market (Domestic),Services,服务业,专业服务、消费服务与商业服务（具体业务待核验）,
4661,4661.T,"ORIENTAL LAND CO.,LTD.",オリエンタルランド,东方乐园,,Prime Market (Domestic),Services,服务业,主题乐园与休闲娱乐（东京迪士尼运营）,
4662,4662.T,Focus Systems Corporation,フォーカスシステムズ,フォーカス系统,,Prime Market (Domestic),Information & Communication,信息通信,通信、网络设备与通信服务,
4664,4664.T,JAPAN RELIANCE SERVICE CORPORATION,アール・エス・シー,JAPAN RELIANCE SERVICE 公司,,Standard Market(Domestic),Services,服务业,专业服务、消费服务与商业服务（具体业务待核验）,
4665,4665.T,"DUSKIN CO.,LTD.",ダスキン,"DUSKIN CO.,LTD.",,Prime Market (Domestic),Services,服务业,专业服务、消费服务与商业服务（具体业务待核验）,
4666,4666.T,"PARK24 Co.,Ltd.",パーク２４,"PARK24 Co.,Ltd.",,Prime Market (Domestic),Real Estate,不动产业,房地产开发与物业运营,
4667,4667.T,"AISAN TECHNOLOGY CO.,LTD.",アイサンテクノロジー,アイサン科技,,Standard Market(Domestic),Information & Communication,信息通信,通信、网络设备与通信服务,
4668,4668.T,"MEIKO NETWORK JAPAN CO.,LTD.",明光ネットワークジャパン,明光网络ジャパン,,Prime Market (Domestic),Services,服务业,通信、网络设备与通信服务,
4671,4671.T,"FALCO HOLDINGS Co.,Ltd.",ファルコホールディングス,ファルコ控股,,Standard Market(Domestic),Services,服务业,专业服务、消费服务与商业服务（具体业务待核验）,
4673,4673.T,"Kawasaki Geological Engineering Co.,Ltd.",川崎地質,川崎地質,,Standard Market(Domestic),Services,服务业,专业服务、消费服务与商业服务（具体业务待核验）,
4674,4674.T,CRESCO LTD.,クレスコ,CRESCO LTD.,,Prime Market (Domestic),Information & Communication,信息通信,通信、网络设备与通信服务,
4676,4676.T,"FUJI MEDIA HOLDINGS,INC.",フジ・メディア・ホールディングス,フジ・媒体・控股,,Prime Market (Domestic),Information & Communication,信息通信,广告、营销与媒体服务,
4678,4678.T,"SHUEI YOBIKO Co.,Ltd.",秀英予備校,秀英予備校,,Standard Market(Domestic),Services,服务业,专业服务、消费服务与商业服务（具体业务待核验）,
4679,4679.T,"TAYA Co.,Ltd.",田谷,田谷,,Standard Market(Domestic),Services,服务业,专业服务、消费服务与商业服务（具体业务待核验）,
4680,4680.T,ROUND ONE Corporation,ラウンドワン,ROUND ONE 公司,,Prime Market (Domestic),Services,服务业,专业服务、消费服务与商业服务（具体业务待核验）,
4681,4681.T,"RESORTTRUST,INC.",リゾートトラスト,度假トラスト,,Prime Market (Domestic),Services,服务业,酒店、旅游与休闲服务,
4684,4684.T,"OBIC Co.,Ltd.",オービック,"OBIC Co.,Ltd.",,Prime Market (Domestic),Information & Communication,信息通信,通信、网络设备与通信服务,
4685,4685.T,"Ryoyu Systems Co.,Ltd.",菱友システムズ,菱友系统,,Standard Market(Domestic),Information & Communication,信息通信,通信、网络设备与通信服务,
4686,4686.T,JUSTSYSTEMS CORPORATION,ジャストシステム,ジャスト系统,,Prime Market (Domestic),Information & Communication,信息通信,通信、网络设备与通信服务,
4687,4687.T,TDC SOFT Inc.,ＴＤＣソフト,TDC SOFT Inc.,,Prime Market (Domestic),Information & Communication,信息通信,通信、网络设备与通信服务,
4689,4689.T,LY Corporation,ＬＩＮＥヤフー,LINE雅虎,,Prime Market (Domestic),Information & Communication,信息通信,通信、网络设备与通信服务,
4691,4691.T,WASHINGTON HOTEL CORPORATION,ワシントンホテル,ワシントン酒店,,Standard Market(Domestic),Services,服务业,酒店、旅游与休闲服务,
4694,4694.T,"BML,INC.",ビー・エム・エル,"BML,INC.",,Prime Market (Domestic),Services,服务业,专业服务、消费服务与商业服务（具体业务待核验）,
0469,469.T,Fitcrew Inc.,フィットクルー,Fitcrew Inc.,,Growth Market(Domestic),Services,服务业,专业服务、消费服务与商业服务（具体业务待核验）,
4704,4704.T,Trend Micro Incorporated,トレンドマイクロ,Trend Micro Incorporated,,Prime Market (Domestic),Information & Communication,信息通信,通信、网络设备与通信服务,
4705,4705.T,CLIP Corporation,クリップコーポレーション,クリップ公司,,Standard Market(Domestic),Services,服务业,专业服务、消费服务与商业服务（具体业务待核验）,
4707,4707.T,KITAC CORPORATION,キタック,KITAC 公司,,Standard Market(Domestic),Services,服务业,专业服务、消费服务与商业服务（具体业务待核验）,
4709,4709.T,ID Holdings Corporation,ＩＤホールディングス,ＩＤ控股,,Prime Market (Domestic),Information & Communication,信息通信,通信、网络设备与通信服务,
4712,4712.T,"KeyHolder,Inc.",ＫｅｙＨｏｌｄｅｒ,"KeyHolder,Inc.",,Standard Market(Domestic),Services,服务业,专业服务、消费服务与商业服务（具体业务待核验）,
4714,4714.T,RISO KYOIKU GROUP CORPORATION,リソー教育グループ,リソー教育集团,,Prime Market (Domestic),Services,服务业,专业服务、消费服务与商业服务（具体业务待核验）,
4716,4716.T,ORACLE CORPORATION JAPAN,日本オラクル,日本オラクル,,Standard Market(Domestic),Information & Communication,信息通信,通信、网络设备与通信服务,
4718,4718.T,"WASEDA ACADEMY CO.,LTD.",早稲田アカデミー,早稲田アカデミー,,Prime Market (Domestic),Services,服务业,专业服务、消费服务与商业服务（具体业务待核验）,
4719,4719.T,ALPHA SYSTEMS INC.,アルファシステムズ,アルファ系统,,Prime Market (Domestic),Information & Communication,信息通信,通信、网络设备与通信服务,
0471,471.T,"NS Group,Inc.",ＮＳグループ,ＮＳ集团,,Prime Market (Domestic),Other Financing Business,其他金融,融资租赁、消费金融与其他金融服务,
4720,4720.T,"JOHNAN ACADEMIC PREPARATORY INSTITUTE,INC.",城南進学研究社,城南進学研究社,,Standard Market(Domestic),Services,服务业,专业服务、消费服务与商业服务（具体业务待核验）,
4722,4722.T,Future Corporation,フューチャー,Future 公司,,Prime Market (Domestic),Information & Communication,信息通信,通信、网络设备与通信服务,
4725,4725.T,CAC Holdings Corporation,ＣＡＣ Ｈｏｌｄｉｎｇｓ,CAC 控股 公司,,Prime Market (Domestic),Information & Communication,信息通信,通信、网络设备与通信服务,
4728,4728.T,"TOSE CO.,LTD.",トーセ,"TOSE CO.,LTD.",,Standard Market(Domestic),Information & Communication,信息通信,通信、网络设备与通信服务,
0472,472.T,"Mirrativ,Inc.",ミラティブ,"Mirrativ,Inc.",,Growth Market(Domestic),Information & Communication,信息通信,通信、网络设备与通信服务,
4732,4732.T,"USS Co.,Ltd.",ユー・エス・エス,"USS Co.,Ltd.",,Prime Market (Domestic),Services,服务业,专业服务、消费服务与商业服务（具体业务待核验）,
4733,4733.T,"OBIC BUSINESS CONSULTANTS CO.,LTD.",オービックビジネスコンサルタント,"OBIC BUSINESS CONSULTANTS CO.,LTD.",,Prime Market (Domestic),Information & Communication,信息通信,通信、网络设备与通信服务,
4735,4735.T,"KYOSHIN CO.,LTD.",京進,京進,,Standard Market(Domestic),Services,服务业,专业服务、消费服务与商业服务（具体业务待核验）,
4736,4736.T,Nippon RAD Inc.,日本ラッド,日本ラッド,,Standard Market(Domestic),Information & Communication,信息通信,通信、网络设备与通信服务,
4743,4743.T,ITFOR Inc.,アイティフォー,ITFOR Inc.,,Prime Market (Domestic),Information & Communication,信息通信,通信、网络设备与通信服务,
4746,4746.T,"Toukei Computer Co.,Ltd.",東計電算,東計電算,,Standard Market(Domestic),Information & Communication,信息通信,通信、网络设备与通信服务,
4750,4750.T,"DAISAN CO.,LTD.",ダイサン,"DAISAN CO.,LTD.",,Standard Market(Domestic),Services,服务业,专业服务、消费服务与商业服务（具体业务待核验）,
4751,4751.T,"CyberAgent,Inc.",サイバーエージェント,"CyberAgent,Inc.",,Prime Market (Domestic),Services,服务业,专业服务、消费服务与商业服务（具体业务待核验）,
4752,4752.T,SHOWA SYSTEM ENGINEERING CORPORATION,昭和システムエンジニアリング,昭和系统工程,,Standard Market(Domestic),Information & Communication,信息通信,通信、网络设备与通信服务,
4754,4754.T,TOSNET CORPORATION,トスネット,TOSNET 公司,,Standard Market(Domestic),Services,服务业,专业服务、消费服务与商业服务（具体业务待核验）,
4755,4755.T,"Rakuten Group,Inc.",楽天グループ,乐天集团,,Prime Market (Domestic),Services,服务业,互联网平台与综合电商（电商、金融与通信）,
0475,475.T,"GIMIC Co.,Ltd.",ギミック,"GIMIC Co.,Ltd.",,Standard Market(Domestic),Services,服务业,专业服务、消费服务与商业服务（具体业务待核验）,
4760,4760.T,"ALPHA CO.,LTD.",アルファ,"ALPHA CO.,LTD.",,Standard Market(Domestic),Services,服务业,专业服务、消费服务与商业服务（具体业务待核验）,
4761,4761.T,SAKURA KCS Corporation,さくらケーシーエス,SAKURA KCS 公司,,Standard Market(Domestic),Information & Communication,信息通信,通信、网络设备与通信服务,
4762,4762.T,XNET Corporation,エックスネット,XNET 公司,,Standard Market(Domestic),Information & Communication,信息通信,通信、网络设备与通信服务,
4763,4763.T,"CREEK & RIVER Co.,Ltd.",クリーク・アンド・リバー社,クリーク・アンド・リバー社,,Prime Market (Domestic),Services,服务业,专业服务、消费服务与商业服务（具体业务待核验）,
4765,4765.T,"SBI Global Asset Management Co.,Ltd.",ＳＢＩグローバルアセットマネジメント,ＳＢＩグローバル资产マネジメント,,Prime Market (Domestic),Services,服务业,专业服务、消费服务与商业服务（具体业务待核验）,
4766,4766.T,"PA Co.,Ltd.",ピーエイ,"PA Co.,Ltd.",,Standard Market(Domestic),Services,服务业,专业服务、消费服务与商业服务（具体业务待核验）,
4767,4767.T,"TOW CO.,LTD.",テー・オー・ダブリュー,"TOW CO.,LTD.",,Standard Market(Domestic),Services,服务业,专业服务、消费服务与商业服务（具体业务待核验）,
4768,4768.T,OTSUKA CORPORATION,大塚商会,大塚商会,,Prime Market (Domestic),Information & Communication,信息通信,通信、网络设备与通信服务,
4769,4769.T,"IC CO.,LTD.",ＩＣ,"IC CO.,LTD.",,Standard Market(Domestic),Information & Communication,信息通信,通信、网络设备与通信服务,
0476,476.T,"Tsuji Hongo IT Consulting Co.,Ltd.",辻・本郷ＩＴコンサルティング,辻・本郷ＩＴ咨询,,Standard Market(Domestic),Information & Communication,信息通信,通信、网络设备与通信服务,
4771,4771.T,"F&M CO.,LTD.",エフアンドエム,"F&M CO.,LTD.",,Standard Market(Domestic),Services,服务业,专业服务、消费服务与商业服务（具体业务待核验）,
4772,4772.T,"SM ENTERTAINMENT JAPAN Co.,Ltd.",ＳＭ ＥＮＴＥＲＴＡＩＮＭＥＮＴ ＪＡＰＡＮ,"SM ENTERTAINMENT JAPAN Co.,Ltd.",,Growth Market(Domestic),Information & Communication,信息通信,通信、网络设备与通信服务,
4776,4776.T,"Cybozu,Inc.",サイボウズ,"Cybozu,Inc.",,Prime Market (Domestic),Information & Communication,信息通信,通信、网络设备与通信服务,
4777,4777.T,GALA INCORPORATED,ガーラ,GALA INCORPORATED,,Standard Market(Domestic),Information & Communication,信息通信,通信、网络设备与通信服务,
0477,477.T,"Startline CO.,LTD.",スタートライン,"Startline CO.,LTD.",,Growth Market(Domestic),Services,服务业,专业服务、消费服务与商业服务（具体业务待核验）,
4783,4783.T,"NCD Co.,Ltd.",ＮＣＤ,"NCD Co.,Ltd.",,Standard Market(Domestic),Information & Communication,信息通信,通信、网络设备与通信服务,
4784,4784.T,"GMO internet,Inc.",ＧＭＯインターネット,ＧＭＯ互联网,,Prime Market (Domestic),Services,服务业,专业服务、消费服务与商业服务（具体业务待核验）,
0478,478.T,Hutzper Inc.,フツパー,Hutzper Inc.,,Growth Market(Domestic),Information & Communication,信息通信,通信、网络设备与通信服务,
4792,4792.T,"YAMADA Consulting Group Co.,Ltd.",山田コンサルティンググループ,山田咨询集团,,Prime Market (Domestic),Services,服务业,专业服务、消费服务与商业服务（具体业务待核验）,
0479,479.T,PRONI Inc.,ＰＲＯＮＩ,PRONI Inc.,,Growth Market(Domestic),Information & Communication,信息通信,通信、网络设备与通信服务,
4801,4801.T,"CENTRAL SPORTS CO.,LTD.",セントラルスポーツ,セントラル体育,,Prime Market (Domestic),Services,服务业,专业服务、消费服务与商业服务（具体业务待核验）,
4809,4809.T,Paraca Inc.,パラカ,Paraca Inc.,,Prime Market (Domestic),Real Estate,不动产业,房地产开发与物业运营,
0480,480.T,"LiB Consulting Co.,Ltd.",リブ・コンサルティング,リブ・咨询,,Growth Market(Domestic),Services,服务业,专业服务、消费服务与商业服务（具体业务待核验）,
4811,4811.T,DreamArts Corporation,ドリーム・アーツ,DreamArts 公司,,Growth Market(Domestic),Information & Communication,信息通信,通信、网络设备与通信服务,
4812,4812.T,DENTSU SOKEN INC.,電通総研,電通総研,,Prime Market (Domestic),Information & Communication,信息通信,通信、网络设备与通信服务,
4813,4813.T,"ACCESS CO.,LTD.",ＡＣＣＥＳＳ,"ACCESS CO.,LTD.",,Prime Market (Domestic),Information & Communication,信息通信,通信、网络设备与通信服务,
4814,4814.T,Nextware Ltd.,ネクストウェア,Nextware Ltd.,,Standard Market(Domestic),Information & Communication,信息通信,通信、网络设备与通信服务,
4816,4816.T,"TOEI ANIMATION CO.,LTD.",東映アニメーション,東映アニメーション,,Standard Market(Domestic),Information & Communication,信息通信,通信、网络设备与通信服务,
4819,4819.T,"Digital Garage,Inc.",デジタルガレージ,数字ガレージ,,Prime Market (Domestic),Information & Communication,信息通信,通信、网络设备与通信服务,
4820,4820.T,"EM SYSTEMS CO.,LTD.",イーエムシステムズ,イーエム系统,,Prime Market (Domestic),Information & Communication,信息通信,通信、网络设备与通信服务,
4825,4825.T,WEATHERNEWS INC.,ウェザーニューズ,WEATHERNEWS INC.,,Prime Market (Domestic),Information & Communication,信息通信,通信、网络设备与通信服务,
4826,4826.T,"Computer Institute of Japan, Ltd.",ＣＩＪ,"Computer Institute of Japan, Ltd.",,Prime Market (Domestic),Information & Communication,信息通信,通信、网络设备与通信服务,
4828,4828.T,Business Engineering Corporation,ビジネスエンジニアリング,ビジネス工程,,Prime Market (Domestic),Information & Communication,信息通信,通信、网络设备与通信服务,
4829,4829.T,"Nihon Enterprise Co.,Ltd.",日本エンタープライズ,日本エンタープライズ,,Standard Market(Domestic),Information & Communication,信息通信,通信、网络设备与通信服务,
4832,4832.T,"JFE Systems, Inc.",ＪＦＥシステムズ,ＪＦＥ系统,,Standard Market(Domestic),Information & Communication,信息通信,通信、网络设备与通信服务,
4833,4833.T,"Def consulting,inc.",Ｄｅｆ ｃｏｎｓｕｌｔｉｎｇ,"Def consulting,inc.",,Growth Market(Domestic),Services,服务业,专业服务、消费服务与商业服务（具体业务待核验）,
4838,4838.T,SPACE SHOWER SKIYAKI HOLDINGS INC.,スペースシャワーＳＫＩＹＡＫＩホールディングス,スペースシャワーＳＫＩＹＡＫＩ控股,,Standard Market(Domestic),Information & Communication,信息通信,通信、网络设备与通信服务,
4839,4839.T,WOWOW INC.,ＷＯＷＯＷ,WOWOW INC.,,Prime Market (Domestic),Information & Communication,信息通信,通信、网络设备与通信服务,
0483,483.T,"Tera Technology,Inc.",テラテクノロジー,テラ科技,,Standard Market(Domestic),Information & Communication,信息通信,通信、网络设备与通信服务,
4840,4840.T,TriIs Incorporated,トライアイズ,TriIs Incorporated,,Standard Market(Domestic),Services,服务业,专业服务、消费服务与商业服务（具体业务待核验）,
4845,4845.T,"Scala,Inc.",スカラ,"Scala,Inc.",,Standard Market(Domestic),Information & Communication,信息通信,通信、网络设备与通信服务,
4847,4847.T,INTELLIGENT WAVE INC.,インテリジェント ウェイブ,INTELLIGENT WAVE INC.,,Prime Market (Domestic),Information & Communication,信息通信,通信、网络设备与通信服务,
4848,4848.T,"FULLCAST HOLDINGS CO.,LTD.",フルキャストホールディングス,フルキャスト控股,,Prime Market (Domestic),Services,服务业,专业服务、消费服务与商业服务（具体业务待核验）,
4849,4849.T,en Inc.,エン,en Inc.,,Prime Market (Domestic),Services,服务业,专业服务、消费服务与商业服务（具体业务待核验）,
0485,485.T,"PowerX,Inc.",パワーエックス,"PowerX,Inc.",,Growth Market(Domestic),Electric Appliances,电气设备,电子设备/电气设备（具体产品待核验）,
4875,4875.T,"MediciNova,Inc.",メディシノバ・インク,"MediciNova,Inc.",,Standard Market(Foreign),Pharmaceutical,医药品,医药、生物科技与处方药,
4880,4880.T,"CellSource Co.,Ltd.",セルソース,"CellSource Co.,Ltd.",,Standard Market(Domestic),Pharmaceutical,医药品,医药、生物科技与处方药,
4881,4881.T,FunPep Company Limited,ファンペップ,FunPep Company Limited,,Growth Market(Domestic),Pharmaceutical,医药品,医药、生物科技与处方药,
4882,4882.T,Perseus Proteomics Inc.,ペルセウスプロテオミクス,Perseus Proteomics Inc.,,Growth Market(Domestic),Pharmaceutical,医药品,医药、生物科技与处方药,
4883,4883.T,Modalis Therapeutics Corporation,モダリス,Modalis Therapeutics 公司,,Growth Market(Domestic),Pharmaceutical,医药品,医药、生物科技与处方药,
4884,4884.T,"Kringle Pharma,Inc.",クリングルファーマ,クリングル制药,,Growth Market(Domestic),Pharmaceutical,医药品,医药、生物科技与处方药,
4885,4885.T,MUROMACHI CHEMICALS INC.,室町ケミカル,室町化学,,Standard Market(Domestic),Pharmaceutical,医药品,医药、生物科技与处方药,
4886,4886.T,"ASKA Pharmaceutical Holdings Co.,Ltd.",あすか製薬ホールディングス,あすか製薬控股,,Prime Market (Domestic),Pharmaceutical,医药品,医药、生物科技与处方药,
4887,4887.T,"SAWAI GROUP HOLDINGS Co.,Ltd.",サワイグループホールディングス,サワイ集团控股,,Prime Market (Domestic),Pharmaceutical,医药品,医药、生物科技与处方药,
4888,4888.T,STELLA PHARMA CORPORATION,ステラファーマ,ステラ制药,,Growth Market(Domestic),Pharmaceutical,医药品,医药、生物科技与处方药,
4889,4889.T,Renascience Inc.,レナサイエンス,Renascience Inc.,,Growth Market(Domestic),Pharmaceutical,医药品,医药、生物科技与处方药,
4890,4890.T,Tsubota Laboratory Incorporated,坪田ラボ,坪田ラボ,,Growth Market(Domestic),Pharmaceutical,医药品,医药、生物科技与处方药,
4891,4891.T,"TMS Co.,Ltd.",ティムス,"TMS Co.,Ltd.",,Growth Market(Domestic),Pharmaceutical,医药品,医药、生物科技与处方药,
4892,4892.T,Cyfuse Biomedical K.K.,サイフューズ,Cyfuse Biomedical K.K.,,Growth Market(Domestic),Pharmaceutical,医药品,医药、生物科技与处方药,
4893,4893.T,Noile-Immune Biotech Inc.,ノイルイミューン・バイオテック,ノイルイミューン・生物テック,,Growth Market(Domestic),Pharmaceutical,医药品,医药、生物科技与处方药,
4894,4894.T,Cuorips Inc.,クオリプス,Cuorips Inc.,,Growth Market(Domestic),Pharmaceutical,医药品,医药、生物科技与处方药,
4896,4896.T,"K Pharma,Inc.",ケイファーマ,ケイ制药,,Growth Market(Domestic),Pharmaceutical,医药品,医药、生物科技与处方药,
4901,4901.T,FUJIFILM Holdings Corporation,富士フイルムホールディングス,富士胶片控股,,Prime Market (Domestic),Chemicals,化学,基础化工/特种化学品（具体品类待核验）,
4902,4902.T,"KONICA MINOLTA,INC.",コニカミノルタ,"KONICA MINOLTA,INC.",,Prime Market (Domestic),Electric Appliances,电气设备,电子设备/电气设备（具体产品待核验）,
4911,4911.T,"Shiseido Company,Limited",資生堂,資生堂,,Prime Market (Domestic),Chemicals,化学,基础化工/特种化学品（具体品类待核验）,
4912,4912.T,Lion Corporation,ライオン,Lion 公司,,Prime Market (Domestic),Chemicals,化学,基础化工/特种化学品（具体品类待核验）,
4914,4914.T,TAKASAGO INTERNATIONAL CORPORATION,高砂香料工業,高砂香料工業,,Prime Market (Domestic),Chemicals,化学,基础化工/特种化学品（具体品类待核验）,
4918,4918.T,IVY COSMETICS CORPORATION,アイビー化粧品,アイビー化粧品,,Standard Market(Domestic),Chemicals,化学,基础化工/特种化学品（具体品类待核验）,
4919,4919.T,"Milbon Co.,Ltd.",ミルボン,"Milbon Co.,Ltd.",,Prime Market (Domestic),Chemicals,化学,基础化工/特种化学品（具体品类待核验）,
4920,4920.T,"Nippon Shikizai,Inc.",日本色材工業研究所,日本色材工業研究所,,Standard Market(Domestic),Chemicals,化学,基础化工/特种化学品（具体品类待核验）,
4922,4922.T,KOSE Holdings Corporation,コーセーホールディングス,コーセー控股,,Prime Market (Domestic),Chemicals,化学,基础化工/特种化学品（具体品类待核验）,
4923,4923.T,"COTA CO.,LTD.",コタ,"COTA CO.,LTD.",,Prime Market (Domestic),Chemicals,化学,基础化工/特种化学品（具体品类待核验）,
4925,4925.T,"HABA LABORATORIES,INC.",ハーバー研究所,ハーバー研究所,,Standard Market(Domestic),Chemicals,化学,基础化工/特种化学品（具体品类待核验）,
4926,4926.T,"C'BON COSMETICS Co.,Ltd.",シーボン,"C'BON COSMETICS Co.,Ltd.",,Standard Market(Domestic),Chemicals,化学,基础化工/特种化学品（具体品类待核验）,
4927,4927.T,POLA ORBIS HOLDINGS INC.,ポーラ・オルビスホールディングス,ポーラ・オルビス控股,,Prime Market (Domestic),Chemicals,化学,基础化工/特种化学品（具体品类待核验）,
4928,4928.T,"Noevir Holdings Co.,Ltd.",ノエビアホールディングス,ノエビア控股,,Prime Market (Domestic),Chemicals,化学,基础化工/特种化学品（具体品类待核验）,
4929,4929.T,"ADJUVANT HOLDINGS CO.,LTD.",アジュバンホールディングス,アジュバン控股,,Standard Market(Domestic),Chemicals,化学,基础化工/特种化学品（具体品类待核验）,
4931,4931.T,"Shinnihonseiyaku Co.,Ltd.",新日本製薬,新日本製薬,,Prime Market (Domestic),Chemicals,化学,基础化工/特种化学品（具体品类待核验）,
4932,4932.T,"ALMADO,INC.",アルマード,"ALMADO,INC.",,Standard Market(Domestic),Chemicals,化学,基础化工/特种化学品（具体品类待核验）,
4933,4933.T,"I-ne CO.,LTD.",Ｉ－ｎｅ,"I-ne CO.,LTD.",,Prime Market (Domestic),Chemicals,化学,基础化工/特种化学品（具体品类待核验）,
4934,4934.T,"Premier Anti-Aging Co.,Ltd.",プレミアアンチエイジング,"Premier Anti-Aging Co.,Ltd.",,Growth Market(Domestic),Chemicals,化学,基础化工/特种化学品（具体品类待核验）,
4935,4935.T,"LIBERTA CO.,LTD.",リベルタ,"LIBERTA CO.,LTD.",,Standard Market(Domestic),Chemicals,化学,基础化工/特种化学品（具体品类待核验）,
4936,4936.T,AXXZIA Inc.,アクシージア,AXXZIA Inc.,,Standard Market(Domestic),Chemicals,化学,基础化工/特种化学品（具体品类待核验）,
4937,4937.T,Waqoo Inc.,Ｗａｑｏｏ,Waqoo Inc.,,Growth Market(Domestic),Chemicals,化学,基础化工/特种化学品（具体品类待核验）,
4951,4951.T,S.T.CORPORATION,エステー,S.T.公司,,Prime Market (Domestic),Chemicals,化学,基础化工/特种化学品（具体品类待核验）,
4956,4956.T,"KONISHI CO.,LTD.",コニシ,"KONISHI CO.,LTD.",,Prime Market (Domestic),Chemicals,化学,基础化工/特种化学品（具体品类待核验）,
4958,4958.T,"T.HASEGAWA CO.,LTD.",長谷川香料,長谷川香料,,Prime Market (Domestic),Chemicals,化学,基础化工/特种化学品（具体品类待核验）,
4960,4960.T,"CHEMIPRO KASEI KAISHA,LTD.",ケミプロ化成,ケミプロ化成,,Standard Market(Domestic),Chemicals,化学,基础化工/特种化学品（具体品类待核验）,
4966,4966.T,"C.Uyemura & Co.,Ltd.",上村工業,上村工業,,Standard Market(Domestic),Chemicals,化学,基础化工/特种化学品（具体品类待核验）,
4967,4967.T,"KOBAYASHI PHARMACEUTICAL CO.,LTD.",小林製薬,小林製薬,,Prime Market (Domestic),Chemicals,化学,医药、生物科技与处方药,
4968,4968.T,"ARAKAWA CHEMICAL INDUSTRIES,LTD.",荒川化学工業,荒川化学工業,,Prime Market (Domestic),Chemicals,化学,基础化工/特种化学品（具体品类待核验）,
4970,4970.T,"Toyo Gosei Co.,Ltd.",東洋合成工業,東洋合成工業,,Standard Market(Domestic),Chemicals,化学,基础化工/特种化学品（具体品类待核验）,
4971,4971.T,MEC COMPANY LTD.,メック,MEC COMPANY LTD.,,Prime Market (Domestic),Chemicals,化学,基础化工/特种化学品（具体品类待核验）,
4972,4972.T,"Soken Chemical & Engineering Co.,Ltd.",綜研化学,綜研化学,,Standard Market(Domestic),Chemicals,化学,基础化工/特种化学品（具体品类待核验）,
4973,4973.T,"JAPAN PURE CHEMICAL CO.,LTD.",日本高純度化学,日本高純度化学,,Prime Market (Domestic),Chemicals,化学,基础化工/特种化学品（具体品类待核验）,
4975,4975.T,JCU CORPORATION,ＪＣＵ,JCU 公司,,Prime Market (Domestic),Chemicals,化学,基础化工/特种化学品（具体品类待核验）,
4976,4976.T,"TOYO DRILUBE CO.,LTD.",東洋ドライルーブ,東洋ドライルーブ,,Standard Market(Domestic),Chemicals,化学,基础化工/特种化学品（具体品类待核验）,
4977,4977.T,Nitta Gelatin Inc.,新田ゼラチン,新田ゼラチン,,Standard Market(Domestic),Chemicals,化学,基础化工/特种化学品（具体品类待核验）,
4978,4978.T,ReproCELL Incorporated,リプロセル,ReproCELL Incorporated,,Growth Market(Domestic),Chemicals,化学,基础化工/特种化学品（具体品类待核验）,
4979,4979.T,"OAT Agrio Co.,Ltd.",ＯＡＴアグリオ,"OAT Agrio Co.,Ltd.",,Standard Market(Domestic),Chemicals,化学,基础化工/特种化学品（具体品类待核验）,
4980,4980.T,Dexerials Corporation,デクセリアルズ,Dexerials 公司,,Prime Market (Domestic),Chemicals,化学,基础化工/特种化学品（具体品类待核验）,
4985,4985.T,Earth Corporation,アース製薬,アース製薬,,Prime Market (Domestic),Chemicals,化学,基础化工/特种化学品（具体品类待核验）,
4990,4990.T,"Showa Chemical Industry Co.,Ltd.",昭和化学工業,昭和化学工業,,Standard Market(Domestic),Chemicals,化学,基础化工/特种化学品（具体品类待核验）,
4992,4992.T,"HOKKO CHEMICAL INDUSTRY CO.,LTD.",北興化学工業,北興化学工業,,Standard Market(Domestic),Chemicals,化学,基础化工/特种化学品（具体品类待核验）,
4994,4994.T,"Taisei Lamick Group Head Quarter & Innovation Co.,Ltd.",大成ラミックグループ,大成ラミック集团,,Standard Market(Domestic),Chemicals,化学,基础化工/特种化学品（具体品类待核验）,
4996,4996.T,"KUMIAI CHEMICAL INDUSTRY CO.,LTD.",クミアイ化学工業,クミアイ化学工業,,Prime Market (Domestic),Chemicals,化学,基础化工/特种化学品（具体品类待核验）,
4997,4997.T,"NIHON NOHYAKU CO.,LTD.",日本農薬,日本農薬,,Prime Market (Domestic),Chemicals,化学,基础化工/特种化学品（具体品类待核验）,
4998,4998.T,FUMAKILLA LIMITED,フマキラー,FUMAKILLA LIMITED,,Standard Market(Domestic),Chemicals,化学,基础化工/特种化学品（具体品类待核验）,
0500,500.T,"TO Books,Inc.",ＴＯブックス,"TO Books,Inc.",,Standard Market(Domestic),Information & Communication,信息通信,通信、网络设备与通信服务,
5010,5010.T,"NIPPON SEIRO CO.,LTD.",日本精蝋,日本精蝋,,Standard Market(Domestic),Oil and Coal Products,石油煤炭制品,石油炼化、燃料与石化产品（具体品类待核验）,
5011,5011.T,"NICHIREKI GROUP CO.,LTD.",ニチレキグループ,ニチレキ集团,,Prime Market (Domestic),Oil and Coal Products,石油煤炭制品,石油炼化、燃料与石化产品（具体品类待核验）,
5013,5013.T,Yushiro Inc.,ユシロ,Yushiro Inc.,,Standard Market(Domestic),Oil and Coal Products,石油煤炭制品,石油炼化、燃料与石化产品（具体品类待核验）,
5015,5015.T,BP Castrol K.K.,ビーピー・カストロール,BP Castrol K.K.,,Standard Market(Domestic),Oil and Coal Products,石油煤炭制品,石油炼化、燃料与石化产品（具体品类待核验）,
5016,5016.T,JX Advanced Metals Corporation,ＪＸ金属,ＪＸ金属,,Prime Market (Domestic),Nonferrous Metals,非铁金属,有色金属、冶炼与金属材料（具体品类待核验）,
5018,5018.T,MORESCO Corporation,ＭＯＲＥＳＣＯ,MORESCO 公司,,Standard Market(Domestic),Oil and Coal Products,石油煤炭制品,石油炼化、燃料与石化产品（具体品类待核验）,
5019,5019.T,"Idemitsu Kosan Co.,Ltd.",出光興産,出光興産,,Prime Market (Domestic),Oil and Coal Products,石油煤炭制品,石油炼化、燃料与石化产品（具体品类待核验）,4664.82
5020,5020.T,"ENEOS Holdings,Inc.",ＥＮＥＯＳホールディングス,ENEOS控股,,Prime Market (Domestic),Oil and Coal Products,石油煤炭制品,石油炼化、燃料与石化产品（具体品类待核验）,20941.69
5021,5021.T,"COSMO ENERGY HOLDINGS COMPANY,LIMITED",コスモエネルギーホールディングス,コスモエネルギー控股,,Prime Market (Domestic),Oil and Coal Products,石油煤炭制品,石油炼化、燃料与石化产品（具体品类待核验）,
5025,5025.T,MERCURY Inc.,マーキュリー,MERCURY Inc.,,Growth Market(Domestic),Information & Communication,信息通信,通信、网络设备与通信服务,
5026,5026.T,"TRIPLEIZE CO.,LTD.",トリプルアイズ,"TRIPLEIZE CO.,LTD.",,Growth Market(Domestic),Information & Communication,信息通信,通信、网络设备与通信服务,
5027,5027.T,AnyMind Group Inc.,ＡｎｙＭｉｎｄ Ｇｒｏｕｐ,AnyMind 集团 Inc.,,Growth Market(Domestic),Information & Communication,信息通信,通信、网络设备与通信服务,
5028,5028.T,"SecondXight Analytica,Inc.",セカンドサイトアナリティカ,"SecondXight Analytica,Inc.",,Growth Market(Domestic),Information & Communication,信息通信,通信、网络设备与通信服务,
5029,5029.T,circlace Inc,サークレイス,circlace Inc,,Growth Market(Domestic),Information & Communication,信息通信,通信、网络设备与通信服务,
5031,5031.T,Moi Corporation,モイ,Moi 公司,,Growth Market(Domestic),Information & Communication,信息通信,通信、网络设备与通信服务,
5032,5032.T,ANYCOLOR Inc.,ＡＮＹＣＯＬＯＲ,ANYCOLOR Inc.,,Prime Market (Domestic),Information & Communication,信息通信,通信、网络设备与通信服务,
5033,5033.T,Nulab Inc.,ヌーラボ,Nulab Inc.,,Growth Market(Domestic),Information & Communication,信息通信,通信、网络设备与通信服务,
5034,5034.T,"unerry,Inc.",ｕｎｅｒｒｙ,"unerry,Inc.",,Growth Market(Domestic),Information & Communication,信息通信,通信、网络设备与通信服务,
5035,5035.T,HOUSEI Inc.,ＨＯＵＳＥＩ,HOUSEI Inc.,,Growth Market(Domestic),Information & Communication,信息通信,通信、网络设备与通信服务,
5036,5036.T,"Japan Business Systems,Inc.",日本ビジネスシステムズ,日本ビジネス系统,,Prime Market (Domestic),Information & Communication,信息通信,通信、网络设备与通信服务,
5038,5038.T,"eWeLL Co.,Ltd.",ｅＷｅＬＬ,"eWeLL Co.,Ltd.",,Growth Market(Domestic),Information & Communication,信息通信,通信、网络设备与通信服务,
0504,504.T,Innovacell Inc.,イノバセル,Innovacell Inc.,,Growth Market(Domestic),Pharmaceutical,医药品,医药、生物科技与处方药,
0505,505.T,"Geekly,Inc.",ギークリー,"Geekly,Inc.",,Standard Market(Domestic),Services,服务业,专业服务、消费服务与商业服务（具体业务待核验）,
5071,5071.T,VIS co.ltd.,ヴィス,VIS co.ltd.,,Standard Market(Domestic),Services,服务业,专业服务、消费服务与商业服务（具体业务待核验）,
5074,5074.T,"TESS Holdings Co.,Ltd.",テスホールディングス,テス控股,,Prime Market (Domestic),Construction,建设业,建筑工程、建材与房地产相关工程（具体业务待核验）,
5076,5076.T,INFRONEER Holdings Inc.,インフロニア・ホールディングス,インフロニア・控股,,Prime Market (Domestic),Construction,建设业,建筑工程、建材与房地产相关工程（具体业务待核验）,
5078,5078.T,CEL Corporation,セレコーポレーション,セレ公司,,Standard Market(Domestic),Construction,建设业,建筑工程、建材与房地产相关工程（具体业务待核验）,
5079,5079.T,"NOVAC CO.,LTD.",ノバック,"NOVAC CO.,LTD.",,Standard Market(Domestic),Construction,建设业,建筑工程、建材与房地产相关工程（具体业务待核验）,
5101,5101.T,"The Yokohama Rubber Company,Limited",横浜ゴム,横浜ゴム,,Prime Market (Domestic),Rubber Products,橡胶制品,橡胶制品与轮胎（具体产品待核验）,
5105,5105.T,Toyo Tire Corporation,ＴＯＹＯ ＴＩＲＥ,Toyo Tire 公司,,Prime Market (Domestic),Rubber Products,橡胶制品,橡胶制品与轮胎（具体产品待核验）,
5108,5108.T,BRIDGESTONE CORPORATION,ブリヂストン,BRIDGESTONE 公司,,Prime Market (Domestic),Rubber Products,橡胶制品,橡胶制品与轮胎（具体产品待核验）,
5110,5110.T,"Sumitomo Rubber Industries,Ltd.",住友ゴム工業,住友ゴム工業,,Prime Market (Domestic),Rubber Products,橡胶制品,橡胶制品与轮胎（具体产品待核验）,
5121,5121.T,FUJIKURA COMPOSITES Inc.,藤倉コンポジット,藤倉コンポジット,,Prime Market (Domestic),Rubber Products,橡胶制品,橡胶制品与轮胎（具体产品待核验）,
5122,5122.T,"OKAMOTO INDUSTRIES,INC.",オカモト,"OKAMOTO 工业,INC.",,Prime Market (Domestic),Rubber Products,橡胶制品,橡胶制品与轮胎（具体产品待核验）,
5125,5125.T,Fines inc.,ファインズ,Fines inc.,,Growth Market(Domestic),Information & Communication,信息通信,通信、网络设备与通信服务,
5126,5126.T,PORTERS CORPORATION,ポーターズ,PORTERS 公司,,Growth Market(Domestic),Information & Communication,信息通信,通信、网络设备与通信服务,
5129,5129.T,FIXER Inc.,ＦＩＸＥＲ,FIXER Inc.,,Growth Market(Domestic),Information & Communication,信息通信,通信、网络设备与通信服务,
5131,5131.T,Linkers Corporation,リンカーズ,Linkers 公司,,Growth Market(Domestic),Information & Communication,信息通信,通信、网络设备与通信服务,
5132,5132.T,"pluszero,Inc.",ｐｌｕｓｚｅｒｏ,"pluszero,Inc.",,Growth Market(Domestic),Information & Communication,信息通信,通信、网络设备与通信服务,
5133,5133.T,Terilogy Holdings Corporation,テリロジーホールディングス,テリロジー控股,,Standard Market(Domestic),Information & Communication,信息通信,通信、网络设备与通信服务,
5134,5134.T,"POPER Co.,Ltd.",ＰＯＰＥＲ,"POPER Co.,Ltd.",,Growth Market(Domestic),Information & Communication,信息通信,通信、网络设备与通信服务,
5136,5136.T,"tripla Co.,Ltd.",ｔｒｉｐｌａ,"tripla Co.,Ltd.",,Growth Market(Domestic),Information & Communication,信息通信,通信、网络设备与通信服务,
5137,5137.T,SmartDrive inc.,スマートドライブ,SmartDrive inc.,,Growth Market(Domestic),Information & Communication,信息通信,通信、网络设备与通信服务,
5138,5138.T,"Rebase,Inc.",Ｒｅｂａｓｅ,"Rebase,Inc.",,Growth Market(Domestic),Information & Communication,信息通信,通信、网络设备与通信服务,
5139,5139.T,OpenWork Inc.,オープンワーク,OpenWork Inc.,,Growth Market(Domestic),Information & Communication,信息通信,通信、网络设备与通信服务,
5142,5142.T,Achilles Corporation,アキレス,Achilles 公司,,Prime Market (Domestic),Chemicals,化学,基础化工/特种化学品（具体品类待核验）,
5161,5161.T,"NISHIKAWA RUBBER CO.,LTD.",西川ゴム工業,西川ゴム工業,,Standard Market(Domestic),Rubber Products,橡胶制品,橡胶制品与轮胎（具体产品待核验）,
5162,5162.T,ASAHI RUBBER INC.,朝日ラバー,朝日ラバー,,Standard Market(Domestic),Rubber Products,橡胶制品,橡胶制品与轮胎（具体产品待核验）,
5184,5184.T,"NICHIRIN CO.,LTD.",ニチリン,"NICHIRIN CO.,LTD.",,Standard Market(Domestic),Rubber Products,橡胶制品,橡胶制品与轮胎（具体产品待核验）,
5185,5185.T,"Fukoku Co.,Ltd.",フコク,"Fukoku Co.,Ltd.",,Prime Market (Domestic),Rubber Products,橡胶制品,橡胶制品与轮胎（具体产品待核验）,
5186,5186.T,Nitta Corporation,ニッタ,Nitta 公司,,Prime Market (Domestic),Rubber Products,橡胶制品,橡胶制品与轮胎（具体产品待核验）,
5187,5187.T,"CREATE MEDIC CO.,LTD.",クリエートメディック,"CREATE MEDIC CO.,LTD.",,Standard Market(Domestic),Precision Instruments,精密仪器,精密仪器与光学设备,
5189,5189.T,"SAKURA RUBBER CO.,LTD.",櫻護謨,櫻護謨,,Standard Market(Domestic),Rubber Products,橡胶制品,橡胶制品与轮胎（具体产品待核验）,
5192,5192.T,Mitsuboshi Belting Ltd.,三ツ星ベルト,三ツ星ベルト,,Prime Market (Domestic),Rubber Products,橡胶制品,橡胶制品与轮胎（具体产品待核验）,
5194,5194.T,"SAGAMI RUBBER INDUSTRIES CO.,LTD.",相模ゴム工業,相模ゴム工業,,Standard Market(Domestic),Rubber Products,橡胶制品,橡胶制品与轮胎（具体产品待核验）,
5195,5195.T,"Bando Chemical Industries,Ltd.",バンドー化学,バンドー化学,,Prime Market (Domestic),Rubber Products,橡胶制品,基础化工/特种化学品（具体品类待核验）,
5199,5199.T,"FUJI LATEX CO.,LTD.",不二ラテックス,不二ラテックス,,Standard Market(Domestic),Rubber Products,橡胶制品,橡胶制品与轮胎（具体产品待核验）,
0519,519.T,Basic Inc.,ベーシック,Basic Inc.,,Growth Market(Domestic),Information & Communication,信息通信,通信、网络设备与通信服务,
5201,5201.T,AGC Inc.,ＡＧＣ,AGC Inc.,,Prime Market (Domestic),Glass and Ceramics Products,玻璃土石制品,玻璃、陶瓷与建筑材料（具体产品待核验）,
5204,5204.T,"ISHIZUKA GLASS CO.,LTD.",石塚硝子,石塚硝子,,Standard Market(Domestic),Glass and Ceramics Products,玻璃土石制品,玻璃、陶瓷与建筑材料（具体产品待核验）,
5208,5208.T,"Arisawa Mfg.Co.,Ltd.",有沢製作所,有沢制作所,,Prime Market (Domestic),Chemicals,化学,基础化工/特种化学品（具体品类待核验）,
0520,520.T,"J-Pharma Co.,Ltd.",ジェイファーマ,ジェイ制药,,Growth Market(Domestic),Pharmaceutical,医药品,医药、生物科技与处方药,
5210,5210.T,"Nihon Yamamura Glass Co.,Ltd.",日本山村硝子,日本山村硝子,,Standard Market(Domestic),Glass and Ceramics Products,玻璃土石制品,玻璃、陶瓷与建筑材料（具体产品待核验）,
5214,5214.T,"Nippon Electric Glass Co.,Ltd.",日本電気硝子,日本電気硝子,,Prime Market (Domestic),Glass and Ceramics Products,玻璃土石制品,电子设备/电气设备（具体产品待核验）,
5216,5216.T,"KURAMOTO CO.,LTD.",倉元製作所,倉元制作所,,Standard Market(Domestic),Glass and Ceramics Products,玻璃土石制品,玻璃、陶瓷与建筑材料（具体产品待核验）,
5218,5218.T,OHARA INC.,オハラ,OHARA INC.,,Standard Market(Domestic),Glass and Ceramics Products,玻璃土石制品,玻璃、陶瓷与建筑材料（具体产品待核验）,
5232,5232.T,"Sumitomo Osaka Cement Co.,Ltd.",住友大阪セメント,住友大阪セメント,,Prime Market (Domestic),Glass and Ceramics Products,玻璃土石制品,玻璃、陶瓷与建筑材料（具体产品待核验）,
5233,5233.T,TAIHEIYO CEMENT CORPORATION,太平洋セメント,太平洋セメント,,Prime Market (Domestic),Glass and Ceramics Products,玻璃土石制品,玻璃、陶瓷与建筑材料（具体产品待核验）,
5237,5237.T,NOZAWA CORPORATION,ノザワ,NOZAWA 公司,,Standard Market(Domestic),Glass and Ceramics Products,玻璃土石制品,玻璃、陶瓷与建筑材料（具体产品待核验）,
0523,523.T,"SEIWA HOLDINGS Co.,Ltd.",セイワホールディングス,セイワ控股,,Growth Market(Domestic),Metal Products,金属制品,金属制品、零部件与加工（具体产品待核验）,
5240,5240.T,"monoAI technology Co.,Ltd.",ｍｏｎｏＡＩ ｔｅｃｈｎｏｌｏｇｙ,"monoAI 科技 Co.,Ltd.",,Growth Market(Domestic),Information & Communication,信息通信,通信、网络设备与通信服务,
5242,5242.T,"EYEZ,INC.",アイズ,"EYEZ,INC.",,Growth Market(Domestic),Information & Communication,信息通信,通信、网络设备与通信服务,
5243,5243.T,note inc.,ｎｏｔｅ,note inc.,,Growth Market(Domestic),Information & Communication,信息通信,通信、网络设备与通信服务,
5244,5244.T,"jig.jp co.,ltd.",ｊｉｇ．ｊｐ,"jig.jp co.,ltd.",,Growth Market(Domestic),Information & Communication,信息通信,通信、网络设备与通信服务,
5246,5246.T,"ELEMENTS,Inc.",ＥＬＥＭＥＮＴＳ,"ELEMENTS,Inc.",,Growth Market(Domestic),Information & Communication,信息通信,通信、网络设备与通信服务,
5247,5247.T,"BTM,Inc.",ＢＴＭ,"BTM,Inc.",,Growth Market(Domestic),Information & Communication,信息通信,通信、网络设备与通信服务,
5248,5248.T,"TECHNOLOGIES,Inc.",テクノロジーズ,科技,,Growth Market(Domestic),Information & Communication,信息通信,通信、网络设备与通信服务,
5250,5250.T,"GMO PRIME STRATEGY CO.,LTD.",ＧＭＯプライム・ストラテジー,"GMO PRIME STRATEGY CO.,LTD.",,Standard Market(Domestic),Information & Communication,信息通信,通信、网络设备与通信服务,
5252,5252.T,"Nihon Knowledge Co,Ltd.",日本ナレッジ,日本ナレッジ,,Growth Market(Domestic),Information & Communication,信息通信,通信、网络设备与通信服务,
5253,5253.T,COVER Corporation,カバー,COVER 公司,,Growth Market(Domestic),Information & Communication,信息通信,通信、网络设备与通信服务,
5254,5254.T,Arent Inc.,Ａｒｅｎｔ,Arent Inc.,,Growth Market(Domestic),Information & Communication,信息通信,通信、网络设备与通信服务,
5255,5255.T,Monstarlab Inc.,モンスターラボ,Monstarlab Inc.,,Growth Market(Domestic),Information & Communication,信息通信,通信、网络设备与通信服务,
5256,5256.T,"Fusic Co.,Ltd.",Ｆｕｓｉｃ,"Fusic Co.,Ltd.",,Growth Market(Domestic),Information & Communication,信息通信,通信、网络设备与通信服务,
5257,5257.T,"NOVA SYSTEM CO.,LTD.",ノバシステム,ノバ系统,,Standard Market(Domestic),Information & Communication,信息通信,通信、网络设备与通信服务,
5258,5258.T,Transaction Media Networks Inc.,トランザクション・メディア・ネットワークス,トランザクション・媒体・网络ス,,Growth Market(Domestic),Information & Communication,信息通信,广告、营销与媒体服务,
5261,5261.T,"RESOL HOLDINGS Co.,Ltd.",リソルホールディングス,リソル控股,,Prime Market (Domestic),Services,服务业,专业服务、消费服务与商业服务（具体业务待核验）,
5262,5262.T,Nippon Hume Corporation,日本ヒューム,日本ヒューム,,Prime Market (Domestic),Glass and Ceramics Products,玻璃土石制品,玻璃、陶瓷与建筑材料（具体产品待核验）,
5268,5268.T,"ASAHI CONCRETE WORKS CO.,LTD.",旭コンクリート工業,旭コンクリート工業,,Standard Market(Domestic),Glass and Ceramics Products,玻璃土石制品,玻璃、陶瓷与建筑材料（具体产品待核验）,
5269,5269.T,"NIPPON CONCRETE INDUSTRIES CO.,LTD.",日本コンクリート工業,日本コンクリート工業,,Prime Market (Domestic),Glass and Ceramics Products,玻璃土石制品,玻璃、陶瓷与建筑材料（具体产品待核验）,
5271,5271.T,"TOYO ASANO FOUNDATION CO.,LTD.",トーヨーアサノ,"TOYO ASANO FOUNDATION CO.,LTD.",,Standard Market(Domestic),Glass and Ceramics Products,玻璃土石制品,玻璃、陶瓷与建筑材料（具体产品待核验）,
5273,5273.T,"MITANI SEKISAN CO.,LTD.",三谷セキサン,三谷セキサン,,Standard Market(Domestic),Glass and Ceramics Products,玻璃土石制品,玻璃、陶瓷与建筑材料（具体产品待核验）,
5279,5279.T,"NIHON KOGYO CO.,LTD.",日本興業,日本興業,,Standard Market(Domestic),Glass and Ceramics Products,玻璃土石制品,玻璃、陶瓷与建筑材料（具体产品待核验）,
5280,5280.T,"Yoshicon Co.,Ltd.",ヨシコン,"Yoshicon Co.,Ltd.",,Standard Market(Domestic),Real Estate,不动产业,房地产开发与物业运营,
5282,5282.T,GEOSTR Corporation,ジオスター,GEOSTR 公司,,Standard Market(Domestic),Glass and Ceramics Products,玻璃土石制品,玻璃、陶瓷与建筑材料（具体产品待核验）,
5283,5283.T,"TAKAMISAWA CO.,LTD.",高見澤,高見澤,,Standard Market(Domestic),Wholesale Trade,批发业,批发贸易/综合商社,
5284,5284.T,"YAMAU HOLDINGS CO.,LTD.",ヤマウホールディングス,ヤマウ控股,,Standard Market(Domestic),Glass and Ceramics Products,玻璃土石制品,玻璃、陶瓷与建筑材料（具体产品待核验）,
5285,5285.T,YAMAX Corp.,ヤマックス,YAMAX Corp.,,Standard Market(Domestic),Glass and Ceramics Products,玻璃土石制品,玻璃、陶瓷与建筑材料（具体产品待核验）,
5287,5287.T,"ITO YOGYO CO.,LTD.",イトーヨーギョー,"ITO YOGYO CO.,LTD.",,Standard Market(Domestic),Glass and Ceramics Products,玻璃土石制品,玻璃、陶瓷与建筑材料（具体产品待核验）,
5288,5288.T,ASIA PILE HOLDINGS CORPORATION,アジアパイルホールディングス,アジアパイル控股,,Prime Market (Domestic),Glass and Ceramics Products,玻璃土石制品,玻璃、陶瓷与建筑材料（具体产品待核验）,
5290,5290.T,Vertex Corporation,ベルテクスコーポレーション,ベルテクス公司,,Standard Market(Domestic),Glass and Ceramics Products,玻璃土石制品,玻璃、陶瓷与建筑材料（具体产品待核验）,
5301,5301.T,"TOKAI CARBON CO.,LTD.",東海カーボン,東海カーボン,,Prime Market (Domestic),Glass and Ceramics Products,玻璃土石制品,玻璃、陶瓷与建筑材料（具体产品待核验）,
5302,5302.T,"Nippon Carbon Co.,Ltd.",日本カーボン,日本カーボン,,Prime Market (Domestic),Glass and Ceramics Products,玻璃土石制品,玻璃、陶瓷与建筑材料（具体产品待核验）,
5304,5304.T,"SEC CARBON,LIMITED",ＳＥＣカーボン,"SEC CARBON,LIMITED",,Standard Market(Domestic),Glass and Ceramics Products,玻璃土石制品,玻璃、陶瓷与建筑材料（具体产品待核验）,
5310,5310.T,"TOYO TANSO CO.,LTD.",東洋炭素,東洋炭素,,Prime Market (Domestic),Glass and Ceramics Products,玻璃土石制品,玻璃、陶瓷与建筑材料（具体产品待核验）,
5331,5331.T,"NORITAKE CO.,LIMITED",ノリタケ,"NORITAKE CO.,LIMITED",,Prime Market (Domestic),Glass and Ceramics Products,玻璃土石制品,玻璃、陶瓷与建筑材料（具体产品待核验）,
5332,5332.T,TOTO LTD.,ＴＯＴＯ,TOTO LTD.,,Prime Market (Domestic),Glass and Ceramics Products,玻璃土石制品,玻璃、陶瓷与建筑材料（具体产品待核验）,
5333,5333.T,NGK Corporation,ＮＧＫ,NGK 公司,,Prime Market (Domestic),Glass and Ceramics Products,玻璃土石制品,玻璃、陶瓷与建筑材料（具体产品待核验）,
5334,5334.T,"Niterra Co.,Ltd.",日本特殊陶業,日本特殊陶業,,Prime Market (Domestic),Glass and Ceramics Products,玻璃土石制品,玻璃、陶瓷与建筑材料（具体产品待核验）,20.72
5337,5337.T,DANTO HOLDINGS CORPORATION,ダントーホールディングス,ダントー控股,,Standard Market(Domestic),Glass and Ceramics Products,玻璃土石制品,玻璃、陶瓷与建筑材料（具体产品待核验）,
5341,5341.T,"ASAHI EITO HOLDINGS CO.,LTD.",ＡＳＡＨＩ ＥＩＴＯホールディングス,ＡＳＡＨＩ ＥＩＴＯ控股,,Standard Market(Domestic),Glass and Ceramics Products,玻璃土石制品,玻璃、陶瓷与建筑材料（具体产品待核验）,
5344,5344.T,"MARUWA CO.,LTD.",ＭＡＲＵＷＡ,"MARUWA CO.,LTD.",,Prime Market (Domestic),Glass and Ceramics Products,玻璃土石制品,玻璃、陶瓷与建筑材料（具体产品待核验）,
5351,5351.T,"SHINAGAWA REFRA CO.,LTD.",品川リフラ,品川リフラ,,Prime Market (Domestic),Glass and Ceramics Products,玻璃土石制品,玻璃、陶瓷与建筑材料（具体产品待核验）,
5355,5355.T,"Nippon Crucible Co.,Ltd.",日本坩堝,日本坩堝,,Standard Market(Domestic),Glass and Ceramics Products,玻璃土石制品,玻璃、陶瓷与建筑材料（具体产品待核验）,
5356,5356.T,"MINO CERAMIC CO.,LTD.",美濃窯業,美濃窯業,,Standard Market(Domestic),Glass and Ceramics Products,玻璃土石制品,玻璃、陶瓷与建筑材料（具体产品待核验）,
5357,5357.T,"YOTAI REFRACTORIES CO.,LTD.",ヨータイ,"YOTAI REFRACTORIES CO.,LTD.",,Prime Market (Domestic),Glass and Ceramics Products,玻璃土石制品,玻璃、陶瓷与建筑材料（具体产品待核验）,
5363,5363.T,TYK CORPORATION,東京窯業,東京窯業,,Standard Market(Domestic),Glass and Ceramics Products,玻璃土石制品,玻璃、陶瓷与建筑材料（具体产品待核验）,
5367,5367.T,NIKKATO CORPORATION,ニッカトー,NIKKATO 公司,,Standard Market(Domestic),Glass and Ceramics Products,玻璃土石制品,玻璃、陶瓷与建筑材料（具体产品待核验）,
5368,5368.T,"JAPAN INSULATION CO.,LTD.",日本インシュレーション,日本インシュレーション,,Standard Market(Domestic),Glass and Ceramics Products,玻璃土石制品,玻璃、陶瓷与建筑材料（具体产品待核验）,
5380,5380.T,SHINTO COMPANY LIMITED,新東,新東,,Standard Market(Domestic),Glass and Ceramics Products,玻璃土石制品,玻璃、陶瓷与建筑材料（具体产品待核验）,
5381,5381.T,Mipox Corporation,マイポックス,Mipox 公司,,Standard Market(Domestic),Glass and Ceramics Products,玻璃土石制品,玻璃、陶瓷与建筑材料（具体产品待核验）,
5384,5384.T,FUJIMI INCORPORATED,フジミインコーポレーテッド,FUJIMI INCORPORATED,,Prime Market (Domestic),Glass and Ceramics Products,玻璃土石制品,玻璃、陶瓷与建筑材料（具体产品待核验）,
5388,5388.T,"KUNIMINE INDUSTRIES CO.,LTD.",クニミネ工業,クニミネ工業,,Standard Market(Domestic),Glass and Ceramics Products,玻璃土石制品,玻璃、陶瓷与建筑材料（具体产品待核验）,
5391,5391.T,A&A Material Corporation,エーアンドエーマテリアル,エーアンドエー材料,,Standard Market(Domestic),Glass and Ceramics Products,玻璃土石制品,玻璃、陶瓷与建筑材料（具体产品待核验）,
5393,5393.T,NICHIAS CORPORATION,ニチアス,NICHIAS 公司,,Prime Market (Domestic),Glass and Ceramics Products,玻璃土石制品,玻璃、陶瓷与建筑材料（具体产品待核验）,
5401,5401.T,NIPPON STEEL CORPORATION,日本製鉄,日本製鉄,,Prime Market (Domestic),Iron and Steel,钢铁,钢铁、特殊钢与金属材料（具体品类待核验）,
5406,5406.T,"Kobe Steel,Ltd.",神戸製鋼所,神戸製鋼所,,Prime Market (Domestic),Iron and Steel,钢铁,钢铁、特殊钢与金属材料（具体品类待核验）,
5408,5408.T,"NAKAYAMA STEEL WORKS,LTD.",中山製鋼所,中山製鋼所,,Prime Market (Domestic),Iron and Steel,钢铁,钢铁、特殊钢与金属材料（具体品类待核验）,
5410,5410.T,"Godo Steel,Ltd.",合同製鐵,合同製鐵,,Prime Market (Domestic),Iron and Steel,钢铁,钢铁、特殊钢与金属材料（具体品类待核验）,
5411,5411.T,"JFE Holdings,Inc.",ＪＦＥホールディングス,ＪＦＥ控股,,Prime Market (Domestic),Iron and Steel,钢铁,钢铁、特殊钢与金属材料（具体品类待核验）,
5423,5423.T,"TOKYO STEEL MANUFACTURING CO.,LTD.",東京製鐵,東京製鐵,,Prime Market (Domestic),Iron and Steel,钢铁,钢铁、特殊钢与金属材料（具体品类待核验）,
0542,542.T,Vitabrid Japan Inc.,ビタブリッドジャパン,Vitabrid Japan Inc.,,Growth Market(Domestic),Chemicals,化学,基础化工/特种化学品（具体品类待核验）,
0543,543.T,ARCHION Corporation,ＡＲＣＨＩＯＮ,ARCHION 公司,,Prime Market (Domestic),Transportation Equipment,运输用设备,工业机械与自动化设备（具体产品待核验）,
5440,5440.T,KYOEI STEEL LTD.,共英製鋼,共英製鋼,,Prime Market (Domestic),Iron and Steel,钢铁,钢铁、特殊钢与金属材料（具体品类待核验）,
5444,5444.T,"YAMATO KOGYO CO.,LTD.",大和工業,大和工業,,Prime Market (Domestic),Iron and Steel,钢铁,钢铁、特殊钢与金属材料（具体品类待核验）,
5445,5445.T,"TOKYO TEKKO CO.,LTD.",東京鐵鋼,東京鐵鋼,,Prime Market (Domestic),Iron and Steel,钢铁,钢铁、特殊钢与金属材料（具体品类待核验）,
5446,5446.T,"HOKUETSU METAL Co.,Ltd.",北越メタル,北越メタル,,Standard Market(Domestic),Iron and Steel,钢铁,钢铁、特殊钢与金属材料（具体品类待核验）,
5449,5449.T,"OSAKA STEEL CO.,LTD.",大阪製鐵,大阪製鐵,,Standard Market(Domestic),Iron and Steel,钢铁,钢铁、特殊钢与金属材料（具体品类待核验）,
0544,544.T,"GMS Group Co.,Ltd.",ＧＭＳグループ,ＧＭＳ集团,,Prime Market (Domestic),Machinery,机械,工业机械与自动化设备（具体产品待核验）,
5451,5451.T,"YODOKO,Ltd.",ヨドコウ,"YODOKO,Ltd.",,Prime Market (Domestic),Iron and Steel,钢铁,钢铁、特殊钢与金属材料（具体品类待核验）,
5458,5458.T,TAKASAGO TEKKO K.K.,高砂鐵工,高砂鐵工,,Standard Market(Domestic),Iron and Steel,钢铁,钢铁、特殊钢与金属材料（具体品类待核验）,
0545,545.T,"Toranvia Co.,Ltd.",トランヴィア,"Toranvia Co.,Ltd.",,Prime Market (Domestic),Information & Communication,信息通信,通信、网络设备与通信服务,
5461,5461.T,"Chubu Steel Plate Co.,Ltd.",中部鋼鈑,中部鋼鈑,,Prime Market (Domestic),Iron and Steel,钢铁,钢铁、特殊钢与金属材料（具体品类待核验）,
5463,5463.T,Maruichi Steel Tube Ltd.,丸一鋼管,丸一鋼管,,Prime Market (Domestic),Iron and Steel,钢铁,钢铁、特殊钢与金属材料（具体品类待核验）,
5464,5464.T,MORY INDUSTRIES INC.,モリ工業,モリ工業,,Standard Market(Domestic),Iron and Steel,钢铁,钢铁、特殊钢与金属材料（具体品类待核验）,
0546,546.T,"MIRAINI HOLDINGS CO.,LTD.",ＭＩＲＡＩＮＩホールディングス,ＭＩＲＡＩＮＩ控股,,Prime Market (Domestic),Wholesale Trade,批发业,批发贸易/综合商社,
5471,5471.T,"Daido Steel Co.,Ltd.",大同特殊鋼,大同特殊鋼,,Prime Market (Domestic),Iron and Steel,钢铁,钢铁、特殊钢与金属材料（具体品类待核验）,
0547,547.T,Muninova Holdings Inc.,ムニノバホールディングス,ムニノバ控股,,Prime Market (Domestic),Other Financing Business,其他金融,融资租赁、消费金融与其他金融服务,
5480,5480.T,"Nippon Yakin kogyo Co.,Ltd.",日本冶金工業,日本冶金工業,,Prime Market (Domestic),Iron and Steel,钢铁,钢铁、特殊钢与金属材料（具体品类待核验）,
5482,5482.T,AICHI STEEL CORPORATION,愛知製鋼,愛知製鋼,,Prime Market (Domestic),Iron and Steel,钢铁,钢铁、特殊钢与金属材料（具体品类待核验）,
5484,5484.T,"Tohoku Steel Co.,Ltd.",東北特殊鋼,東北特殊鋼,,Standard Market(Domestic),Iron and Steel,钢铁,钢铁、特殊钢与金属材料（具体品类待核验）,
0548,548.T,"SystemEXE,Inc.",システムエグゼ,系统エグゼ,,Standard Market(Domestic),Information & Communication,信息通信,通信、网络设备与通信服务,
5491,5491.T,"NIPPON KINZOKU CO.,LTD.",日本金属,日本金属,,Standard Market(Domestic),Iron and Steel,钢铁,钢铁、特殊钢与金属材料（具体品类待核验）,
0549,549.T,"HITO-TO-HITO Holdings Co.,Ltd.",ヒトトヒトホールディングス,ヒトトヒト控股,,Standard Market(Domestic),Services,服务业,专业服务、消费服务与商业服务（具体业务待核验）,
0550,550.T,"SOFTTEX Co.,Ltd.",ソフトテックス,"SOFTTEX Co.,Ltd.",,Standard Market(Domestic),Information & Communication,信息通信,通信、网络设备与通信服务,
5527,5527.T,property technologies Inc.,ｐｒｏｐｅｒｔｙ ｔｅｃｈｎｏｌｏｇｉｅｓ,property 科技 Inc.,,Growth Market(Domestic),Real Estate,不动产业,房地产开发与物业运营,
5532,5532.T,REALGATE INC.,リアルゲイト,REALGATE INC.,,Growth Market(Domestic),Real Estate,不动产业,房地产开发与物业运营,
5533,5533.T,"Elitz Holdings Co.,Ltd.",エリッツホールディングス,エリッツ控股,,Standard Market(Domestic),Real Estate,不动产业,房地产开发与物业运营,
5535,5535.T,MIGALO HOLDINGS Inc.,ミガロホールディングス,ミガロ控股,,Prime Market (Domestic),Real Estate,不动产业,房地产开发与物业运营,
5537,5537.T,"AlbaLink Co.,Ltd.",ＡｌｂａＬｉｎｋ,"AlbaLink Co.,Ltd.",,Growth Market(Domestic),Real Estate,不动产业,房地产开发与物业运营,
5541,5541.T,"PACIFIC METALS CO.,LTD.",大平洋金属,大平洋金属,,Prime Market (Domestic),Iron and Steel,钢铁,钢铁、特殊钢与金属材料（具体品类待核验）,
5542,5542.T,Shinhokoku Material Corp.,新報国マテリアル,新報国材料,,Standard Market(Domestic),Iron and Steel,钢铁,钢铁、特殊钢与金属材料（具体品类待核验）,
0554,554.T,"Batonz.Co.,Ltd.",バトンズ,"Batonz.Co.,Ltd.",,Growth Market(Domestic),Information & Communication,信息通信,通信、网络设备与通信服务,
5563,5563.T,"Nippon Denko Co.,Ltd.",新日本電工,新日本電工,,Prime Market (Domestic),Iron and Steel,钢铁,钢铁、特殊钢与金属材料（具体品类待核验）,
0556,556.T,"INUNEKO-SEIKATSU Co.,Ltd.",犬猫生活,犬猫生活,,Growth Market(Domestic),Retail Trade,零售业,零售与消费品渠道,
5570,5570.T,"JENOBA CO.,LTD.",ジェノバ,"JENOBA CO.,LTD.",,Growth Market(Domestic),Information & Communication,信息通信,通信、网络设备与通信服务,
5571,5571.T,"Excite Holdings Co.,Ltd.",エキサイトホールディングス,エキサイト控股,,Standard Market(Domestic),Information & Communication,信息通信,通信、网络设备与通信服务,
5572,5572.T,Ridge-i Inc.,Ｒｉｄｇｅ－ｉ,Ridge-i Inc.,,Growth Market(Domestic),Information & Communication,信息通信,通信、网络设备与通信服务,
5574,5574.T,"ABEJA,Inc.",ＡＢＥＪＡ,"ABEJA,Inc.",,Growth Market(Domestic),Information & Communication,信息通信,通信、网络设备与通信服务,
5575,5575.T,Globee Inc.,Ｇｌｏｂｅｅ,Globee Inc.,,Growth Market(Domestic),Information & Communication,信息通信,通信、网络设备与通信服务,
5576,5576.T,O.B.System Inc.,オービーシステム,オービー系统,,Standard Market(Domestic),Information & Communication,信息通信,通信、网络设备与通信服务,
5578,5578.T,"AR advanced technology,Inc.",ＡＲアドバンストテクノロジ,"AR advanced 科技,Inc.",,Growth Market(Domestic),Information & Communication,信息通信,通信、网络设备与通信服务,
5580,5580.T,"Prodelight Co.,Ltd.",プロディライト,"Prodelight Co.,Ltd.",,Growth Market(Domestic),Information & Communication,信息通信,通信、网络设备与通信服务,
5582,5582.T,GRID Inc.,グリッド,GRID Inc.,,Growth Market(Domestic),Information & Communication,信息通信,通信、网络设备与通信服务,
5586,5586.T,Laboro.AI Inc.,Ｌａｂｏｒｏ．ＡＩ,Laboro.AI Inc.,,Growth Market(Domestic),Information & Communication,信息通信,通信、网络设备与通信服务,
5587,5587.T,Inbound Platform Corp.,インバウンドプラットフォーム,Inbound Platform Corp.,,Growth Market(Domestic),Information & Communication,信息通信,通信、网络设备与通信服务,
5588,5588.T,"Fast Accounting Co.,Ltd.",ファーストアカウンティング,"Fast Accounting Co.,Ltd.",,Growth Market(Domestic),Information & Communication,信息通信,通信、网络设备与通信服务,
5589,5589.T,"AUTOSERVER CO.,LTD.",オートサーバー,"AUTOSERVER CO.,LTD.",,Standard Market(Domestic),Information & Communication,信息通信,通信、网络设备与通信服务,
0558,558.T,SQUEEZE Inc.,ＳＱＵＥＥＺＥ,SQUEEZE Inc.,,Growth Market(Domestic),Services,服务业,专业服务、消费服务与商业服务（具体业务待核验）,
5590,5590.T,"NETSTARS Co.,Ltd.",ネットスターズ,"NETSTARS Co.,Ltd.",,Growth Market(Domestic),Information & Communication,信息通信,通信、网络设备与通信服务,
5591,5591.T,AVILEN Inc.,ＡＶＩＬＥＮ,AVILEN Inc.,,Growth Market(Domestic),Information & Communication,信息通信,通信、网络设备与通信服务,
5592,5592.T,"Kusurinomadoguchi,Inc.",くすりの窓口,くすりの窓口,,Growth Market(Domestic),Information & Communication,信息通信,通信、网络设备与通信服务,
5597,5597.T,"Blue innovation Co.,Ltd.",ブルーイノベーション,"Blue innovation Co.,Ltd.",,Growth Market(Domestic),Information & Communication,信息通信,通信、网络设备与通信服务,
5599,5599.T,S&J Corporation,Ｓ＆Ｊ,S&J 公司,,Growth Market(Domestic),Information & Communication,信息通信,通信、网络设备与通信服务,
0559,559.T,"UMENOYADO BREWERY CO.,LTD.",梅乃宿酒造,梅乃宿酒造,,Standard Market(Domestic),Foods,食品,食品饮料与食品加工（具体品类待核验）,
5602,5602.T,"Kurimoto,Ltd.",栗本鐵工所,栗本鐵工所,,Prime Market (Domestic),Iron and Steel,钢铁,钢铁、特殊钢与金属材料（具体品类待核验）,
5603,5603.T,KOGI CORPORATION,虹技,虹技,,Standard Market(Domestic),Iron and Steel,钢铁,钢铁、特殊钢与金属材料（具体品类待核验）,
5609,5609.T,NIPPON CHUZO K.K.,日本鋳造,日本鋳造,,Standard Market(Domestic),Iron and Steel,钢铁,钢铁、特殊钢与金属材料（具体品类待核验）,
5612,5612.T,NIPPON CHUTETSUKAN K.K.,日本鋳鉄管,日本鋳鉄管,,Standard Market(Domestic),Iron and Steel,钢铁,钢铁、特殊钢与金属材料（具体品类待核验）,
5616,5616.T,"Ame Kaze Taiyo,Inc.",雨風太陽,雨風太陽,,Growth Market(Domestic),Information & Communication,信息通信,通信、网络设备与通信服务,
5618,5618.T,Nyle Inc.,ナイル,Nyle Inc.,,Growth Market(Domestic),Information & Communication,信息通信,通信、网络设备与通信服务,
5619,5619.T,"MRSO.,Inc",マーソ,"MRSO.,Inc",,Growth Market(Domestic),Information & Communication,信息通信,通信、网络设备与通信服务,
5621,5621.T,"Human Technologies,Inc.",ヒューマンテクノロジーズ,ヒューマン科技,,Growth Market(Domestic),Information & Communication,信息通信,通信、网络设备与通信服务,
5631,5631.T,"The Japan Steel Works,Ltd.",日本製鋼所,日本製鋼所,,Prime Market (Domestic),Machinery,机械,工业机械与自动化设备（具体产品待核验）,
5632,5632.T,"Mitsubishi Steel Mfg.Co.,Ltd.",三菱製鋼,三菱製鋼,,Prime Market (Domestic),Iron and Steel,钢铁,钢铁、特殊钢与金属材料（具体品类待核验）,
5644,5644.T,METALART CORPORATION,メタルアート,METALART 公司,,Standard Market(Domestic),Iron and Steel,钢铁,钢铁、特殊钢与金属材料（具体品类待核验）,
5658,5658.T,"NICHIA STEEL WORKS,LTD.",日亜鋼業,日亜鋼業,,Standard Market(Domestic),Iron and Steel,钢铁,钢铁、特殊钢与金属材料（具体品类待核验）,
5659,5659.T,"Nippon Seisen Co.,Ltd.",日本精線,日本精線,,Prime Market (Domestic),Iron and Steel,钢铁,钢铁、特殊钢与金属材料（具体品类待核验）,
5695,5695.T,"Powdertech Co.,Ltd.",パウダーテック,"Powdertech Co.,Ltd.",,Standard Market(Domestic),Iron and Steel,钢铁,钢铁、特殊钢与金属材料（具体品类待核验）,
5697,5697.T,"SANYU CO.,LTD.",サンユウ,"SANYU CO.,LTD.",,Standard Market(Domestic),Iron and Steel,钢铁,钢铁、特殊钢与金属材料（具体品类待核验）,
5698,5698.T,ENVIPRO HOLDINGS Inc.,エンビプロ・ホールディングス,エンビプロ・控股,,Standard Market(Domestic),Iron and Steel,钢铁,钢铁、特殊钢与金属材料（具体品类待核验）,
5699,5699.T,"IBOKIN Co.,Ltd.",イボキン,"IBOKIN Co.,Ltd.",,Standard Market(Domestic),Iron and Steel,钢铁,钢铁、特殊钢与金属材料（具体品类待核验）,
5702,5702.T,"DAIKI ALUMINIUM INDUSTRY CO.,LTD.",大紀アルミニウム工業所,大紀アルミニウム工業所,,Prime Market (Domestic),Nonferrous Metals,非铁金属,有色金属、冶炼与金属材料（具体品类待核验）,
5703,5703.T,"Nippon Light Metal Holdings Company,Ltd.",日本軽金属ホールディングス,日本軽金属控股,,Prime Market (Domestic),Nonferrous Metals,非铁金属,有色金属、冶炼与金属材料（具体品类待核验）,
5704,5704.T,JMC Corporation,ＪＭＣ,JMC 公司,,Standard Market(Domestic),Nonferrous Metals,非铁金属,有色金属、冶炼与金属材料（具体品类待核验）,
5706,5706.T,"Mitsui Kinzoku Company,Limited",三井金属,三井金属,,Prime Market (Domestic),Nonferrous Metals,非铁金属,有色金属、冶炼与金属材料（具体品类待核验）,520.53
5707,5707.T,"Toho Zinc Co.,Ltd.",東邦亜鉛,東邦亜鉛,,Prime Market (Domestic),Nonferrous Metals,非铁金属,有色金属、冶炼与金属材料（具体品类待核验）,
5711,5711.T,Mitsubishi Materials Corporation,三菱マテリアル,三菱材料,,Prime Market (Domestic),Nonferrous Metals,非铁金属,有色金属、冶炼与金属材料（具体品类待核验）,
5713,5713.T,"Sumitomo Metal Mining Co.,Ltd.",住友金属鉱山,住友金属鉱山,,Prime Market (Domestic),Nonferrous Metals,非铁金属,有色金属、冶炼与金属材料（具体品类待核验）,12029.28
5714,5714.T,"DOWA HOLDINGS CO.,LTD.",ＤＯＷＡホールディングス,ＤＯＷＡ控股,,Prime Market (Domestic),Nonferrous Metals,非铁金属,有色金属、冶炼与金属材料（具体品类待核验）,
5715,5715.T,"FURUKAWA CO.,LTD.",古河機械金属,古河機械金属,,Prime Market (Domestic),Nonferrous Metals,非铁金属,有色金属、冶炼与金属材料（具体品类待核验）,
5721,5721.T,S Crypto Energy Inc.,エスクリプトエナジー,S Crypto 能源 Inc.,,Standard Market(Domestic),Nonferrous Metals,非铁金属,有色金属、冶炼与金属材料（具体品类待核验）,
5724,5724.T,"Asaka Riken Co.,Ltd.",アサカ理研,アサカ理研,,Standard Market(Domestic),Nonferrous Metals,非铁金属,有色金属、冶炼与金属材料（具体品类待核验）,
5726,5726.T,"OSAKA Titanium technologies Co.,Ltd.",大阪チタニウムテクノロジーズ,大阪チタニウム科技,,Prime Market (Domestic),Nonferrous Metals,非铁金属,有色金属、冶炼与金属材料（具体品类待核验）,
5729,5729.T,"NIHON SEIKO CO.,LTD",日本精鉱,日本精鉱,,Standard Market(Domestic),Nonferrous Metals,非铁金属,有色金属、冶炼与金属材料（具体品类待核验）,
5741,5741.T,UACJ Corporation,ＵＡＣＪ,UACJ 公司,,Prime Market (Domestic),Nonferrous Metals,非铁金属,有色金属、冶炼与金属材料（具体品类待核验）,
5742,5742.T,"NIC Autotec,Inc.",エヌアイシ・オートテック,"NIC Autotec,Inc.",,Standard Market(Domestic),Nonferrous Metals,非铁金属,有色金属、冶炼与金属材料（具体品类待核验）,
5753,5753.T,"NIPPON SHINDO CO.,LTD.",日本伸銅,日本伸銅,,Standard Market(Domestic),Nonferrous Metals,非铁金属,有色金属、冶炼与金属材料（具体品类待核验）,
5757,5757.T,"CK SAN-ETSU Co.,Ltd.",ＣＫサンエツ,"CK SAN-ETSU Co.,Ltd.",,Prime Market (Domestic),Nonferrous Metals,非铁金属,有色金属、冶炼与金属材料（具体品类待核验）,
0575,575.T,"MAEZAWA Holdings CO.,LTD.",前澤ホールディングス,前澤控股,,Prime Market (Domestic),Machinery,机械,工业机械与自动化设备（具体产品待核验）,
5801,5801.T,"Furukawa Electric Co.,Ltd.",古河電気工業,古河電気工業,,Prime Market (Domestic),Nonferrous Metals,非铁金属,电子设备/电气设备（具体产品待核验）,
5802,5802.T,"Sumitomo Electric Industries,Ltd.",住友電気工業,住友電気工業,,Prime Market (Domestic),Nonferrous Metals,非铁金属,电子设备/电气设备（具体产品待核验）,
5803,5803.T,Fujikura Ltd.,フジクラ,Fujikura Ltd.,,Prime Market (Domestic),Nonferrous Metals,非铁金属,有色金属、冶炼与金属材料（具体品类待核验）,
5805,5805.T,SWCC Corporation,ＳＷＣＣ,SWCC 公司,,Prime Market (Domestic),Nonferrous Metals,非铁金属,有色金属、冶炼与金属材料（具体品类待核验）,
5816,5816.T,"Onamba Co.,Ltd.",オーナンバ,"Onamba Co.,Ltd.",,Standard Market(Domestic),Nonferrous Metals,非铁金属,有色金属、冶炼与金属材料（具体品类待核验）,
5817,5817.T,"JMACS Japan Co.,Ltd.",ＪＭＡＣＳ,"JMACS Japan Co.,Ltd.",,Standard Market(Domestic),Nonferrous Metals,非铁金属,有色金属、冶炼与金属材料（具体品类待核验）,
5819,5819.T,"Canare Electric Co.,Ltd.",カナレ電気,カナレ電気,,Standard Market(Domestic),Nonferrous Metals,非铁金属,电子设备/电气设备（具体产品待核验）,
0581,581.T,GO Inc.,ＧＯ,GO Inc.,,Growth Market(Domestic),Information & Communication,信息通信,通信、网络设备与通信服务,
5820,5820.T,"MITSUBOSHI CO.,LTD.",三ッ星,三ッ星,,Standard Market(Domestic),Nonferrous Metals,非铁金属,有色金属、冶炼与金属材料（具体品类待核验）,
5821,5821.T,HIRAKAWA HEWTECH CORP.,平河ヒューテック,平河ヒューテック,,Prime Market (Domestic),Nonferrous Metals,非铁金属,有色金属、冶炼与金属材料（具体品类待核验）,
5830,5830.T,"Iyogin Holdings,Inc.",いよぎんホールディングス,いよぎん控股,,Prime Market (Domestic),Banks,银行业,银行与综合金融服务,
5831,5831.T,"Shizuoka Financial Group,Inc.",しずおかフィナンシャルグループ,しずおか金融集团,,Prime Market (Domestic),Banks,银行业,银行与综合金融服务,
5832,5832.T,"Chugin Financial Group,Inc.",ちゅうぎんフィナンシャルグループ,ちゅうぎん金融集团,,Prime Market (Domestic),Banks,银行业,银行与综合金融服务,
5834,5834.T,"SBI Leasing Services Co.,Ltd.",ＳＢＩリーシングサービス,ＳＢＩリーシング服务,,Growth Market(Domestic),Securities and Commodities Futures,证券商品期货,证券经纪与投资银行服务,
5838,5838.T,"Rakuten Bank,Ltd.",楽天銀行,楽天銀行,,Prime Market (Domestic),Banks,银行业,银行与综合金融服务,
5842,5842.T,Integral Corporation,インテグラル,Integral 公司,,Growth Market(Domestic),Securities and Commodities Futures,证券商品期货,证券经纪与投资银行服务,
5843,5843.T,"Nippon Insure Co.,Ltd.",ニッポンインシュア,"Nippon Insure Co.,Ltd.",,Standard Market(Domestic),Other Financing Business,其他金融,融资租赁、消费金融与其他金融服务,
5844,5844.T,"Kyoto Financial Group,Inc.",京都フィナンシャルグループ,京都金融集团,,Prime Market (Domestic),Banks,银行业,银行与综合金融服务,
5845,5845.T,"ZENHOREN CO.,LTD.",全保連,全保連,,Standard Market(Domestic),Other Financing Business,其他金融,融资租赁、消费金融与其他金融服务,
0584,584.T,"LiNKX,Inc.",ＬｉＮＫＸ,"LiNKX,Inc.",,Growth Market(Domestic),Information & Communication,信息通信,通信、网络设备与通信服务,
5851,5851.T,RYOBI LIMITED,リョービ,RYOBI LIMITED,,Prime Market (Domestic),Nonferrous Metals,非铁金属,有色金属、冶炼与金属材料（具体品类待核验）,
5852,5852.T,AHRESTY CORPORATION,アーレスティ,AHRESTY 公司,,Prime Market (Domestic),Nonferrous Metals,非铁金属,有色金属、冶炼与金属材料（具体品类待核验）,
5857,5857.T,"ARE Holdings,Inc.",ＡＲＥホールディングス,ＡＲＥ控股,,Prime Market (Domestic),Nonferrous Metals,非铁金属,有色金属、冶炼与金属材料（具体品类待核验）,
5858,5858.T,"STG CO.,LTD.",ＳＴＧ,"STG CO.,LTD.",,Growth Market(Domestic),Nonferrous Metals,非铁金属,有色金属、冶炼与金属材料（具体品类待核验）,
5867,5867.T,"ES NETWORKS CO.,LTD.",エスネットワークス,エス网络ス,,Growth Market(Domestic),Services,服务业,通信、网络设备与通信服务,
5868,5868.T,Rococo Co.Ltd.,ロココ,Rococo Co.Ltd.,,Standard Market(Domestic),Services,服务业,专业服务、消费服务与商业服务（具体业务待核验）,
5869,5869.T,"WASEDA GAKUSHUKENKYUKAI CO.,LTD.",早稲田学習研究会,早稲田学習研究会,,Standard Market(Domestic),Services,服务业,专业服务、消费服务与商业服务（具体业务待核验）,
5870,5870.T,Nalnet Communications Inc.,ナルネットコミュニケーションズ,ナルネット通信ズ,,Growth Market(Domestic),Services,服务业,通信、网络设备与通信服务,
5871,5871.T,SOLIZE Holdings Corporation,ＳＯＬＩＺＥ Ｈｏｌｄｉｎｇｓ,SOLIZE 控股 公司,,Standard Market(Domestic),Services,服务业,专业服务、消费服务与商业服务（具体业务待核验）,
5884,5884.T,"KURADASHI.Co.,Ltd.",クラダシ,"KURADASHI.Co.,Ltd.",,Growth Market(Domestic),Retail Trade,零售业,零售与消费品渠道,
5885,5885.T,"GDEP ADVANCE,Inc.",ジーデップ・アドバンス,"GDEP ADVANCE,Inc.",,Standard Market(Domestic),Wholesale Trade,批发业,批发贸易/综合商社,
5888,5888.T,"DAIWA CYCLE CO.,LTD.",ＤＡＩＷＡ ＣＹＣＬＥ,"DAIWA CYCLE CO.,LTD.",,Growth Market(Domestic),Retail Trade,零售业,零售与消费品渠道,
5889,5889.T,"Japan Eyewear Holdings Co.,Ltd.",Ｊａｐａｎ Ｅｙｅｗｅａｒ Ｈｏｌｄｉｎｇｓ,"Japan Eyewear 控股 Co.,Ltd.",,Prime Market (Domestic),Retail Trade,零售业,零售与消费品渠道,
5891,5891.T,"SAKIGAKE Holdings Co.,Ltd.",ＳＡＫＩＧＡＫＥホールディングス,ＳＡＫＩＧＡＫＥ控股,,Standard Market(Domestic),Retail Trade,零售业,零售与消费品渠道,
5892,5892.T,"yutori,Inc.",ｙｕｔｏｒｉ,"yutori,Inc.",,Growth Market(Domestic),Retail Trade,零售业,零售与消费品渠道,
0589,589.T,"NEIS Co.,Ltd.",ネイス,"NEIS Co.,Ltd.",,Growth Market(Domestic),Services,服务业,专业服务、消费服务与商业服务（具体业务待核验）,
5900,5900.T,"DAIKEN CO.,LTD.",ダイケン,"DAIKEN CO.,LTD.",,Standard Market(Domestic),Metal Products,金属制品,金属制品、零部件与加工（具体产品待核验）,
5901,5901.T,"Toyo Seikan Group Holdings,Ltd.",東洋製罐グループホールディングス,東洋製罐集团控股,,Prime Market (Domestic),Metal Products,金属制品,金属制品、零部件与加工（具体产品待核验）,
5902,5902.T,HOKKAN HOLDINGS LIMITED,ホッカンホールディングス,ホッカン控股,,Prime Market (Domestic),Metal Products,金属制品,金属制品、零部件与加工（具体产品待核验）,
5905,5905.T,NIHON SEIKAN K.K.,日本製罐,日本製罐,,Standard Market(Domestic),Metal Products,金属制品,金属制品、零部件与加工（具体产品待核验）,
5906,5906.T,"MK SEIKO CO.,LTD.",エムケー精工,エムケー精工,,Standard Market(Domestic),Metal Products,金属制品,金属制品、零部件与加工（具体产品待核验）,
5909,5909.T,CORONA CORPORATION,コロナ,CORONA 公司,,Standard Market(Domestic),Metal Products,金属制品,金属制品、零部件与加工（具体产品待核验）,
0590,590.T,"giftee Group,Inc.",ギフティグループ,ギフティ集团,,Prime Market (Domestic),Information & Communication,信息通信,通信、网络设备与通信服务,
5911,5911.T,Yokogawa Bridge Holdings Corp.,横河ブリッジホールディングス,横河ブリッジ控股,,Prime Market (Domestic),Metal Products,金属制品,金属制品、零部件与加工（具体产品待核验）,
5915,5915.T,KOMAIHALTEC Inc.,駒井ハルテック,駒井ハルテック,,Standard Market(Domestic),Metal Products,金属制品,金属制品、零部件与加工（具体产品待核验）,
5918,5918.T,"The Takigami Steel Construction Co.,Ltd.",瀧上工業,瀧上工業,,Standard Market(Domestic),Metal Products,金属制品,金属制品、零部件与加工（具体产品待核验）,
5921,5921.T,"Kawagishi Bridge Works Co.,Ltd.",川岸工業,川岸工業,,Standard Market(Domestic),Metal Products,金属制品,金属制品、零部件与加工（具体产品待核验）,
5922,5922.T,"NASU DENKI-TEKKO CO.,LTD.",那須電機鉄工,那須電機鉄工,,Standard Market(Domestic),Metal Products,金属制品,金属制品、零部件与加工（具体产品待核验）,
5923,5923.T,"TAKADAKIKO(Steel Construction)CO.,LTD.",高田機工,高田機工,,Standard Market(Domestic),Metal Products,金属制品,金属制品、零部件与加工（具体产品待核验）,
5928,5928.T,"ALMETAX MANUFACTURING CO,LTD.",アルメタックス,"ALMETAX MANUFACTURING CO,LTD.",,Standard Market(Domestic),Metal Products,金属制品,金属制品、零部件与加工（具体产品待核验）,
5929,5929.T,Sanwa Holdings Corporation,三和ホールディングス,三和控股,,Prime Market (Domestic),Metal Products,金属制品,金属制品、零部件与加工（具体产品待核验）,
5930,5930.T,"Bunka Shutter Co.,Ltd.",文化シヤッター,文化シヤッター,,Prime Market (Domestic),Metal Products,金属制品,金属制品、零部件与加工（具体产品待核验）,
5932,5932.T,"Sankyo Tateyama,Inc.",三協立山,三協立山,,Prime Market (Domestic),Metal Products,金属制品,金属制品、零部件与加工（具体产品待核验）,
5933,5933.T,ALINCO INCORPORATED,アルインコ,ALINCO INCORPORATED,,Prime Market (Domestic),Metal Products,金属制品,金属制品、零部件与加工（具体产品待核验）,
5936,5936.T,"TOYO SHUTTER CO.,LTD.",東洋シヤッター,東洋シヤッター,,Standard Market(Domestic),Metal Products,金属制品,金属制品、零部件与加工（具体产品待核验）,
5938,5938.T,LIXIL Corporation,ＬＩＸＩＬ,LIXIL 公司,,Prime Market (Domestic),Metal Products,金属制品,金属制品、零部件与加工（具体产品待核验）,
5939,5939.T,"OTANI KOGYO CO.,LTD.",大谷工業,大谷工業,,Standard Market(Domestic),Metal Products,金属制品,金属制品、零部件与加工（具体产品待核验）,
0593,593.T,"TIER IV,Inc.",ティアフォー,"TIER IV,Inc.",,Growth Market(Domestic),Information & Communication,信息通信,通信、网络设备与通信服务,
5940,5940.T,"FUJISASH CO.,LTD.",不二サッシ,不二サッシ,,Standard Market(Domestic),Metal Products,金属制品,金属制品、零部件与加工（具体产品待核验）,
5941,5941.T,"NAKANISHI MFG. CO.,LTD.",中西製作所,中西制作所,,Standard Market(Domestic),Metal Products,金属制品,金属制品、零部件与加工（具体产品待核验）,
5942,5942.T,"NIPPON FILCON CO.,LTD.",日本フイルコン,日本フイルコン,,Standard Market(Domestic),Metal Products,金属制品,金属制品、零部件与加工（具体产品待核验）,
5943,5943.T,NORITZ CORPORATION,ノーリツ,NORITZ 公司,,Prime Market (Domestic),Metal Products,金属制品,金属制品、零部件与加工（具体产品待核验）,
5945,5945.T,"Tenryu Saw Mfg.Co.,Ltd.",天龍製鋸,天龍製鋸,,Standard Market(Domestic),Metal Products,金属制品,金属制品、零部件与加工（具体产品待核验）,
5946,5946.T,"CHOFU SEISAKUSHO CO.,LTD.",長府製作所,長府制作所,,Prime Market (Domestic),Metal Products,金属制品,金属制品、零部件与加工（具体产品待核验）,
5947,5947.T,RINNAI CORPORATION,リンナイ,RINNAI 公司,,Prime Market (Domestic),Metal Products,金属制品,金属制品、零部件与加工（具体产品待核验）,
5949,5949.T,UNIPRES CORPORATION,ユニプレス,UNIPRES 公司,,Prime Market (Domestic),Transportation Equipment,运输用设备,工业机械与自动化设备（具体产品待核验）,
5950,5950.T,"JAPAN POWER FASTENING CO.,LTD.",日本パワーファスニング,日本パワーファスニング,,Standard Market(Domestic),Metal Products,金属制品,金属制品、零部件与加工（具体产品待核验）,
5951,5951.T,"Dainichi Co.,Ltd.",ダイニチ工業,ダイニチ工業,,Standard Market(Domestic),Metal Products,金属制品,金属制品、零部件与加工（具体产品待核验）,
5952,5952.T,Amatei Incorporated,アマテイ,Amatei Incorporated,,Standard Market(Domestic),Metal Products,金属制品,金属制品、零部件与加工（具体产品待核验）,
5955,5955.T,"WISE HOLDINGS CO.,LTD.",ワイズホールディングス,ワイズ控股,,Standard Market(Domestic),Metal Products,金属制品,金属制品、零部件与加工（具体产品待核验）,
5956,5956.T,"TOSO CO.,LTD.",トーソー,"TOSO CO.,LTD.",,Standard Market(Domestic),Metal Products,金属制品,金属制品、零部件与加工（具体产品待核验）,
5957,5957.T,"NITTOSEIKO CO.,LTD.",日東精工,日東精工,,Prime Market (Domestic),Metal Products,金属制品,金属制品、零部件与加工（具体产品待核验）,
5958,5958.T,"SANYO INDUSTRIES,LTD.",三洋工業,三洋工業,,Standard Market(Domestic),Metal Products,金属制品,金属制品、零部件与加工（具体产品待核验）,
5959,5959.T,"OKABE CO.,LTD.",岡部,岡部,,Prime Market (Domestic),Metal Products,金属制品,金属制品、零部件与加工（具体产品待核验）,
5962,5962.T,"ASAKA INDUSTRIAL CO.,LTD.",浅香工業,浅香工業,,Standard Market(Domestic),Other Products,其他制品,工业机械与自动化设备（具体产品待核验）,
5965,5965.T,FUJIMAK CORPORATION,フジマック,FUJIMAK 公司,,Standard Market(Domestic),Metal Products,金属制品,金属制品、零部件与加工（具体产品待核验）,
5966,5966.T,"KYOTO TOOL CO.,LTD.",京都機械工具,京都機械工具,,Standard Market(Domestic),Metal Products,金属制品,金属制品、零部件与加工（具体产品待核验）,
5967,5967.T,"TONE CO.,LTD.",ＴＯＮＥ,"TONE CO.,LTD.",,Standard Market(Domestic),Metal Products,金属制品,金属制品、零部件与加工（具体产品待核验）,
5969,5969.T,"LOBTEX Co.,Ltd.",ロブテックス,"LOBTEX Co.,Ltd.",,Standard Market(Domestic),Metal Products,金属制品,金属制品、零部件与加工（具体产品待核验）,
5970,5970.T,G-TEKT CORPORATION,ジーテクト,G-TEKT 公司,,Prime Market (Domestic),Metal Products,金属制品,金属制品、零部件与加工（具体产品待核验）,
5971,5971.T,"KYOWAKOGYOSYO CO.,LTD.",共和工業所,共和工業所,,Standard Market(Domestic),Metal Products,金属制品,金属制品、零部件与加工（具体产品待核验）,
5973,5973.T,TOAMI CORPORATION,トーアミ,TOAMI 公司,,Standard Market(Domestic),Metal Products,金属制品,金属制品、零部件与加工（具体产品待核验）,
5974,5974.T,"CHUGOKUKOGYO CO.,LTD.",中国工業,中国工業,,Standard Market(Domestic),Metal Products,金属制品,金属制品、零部件与加工（具体产品待核验）,
5975,5975.T,Topre Corporation,東プレ,東プレ,,Prime Market (Domestic),Metal Products,金属制品,金属制品、零部件与加工（具体产品待核验）,
5976,5976.T,"Neturen Co.,Ltd.",高周波熱錬,高周波熱錬,,Prime Market (Domestic),Metal Products,金属制品,金属制品、零部件与加工（具体产品待核验）,
5981,5981.T,"TOKYO ROPE MFG.CO.,LTD",東京製綱,東京製綱,,Prime Market (Domestic),Metal Products,金属制品,金属制品、零部件与加工（具体产品待核验）,
5982,5982.T,"MARUZEN CO.,LTD.",マルゼン,"MARUZEN CO.,LTD.",,Standard Market(Domestic),Metal Products,金属制品,金属制品、零部件与加工（具体产品待核验）,
5983,5983.T,IWABUCHI CORPORATION,イワブチ,IWABUCHI 公司,,Standard Market(Domestic),Metal Products,金属制品,金属制品、零部件与加工（具体产品待核验）,
5984,5984.T,KANEFUSA CORPORATION,兼房,兼房,,Standard Market(Domestic),Metal Products,金属制品,金属制品、零部件与加工（具体产品待核验）,
5985,5985.T,SUNCALL CORPORATION,サンコール,SUNCALL 公司,,Standard Market(Domestic),Metal Products,金属制品,金属制品、零部件与加工（具体产品待核验）,
5986,5986.T,"MOLITEC STEEL CO.,LTD.",モリテック スチール,"MOLITEC STEEL CO.,LTD.",,Standard Market(Domestic),Metal Products,金属制品,金属制品、零部件与加工（具体产品待核验）,
5987,5987.T,ONEX Corporation,オーネックス,ONEX 公司,,Standard Market(Domestic),Metal Products,金属制品,金属制品、零部件与加工（具体产品待核验）,
5988,5988.T,"PIOLAX,INC.",パイオラックス,"PIOLAX,INC.",,Prime Market (Domestic),Metal Products,金属制品,金属制品、零部件与加工（具体产品待核验）,
5989,5989.T,"H-ONE CO.,LTD.",エイチワン,"H-ONE CO.,LTD.",,Prime Market (Domestic),Metal Products,金属制品,金属制品、零部件与加工（具体产品待核验）,
0598,598.T,"ChatPlus Co.,Ltd.",チャットプラス,"ChatPlus Co.,Ltd.",,Growth Market(Domestic),Information & Communication,信息通信,通信、网络设备与通信服务,
5990,5990.T,"SUPER TOOL CO.,LTD.",スーパーツール,"SUPER TOOL CO.,LTD.",,Standard Market(Domestic),Metal Products,金属制品,金属制品、零部件与加工（具体产品待核验）,
5991,5991.T,"NHK SPRING CO.,LTD.",日本発條,日本発條,,Prime Market (Domestic),Metal Products,金属制品,金属制品、零部件与加工（具体产品待核验）,
5992,5992.T,"CHUO SPRING CO.,LTD.",中央発條,中央発條,,Standard Market(Domestic),Metal Products,金属制品,金属制品、零部件与加工（具体产品待核验）,
5994,5994.T,"FINE SINTER CO.,LTD.",ファインシンター,"FINE SINTER CO.,LTD.",,Standard Market(Domestic),Metal Products,金属制品,金属制品、零部件与加工（具体产品待核验）,
5997,5997.T,KYORITSU AIR TECH INC.,協立エアテック,協立エアテック,,Standard Market(Domestic),Metal Products,金属制品,金属制品、零部件与加工（具体产品待核验）,
5998,5998.T,Advanex Inc.,アドバネクス,Advanex Inc.,,Standard Market(Domestic),Metal Products,金属制品,金属制品、零部件与加工（具体产品待核验）,
6005,6005.T,"MIURA CO.,LTD.",三浦工業,三浦工業,,Prime Market (Domestic),Machinery,机械,工业机械与自动化设备（具体产品待核验）,
6013,6013.T,"TAKUMA CO.,LTD.",タクマ,"TAKUMA CO.,LTD.",,Prime Market (Domestic),Machinery,机械,工业机械与自动化设备（具体产品待核验）,
6016,6016.T,Japan Engine Corporation,ジャパンエンジンコーポレーション,ジャパンエンジン公司,,Standard Market(Domestic),Transportation Equipment,运输用设备,工业机械与自动化设备（具体产品待核验）,
6018,6018.T,"THE HANSHIN DIESEL WORKS,LTD.",阪神内燃機工業,阪神内燃機工業,,Standard Market(Domestic),Transportation Equipment,运输用设备,工业机械与自动化设备（具体产品待核验）,
6022,6022.T,Akasaka Diesels Ltd.,赤阪鐵工所,赤阪鐵工所,,Standard Market(Domestic),Machinery,机械,工业机械与自动化设备（具体产品待核验）,
6023,6023.T,"DAIHATSU INFINEARTH MFG.CO.,LTD.",ダイハツインフィニアース,"DAIHATSU INFINEARTH MFG.CO.,LTD.",,Standard Market(Domestic),Transportation Equipment,运输用设备,工业机械与自动化设备（具体产品待核验）,
6027,6027.T,"Bengo4.com,Inc.",弁護士ドットコム,弁護士ドットコム,,Prime Market (Domestic),Services,服务业,专业服务、消费服务与商业服务（具体业务待核验）,
6029,6029.T,Artra Group Corporation,アトラグループ,アトラ集团,,Standard Market(Domestic),Services,服务业,专业服务、消费服务与商业服务（具体业务待核验）,
6030,6030.T,"Adventure,Inc.",アドベンチャー,"Adventure,Inc.",,Growth Market(Domestic),Services,服务业,专业服务、消费服务与商业服务（具体业务待核验）,
6031,6031.T,ZETA INC.,ＺＥＴＡ,ZETA INC.,,Standard Market(Domestic),Services,服务业,专业服务、消费服务与商业服务（具体业务待核验）,
6033,6033.T,"EXTREME CO.,LTD.",エクストリーム,"EXTREME CO.,LTD.",,Growth Market(Domestic),Services,服务业,专业服务、消费服务与商业服务（具体业务待核验）,
6034,6034.T,MRT Inc.,ＭＲＴ,MRT Inc.,,Growth Market(Domestic),Services,服务业,专业服务、消费服务与商业服务（具体业务待核验）,
6035,6035.T,"IR Japan Holdings,Ltd.",アイ・アールジャパンホールディングス,アイ・アールジャパン控股,,Standard Market(Domestic),Services,服务业,专业服务、消费服务与商业服务（具体业务待核验）,
6036,6036.T,"KeePer Technical Laboratory Co.,Ltd.",ＫｅｅＰｅｒ技研,ＫｅｅＰｅｒ技研,,Prime Market (Domestic),Services,服务业,专业服务、消费服务与商业服务（具体业务待核验）,
6037,6037.T,"RAKUMACHI,INC.",楽待,楽待,,Standard Market(Domestic),Services,服务业,专业服务、消费服务与商业服务（具体业务待核验）,
6038,6038.T,"IID,Inc.",イード,"IID,Inc.",,Growth Market(Domestic),Services,服务业,专业服务、消费服务与商业服务（具体业务待核验）,
6039,6039.T,"Japan Animal Referral Medical Center Co.,Ltd.",日本動物高度医療センター,日本動物高度医療中心,,Growth Market(Domestic),Services,服务业,医疗服务与医疗器械,
0603,603.T,i GRID SOLUTIONS Inc.,アイ・グリッド・ソリューションズ,アイ・グリッド・解决方案,,Growth Market(Domestic),Electric Power and Gas,电力燃气,电子设备/电气设备（具体产品待核验）,
6040,6040.T,"Nippon Ski Resort Development Co.,Ltd.",日本スキー場開発,日本スキー場開発,,Growth Market(Domestic),Services,服务业,酒店、旅游与休闲服务,
6042,6042.T,"NIKKI CO.,LTD.",ニッキ,"NIKKI CO.,LTD.",,Standard Market(Domestic),Transportation Equipment,运输用设备,工业机械与自动化设备（具体产品待核验）,
6044,6044.T,SANKI SERVICE CORPORATION,三機サービス,三機服务,,Standard Market(Domestic),Services,服务业,专业服务、消费服务与商业服务（具体业务待核验）,
6045,6045.T,"Rentracks CO.,LTD.",レントラックス,"Rentracks CO.,LTD.",,Growth Market(Domestic),Services,服务业,专业服务、消费服务与商业服务（具体业务待核验）,
6046,6046.T,LINKBAL INC.,リンクバル,LINKBAL INC.,,Standard Market(Domestic),Services,服务业,专业服务、消费服务与商业服务（具体业务待核验）,
6047,6047.T,Gunosy Inc.,Ｇｕｎｏｓｙ,Gunosy Inc.,,Standard Market(Domestic),Services,服务业,专业服务、消费服务与商业服务（具体业务待核验）,
6049,6049.T,ItoKuro Inc.,イトクロ,ItoKuro Inc.,,Growth Market(Domestic),Services,服务业,专业服务、消费服务与商业服务（具体业务待核验）,
0604,604.T,"beABLE CO.,LTD.",ビーエイブル,"beABLE CO.,LTD.",,Standard Market(Domestic),Construction,建设业,建筑工程、建材与房地产相关工程（具体业务待核验）,
6050,6050.T,E-Guardian Inc.,イー・ガーディアン,E-Guardian Inc.,,Prime Market (Domestic),Services,服务业,专业服务、消费服务与商业服务（具体业务待核验）,
6054,6054.T,Livesense Inc.,リブセンス,Livesense Inc.,,Standard Market(Domestic),Services,服务业,专业服务、消费服务与商业服务（具体业务待核验）,
6055,6055.T,"JAPAN MATERIAL Co.,Ltd.",ジャパンマテリアル,ジャパン材料,,Prime Market (Domestic),Services,服务业,专业服务、消费服务与商业服务（具体业务待核验）,
6058,6058.T,VECTOR INC.,ベクトル,VECTOR INC.,,Prime Market (Domestic),Services,服务业,专业服务、消费服务与商业服务（具体业务待核验）,
6059,6059.T,"UCHIYAMA HOLDINGS Co.,Ltd.",ウチヤマホールディングス,ウチヤマ控股,,Standard Market(Domestic),Services,服务业,专业服务、消费服务与商业服务（具体业务待核验）,
6061,6061.T,"UNIVERSAL ENGEISHA CO.,LTD",ユニバーサル園芸社,ユニバーサル園芸社,,Standard Market(Domestic),Services,服务业,专业服务、消费服务与商业服务（具体业务待核验）,
6062,6062.T,CHARM CARE CORPORATION,チャーム・ケア・コーポレーション,チャーム・ケア・公司,,Prime Market (Domestic),Services,服务业,专业服务、消费服务与商业服务（具体业务待核验）,
6063,6063.T,"Emergency Assistance Japan Co., Ltd.",日本エマージェンシーアシスタンス,日本エマージェンシーアシスタンス,,Standard Market(Domestic),Services,服务业,专业服务、消费服务与商业服务（具体业务待核验）,
6069,6069.T,"Trenders,Inc.",トレンダーズ,"Trenders,Inc.",,Growth Market(Domestic),Services,服务业,专业服务、消费服务与商业服务（具体业务待核验）,
6070,6070.T,"CAREERLINK CO.,LTD.",キャリアリンク,"CAREERLINK CO.,LTD.",,Prime Market (Domestic),Services,服务业,专业服务、消费服务与商业服务（具体业务待核验）,
6071,6071.T,"IBJ,Inc.",ＩＢＪ,"IBJ,Inc.",,Prime Market (Domestic),Services,服务业,专业服务、消费服务与商业服务（具体业务待核验）,
6072,6072.T,"Jibannet Holdings Co.,Ltd.",地盤ネットホールディングス,地盤ネット控股,,Standard Market(Domestic),Services,服务业,专业服务、消费服务与商业服务（具体业务待核验）,
6073,6073.T,ASANTE INCORPORATED,アサンテ,ASANTE INCORPORATED,,Prime Market (Domestic),Services,服务业,专业服务、消费服务与商业服务（具体业务待核验）,
6074,6074.T,JSS CORPORATION,ジェイエスエス,JSS 公司,,Standard Market(Domestic),Services,服务业,专业服务、消费服务与商业服务（具体业务待核验）,
6078,6078.T,"Value HR Co.,Ltd.",バリューＨＲ,"Value HR Co.,Ltd.",,Prime Market (Domestic),Services,服务业,专业服务、消费服务与商业服务（具体业务待核验）,
0607,607.T,"every,Inc.",エブリー,"every,Inc.",,Growth Market(Domestic),Services,服务业,专业服务、消费服务与商业服务（具体业务待核验）,
6080,6080.T,"M&A Capital Partners Co.,Ltd.",Ｍ＆Ａキャピタルパートナーズ,Ｍ＆Ａ资本合作伙伴,,Prime Market (Domestic),Services,服务业,专业服务、消费服务与商业服务（具体业务待核验）,
6081,6081.T,"Allied Architects,Inc.",アライドアーキテクツ,"Allied Architects,Inc.",,Growth Market(Domestic),Services,服务业,专业服务、消费服务与商业服务（具体业务待核验）,
6082,6082.T,"RIDE ON EXPRESS HOLDINGS Co.,Ltd.",ライドオンエクスプレスホールディングス,ライドオンエクスプレス控股,,Standard Market(Domestic),Services,服务业,专业服务、消费服务与商业服务（具体业务待核验）,
6083,6083.T,"ERI HOLDINGS CO.,LTD.",ＥＲＩホールディングス,ＥＲＩ控股,,Standard Market(Domestic),Services,服务业,专业服务、消费服务与商业服务（具体业务待核验）,
6085,6085.T,ARCHITECTS STUDIO JAPAN INC.,アーキテクツ・スタジオ・ジャパン,ARCHITECTS STUDIO JAPAN INC.,,Growth Market(Domestic),Services,服务业,专业服务、消费服务与商业服务（具体业务待核验）,
6086,6086.T,"Shin Maint Holdings Co.,Ltd.",シンメンテホールディングス,シンメンテ控股,,Growth Market(Domestic),Services,服务业,专业服务、消费服务与商业服务（具体业务待核验）,
6087,6087.T,"ABIST Co.,Ltd.",アビスト,"ABIST Co.,Ltd.",,Standard Market(Domestic),Services,服务业,专业服务、消费服务与商业服务（具体业务待核验）,
6088,6088.T,SIGMAXYZ Holdings Inc.,シグマクシス・ホールディングス,シグマクシス・控股,,Prime Market (Domestic),Services,服务业,专业服务、消费服务与商业服务（具体业务待核验）,
6089,6089.T,"WILL GROUP,INC.",ウィルグループ,ウィル集团,,Prime Market (Domestic),Services,服务业,专业服务、消费服务与商业服务（具体业务待核验）,
6090,6090.T,"Human Metabolome Technologies,Inc.",ヒューマン・メタボローム・テクノロジーズ,ヒューマン・メタボローム・科技,,Standard Market(Domestic),Services,服务业,专业服务、消费服务与商业服务（具体业务待核验）,
6091,6091.T,Wesco Holdings Inc.,ウエスコホールディングス,ウエスコ控股,,Standard Market(Domestic),Services,服务业,专业服务、消费服务与商业服务（具体业务待核验）,
6092,6092.T,"EnBio Holdings,Inc",エンバイオ・ホールディングス,エン生物・控股,,Standard Market(Domestic),Services,服务业,专业服务、消费服务与商业服务（具体业务待核验）,
6093,6093.T,"MITRA Group,Inc.",ミトラグループ,ミトラ集团,,Standard Market(Domestic),Services,服务业,专业服务、消费服务与商业服务（具体业务待核验）,
6094,6094.T,"FreakOut Holdings,inc.",フリークアウト・ホールディングス,フリークアウト・控股,,Growth Market(Domestic),Services,服务业,专业服务、消费服务与商业服务（具体业务待核验）,
6098,6098.T,"Recruit Holdings Co.,Ltd.",リクルートホールディングス,Recruit控股,,Prime Market (Domestic),Services,服务业,人力资源与招聘服务（人才派遣、招聘与营销支持）,17062.67
6099,6099.T,ELAN Corporation,エラン,ELAN 公司,,Prime Market (Domestic),Services,服务业,专业服务、消费服务与商业服务（具体业务待核验）,
6101,6101.T,TSUGAMI CORPORATION,ツガミ,TSUGAMI 公司,,Prime Market (Domestic),Machinery,机械,工业机械与自动化设备（具体产品待核验）,
6103,6103.T,OKUMA Corporation,オークマ,OKUMA 公司,,Prime Market (Domestic),Machinery,机械,工业机械与自动化设备（具体产品待核验）,
6104,6104.T,"SHIBAURA MACHINE CO.,LTD.",芝浦機械,芝浦機械,,Prime Market (Domestic),Machinery,机械,工业机械与自动化设备（具体产品待核验）,
6113,6113.T,"AMADA CO.,LTD.",アマダ,"AMADA CO.,LTD.",,Prime Market (Domestic),Machinery,机械,工业机械与自动化设备（具体产品待核验）,
6118,6118.T,"AIDA ENGINEERING,LTD.",アイダエンジニアリング,アイダ工程,,Prime Market (Domestic),Machinery,机械,工业机械与自动化设备（具体产品待核验）,
6125,6125.T,"OKAMOTO MACHINE TOOL WORKS,LTD.",岡本工作機械製作所,岡本工作機械制作所,,Standard Market(Domestic),Machinery,机械,工业机械与自动化设备（具体产品待核验）,
6134,6134.T,FUJI CORPORATION,ＦＵＪＩ,FUJI 公司,,Prime Market (Domestic),Machinery,机械,工业机械与自动化设备（具体产品待核验）,
6135,6135.T,"Makino Milling Machine Co.,Ltd.",牧野フライス製作所,牧野フライス制作所,,Prime Market (Domestic),Machinery,机械,工业机械与自动化设备（具体产品待核验）,
6136,6136.T,OSG Corporation,オーエスジー,OSG 公司,,Prime Market (Domestic),Machinery,机械,工业机械与自动化设备（具体产品待核验）,
6137,6137.T,"KOIKE SANSO KOGYO CO.,LTD.",小池酸素工業,小池酸素工業,,Standard Market(Domestic),Machinery,机械,工业机械与自动化设备（具体产品待核验）,
6138,6138.T,"DIJET INDUSTRIAL CO.,LTD.",ダイジェット工業,ダイジェット工業,,Standard Market(Domestic),Machinery,机械,工业机械与自动化设备（具体产品待核验）,
6140,6140.T,"Asahi Diamond Industrial Co.,Ltd.",旭ダイヤモンド工業,旭ダイヤモンド工業,,Prime Market (Domestic),Machinery,机械,工业机械与自动化设备（具体产品待核验）,
6141,6141.T,"DMG MORI CO.,LTD.",ＤＭＧ森精機,ＤＭＧ森精機,,Prime Market (Domestic),Machinery,机械,工业机械与自动化设备（具体产品待核验）,520.53
6143,6143.T,"Sodick Co.,Ltd.",ソディック,"Sodick Co.,Ltd.",,Prime Market (Domestic),Machinery,机械,工业机械与自动化设备（具体产品待核验）,
6144,6144.T,"Seibu Electric & Machinery Co.,Ltd.",西部電機,西部電機,,Standard Market(Domestic),Machinery,机械,工业机械与自动化设备（具体产品待核验）,
6145,6145.T,"NITTOKU CO.,LTD.",ＮＩＴＴＯＫＵ,"NITTOKU CO.,LTD.",,Standard Market(Domestic),Machinery,机械,工业机械与自动化设备（具体产品待核验）,
6146,6146.T,DISCO CORPORATION,ディスコ,DISCO,,Prime Market (Domestic),Machinery,机械,半导体设备（晶圆切割、研磨与精密加工）,
6147,6147.T,"YAMAZAKI CO.,LTD.",ヤマザキ,"YAMAZAKI CO.,LTD.",,Standard Market(Domestic),Machinery,机械,工业机械与自动化设备（具体产品待核验）,
6149,6149.T,"Odawara Engineering Co.,Ltd.",小田原エンジニアリング,小田原工程,,Standard Market(Domestic),Machinery,机械,工业机械与自动化设备（具体产品待核验）,
6150,6150.T,"TAKEDA MACHINERY CO.,LTD.",タケダ機械,タケダ機械,,Standard Market(Domestic),Machinery,机械,工业机械与自动化设备（具体产品待核验）,
6151,6151.T,"NITTO KOHKI CO.,LTD.",日東工器,日東工器,,Prime Market (Domestic),Machinery,机械,工业机械与自动化设备（具体产品待核验）,
6155,6155.T,"TAKAMATSU MACHINERY CO.,LTD.",高松機械工業,高松機械工業,,Standard Market(Domestic),Machinery,机械,工业机械与自动化设备（具体产品待核验）,
6156,6156.T,A-ONE SEIMITSU INC.,エーワン精密,エーワン精密,,Standard Market(Domestic),Machinery,机械,工业机械与自动化设备（具体产品待核验）,
6157,6157.T,"NS TOOL CO.,LTD.",日進工具,日進工具,,Standard Market(Domestic),Machinery,机械,工业机械与自动化设备（具体产品待核验）,
6158,6158.T,"WAIDA MFG.CO.,LTD.",和井田製作所,和井田制作所,,Standard Market(Domestic),Machinery,机械,工业机械与自动化设备（具体产品待核验）,
6159,6159.T,"MICRON MACHINERY CO.,LTD.",ミクロン精密,ミクロン精密,,Standard Market(Domestic),Machinery,机械,工业机械与自动化设备（具体产品待核验）,
6161,6161.T,ESTIC CORPORATION,エスティック,ESTIC 公司,,Standard Market(Domestic),Machinery,机械,工业机械与自动化设备（具体产品待核验）,
6165,6165.T,"PUNCH INDUSTRY CO.,LTD.",パンチ工業,パンチ工業,,Standard Market(Domestic),Machinery,机械,工业机械与自动化设备（具体产品待核验）,
6166,6166.T,"NAKAMURA CHOUKOU CO.,LTD.",中村超硬,中村超硬,,Growth Market(Domestic),Machinery,机械,工业机械与自动化设备（具体产品待核验）,
6167,6167.T,"Fuji Die Co.,Ltd.",冨士ダイス,冨士ダイス,,Prime Market (Domestic),Machinery,机械,工业机械与自动化设备（具体产品待核验）,
6171,6171.T,C.E.Management Integrated Laboratory Co.Ltd,土木管理総合試験所,土木管理総合試験所,,Standard Market(Domestic),Services,服务业,专业服务、消费服务与商业服务（具体业务待核验）,
6176,6176.T,Brangista Inc.,ブランジスタ,Brangista Inc.,,Standard Market(Domestic),Services,服务业,专业服务、消费服务与商业服务（具体业务待核验）,
6177,6177.T,AppBank Inc.,ＡｐｐＢａｎｋ,AppBank Inc.,,Growth Market(Domestic),Services,服务业,银行与综合金融服务,
6178,6178.T,"JAPAN POST HOLDINGS Co.,Ltd.",日本郵政,日本邮政,,Prime Market (Domestic),Services,服务业,专业服务、消费服务与商业服务（具体业务待核验）,
6180,6180.T,"GMO Media,Inc.",ＧＭＯメディア,ＧＭＯ媒体,,Growth Market(Domestic),Services,服务业,广告、营销与媒体服务,
6181,6181.T,Tameny Inc.,タメニー,Tameny Inc.,,Growth Market(Domestic),Services,服务业,专业服务、消费服务与商业服务（具体业务待核验）,
6182,6182.T,MetaReal Corporation,メタリアル,MetaReal 公司,,Growth Market(Domestic),Services,服务业,专业服务、消费服务与商业服务（具体业务待核验）,
6183,6183.T,"BELLSYSTEM24 HOLDINGS,INC.",ベルシステム２４ホールディングス,ベル系统２４控股,,Prime Market (Domestic),Services,服务业,专业服务、消费服务与商业服务（具体业务待核验）,
6184,6184.T,"Kamakura Shinsho,Ltd.",鎌倉新書,鎌倉新書,,Prime Market (Domestic),Services,服务业,专业服务、消费服务与商业服务（具体业务待核验）,
6185,6185.T,SMN Corporation,ＳＭＮ,SMN 公司,,Standard Market(Domestic),Services,服务业,专业服务、消费服务与商业服务（具体业务待核验）,
6186,6186.T,"ICHIKURA CO.,LTD.",一蔵,一蔵,,Standard Market(Domestic),Services,服务业,专业服务、消费服务与商业服务（具体业务待核验）,
6189,6189.T,Global Kids Company Corp.,グローバルキッズＣＯＭＰＡＮＹ,Global Kids Company Corp.,,Standard Market(Domestic),Services,服务业,专业服务、消费服务与商业服务（具体业务待核验）,
0618,618.T,KOMPEITO Inc.,ＫＯＭＰＥＩＴＯ,KOMPEITO Inc.,,Growth Market(Domestic),Services,服务业,专业服务、消费服务与商业服务（具体业务待核验）,
6190,6190.T,"PhoenixBio Co.,Ltd.",フェニックスバイオ,フェニックス生物,,Growth Market(Domestic),Services,服务业,专业服务、消费服务与商业服务（具体业务待核验）,
6191,6191.T,AirTrip Corp.,エアトリ,AirTrip Corp.,,Prime Market (Domestic),Services,服务业,专业服务、消费服务与商业服务（具体业务待核验）,
6193,6193.T,"Virtualex Holdings,Inc.",バーチャレクス・ホールディングス,バーチャレクス・控股,,Growth Market(Domestic),Services,服务业,专业服务、消费服务与商业服务（具体业务待核验）,
6194,6194.T,"Atrae,Inc.",アトラエ,"Atrae,Inc.",,Prime Market (Domestic),Services,服务业,专业服务、消费服务与商业服务（具体业务待核验）,
6195,6195.T,"HOPE,INC.",ホープ,"HOPE,INC.",,Growth Market(Domestic),Services,服务业,专业服务、消费服务与商业服务（具体业务待核验）,
6196,6196.T,"Strike Group Co.,Ltd.",ストライクグループ,ストライク集团,,Prime Market (Domestic),Services,服务业,专业服务、消费服务与商业服务（具体业务待核验）,
6198,6198.T,"CAREER CO.,LTD.",キャリア,"CAREER CO.,LTD.",,Growth Market(Domestic),Services,服务业,专业服务、消费服务与商业服务（具体业务待核验）,
6199,6199.T,"SERAKU Co.,Ltd.",セラク,"SERAKU Co.,Ltd.",,Standard Market(Domestic),Information & Communication,信息通信,通信、网络设备与通信服务,
0619,619.T,OLIVER CORPORATION,オリバー,OLIVER 公司,,Standard Market(Domestic),Other Products,其他制品,其他制造业（公司级产品待核验）,
6200,6200.T,"Insource Co.,Ltd.",インソース,"Insource Co.,Ltd.",,Prime Market (Domestic),Services,服务业,专业服务、消费服务与商业服务（具体业务待核验）,
6203,6203.T,"Howa Machinery,Ltd.",豊和工業,豊和工業,,Standard Market(Domestic),Machinery,机械,工业机械与自动化设备（具体产品待核验）,
6208,6208.T,"Ishikawa Seisakusho,Ltd.",石川製作所,石川制作所,,Standard Market(Domestic),Machinery,机械,工业机械与自动化设备（具体产品待核验）,
6209,6209.T,NPR-RIKEN CORPORATION,リケンＮＰＲ,NPR-RIKEN 公司,,Prime Market (Domestic),Machinery,机械,工业机械与自动化设备（具体产品待核验）,
6217,6217.T,TSUDAKOMA Corp.,津田駒工業,津田駒工業,,Standard Market(Domestic),Machinery,机械,工业机械与自动化设备（具体产品待核验）,
6218,6218.T,ENSHU Limited,エンシュウ,ENSHU Limited,,Standard Market(Domestic),Machinery,机械,工业机械与自动化设备（具体产品待核验）,
0621,621.T,Audiostock Inc.,オーディオストック,Audiostock Inc.,,Growth Market(Domestic),Services,服务业,专业服务、消费服务与商业服务（具体业务待核验）,
6222,6222.T,"SHIMA SEIKI MFG.,LTD.",島精機製作所,島精機制作所,,Prime Market (Domestic),Machinery,机械,工业机械与自动化设备（具体产品待核验）,
6223,6223.T,"Seibu Giken Co.,Ltd.",西部技研,西部技研,,Standard Market(Domestic),Machinery,机械,工业机械与自动化设备（具体产品待核验）,
6224,6224.T,"JRC Co.,Ltd.",ＪＲＣ,"JRC Co.,Ltd.",,Growth Market(Domestic),Machinery,机械,工业机械与自动化设备（具体产品待核验）,
6226,6226.T,"Moriya Transportation Engineering and Manufacturing Co.,Ltd.",守谷輸送機工業,守谷輸送機工業,,Standard Market(Domestic),Machinery,机械,工业机械与自动化设备（具体产品待核验）,
6227,6227.T,"AIMECHATEC,Ltd.",ＡＩメカテック,"AIMECHATEC,Ltd.",,Standard Market(Domestic),Machinery,机械,工业机械与自动化设备（具体产品待核验）,
6228,6228.T,"J.E.T.Co.,LTD.",ジェイ・イー・ティ,"J.E.T.Co.,LTD.",,Standard Market(Domestic),Machinery,机械,工业机械与自动化设备（具体产品待核验）,
6229,6229.T,OKUMURA ENGINEERING corp.,オーケーエム,OKUMURA 工程 corp.,,Standard Market(Domestic),Machinery,机械,工业机械与自动化设备（具体产品待核验）,
0622,622.T,Techno Craft Corporation,テクノクラフト,Techno Craft 公司,,Standard Market(Domestic),Information & Communication,信息通信,通信、网络设备与通信服务,
6230,6230.T,SANEI LTD.,ＳＡＮＥＩ,SANEI LTD.,,Standard Market(Domestic),Machinery,机械,工业机械与自动化设备（具体产品待核验）,
6231,6231.T,"KIMURA KOHKI Co.,Ltd.",木村工機,木村工機,,Standard Market(Domestic),Machinery,机械,工业机械与自动化设备（具体产品待核验）,
6232,6232.T,ACSL Ltd.,ＡＣＳＬ,ACSL Ltd.,,Growth Market(Domestic),Machinery,机械,工业机械与自动化设备（具体产品待核验）,
6233,6233.T,KLASS Corporation,ＫＬＡＳＳ,KLASS 公司,,Standard Market(Domestic),Machinery,机械,工业机械与自动化设备（具体产品待核验）,
6235,6235.T,"OPTORUN CO.,LTD.",オプトラン,"OPTORUN CO.,LTD.",,Prime Market (Domestic),Machinery,机械,工业机械与自动化设备（具体产品待核验）,
6237,6237.T,"IWAKI CO.,LTD.",イワキポンプ,"IWAKI CO.,LTD.",,Prime Market (Domestic),Machinery,机械,工业机械与自动化设备（具体产品待核验）,
6238,6238.T,FURYU CORPORATION,フリュー,FURYU 公司,,Prime Market (Domestic),Machinery,机械,工业机械与自动化设备（具体产品待核验）,
6239,6239.T,NAGAOKA INTERNATIONAL CORPORATION,ナガオカ,NAGAOKA INTERNATIONAL 公司,,Standard Market(Domestic),Machinery,机械,工业机械与自动化设备（具体产品待核验）,
0623,623.T,"Vertex co.,Ltd",ベルテックス,"Vertex co.,Ltd",,Standard Market(Domestic),Real Estate,不动产业,房地产开发与物业运营,
6240,6240.T,YAMASHIN-FILTER CORP.,ヤマシンフィルタ,YAMASHIN-FILTER CORP.,,Prime Market (Domestic),Machinery,机械,工业机械与自动化设备（具体产品待核验）,
6245,6245.T,"HIRANO TECSEED CO.,LTD.",ヒラノテクシード,"HIRANO TECSEED CO.,LTD.",,Standard Market(Domestic),Machinery,机械,工业机械与自动化设备（具体产品待核验）,
6246,6246.T,Techno Smart Corp.,テクノスマート,Techno Smart Corp.,,Standard Market(Domestic),Machinery,机械,工业机械与自动化设备（具体产品待核验）,
6247,6247.T,"HISAKA WORKS,LTD.",日阪製作所,日阪制作所,,Prime Market (Domestic),Machinery,机械,工业机械与自动化设备（具体产品待核验）,
6248,6248.T,"Yokota Manufacturing Co., Ltd.",横田製作所,横田制作所,,Standard Market(Domestic),Machinery,机械,工业机械与自动化设备（具体产品待核验）,
6249,6249.T,"Gamecard Holdings,Inc.",ゲームカードホールディングス,ゲームカード控股,,Standard Market(Domestic),Machinery,机械,工业机械与自动化设备（具体产品待核验）,
6250,6250.T,YAMABIKO CORPORATION,やまびこ,YAMABIKO 公司,,Prime Market (Domestic),Machinery,机械,工业机械与自动化设备（具体产品待核验）,
6254,6254.T,"Nomura Micro Science Co.,Ltd.",野村マイクロ・サイエンス,野村マイクロ・サイエンス,,Prime Market (Domestic),Machinery,机械,工业机械与自动化设备（具体产品待核验）,
6255,6255.T,NPC Incorporated,エヌ・ピー・シー,NPC Incorporated,,Growth Market(Domestic),Machinery,机械,工业机械与自动化设备（具体产品待核验）,
6257,6257.T,"FUJISHOJI CO.,LTD.",藤商事,藤商事,,Standard Market(Domestic),Machinery,机械,工业机械与自动化设备（具体产品待核验）,
6258,6258.T,HIRATA Corporation,平田機工,平田機工,,Prime Market (Domestic),Machinery,机械,工业机械与自动化设备（具体产品待核验）,
0625,625.T,Skyfall Inc.,Ｓｋｙｆａｌｌ,Skyfall Inc.,,Growth Market(Domestic),Services,服务业,专业服务、消费服务与商业服务（具体业务待核验）,
6262,6262.T,"PEGASUS CO.,LTD.",ＰＥＧＡＳＵＳ,"PEGASUS CO.,LTD.",,Standard Market(Domestic),Machinery,机械,工业机械与自动化设备（具体产品待核验）,
6264,6264.T,"Marumae Co.,Ltd.",マルマエ,"Marumae Co.,Ltd.",,Prime Market (Domestic),Machinery,机械,工业机械与自动化设备（具体产品待核验）,
6265,6265.T,CONVUM Ltd.,コンバム,CONVUM Ltd.,,Standard Market(Domestic),Machinery,机械,工业机械与自动化设备（具体产品待核验）,
6266,6266.T,"TAZMO CO.,LTD.",タツモ,"TAZMO CO.,LTD.",,Prime Market (Domestic),Machinery,机械,工业机械与自动化设备（具体产品待核验）,
6267,6267.T,"GENERAL PACKER CO.,LTD.",ゼネラルパッカー,"GENERAL PACKER CO.,LTD.",,Standard Market(Domestic),Machinery,机械,工业机械与自动化设备（具体产品待核验）,
6268,6268.T,Nabtesco Corporation,ナブテスコ,Nabtesco 公司,,Prime Market (Domestic),Machinery,机械,工业机械与自动化设备（具体产品待核验）,
6269,6269.T,"MODEC,INC.",三井海洋開発,三井海洋開発,,Prime Market (Domestic),Machinery,机械,工业机械与自动化设备（具体产品待核验）,
6272,6272.T,"RHEON AUTOMATIC MACHINERY CO.,LTD.",レオン自動機,レオン自動機,,Prime Market (Domestic),Machinery,机械,工业机械与自动化设备（具体产品待核验）,
6273,6273.T,SMC CORPORATION,ＳＭＣ,SMC,,Prime Market (Domestic),Machinery,机械,工业机械与自动化设备（具体产品待核验）,
6276,6276.T,"SiriusVision CO.,LTD.",シリウスビジョン,"SiriusVision CO.,LTD.",,Standard Market(Domestic),Electric Appliances,电气设备,电子设备/电气设备（具体产品待核验）,
6277,6277.T,HOSOKAWA MICRON CORPORATION,ホソカワミクロン,HOSOKAWA MICRON 公司,,Prime Market (Domestic),Machinery,机械,工业机械与自动化设备（具体产品待核验）,
6278,6278.T,UNION TOOL CO.,ユニオンツール,UNION TOOL CO.,,Prime Market (Domestic),Machinery,机械,工业机械与自动化设备（具体产品待核验）,
6279,6279.T,ZUIKO CORPORATION,瑞光,瑞光,,Prime Market (Domestic),Machinery,机械,工业机械与自动化设备（具体产品待核验）,
0627,627.T,akippa Inc.,ａｋｉｐｐａ,akippa Inc.,,Standard Market(Domestic),Information & Communication,信息通信,通信、网络设备与通信服务,
6282,6282.T,OILES CORPORATION,オイレス工業,オイレス工業,,Prime Market (Domestic),Machinery,机械,工业机械与自动化设备（具体产品待核验）,
6284,6284.T,"NISSEI ASB MACHINE CO.,LTD.",日精エー・エス・ビー機械,日精エー・エス・ビー機械,,Prime Market (Domestic),Machinery,机械,工业机械与自动化设备（具体产品待核验）,
6286,6286.T,SEIKO CORPORATION,靜甲,靜甲,,Standard Market(Domestic),Machinery,机械,工业机械与自动化设备（具体产品待核验）,
6287,6287.T,SATO CORPORATION,サトー,SATO 公司,,Prime Market (Domestic),Machinery,机械,工业机械与自动化设备（具体产品待核验）,
6289,6289.T,GIKEN LTD.,技研製作所,技研制作所,,Prime Market (Domestic),Machinery,机械,工业机械与自动化设备（具体产品待核验）,
6291,6291.T,"AIRTECH JAPAN,LTD.",日本エアーテック,日本エアーテック,,Standard Market(Domestic),Machinery,机械,工业机械与自动化设备（具体产品待核验）,
6292,6292.T,"KAWATA MFG. CO.,LTD.",カワタ,"KAWATA MFG. CO.,LTD.",,Standard Market(Domestic),Machinery,机械,工业机械与自动化设备（具体产品待核验）,
6294,6294.T,OKADA AIYON CORPORATION,オカダアイヨン,OKADA AIYON 公司,,Prime Market (Domestic),Machinery,机械,工业机械与自动化设备（具体产品待核验）,
6298,6298.T,"Y.A.C.HOLDINGS CO.,LTD.",ワイエイシイホールディングス,ワイエイシイ控股,,Prime Market (Domestic),Machinery,机械,工业机械与自动化设备（具体产品待核验）,
6301,6301.T,KOMATSU LTD.,小松製作所,小松制作所,,Prime Market (Domestic),Machinery,机械,工业机械与自动化设备（具体产品待核验）,
6302,6302.T,"SUMITOMO HEAVY INDUSTRIES,LTD.",住友重機械工業,住友重機械工業,,Prime Market (Domestic),Machinery,机械,工业机械与自动化设备（具体产品待核验）,
6305,6305.T,"Hitachi Construction Machinery Co.,Ltd.",日立建機,日立建机,,Prime Market (Domestic),Machinery,机械,工业机械与自动化设备（具体产品待核验）,1044.91
6306,6306.T,"NIKKO CO.,LTD.",日工,日工,,Prime Market (Domestic),Machinery,机械,工业机械与自动化设备（具体产品待核验）,
6307,6307.T,"SANSEI CO.,LTD.",サンセイ,"SANSEI CO.,LTD.",,Standard Market(Domestic),Machinery,机械,工业机械与自动化设备（具体产品待核验）,
6309,6309.T,"TOMOE ENGINEERING CO.,LTD.(TOMOE KOGYO CO.,LTD.)",巴工業,巴工業,,Prime Market (Domestic),Machinery,机械,工业机械与自动化设备（具体产品待核验）,
6310,6310.T,"ISEKI & CO.,LTD.",井関農機,井関農機,,Prime Market (Domestic),Machinery,机械,工业机械与自动化设备（具体产品待核验）,
6315,6315.T,TOWA CORPORATION,ＴＯＷＡ,TOWA 公司,,Prime Market (Domestic),Machinery,机械,工业机械与自动化设备（具体产品待核验）,
6316,6316.T,"MARUYAMA MFG.CO.,INC.",丸山製作所,丸山制作所,,Standard Market(Domestic),Machinery,机械,工业机械与自动化设备（具体产品待核验）,
6317,6317.T,Kitagawa Corporation,北川鉄工所,北川鉄工所,,Standard Market(Domestic),Machinery,机械,工业机械与自动化设备（具体产品待核验）,
6322,6322.T,TACMINA CORPORATION,タクミナ,TACMINA 公司,,Standard Market(Domestic),Machinery,机械,工业机械与自动化设备（具体产品待核验）,
6323,6323.T,RORZE CORPORATION,ローツェ,RORZE 公司,,Prime Market (Domestic),Machinery,机械,工业机械与自动化设备（具体产品待核验）,31.6
6324,6324.T,Harmonic Drive Systems Inc.,ハーモニック・ドライブ・システムズ,ハーモニック・ドライブ・系统,,Prime Market (Domestic),Machinery,机械,工业机械与自动化设备（具体产品待核验）,
6325,6325.T,"TAKAKITA CO.,LTD.",タカキタ,"TAKAKITA CO.,LTD.",,Standard Market(Domestic),Machinery,机械,工业机械与自动化设备（具体产品待核验）,
6326,6326.T,KUBOTA CORPORATION,クボタ,久保田,,Prime Market (Domestic),Machinery,机械,工业机械与自动化设备（具体产品待核验）,20.72
6327,6327.T,"KITAGAWA SEIKI CO.,LTD.",北川精機,北川精機,,Standard Market(Domestic),Machinery,机械,工业机械与自动化设备（具体产品待核验）,
6328,6328.T,"EBARA JITSUGYO CO.,LTD.",荏原実業,荏原実業,,Prime Market (Domestic),Machinery,机械,工业机械与自动化设备（具体产品待核验）,
6330,6330.T,TOYO ENGINEERING CORPORATION,東洋エンジニアリング,東洋工程,,Prime Market (Domestic),Construction,建设业,建筑工程、建材与房地产相关工程（具体业务待核验）,
6331,6331.T,"Mitsubishi Kakoki Kaisha,Ltd.",三菱化工機,三菱化工機,,Prime Market (Domestic),Machinery,机械,工业机械与自动化设备（具体产品待核验）,
6332,6332.T,"TSUKISHIMA HOLDINGS CO.,LTD.",月島ホールディングス,月島控股,,Prime Market (Domestic),Machinery,机械,工业机械与自动化设备（具体产品待核验）,
6333,6333.T,TEIKOKU CORPORATION,ＴＥＩＫＯＫＵ,TEIKOKU 公司,,Prime Market (Domestic),Machinery,机械,工业机械与自动化设备（具体产品待核验）,
6334,6334.T,"Meiji Machine Co.,Ltd.",明治機械,明治機械,,Standard Market(Domestic),Machinery,机械,工业机械与自动化设备（具体产品待核验）,
6335,6335.T,"TOKYO KIKAI SEISAKUSHO,LTD.",東京機械製作所,東京機械制作所,,Standard Market(Domestic),Machinery,机械,工业机械与自动化设备（具体产品待核验）,
6336,6336.T,"ISHII HYOKI CO.,LTD.",石井表記,石井表記,,Standard Market(Domestic),Machinery,机械,工业机械与自动化设备（具体产品待核验）,
6337,6337.T,TESEC Corporation,テセック,TESEC 公司,,Standard Market(Domestic),Machinery,机械,工业机械与自动化设备（具体产品待核验）,
6338,6338.T,Takatori Corporation,タカトリ,Takatori 公司,,Standard Market(Domestic),Machinery,机械,工业机械与自动化设备（具体产品待核验）,
6339,6339.T,"Sintokogio,Ltd.",新東工業,新東工業,,Prime Market (Domestic),Machinery,机械,工业机械与自动化设备（具体产品待核验）,
6340,6340.T,SHIBUYA CORPORATION,澁谷工業,澁谷工業,,Prime Market (Domestic),Machinery,机械,工业机械与自动化设备（具体产品待核验）,
6342,6342.T,"Taihei Machinery Works,Limited",太平製作所,太平制作所,,Standard Market(Domestic),Machinery,机械,工业机械与自动化设备（具体产品待核验）,
6343,6343.T,FREESIA MACROSS CORPORATION,フリージア・マクロス,FREESIA MACROSS 公司,,Standard Market(Domestic),Machinery,机械,工业机械与自动化设备（具体产品待核验）,
6345,6345.T,AICHI CORPORATION,アイチ コーポレーション,アイチ 公司,,Prime Market (Domestic),Machinery,机械,工业机械与自动化设备（具体产品待核验）,
6346,6346.T,"KIKUKAWA ENTERPRISE,INC.",キクカワエンタープライズ,"KIKUKAWA ENTERPRISE,INC.",,Standard Market(Domestic),Machinery,机械,工业机械与自动化设备（具体产品待核验）,
6347,6347.T,"PLACO CO.,LTD.",プラコー,"PLACO CO.,LTD.",,Standard Market(Domestic),Machinery,机械,工业机械与自动化设备（具体产品待核验）,
6349,6349.T,KOMORI CORPORATION,小森コーポレーション,小森公司,,Prime Market (Domestic),Machinery,机械,工业机械与自动化设备（具体产品待核验）,
0634,634.T,LAYERED Inc.,レイヤード,LAYERED Inc.,,Standard Market(Domestic),Information & Communication,信息通信,通信、网络设备与通信服务,
6351,6351.T,"TSURUMI MANUFACTURING CO.,LTD.",鶴見製作所,鶴見制作所,,Prime Market (Domestic),Machinery,机械,工业机械与自动化设备（具体产品待核验）,
6356,6356.T,"NIPPON GEAR CO.,LTD.",日本ギア工業,日本ギア工業,,Standard Market(Domestic),Machinery,机械,工业机械与自动化设备（具体产品待核验）,
6357,6357.T,"Sansei Technologies,Inc.",三精テクノロジーズ,三精科技,,Standard Market(Domestic),Machinery,机械,工业机械与自动化设备（具体产品待核验）,
6358,6358.T,"SAKAI HEAVY INDUSTRIES,LTD.",酒井重工業,酒井重工業,,Prime Market (Domestic),Machinery,机械,工业机械与自动化设备（具体产品待核验）,
6360,6360.T,"TOKYO AUTOMATIC MACHINERY WORKS,LTD.",東京自働機械製作所,東京自働機械制作所,,Standard Market(Domestic),Machinery,机械,工业机械与自动化设备（具体产品待核验）,
6361,6361.T,EBARA CORPORATION,荏原製作所,荏原制作所,,Prime Market (Domestic),Machinery,机械,工业机械与自动化设备（具体产品待核验）,
6363,6363.T,"Torishima Pump Mfg.Co.,Ltd.",酉島製作所,酉島制作所,,Prime Market (Domestic),Machinery,机械,工业机械与自动化设备（具体产品待核验）,
6364,6364.T,AIRMAN CORPORATION,ＡＩＲＭＡＮ,AIRMAN 公司,,Prime Market (Domestic),Machinery,机械,工业机械与自动化设备（具体产品待核验）,
6365,6365.T,DMW CORPORATION,電業社機械製作所,電業社機械制作所,,Standard Market(Domestic),Machinery,机械,工业机械与自动化设备（具体产品待核验）,
6366,6366.T,Chiyoda Corporation,千代田化工建設,千代田化工建設,,Standard Market(Domestic),Construction,建设业,建筑工程、建材与房地产相关工程（具体业务待核验）,
6367,6367.T,"DAIKIN INDUSTRIES,LTD.",ダイキン工業,大金工业,,Prime Market (Domestic),Machinery,机械,空调与热泵设备（商用及住宅空气环境设备）,4768.24
6368,6368.T,ORGANO CORPORATION,オルガノ,ORGANO 公司,,Prime Market (Domestic),Machinery,机械,工业机械与自动化设备（具体产品待核验）,
6369,6369.T,TOYO KANETSU K.K.,トーヨーカネツ,TOYO KANETSU K.K.,,Prime Market (Domestic),Machinery,机械,工业机械与自动化设备（具体产品待核验）,
6370,6370.T,Kurita Water Industries Ltd.,栗田工業,栗田工業,,Prime Market (Domestic),Machinery,机械,工业机械与自动化设备（具体产品待核验）,
6371,6371.T,TSUBAKIMOTO CHAIN CO.,椿本チエイン,椿本チエイン,,Prime Market (Domestic),Machinery,机械,工业机械与自动化设备（具体产品待核验）,
6376,6376.T,"NIKKISO CO.,LTD.",日機装,日機装,,Prime Market (Domestic),Precision Instruments,精密仪器,精密仪器与光学设备,
6378,6378.T,"KIMURA CHEMICAL PLANTS CO.,LTD.",木村化工機,木村化工機,,Standard Market(Domestic),Machinery,机械,工业机械与自动化设备（具体产品待核验）,
6379,6379.T,RAIZNEXT Corporation,レイズネクスト,RAIZNEXT 公司,,Prime Market (Domestic),Construction,建设业,建筑工程、建材与房地产相关工程（具体业务待核验）,
6380,6380.T,"ORIENTAL CHAIN MFG. CO.,LTD.",オリエンタルチエン工業,オリエンタルチエン工業,,Standard Market(Domestic),Machinery,机械,工业机械与自动化设备（具体产品待核验）,
6381,6381.T,ANEST IWATA Corporation,アネスト岩田,アネスト岩田,,Prime Market (Domestic),Machinery,机械,工业机械与自动化设备（具体产品待核验）,
6382,6382.T,TRINITY INDUSTRIAL CORPORATION,トリニティ工業,トリニティ工業,,Standard Market(Domestic),Machinery,机械,工业机械与自动化设备（具体产品待核验）,
6383,6383.T,"DAIFUKU CO.,LTD.",ダイフク,"DAIFUKU CO.,LTD.",,Prime Market (Domestic),Machinery,机械,工业机械与自动化设备（具体产品待核验）,
6384,6384.T,"SHOWA SHINKU CO.,LTD.",昭和真空,昭和真空,,Standard Market(Domestic),Machinery,机械,工业机械与自动化设备（具体产品待核验）,
6387,6387.T,SAMCO INC.,サムコ,SAMCO INC.,,Prime Market (Domestic),Machinery,机械,工业机械与自动化设备（具体产品待核验）,
6390,6390.T,"KATO WORKS CO.,LTD.",加藤製作所,加藤制作所,,Prime Market (Domestic),Machinery,机械,工业机械与自动化设备（具体产品待核验）,
6391,6391.T,KAJI TECHNOLOGY CORPORATION,加地テック,加地テック,,Standard Market(Domestic),Machinery,机械,工业机械与自动化设备（具体产品待核验）,
6392,6392.T,YAMADA CORPORATION,ヤマダコーポレーション,ヤマダ公司,,Standard Market(Domestic),Machinery,机械,工业机械与自动化设备（具体产品待核验）,
6393,6393.T,"YUKEN KOGYO CO.,LTD.",油研工業,油研工業,,Standard Market(Domestic),Machinery,机械,工业机械与自动化设备（具体产品待核验）,
6395,6395.T,TADANO LTD.,タダノ,TADANO LTD.,,Prime Market (Domestic),Machinery,机械,工业机械与自动化设备（具体产品待核验）,
6396,6396.T,"Unozawa-gumi Iron Works,Limited",宇野澤組鐵工所,宇野澤組鐵工所,,Standard Market(Domestic),Machinery,机械,工业机械与自动化设备（具体产品待核验）,
6400,6400.T,"FUJI SEIKI CO.,LTD.",不二精機,不二精機,,Standard Market(Domestic),Machinery,机械,工业机械与自动化设备（具体产品待核验）,
6402,6402.T,"KANEMATSU ENGINEERING CO.,LTD.",兼松エンジニアリング,兼松工程,,Standard Market(Domestic),Machinery,机械,工业机械与自动化设备（具体产品待核验）,
6405,6405.T,"Suzumo Machinery Co.,Ltd.",鈴茂器工,鈴茂器工,,Standard Market(Domestic),Machinery,机械,工业机械与自动化设备（具体产品待核验）,
6407,6407.T,CKD Corporation,ＣＫＤ,CKD 公司,,Prime Market (Domestic),Machinery,机械,工业机械与自动化设备（具体产品待核验）,
6408,6408.T,"OGURA CLUTCH CO.,LTD.",小倉クラッチ,小倉クラッチ,,Standard Market(Domestic),Machinery,机械,工业机械与自动化设备（具体产品待核验）,
6412,6412.T,Heiwa Corporation,平和,平和,,Prime Market (Domestic),Machinery,机械,工业机械与自动化设备（具体产品待核验）,
6413,6413.T,RISO KAGAKU CORPORATION,理想科学工業,理想科学工業,,Prime Market (Domestic),Machinery,机械,工业机械与自动化设备（具体产品待核验）,
6417,6417.T,"SANKYO CO.,LTD.",ＳＡＮＫＹＯ,"SANKYO CO.,LTD.",,Prime Market (Domestic),Machinery,机械,工业机械与自动化设备（具体产品待核验）,
6418,6418.T,"JAPAN CASH MACHINE CO.,LTD.",日本金銭機械,日本金銭機械,,Prime Market (Domestic),Machinery,机械,工业机械与自动化设备（具体产品待核验）,
6419,6419.T,Mars Group Holdings Corporation,マースグループホールディングス,マース集团控股,,Prime Market (Domestic),Machinery,机械,工业机械与自动化设备（具体产品待核验）,
6420,6420.T,GALILEI HOLDINGS CO.LTD.,ガリレイホールディングス,ガリレイ控股,,Prime Market (Domestic),Machinery,机械,工业机械与自动化设备（具体产品待核验）,
6424,6424.T,"TAKAMISAWA CYBERNETICS COMPANY,LTD.",高見沢サイバネティックス,高見沢サイバネティックス,,Standard Market(Domestic),Machinery,机械,工业机械与自动化设备（具体产品待核验）,
6425,6425.T,Universal Entertainment Corporation,ユニバーサルエンターテインメント,Universal Entertainment 公司,,Standard Market(Domestic),Machinery,机械,工业机械与自动化设备（具体产品待核验）,
6428,6428.T,OIZUMI Corporation,オーイズミ,OIZUMI 公司,,Standard Market(Domestic),Machinery,机械,工业机械与自动化设备（具体产品待核验）,
6430,6430.T,"DAIKOKU DENKI CO.,LTD.",ダイコク電機,ダイコク電機,,Prime Market (Domestic),Machinery,机械,工业机械与自动化设备（具体产品待核验）,
6432,6432.T,"TAKEUCHI MFG.CO.,LTD.",竹内製作所,竹内制作所,,Prime Market (Domestic),Machinery,机械,工业机械与自动化设备（具体产品待核验）,
6433,6433.T,"HEPHAIST CO.,LTD.",ヒーハイスト,"HEPHAIST CO.,LTD.",,Standard Market(Domestic),Machinery,机械,工业机械与自动化设备（具体产品待核验）,
6436,6436.T,Amano Corporation,アマノ,Amano 公司,,Prime Market (Domestic),Machinery,机械,工业机械与自动化设备（具体产品待核验）,
6440,6440.T,JUKI CORPORATION,ＪＵＫＩ,JUKI 公司,,Prime Market (Domestic),Machinery,机械,工业机械与自动化设备（具体产品待核验）,
6444,6444.T,SANDEN CORPORATION,サンデン,SANDEN 公司,,Standard Market(Domestic),Machinery,机械,工业机械与自动化设备（具体产品待核验）,
6445,6445.T,JANOME Corporation,ジャノメ,JANOME 公司,,Prime Market (Domestic),Machinery,机械,工业机械与自动化设备（具体产品待核验）,
6448,6448.T,"BROTHER INDUSTRIES,LTD.",ブラザー工業,ブラザー工業,,Prime Market (Domestic),Electric Appliances,电气设备,电子设备/电气设备（具体产品待核验）,
6454,6454.T,"MAX CO.,LTD.",マックス,"MAX CO.,LTD.",,Prime Market (Domestic),Machinery,机械,工业机械与自动化设备（具体产品待核验）,
6455,6455.T,MORITA HOLDINGS CORPORATION,モリタホールディングス,モリタ控股,,Prime Market (Domestic),Transportation Equipment,运输用设备,工业机械与自动化设备（具体产品待核验）,
6457,6457.T,GLORY LTD.,グローリー,GLORY LTD.,,Prime Market (Domestic),Machinery,机械,工业机械与自动化设备（具体产品待核验）,
6458,6458.T,SINKO INDUSTRIES LTD.,新晃工業,新晃工業,,Prime Market (Domestic),Machinery,机械,工业机械与自动化设备（具体产品待核验）,
6459,6459.T,DAIWA LTD.,だいわ,DAIWA LTD.,,Prime Market (Domestic),Machinery,机械,工业机械与自动化设备（具体产品待核验）,
6460,6460.T,SEGA SAMMY HOLDINGS INC.,セガサミーホールディングス,セガサミー控股,,Prime Market (Domestic),Machinery,机械,工业机械与自动化设备（具体产品待核验）,
6463,6463.T,"TPR CO.,LTD.",ＴＰＲ,"TPR CO.,LTD.",,Prime Market (Domestic),Machinery,机械,工业机械与自动化设备（具体产品待核验）,
6464,6464.T,"TSUBAKI NAKASHIMA CO.,LTD.",ツバキ・ナカシマ,"TSUBAKI NAKASHIMA CO.,LTD.",,Prime Market (Domestic),Machinery,机械,工业机械与自动化设备（具体产品待核验）,
6465,6465.T,HOSHIZAKI CORPORATION,ホシザキ,HOSHIZAKI 公司,,Prime Market (Domestic),Machinery,机械,工业机械与自动化设备（具体产品待核验）,12028.94
6466,6466.T,"TVE Co.,Ltd.",ＴＶＥ,"TVE Co.,Ltd.",,Standard Market(Domestic),Machinery,机械,工业机械与自动化设备（具体产品待核验）,
6467,6467.T,NICHIDAI CORPORATION,ニチダイ,NICHIDAI 公司,,Standard Market(Domestic),Machinery,机械,工业机械与自动化设备（具体产品待核验）,
6469,6469.T,"HODEN SEIMITSU KAKO KENKYUSHO CO.,LTD.",放電精密加工研究所,放電精密加工研究所,,Standard Market(Domestic),Machinery,机械,工业机械与自动化设备（具体产品待核验）,
0646,646.T,Crasus Chemical Inc.,クラサスケミカル,クラサス化学,,Standard Market(Domestic),Chemicals,化学,基础化工/特种化学品（具体品类待核验）,
6470,6470.T,"TAIHO KOGYO CO.,LTD.",大豊工業,大豊工業,,Standard Market(Domestic),Machinery,机械,工业机械与自动化设备（具体产品待核验）,
6471,6471.T,NSK Ltd.,日本精工,日本精工,,Prime Market (Domestic),Machinery,机械,工业机械与自动化设备（具体产品待核验）,
6472,6472.T,NTN CORPORATION,ＮＴＮ,NTN 公司,,Prime Market (Domestic),Machinery,机械,工业机械与自动化设备（具体产品待核验）,
6473,6473.T,JTEKT Corporation,ジェイテクト,JTEKT 公司,,Prime Market (Domestic),Machinery,机械,工业机械与自动化设备（具体产品待核验）,
6474,6474.T,NACHI-FUJIKOSHI CORP.,不二越,不二越,,Prime Market (Domestic),Machinery,机械,工业机械与自动化设备（具体产品待核验）,
6479,6479.T,MINEBEA MITSUMI Inc.,ミネベアミツミ,MINEBEA MITSUMI Inc.,,Prime Market (Domestic),Electric Appliances,电气设备,电子设备/电气设备（具体产品待核验）,
6480,6480.T,"NIPPON THOMPSON CO.,LTD.",日本トムソン,日本トムソン,,Prime Market (Domestic),Machinery,机械,工业机械与自动化设备（具体产品待核验）,
6481,6481.T,"THK CO.,LTD.",ＴＨＫ,"THK CO.,LTD.",,Prime Market (Domestic),Machinery,机械,工业机械与自动化设备（具体产品待核验）,
6482,6482.T,Yushin Company,ＹＵＳＨＩＮ,Yushin Company,,Standard Market(Domestic),Machinery,机械,工业机械与自动化设备（具体产品待核验）,
6484,6484.T,KVK CORPORATION,ＫＶＫ,KVK 公司,,Standard Market(Domestic),Machinery,机械,工业机械与自动化设备（具体产品待核验）,
6485,6485.T,"MAEZAWA KYUSO INDUSTRIES CO.,LTD.",前澤給装工業,前澤給装工業,,Standard Market(Domestic),Machinery,机械,工业机械与自动化设备（具体产品待核验）,
6488,6488.T,Yoshitake Inc.,ヨシタケ,Yoshitake Inc.,,Standard Market(Domestic),Machinery,机械,工业机械与自动化设备（具体产品待核验）,
6490,6490.T,PILLAR Corporation,ＰＩＬＬＡＲ,PILLAR 公司,,Prime Market (Domestic),Machinery,机械,工业机械与自动化设备（具体产品待核验）,
6492,6492.T,OKANO VALVE MFG.CO.LTD.,岡野バルブ製造,岡野バルブ製造,,Standard Market(Domestic),Machinery,机械,工业机械与自动化设备（具体产品待核验）,
6493,6493.T,NITTAN Corporation,ＮＩＴＴＡＮ,NITTAN 公司,,Standard Market(Domestic),Transportation Equipment,运输用设备,工业机械与自动化设备（具体产品待核验）,
6494,6494.T,"NFK HOLDINGS CO.,Ltd",ＮＦＫホールディングス,ＮＦＫ控股,,Standard Market(Domestic),Machinery,机械,工业机械与自动化设备（具体产品待核验）,
6495,6495.T,"MIYAIRI VALVE MFG.CO.,LTD.",宮入バルブ製作所,宮入バルブ制作所,,Standard Market(Domestic),Machinery,机械,工业机械与自动化设备（具体产品待核验）,
6496,6496.T,"NAKAKITA SEISAKUSHO CO.,LTD.",中北製作所,中北制作所,,Standard Market(Domestic),Machinery,机械,工业机械与自动化设备（具体产品待核验）,
6497,6497.T,HAMAI INDUSTRIES LTD,ハマイ,HAMAI 工业 LTD,,Standard Market(Domestic),Machinery,机械,工业机械与自动化设备（具体产品待核验）,
6498,6498.T,KITZ CORPORATION,キッツ,KITZ 公司,,Prime Market (Domestic),Machinery,机械,工业机械与自动化设备（具体产品待核验）,
6501,6501.T,"Hitachi,Ltd.",日立製作所,日立制作所,,Prime Market (Domestic),Electric Appliances,电气设备,电子设备/电气设备（具体产品待核验）,
6503,6503.T,Mitsubishi Electric Corporation,三菱電機,三菱电机,,Prime Market (Domestic),Electric Appliances,电气设备,电气设备（工控、能源管理与自动化）,
6504,6504.T,"FUJI ELECTRIC CO.,LTD.",富士電機,富士電機,,Prime Market (Domestic),Electric Appliances,电气设备,电子设备/电气设备（具体产品待核验）,
6505,6505.T,"TOYO DENKI SEIZO K.K.(TOYO ELECTRIC MFG.CO.,LTD.)",東洋電機製造,東洋電機製造,,Standard Market(Domestic),Electric Appliances,电气设备,电子设备/电气设备（具体产品待核验）,
6506,6506.T,YASKAWA Electric Corporation,安川電機,安川電機,,Prime Market (Domestic),Electric Appliances,电气设备,电子设备/电气设备（具体产品待核验）,
6507,6507.T,"SINFONIA TECHNOLOGY CO.,LTD.",シンフォニアテクノロジー,シンフォニア科技,,Prime Market (Domestic),Electric Appliances,电气设备,电子设备/电气设备（具体产品待核验）,
6508,6508.T,MEIDENSHA CORPORATION,明電舎,明電舎,,Prime Market (Domestic),Electric Appliances,电气设备,电子设备/电气设备（具体产品待核验）,
6513,6513.T,"Origin Company,Limited",オリジン,"Origin Company,Limited",,Standard Market(Domestic),Electric Appliances,电气设备,电子设备/电气设备（具体产品待核验）,
6516,6516.T,"SANYO DENKI CO.,LTD.",山洋電気,山洋電気,,Prime Market (Domestic),Electric Appliances,电气设备,电子设备/电气设备（具体产品待核验）,
6517,6517.T,"Denyo Co.,Ltd.",デンヨー,"Denyo Co.,Ltd.",,Prime Market (Domestic),Electric Appliances,电气设备,电子设备/电气设备（具体产品待核验）,
6518,6518.T,"SANSO ELECTRIC CO.,LTD.",三相電機,三相電機,,Standard Market(Domestic),Electric Appliances,电气设备,电子设备/电气设备（具体产品待核验）,
6521,6521.T,OXIDE Corporation,オキサイド,OXIDE 公司,,Growth Market(Domestic),Electric Appliances,电气设备,电子设备/电气设备（具体产品待核验）,
6522,6522.T,Asterisk Inc.,アスタリスク,Asterisk Inc.,,Growth Market(Domestic),Electric Appliances,电气设备,电子设备/电气设备（具体产品待核验）,
6523,6523.T,PHC Holdings Corporation,ＰＨＣホールディングス,ＰＨＣ控股,,Prime Market (Domestic),Electric Appliances,电气设备,电子设备/电气设备（具体产品待核验）,
6524,6524.T,"KOHOKU KOGYO CO.,LTD.",湖北工業,湖北工業,,Standard Market(Domestic),Electric Appliances,电气设备,电子设备/电气设备（具体产品待核验）,
6525,6525.T,KOKUSAI ELECTRIC CORPORATION,ＫＯＫＵＳＡＩ ＥＬＥＣＴＲＩＣ,KOKUSAI 电气 公司,,Prime Market (Domestic),Electric Appliances,电气设备,电子设备/电气设备（具体产品待核验）,
6526,6526.T,Socionext Inc.,ソシオネクスト,Socionext Inc.,,Prime Market (Domestic),Electric Appliances,电气设备,电子设备/电气设备（具体产品待核验）,
6532,6532.T,"BayCurrent,Inc.",ベイカレント,"BayCurrent,Inc.",,Prime Market (Domestic),Services,服务业,专业服务、消费服务与商业服务（具体业务待核验）,
6533,6533.T,Orchestra Holdings Inc.,Ｏｒｃｈｅｓｔｒａ Ｈｏｌｄｉｎｇｓ,Orchestra 控股 Inc.,,Prime Market (Domestic),Services,服务业,专业服务、消费服务与商业服务（具体业务待核验）,
6535,6535.T,"i-mobile Co.,Ltd.",アイモバイル,"i-mobile Co.,Ltd.",,Prime Market (Domestic),Services,服务业,专业服务、消费服务与商业服务（具体业务待核验）,
6537,6537.T,"WASHHOUSE CO.,LTD.",ＷＡＳＨハウス,"WASHHOUSE CO.,LTD.",,Growth Market(Domestic),Services,服务业,专业服务、消费服务与商业服务（具体业务待核验）,
6538,6538.T,Disruptors Inc.,ディスラプターズ,Disruptors Inc.,,Standard Market(Domestic),Services,服务业,专业服务、消费服务与商业服务（具体业务待核验）,
6539,6539.T,"MATCHING SERVICE JAPAN CO.,LTD.",ＭＳ－Ｊａｐａｎ,"MATCHING SERVICE JAPAN CO.,LTD.",,Prime Market (Domestic),Services,服务业,专业服务、消费服务与商业服务（具体业务待核验）,
6540,6540.T,SEMBA CORPORATION,船場,船場,,Standard Market(Domestic),Services,服务业,专业服务、消费服务与商业服务（具体业务待核验）,
6543,6543.T,NISSEN INC.,日宣,日宣,,Standard Market(Domestic),Services,服务业,专业服务、消费服务与商业服务（具体业务待核验）,
6544,6544.T,"JAPAN ELEVATOR SERVICE HOLDINGS CO.,LTD.",ジャパンエレベーターサービスホールディングス,ジャパンエレベーター服务控股,,Prime Market (Domestic),Services,服务业,专业服务、消费服务与商业服务（具体业务待核验）,
6545,6545.T,internet infinity INC.,インターネットインフィニティー,互联网インフィニティー,,Growth Market(Domestic),Services,服务业,专业服务、消费服务与商业服务（具体业务待核验）,
6546,6546.T,Fulltech Co.Ltd.,フルテック,Fulltech Co.Ltd.,,Standard Market(Domestic),Services,服务业,专业服务、消费服务与商业服务（具体业务待核验）,
6547,6547.T,"GREENS CO.,LTD.",グリーンズ,"GREENS CO.,LTD.",,Standard Market(Domestic),Services,服务业,专业服务、消费服务与商业服务（具体业务待核验）,
6548,6548.T,TABIKOBO Co.Ltd.,旅工房,旅工房,,Growth Market(Domestic),Services,服务业,专业服务、消费服务与商业服务（具体业务待核验）,
6549,6549.T,"DM Solutions Co.,Ltd",ディーエムソリューションズ,ディーエム解决方案,,Standard Market(Domestic),Services,服务业,专业服务、消费服务与商业服务（具体业务待核验）,
6551,6551.T,TSUNAGU GROUP HOLDINGS Inc.,ツナググループ・ホールディングス,ツナグ集团・控股,,Standard Market(Domestic),Services,服务业,专业服务、消费服务与商业服务（具体业务待核验）,
6552,6552.T,"GameWith,Inc.",ＧａｍｅＷｉｔｈ,"GameWith,Inc.",,Standard Market(Domestic),Services,服务业,专业服务、消费服务与商业服务（具体业务待核验）,
6554,6554.T,"SUS Co.,Ltd.",エスユーエス,"SUS Co.,Ltd.",,Growth Market(Domestic),Services,服务业,专业服务、消费服务与商业服务（具体业务待核验）,
6555,6555.T,"MS&Consulting Co.,Ltd.",ＭＳ＆Ｃｏｎｓｕｌｔｉｎｇ,"MS&Consulting Co.,Ltd.",,Standard Market(Domestic),Services,服务业,专业服务、消费服务与商业服务（具体业务待核验）,
6557,6557.T,AIAI Group Corporation,ＡＩＡＩグループ,ＡＩＡＩ集团,,Growth Market(Domestic),Services,服务业,专业服务、消费服务与商业服务（具体业务待核验）,
6558,6558.T,"Cookbiz Co.,Ltd.",クックビズ,"Cookbiz Co.,Ltd.",,Growth Market(Domestic),Services,服务业,专业服务、消费服务与商业服务（具体业务待核验）,
6560,6560.T,"LTS,Inc.",エル・ティー・エス,"LTS,Inc.",,Prime Market (Domestic),Services,服务业,专业服务、消费服务与商业服务（具体业务待核验）,
6561,6561.T,"HANATOUR JAPAN CO.,LTD.",ＨＡＮＡＴＯＵＲ ＪＡＰＡＮ,"HANATOUR JAPAN CO.,LTD.",,Growth Market(Domestic),Services,服务业,专业服务、消费服务与商业服务（具体业务待核验）,
6562,6562.T,"Geniee,Inc.",ジーニー,"Geniee,Inc.",,Growth Market(Domestic),Services,服务业,专业服务、消费服务与商业服务（具体业务待核验）,
6563,6563.T,Mirai Works Inc.,みらいワークス,Mirai Works Inc.,,Growth Market(Domestic),Services,服务业,专业服务、消费服务与商业服务（具体业务待核验）,
6564,6564.T,"MIDAC HOLDINGS CO.,LTD.",ミダックホールディングス,ミダック控股,,Prime Market (Domestic),Services,服务业,专业服务、消费服务与商业服务（具体业务待核验）,
6566,6566.T,"KANAME KOGYO CO.,LTD.",要興業,要興業,,Standard Market(Domestic),Services,服务业,专业服务、消费服务与商业服务（具体业务待核验）,
6568,6568.T,"KNC Laboratories Co.,Ltd.",神戸天然物化学,神戸天然物化学,,Growth Market(Domestic),Services,服务业,专业服务、消费服务与商业服务（具体业务待核验）,
6570,6570.T,Kyowa Corporation,共和コーポレーション,共和公司,,Standard Market(Domestic),Services,服务业,专业服务、消费服务与商业服务（具体业务待核验）,
6571,6571.T,"QB Net Holdings Co.,Ltd.",キュービーネットホールディングス,キュービーネット控股,,Prime Market (Domestic),Services,服务业,专业服务、消费服务与商业服务（具体业务待核验）,
6572,6572.T,"OPEN Group,Inc.",オープングループ,オープン集团,,Prime Market (Domestic),Services,服务业,专业服务、消费服务与商业服务（具体业务待核验）,
6573,6573.T,CRAVIA Inc.,ＣＲＡＶＩＡ,CRAVIA Inc.,,Growth Market(Domestic),Services,服务业,专业服务、消费服务与商业服务（具体业务待核验）,
6574,6574.T,Convano Inc.,コンヴァノ,Convano Inc.,,Growth Market(Domestic),Services,服务业,专业服务、消费服务与商业服务（具体业务待核验）,
6577,6577.T,"Bestone.Com Co.,Ltd",ベストワンドットコム,"Bestone.Com Co.,Ltd",,Growth Market(Domestic),Services,服务业,专业服务、消费服务与商业服务（具体业务待核验）,
6578,6578.T,CORREC HOLDINGS Inc.,コレックホールディングス,コレック控股,,Standard Market(Domestic),Services,服务业,专业服务、消费服务与商业服务（具体业务待核验）,
6579,6579.T,"logly,Inc.",ログリー,"logly,Inc.",,Growth Market(Domestic),Services,服务业,专业服务、消费服务与商业服务（具体业务待核验）,
6580,6580.T,"Writeup Co.,Ltd.",ライトアップ,"Writeup Co.,Ltd.",,Growth Market(Domestic),Services,服务业,专业服务、消费服务与商业服务（具体业务待核验）,
6584,6584.T,"Sanoh Industrial Co.,Ltd.",三櫻工業,三櫻工業,,Prime Market (Domestic),Transportation Equipment,运输用设备,工业机械与自动化设备（具体产品待核验）,
6586,6586.T,Makita Corporation,マキタ,Makita 公司,,Prime Market (Domestic),Machinery,机械,工业机械与自动化设备（具体产品待核验）,
6588,6588.T,TOSHIBA TEC CORPORATION,東芝テック,東芝テック,,Prime Market (Domestic),Electric Appliances,电气设备,电子设备/电气设备（具体产品待核验）,
6590,6590.T,SHIBAURA MECHATRONICS CORPORATION,芝浦メカトロニクス,芝浦メカトロニクス,,Prime Market (Domestic),Electric Appliances,电气设备,电子设备/电气设备（具体产品待核验）,
6592,6592.T,"MABUCHI MOTOR CO.,LTD.",マブチモーター,マブチ电机,,Prime Market (Domestic),Electric Appliances,电气设备,汽车整车与零部件,
6594,6594.T,NIDEC CORPORATION,ニデック,NIDEC 公司,,Prime Market (Domestic),Electric Appliances,电气设备,电机（精密马达与自动化驱动）,
6597,6597.T,HPC SYSTEMS Inc.,ＨＰＣシステムズ,ＨＰＣ系统,,Growth Market(Domestic),Electric Appliances,电气设备,电子设备/电气设备（具体产品待核验）,
6599,6599.T,"EBRAINS,INC.",エブレン,"EBRAINS,INC.",,Standard Market(Domestic),Electric Appliances,电气设备,电子设备/电气设备（具体产品待核验）,
6612,6612.T,BALMUDA Inc.,バルミューダ,BALMUDA Inc.,,Growth Market(Domestic),Electric Appliances,电气设备,电子设备/电气设备（具体产品待核验）,
6613,6613.T,"QD Laser,Inc.",ＱＤレーザ,"QD Laser,Inc.",,Growth Market(Domestic),Electric Appliances,电气设备,电子设备/电气设备（具体产品待核验）,
6614,6614.T,"Shikino High-Tech CO.,LTD.",シキノハイテック,"Shikino High-Tech CO.,LTD.",,Standard Market(Domestic),Electric Appliances,电气设备,电子设备/电气设备（具体产品待核验）,
6615,6615.T,"UMC Electronics Co.,Ltd.",ユー・エム・シー・エレクトロニクス,ユー・エム・シー・电子,,Standard Market(Domestic),Electric Appliances,电气设备,电子设备/电气设备（具体产品待核验）,
6616,6616.T,TOREX SEMICONDUCTOR LTD.,トレックス・セミコンダクター,TOREX SEMICONDUCTOR LTD.,,Prime Market (Domestic),Electric Appliances,电气设备,半导体/芯片（具体环节待核验）,
6617,6617.T,"TAKAOKA TOKO CO.,LTD.",東光高岳,東光高岳,,Prime Market (Domestic),Electric Appliances,电气设备,电子设备/电气设备（具体产品待核验）,
6619,6619.T,W-SCOPE Corporation,ダブル・スコープ,W-SCOPE 公司,,Prime Market (Domestic),Electric Appliances,电气设备,电子设备/电气设备（具体产品待核验）,
6620,6620.T,"Miyakoshi Holdings,Inc.",宮越ホールディングス,宮越控股,,Prime Market (Domestic),Real Estate,不动产业,房地产开发与物业运营,
6622,6622.T,DAIHEN CORPORATION,ダイヘン,DAIHEN 公司,,Prime Market (Domestic),Electric Appliances,电气设备,电子设备/电气设备（具体产品待核验）,
6625,6625.T,JALCO Holdings Inc.,ＪＡＬＣＯホールディングス,ＪＡＬＣＯ控股,,Standard Market(Domestic),Real Estate,不动产业,房地产开发与物业运营,
6626,6626.T,SEMITEC Corporation,ＳＥＭＩＴＥＣ,SEMITEC 公司,,Standard Market(Domestic),Electric Appliances,电气设备,电子设备/电气设备（具体产品待核验）,
6627,6627.T,"Tera Probe,Inc.",テラプローブ,"Tera Probe,Inc.",,Standard Market(Domestic),Electric Appliances,电气设备,电子设备/电气设备（具体产品待核验）,
6629,6629.T,"TECHNO HORIZON CO.,LTD.",テクノホライゾン,"TECHNO HORIZON CO.,LTD.",,Standard Market(Domestic),Electric Appliances,电气设备,电子设备/电气设备（具体产品待核验）,
6630,6630.T,YA-MAN LTD.,ヤーマン,YA-MAN LTD.,,Prime Market (Domestic),Electric Appliances,电气设备,电子设备/电气设备（具体产品待核验）,
6632,6632.T,JVCKENWOOD Corporation,ＪＶＣケンウッド,JVCKENWOOD 公司,,Prime Market (Domestic),Electric Appliances,电气设备,电子设备/电气设备（具体产品待核验）,
6633,6633.T,CGS HOLDINGS INC.,ＣＧＳホールディングス,ＣＧＳ控股,,Standard Market(Domestic),Electric Appliances,电气设备,电子设备/电气设备（具体产品待核验）,
6634,6634.T,JN Group Inc.,ＪＮグループ,ＪＮ集团,,Standard Market(Domestic),Electric Appliances,电气设备,电子设备/电气设备（具体产品待核验）,
6635,6635.T,KK DI-NIKKO ENGINEERING,大日光・エンジニアリング,大日光・工程,,Standard Market(Domestic),Electric Appliances,电气设备,电子设备/电气设备（具体产品待核验）,
6637,6637.T,"TERASAKI ELECTRIC CO.,LTD.",寺崎電気産業,寺崎電気工业,,Standard Market(Domestic),Electric Appliances,电气设备,电子设备/电气设备（具体产品待核验）,
6638,6638.T,"MIMAKI ENGINEERING CO.,LTD.",ミマキエンジニアリング,ミマキ工程,,Prime Market (Domestic),Electric Appliances,电气设备,电子设备/电气设备（具体产品待核验）,
6643,6643.T,"Togami Electric Mfg.Co.,Ltd.",戸上電機製作所,戸上電機制作所,,Standard Market(Domestic),Electric Appliances,电气设备,电子设备/电气设备（具体产品待核验）,
6644,6644.T,"Osaki Electric Co.,Ltd.",大崎電気工業,大崎電気工業,,Prime Market (Domestic),Electric Appliances,电气设备,电子设备/电气设备（具体产品待核验）,
6645,6645.T,OMRON Corporation,オムロン,OMRON 公司,,Prime Market (Domestic),Electric Appliances,电气设备,电子设备/电气设备（具体产品待核验）,
6647,6647.T,"MORIO DENKI CO.,LTD.",森尾電機,森尾電機,,Standard Market(Domestic),Electric Appliances,电气设备,电子设备/电气设备（具体产品待核验）,
6648,6648.T,KAWADEN CORPORATION,かわでん,KAWADEN 公司,,Standard Market(Domestic),Electric Appliances,电气设备,电子设备/电气设备（具体产品待核验）,
6651,6651.T,NITTO KOGYO CORPORATION,日東工業,日東工業,,Prime Market (Domestic),Electric Appliances,电气设备,电子设备/电气设备（具体产品待核验）,
6652,6652.T,IDEC CORPORATION,ＩＤＥＣ,IDEC 公司,,Prime Market (Domestic),Electric Appliances,电气设备,电子设备/电气设备（具体产品待核验）,
6653,6653.T,"SEIKO ELECTRIC CO.,LTD.",正興電機製作所,正興電機制作所,,Prime Market (Domestic),Electric Appliances,电气设备,电子设备/电气设备（具体产品待核验）,
6654,6654.T,"FUJI ELECTRIC INDUSTRY CO.,LTD.",不二電機工業,不二電機工業,,Standard Market(Domestic),Electric Appliances,电气设备,电子设备/电气设备（具体产品待核验）,
6656,6656.T,inspec Inc.,インスペック,inspec Inc.,,Standard Market(Domestic),Electric Appliances,电气设备,电子设备/电气设备（具体产品待核验）,
6658,6658.T,"Shirai Electronics Industrial Co.,Ltd.",シライ電子工業,シライ電子工業,,Standard Market(Domestic),Electric Appliances,电气设备,工业机械与自动化设备（具体产品待核验）,
6659,6659.T,"MEDIA LINKS CO.,LTD.",メディアリンクス,媒体リンクス,,Standard Market(Domestic),Electric Appliances,电气设备,广告、营销与媒体服务,
6662,6662.T,"Ubiteq,INC.",ユビテック,"Ubiteq,INC.",,Standard Market(Domestic),Electric Appliances,电气设备,电子设备/电气设备（具体产品待核验）,
6663,6663.T,"TAIYO TECHNOLEX CO.,LTD.",太洋テクノレックス,太洋テクノレックス,,Standard Market(Domestic),Electric Appliances,电气设备,电子设备/电气设备（具体产品待核验）,
6664,6664.T,"OPTOELECTRONICS CO.,LTD.",オプトエレクトロニクス,オプト电子,,Standard Market(Domestic),Electric Appliances,电气设备,电子设备/电气设备（具体产品待核验）,
6666,6666.T,RIVER ELETEC CORPORATION,リバーエレテック,RIVER ELETEC 公司,,Standard Market(Domestic),Electric Appliances,电气设备,电子设备/电气设备（具体产品待核验）,
6668,6668.T,"ADTEC PLASMA TECHNOLOGY CO.,LTD.",アドテック プラズマ テクノロジー,アドテック プラズマ 科技,,Standard Market(Domestic),Electric Appliances,电气设备,电子设备/电气设备（具体产品待核验）,
6674,6674.T,GS Yuasa Corporation,ジーエス・ユアサ コーポレーション,ジーエス・ユアサ 公司,,Prime Market (Domestic),Electric Appliances,电气设备,电子设备/电气设备（具体产品待核验）,
6675,6675.T,"SAXA,Inc.",サクサ,"SAXA,Inc.",,Standard Market(Domestic),Electric Appliances,电气设备,电子设备/电气设备（具体产品待核验）,
6676,6676.T,BUFFALO INC.,ＢＵＦＦＡＬＯ,BUFFALO INC.,,Standard Market(Domestic),Electric Appliances,电气设备,电子设备/电气设备（具体产品待核验）,
6677,6677.T,"SK-Electronics CO.,LTD.",エスケーエレクトロニクス,エスケー电子,,Standard Market(Domestic),Electric Appliances,电气设备,电子设备/电气设备（具体产品待核验）,
6678,6678.T,"Techno Medica Co.,Ltd.",テクノメディカ,"Techno Medica Co.,Ltd.",,Standard Market(Domestic),Electric Appliances,电气设备,电子设备/电气设备（具体产品待核验）,
6694,6694.T,ZOOM CORPORATION,ズーム,ZOOM 公司,,Standard Market(Domestic),Electric Appliances,电气设备,电子设备/电气设备（具体产品待核验）,
6696,6696.T,TRaaS On Product Inc.,トラース・オン・プロダクト,TRaaS On Product Inc.,,Growth Market(Domestic),Electric Appliances,电气设备,电子设备/电气设备（具体产品待核验）,
6699,6699.T,"DIAMOND ELECTRIC HOLDINGS Co.,Ltd.",ダイヤモンドエレクトリックホールディングス,ダイヤモンド电气控股,,Standard Market(Domestic),Electric Appliances,电气设备,电子设备/电气设备（具体产品待核验）,
6701,6701.T,NEC Corporation,日本電気,日本電気,,Prime Market (Domestic),Electric Appliances,电气设备,电子设备/电气设备（具体产品待核验）,4832.91
6702,6702.T,Fujitsu Limited,富士通,富士通,,Prime Market (Domestic),Electric Appliances,电气设备,电子设备/电气设备（具体产品待核验）,
6703,6703.T,"Oki Electric Industry Company,Limited",沖電気工業,沖電気工業,,Prime Market (Domestic),Electric Appliances,电气设备,电子设备/电气设备（具体产品待核验）,
6706,6706.T,"DKK Co.,Ltd.",電気興業,電気興業,,Prime Market (Domestic),Electric Appliances,电气设备,电子设备/电气设备（具体产品待核验）,
6707,6707.T,"Sanken Electric Co.,Ltd.",サンケン電気,サンケン電気,,Prime Market (Domestic),Electric Appliances,电气设备,电子设备/电气设备（具体产品待核验）,
6718,6718.T,"AIPHONE CO.,LTD.",アイホン,"AIPHONE CO.,LTD.",,Prime Market (Domestic),Electric Appliances,电气设备,电子设备/电气设备（具体产品待核验）,
6721,6721.T,Wintest Corp.,ウインテスト,Wintest Corp.,,Standard Market(Domestic),Electric Appliances,电气设备,电子设备/电气设备（具体产品待核验）,
6723,6723.T,Renesas Electronics Corporation,ルネサスエレクトロニクス,ルネサス电子,,Prime Market (Domestic),Electric Appliances,电气设备,半导体/车用芯片（微控制器与功率半导体）,
6724,6724.T,SEIKO EPSON CORPORATION,セイコーエプソン,SEIKO EPSON 公司,,Prime Market (Domestic),Electric Appliances,电气设备,电子设备/电气设备（具体产品待核验）,
6727,6727.T,"Wacom Co.,Ltd.",ワコム,"Wacom Co.,Ltd.",,Prime Market (Domestic),Electric Appliances,电气设备,电子设备/电气设备（具体产品待核验）,
6728,6728.T,"ULVAC, Inc.",アルバック,"ULVAC, Inc.",,Prime Market (Domestic),Electric Appliances,电气设备,电子设备/电气设备（具体产品待核验）,
6730,6730.T,AXELL CORPORATION,アクセル,AXELL 公司,,Standard Market(Domestic),Electric Appliances,电气设备,电子设备/电气设备（具体产品待核验）,
6731,6731.T,PIXELA CORPORATION,ピクセラ,PIXELA 公司,,Standard Market(Domestic),Electric Appliances,电气设备,电子设备/电气设备（具体产品待核验）,
6736,6736.T,SUNCORPORATION,サン電子,サン電子,,Standard Market(Domestic),Electric Appliances,电气设备,电子设备/电气设备（具体产品待核验）,
6737,6737.T,EIZO Corporation,ＥＩＺＯ,EIZO 公司,,Prime Market (Domestic),Electric Appliances,电气设备,电子设备/电气设备（具体产品待核验）,
6740,6740.T,Japan Display Inc.,ジャパンディスプレイ,Japan Display Inc.,,Prime Market (Domestic),Electric Appliances,电气设备,电子设备/电气设备（具体产品待核验）,
6741,6741.T,"Nippon Signal Company,Limited",日本信号,日本信号,,Prime Market (Domestic),Electric Appliances,电气设备,电子设备/电气设备（具体产品待核验）,
6742,6742.T,"Kyosan Electric Manufacturing Co.,Ltd.",京三製作所,京三制作所,,Prime Market (Domestic),Electric Appliances,电气设备,电子设备/电气设备（具体产品待核验）,
6743,6743.T,"Daido Signal Co.,Ltd.",大同信号,大同信号,,Standard Market(Domestic),Electric Appliances,电气设备,电子设备/电气设备（具体产品待核验）,
6744,6744.T,NOHMI BOSAI LTD.,能美防災,能美防災,,Prime Market (Domestic),Electric Appliances,电气设备,电子设备/电气设备（具体产品待核验）,
6745,6745.T,HOCHIKI CORPORATION,ホーチキ,HOCHIKI 公司,,Prime Market (Domestic),Electric Appliances,电气设备,电子设备/电气设备（具体产品待核验）,
6748,6748.T,"SEIWA ELECTRIC MFG. CO.,LTD.",星和電機,星和電機,,Standard Market(Domestic),Electric Appliances,电气设备,电子设备/电气设备（具体产品待核验）,
6750,6750.T,"ELECOM CO.,LTD.",エレコム,"ELECOM CO.,LTD.",,Prime Market (Domestic),Electric Appliances,电气设备,电子设备/电气设备（具体产品待核验）,
6752,6752.T,Panasonic Holdings Corporation,パナソニック ホールディングス,松下控股,,Prime Market (Domestic),Electric Appliances,电气设备,电子设备/电气设备（具体产品待核验）,31.79
6753,6753.T,Sharp Corporation,シャープ,Sharp 公司,,Prime Market (Domestic),Electric Appliances,电气设备,电子设备/电气设备（具体产品待核验）,
6754,6754.T,ANRITSU CORPORATION,アンリツ,ANRITSU 公司,,Prime Market (Domestic),Electric Appliances,电气设备,电子设备/电气设备（具体产品待核验）,
6757,6757.T,"OSG CORPORATION CO.,LTD.",ＯＳＧコーポレーション,ＯＳＧ公司,,Standard Market(Domestic),Electric Appliances,电气设备,电子设备/电气设备（具体产品待核验）,
6758,6758.T,SONY GROUP CORPORATION,ソニーグループ,索尼集团,,Prime Market (Domestic),Electric Appliances,电气设备,消费电子与娱乐内容（影像、游戏及电子产品）,
6762,6762.T,TDK Corporation,ＴＤＫ,TDK,,Prime Market (Domestic),Electric Appliances,电气设备,电子元件（电容器、传感器与高频器件）,
6763,6763.T,"Teikoku Tsushin Kogyo Co.,Ltd.",帝国通信工業,帝国通信工業,,Prime Market (Domestic),Electric Appliances,电气设备,电子设备/电气设备（具体产品待核验）,
6768,6768.T,TAMURA CORPORATION,タムラ製作所,タムラ制作所,,Prime Market (Domestic),Electric Appliances,电气设备,电子设备/电气设备（具体产品待核验）,
6769,6769.T,"THine Electronics,Inc.",ザインエレクトロニクス,ザイン电子,,Standard Market(Domestic),Electric Appliances,电气设备,电子设备/电气设备（具体产品待核验）,
6770,6770.T,"ALPS ALPINE CO.,LTD.",アルプスアルパイン,"ALPS ALPINE CO.,LTD.",,Prime Market (Domestic),Electric Appliances,电气设备,电子设备/电气设备（具体产品待核验）,4113.44
6771,6771.T,"IKEGAMI TSUSHINKI CO.,LTD.",池上通信機,池上通信機,,Standard Market(Domestic),Electric Appliances,电气设备,电子设备/电气设备（具体产品待核验）,
6772,6772.T,"Tokyo Cosmos Electric Co.,Ltd.",東京コスモス電機,東京コスモス電機,,Standard Market(Domestic),Electric Appliances,电气设备,电子设备/电气设备（具体产品待核验）,
6775,6775.T,TB GROUP INC.,ＴＢグループ,ＴＢ集团,,Standard Market(Domestic),Electric Appliances,电气设备,电子设备/电气设备（具体产品待核验）,
6776,6776.T,"Tensho Electric Industries Co.,Ltd.",天昇電気工業,天昇電気工業,,Standard Market(Domestic),Chemicals,化学,基础化工/特种化学品（具体品类待核验）,
6777,6777.T,santec Holdings Corporation,ｓａｎｔｅｃ Ｈｏｌｄｉｎｇｓ,santec 控股 公司,,Standard Market(Domestic),Electric Appliances,电气设备,电子设备/电气设备（具体产品待核验）,
6778,6778.T,"Artiza Networks,Inc.",アルチザネットワークス,アルチザ网络ス,,Standard Market(Domestic),Electric Appliances,电气设备,电子设备/电气设备（具体产品待核验）,
6779,6779.T,"NIHON DEMPA KOGYO CO.,LTD.",日本電波工業,日本電波工業,,Prime Market (Domestic),Electric Appliances,电气设备,电子设备/电气设备（具体产品待核验）,
6785,6785.T,"SUZUKI CO.,LTD.",鈴木,鈴木,,Prime Market (Domestic),Electric Appliances,电气设备,电子设备/电气设备（具体产品待核验）,
6786,6786.T,RVH Inc.,ＲＶＨ,RVH Inc.,,Standard Market(Domestic),Services,服务业,专业服务、消费服务与商业服务（具体业务待核验）,
6787,6787.T,"Meiko Electronics Co.,Ltd.",メイコー,"Meiko Electronics Co.,Ltd.",,Prime Market (Domestic),Electric Appliances,电气设备,电子设备/电气设备（具体产品待核验）,
6788,6788.T,"NIHON TRIM CO.,LTD.",日本トリム,日本トリム,,Prime Market (Domestic),Electric Appliances,电气设备,电子设备/电气设备（具体产品待核验）,
6794,6794.T,"Foster Electric Company,Limited",フォスター電機,フォスター電機,,Prime Market (Domestic),Electric Appliances,电气设备,电子设备/电气设备（具体产品待核验）,
6797,6797.T,"NAGOYA ELECTRIC WORKS CO.,LTD.",名古屋電機工業,名古屋電機工業,,Standard Market(Domestic),Electric Appliances,电气设备,电子设备/电气设备（具体产品待核验）,
6798,6798.T,SMK Corporation,ＳＭＫ,SMK 公司,,Prime Market (Domestic),Electric Appliances,电气设备,电子设备/电气设备（具体产品待核验）,
6800,6800.T,"YOKOWO CO.,LTD.",ヨコオ,"YOKOWO CO.,LTD.",,Prime Market (Domestic),Electric Appliances,电气设备,电子设备/电气设备（具体产品待核验）,
6803,6803.T,TEAC CORPORATION,ティアック,TEAC 公司,,Standard Market(Domestic),Electric Appliances,电气设备,电子设备/电气设备（具体产品待核验）,
6804,6804.T,Hosiden Corporation,ホシデン,Hosiden 公司,,Prime Market (Domestic),Electric Appliances,电气设备,电子设备/电气设备（具体产品待核验）,
6806,6806.T,"HIROSE ELECTRIC CO.,LTD.",ヒロセ電機,ヒロセ電機,,Prime Market (Domestic),Electric Appliances,电气设备,电子设备/电气设备（具体产品待核验）,12029.28
6807,6807.T,"Japan Aviation Electronics Industry,Limited",日本航空電子工業,日本航空電子工業,,Prime Market (Domestic),Electric Appliances,电气设备,电子设备/电气设备（具体产品待核验）,
6809,6809.T,TOA CORPORATION,ＴＯＡ,TOA 公司,,Prime Market (Domestic),Electric Appliances,电气设备,电子设备/电气设备（具体产品待核验）,
6810,6810.T,"Maxell,Ltd.",マクセル,"Maxell,Ltd.",,Prime Market (Domestic),Electric Appliances,电气设备,电子设备/电气设备（具体产品待核验）,
6814,6814.T,"FURUNO ELECTRIC CO.,LTD.",古野電気,古野電気,,Prime Market (Domestic),Electric Appliances,电气设备,电子设备/电气设备（具体产品待核验）,
6817,6817.T,SUMIDA CORPORATION,スミダコーポレーション,スミダ公司,,Prime Market (Domestic),Electric Appliances,电气设备,电子设备/电气设备（具体产品待核验）,
6819,6819.T,"Izu Shaboten Resort Co.,Ltd",伊豆シャボテンリゾート,伊豆シャボテン度假,,Standard Market(Domestic),Services,服务业,酒店、旅游与休闲服务,
6820,6820.T,ICOM INCORPORATED,アイコム,ICOM INCORPORATED,,Prime Market (Domestic),Electric Appliances,电气设备,电子设备/电气设备（具体产品待核验）,
6822,6822.T,"Oi Electric Co.,Ltd.",大井電気,大井電気,,Standard Market(Domestic),Electric Appliances,电气设备,电子设备/电气设备（具体产品待核验）,
6823,6823.T,"RION CO.,LTD.",リオン,"RION CO.,LTD.",,Prime Market (Domestic),Electric Appliances,电气设备,电子设备/电气设备（具体产品待核验）,
6824,6824.T,"NEW COSMOS ELECTRIC CO.,LTD.",新コスモス電機,新コスモス電機,,Standard Market(Domestic),Electric Appliances,电气设备,电子设备/电气设备（具体产品待核验）,
6832,6832.T,"AOI ELECTRONICS CO.,LTD.",アオイ電子,アオイ電子,,Standard Market(Domestic),Electric Appliances,电气设备,电子设备/电气设备（具体产品待核验）,
6834,6834.T,"SEIKOH GIKEN Co.,Ltd.",精工技研,精工技研,,Standard Market(Domestic),Electric Appliances,电气设备,电子设备/电气设备（具体产品待核验）,
6835,6835.T,ALLIED TELESIS HOLDINGS K.K.,アライドテレシスホールディングス,アライドテレシス控股,,Standard Market(Domestic),Electric Appliances,电气设备,电子设备/电气设备（具体产品待核验）,
6836,6836.T,"PLAT'HOME CO.,LTD.",ぷらっとホーム,"PLAT'HOME CO.,LTD.",,Standard Market(Domestic),Electric Appliances,电气设备,电子设备/电气设备（具体产品待核验）,
6837,6837.T,"KYOSHA CO.,LTD.",京写,京写,,Standard Market(Domestic),Electric Appliances,电气设备,电子设备/电气设备（具体产品待核验）,
6838,6838.T,"TAMAGAWA HOLDINGS CO.,LTD.",多摩川ホールディングス,多摩川控股,,Standard Market(Domestic),Electric Appliances,电气设备,电子设备/电气设备（具体产品待核验）,
6840,6840.T,"AKIBA Holdings Co.,Ltd.",ＡＫＩＢＡホールディングス,ＡＫＩＢＡ控股,,Standard Market(Domestic),Electric Appliances,电气设备,电子设备/电气设备（具体产品待核验）,
6841,6841.T,YOKOGAWA ELECTRIC CORPORATION,横河電機,横河電機,,Prime Market (Domestic),Electric Appliances,电气设备,电子设备/电气设备（具体产品待核验）,
6844,6844.T,"Shindengen Electric Manufacturing Co.,Ltd.",新電元工業,新電元工業,,Prime Market (Domestic),Electric Appliances,电气设备,电子设备/电气设备（具体产品待核验）,
6845,6845.T,Azbil Corporation,アズビル,Azbil 公司,,Prime Market (Domestic),Electric Appliances,电气设备,电子设备/电气设备（具体产品待核验）,
6848,6848.T,DKK-TOA CORPORATION,東亜ディーケーケー,東亜ディーケーケー,,Standard Market(Domestic),Electric Appliances,电气设备,电子设备/电气设备（具体产品待核验）,
6849,6849.T,NIHON KOHDEN CORPORATION,日本光電工業,日本光電工業,,Prime Market (Domestic),Electric Appliances,电气设备,电子设备/电气设备（具体产品待核验）,
6850,6850.T,Chino Corporation,チノー,Chino 公司,,Prime Market (Domestic),Electric Appliances,电气设备,电子设备/电气设备（具体产品待核验）,
6853,6853.T,"KYOWA ELECTRONIC INSTRUMENTS CO.,LTD.",共和電業,共和電業,,Standard Market(Domestic),Electric Appliances,电气设备,电子设备/电气设备（具体产品待核验）,
6855,6855.T,JAPAN ELECTRONIC MATERIALS CORPORATION,日本電子材料,日本電子材料,,Standard Market(Domestic),Electric Appliances,电气设备,电子设备/电气设备（具体产品待核验）,
6856,6856.T,"HORIBA,Ltd.",堀場製作所,堀場制作所,,Prime Market (Domestic),Electric Appliances,电气设备,电子设备/电气设备（具体产品待核验）,
6857,6857.T,ADVANTEST CORPORATION,アドバンテスト,爱德万测试,,Prime Market (Domestic),Electric Appliances,电气设备,半导体测试设备（测试机与量测系统）,
6858,6858.T,"ONO SOKKI Co.,Ltd.",小野測器,小野測器,,Standard Market(Domestic),Electric Appliances,电气设备,电子设备/电气设备（具体产品待核验）,
6859,6859.T,ESPEC CORP.,エスペック,ESPEC CORP.,,Prime Market (Domestic),Electric Appliances,电气设备,电子设备/电气设备（具体产品待核验）,
6861,6861.T,KEYENCE CORPORATION,キーエンス,基恩士,,Prime Market (Domestic),Electric Appliances,电气设备,工业自动化（机器视觉、传感器与测量设备）,39.29
6862,6862.T,MINATO HOLDINGS INC.,ミナトホールディングス,ミナト控股,,Standard Market(Domestic),Electric Appliances,电气设备,电子设备/电气设备（具体产品待核验）,
6863,6863.T,NIRECO CORPORATION,ニレコ,NIRECO 公司,,Standard Market(Domestic),Electric Appliances,电气设备,电子设备/电气设备（具体产品待核验）,
6864,6864.T,NF HOLDINGS CORPORATION,エヌエフホールディングス,エヌエフ控股,,Standard Market(Domestic),Electric Appliances,电气设备,电子设备/电气设备（具体产品待核验）,
6866,6866.T,HIOKI E.E.CORPORATION,日置電機,日置電機,,Prime Market (Domestic),Electric Appliances,电气设备,电子设备/电气设备（具体产品待核验）,
6867,6867.T,LEADER ELECTRONICS CORPORATION,リーダー電子,リーダー電子,,Standard Market(Domestic),Electric Appliances,电气设备,电子设备/电气设备（具体产品待核验）,
6869,6869.T,SYSMEX CORPORATION,シスメックス,SYSMEX 公司,,Prime Market (Domestic),Electric Appliances,电气设备,电子设备/电气设备（具体产品待核验）,
6870,6870.T,"Fenwal Controls of Japan,Ltd.",日本フェンオール,日本フェンオール,,Standard Market(Domestic),Electric Appliances,电气设备,电子设备/电气设备（具体产品待核验）,
6871,6871.T,"MICRONICS JAPAN CO.,LTD.",日本マイクロニクス,日本マイクロニクス,,Prime Market (Domestic),Electric Appliances,电气设备,电子设备/电气设备（具体产品待核验）,
6874,6874.T,KYORITSU ELECTRIC CORPORATION,協立電機,協立電機,,Standard Market(Domestic),Electric Appliances,电气设备,电子设备/电气设备（具体产品待核验）,
6875,6875.T,MegaChips Corporation,メガチップス,MegaChips 公司,,Prime Market (Domestic),Electric Appliances,电气设备,半导体/芯片（具体环节待核验）,
6877,6877.T,Obara Group Incorporated,ＯＢＡＲＡ ＧＲＯＵＰ,Obara 集团 Incorporated,,Standard Market(Domestic),Electric Appliances,电气设备,电子设备/电气设备（具体产品待核验）,
6882,6882.T,"Sansha Electric Manufacturing Co.,Ltd.",三社電機製作所,三社電機制作所,,Standard Market(Domestic),Electric Appliances,电气设备,电子设备/电气设备（具体产品待核验）,
6888,6888.T,ACMOS INC.,アクモス,ACMOS INC.,,Standard Market(Domestic),Information & Communication,信息通信,通信、网络设备与通信服务,
6890,6890.T,Ferrotec Corporation,フェローテック,Ferrotec 公司,,Standard Market(Domestic),Electric Appliances,电气设备,电子设备/电气设备（具体产品待核验）,
6894,6894.T,"PULSTEC INDUSTRIAL CO.,LTD.",パルステック工業,パルステック工業,,Standard Market(Domestic),Electric Appliances,电气设备,工业机械与自动化设备（具体产品待核验）,
6897,6897.T,TWINBIRD CORPORATION,ツインバード,TWINBIRD 公司,,Standard Market(Domestic),Electric Appliances,电气设备,电子设备/电气设备（具体产品待核验）,
6898,6898.T,"TOMITA ELECTRIC CO.,LTD.",トミタ電機,トミタ電機,,Standard Market(Domestic),Electric Appliances,电气设备,电子设备/电气设备（具体产品待核验）,
6899,6899.T,ASTI CORPORATION,ＡＳＴＩ,ASTI 公司,,Standard Market(Domestic),Electric Appliances,电气设备,电子设备/电气设备（具体产品待核验）,
6902,6902.T,DENSO CORPORATION,デンソー,电装,,Prime Market (Domestic),Transportation Equipment,运输用设备,汽车零部件（车载电装与传感器）,
6904,6904.T,"HARADA INDUSTRY CO.,LTD.",原田工業,原田工業,,Standard Market(Domestic),Electric Appliances,电气设备,电子设备/电气设备（具体产品待核验）,
6905,6905.T,"COSEL CO.,LTD.",コーセル,"COSEL CO.,LTD.",,Prime Market (Domestic),Electric Appliances,电气设备,电子设备/电气设备（具体产品待核验）,
6907,6907.T,"GEOMATEC CO.,LTD.",ジオマテック,"GEOMATEC CO.,LTD.",,Standard Market(Domestic),Electric Appliances,电气设备,电子设备/电气设备（具体产品待核验）,
6908,6908.T,"IRISO ELECTRONICS CO.,LTD.",イリソ電子工業,イリソ電子工業,,Prime Market (Domestic),Electric Appliances,电气设备,电子设备/电气设备（具体产品待核验）,
6912,6912.T,KIKUSUI HOLDINGS CORPORATION,菊水ホールディングス,菊水控股,,Standard Market(Domestic),Electric Appliances,电气设备,电子设备/电气设备（具体产品待核验）,
6914,6914.T,"OPTEX GROUP Company,Limited",オプテックスグループ,オプテックス集团,,Prime Market (Domestic),Electric Appliances,电气设备,电子设备/电气设备（具体产品待核验）,
6915,6915.T,"CHIYODA INTEGRE CO.,LTD.",千代田インテグレ,千代田インテグレ,,Standard Market(Domestic),Electric Appliances,电气设备,电子设备/电气设备（具体产品待核验）,
6918,6918.T,AVAL DATA CORPORATION,アバールデータ,アバール数据,,Standard Market(Domestic),Electric Appliances,电气设备,电子设备/电气设备（具体产品待核验）,
6919,6919.T,KEL CORPORATION,ケル,KEL 公司,,Standard Market(Domestic),Electric Appliances,电气设备,电子设备/电气设备（具体产品待核验）,
6920,6920.T,Lasertec Corporation,レーザーテック,Lasertec,,Prime Market (Domestic),Electric Appliances,电气设备,半导体检测设备（光罩/晶圆缺陷检测）,
6923,6923.T,"Stanley Electric Co.,Ltd.",スタンレー電気,スタンレー電気,,Prime Market (Domestic),Electric Appliances,电气设备,电子设备/电气设备（具体产品待核验）,
6925,6925.T,USHIO INC.,ウシオ電機,ウシオ電機,,Prime Market (Domestic),Electric Appliances,电气设备,电子设备/电气设备（具体产品待核验）,
6926,6926.T,"OKAYA ELECTRIC INDUSTRIES CO.,LTD.",岡谷電機産業,岡谷電機工业,,Standard Market(Domestic),Electric Appliances,电气设备,电子设备/电气设备（具体产品待核验）,
6927,6927.T,"Helios Techno Holding Co.,Ltd.",ヘリオス テクノ ホールディング,"Helios Techno Holding Co.,Ltd.",,Standard Market(Domestic),Electric Appliances,电气设备,电子设备/电气设备（具体产品待核验）,
6928,6928.T,"ENOMOTO Co.,Ltd.",エノモト,"ENOMOTO Co.,Ltd.",,Standard Market(Domestic),Electric Appliances,电气设备,电子设备/电气设备（具体产品待核验）,
6929,6929.T,"NIPPON CERAMIC CO.,LTD.",日本セラミック,日本セラミック,,Prime Market (Domestic),Electric Appliances,电气设备,电子设备/电气设备（具体产品待核验）,
6932,6932.T,ENDO Lighting Corporation,遠藤照明,遠藤照明,,Standard Market(Domestic),Electric Appliances,电气设备,电子设备/电气设备（具体产品待核验）,
6941,6941.T,"YAMAICHI ELECTRONICS CO.,LTD.",山一電機,山一電機,,Prime Market (Domestic),Electric Appliances,电气设备,电子设备/电气设备（具体产品待核验）,
6942,6942.T,"SOPHIA HOLDINGS CO.,LTD.",ソフィアホールディングス,ソフィア控股,,Standard Market(Domestic),Information & Communication,信息通信,通信、网络设备与通信服务,
6943,6943.T,"NKK SWITCHES CO.,LTD.",ＮＫＫスイッチズ,"NKK SWITCHES CO.,LTD.",,Standard Market(Domestic),Electric Appliances,电气设备,电子设备/电气设备（具体产品待核验）,
6946,6946.T,"Nippon Avionics Co.,Ltd.",日本アビオニクス,日本アビオニクス,,Standard Market(Domestic),Electric Appliances,电气设备,电子设备/电气设备（具体产品待核验）,
6947,6947.T,ZUKEN INC.,図研,図研,,Prime Market (Domestic),Electric Appliances,电气设备,电子设备/电气设备（具体产品待核验）,
6951,6951.T,JEOL Ltd.,日本電子,日本電子,,Prime Market (Domestic),Electric Appliances,电气设备,电子设备/电气设备（具体产品待核验）,
6952,6952.T,"CASIO COMPUTER CO.,LTD.",カシオ計算機,カシオ計算機,,Prime Market (Domestic),Electric Appliances,电气设备,电子设备/电气设备（具体产品待核验）,
6954,6954.T,FANUC CORPORATION,ファナック,发那科,,Prime Market (Domestic),Electric Appliances,电气设备,工业自动化（数控系统与工业机器人）,1324.55
6955,6955.T,FDK CORPORATION,ＦＤＫ,FDK 公司,,Standard Market(Domestic),Electric Appliances,电气设备,电子设备/电气设备（具体产品待核验）,
6958,6958.T,CMK CORPORATION,日本シイエムケイ,日本シイエムケイ,,Prime Market (Domestic),Electric Appliances,电气设备,电子设备/电气设备（具体产品待核验）,
6960,6960.T,"FUKUDA DENSHI CO.,LTD.",フクダ電子,フクダ電子,,Standard Market(Domestic),Electric Appliances,电气设备,电子设备/电气设备（具体产品待核验）,
6961,6961.T,ENPLAS CORPORATION,エンプラス,ENPLAS 公司,,Prime Market (Domestic),Electric Appliances,电气设备,电子设备/电气设备（具体产品待核验）,
6962,6962.T,DAISHINKU CORP.,大真空,大真空,,Prime Market (Domestic),Electric Appliances,电气设备,电子设备/电气设备（具体产品待核验）,
6963,6963.T,ROHM COMPANY LIMITED,ローム,ROHM COMPANY LIMITED,,Prime Market (Domestic),Electric Appliances,电气设备,电子设备/电气设备（具体产品待核验）,
6964,6964.T,"SANKO CO.,LTD.",サンコー,"SANKO CO.,LTD.",,Standard Market(Domestic),Electric Appliances,电气设备,电子设备/电气设备（具体产品待核验）,
6965,6965.T,HAMAMATSU PHOTONICS K.K.,浜松ホトニクス,浜松ホトニクス,,Prime Market (Domestic),Electric Appliances,电气设备,电子设备/电气设备（具体产品待核验）,83.87
6966,6966.T,"Mitsui High-tec,Inc.",三井ハイテック,三井ハイテック,,Prime Market (Domestic),Electric Appliances,电气设备,电子设备/电气设备（具体产品待核验）,
6969,6969.T,"MATSUO ELECTRIC CO.,LTD.",松尾電機,松尾電機,,Standard Market(Domestic),Electric Appliances,电气设备,电子设备/电气设备（具体产品待核验）,
6971,6971.T,KYOCERA CORPORATION,京セラ,京瓷,,Prime Market (Domestic),Electric Appliances,电气设备,电子设备/电气设备（具体产品待核验）,
6976,6976.T,"TAIYO YUDEN CO.,LTD.",太陽誘電,太陽誘電,,Prime Market (Domestic),Electric Appliances,电气设备,电子设备/电气设备（具体产品待核验）,1044.91
6977,6977.T,"JAPAN RESISTOR MFG. CO.,LTD.",日本抵抗器製作所,日本抵抗器制作所,,Standard Market(Domestic),Electric Appliances,电气设备,电子设备/电气设备（具体产品待核验）,
6981,6981.T,"Murata Manufacturing Co.,Ltd.",村田製作所,村田制作所,,Prime Market (Domestic),Electric Appliances,电气设备,电子元件（MLCC等被动元件与高频器件）,
6982,6982.T,"The Lead Co.,Inc.",リード,"The Lead Co.,Inc.",,Standard Market(Domestic),Transportation Equipment,运输用设备,工业机械与自动化设备（具体产品待核验）,
6986,6986.T,FUTABA CORPORATION,双葉電子工業,双葉電子工業,,Prime Market (Domestic),Electric Appliances,电气设备,电子设备/电气设备（具体产品待核验）,
6988,6988.T,NITTO DENKO CORPORATION,日東電工,日東電工,,Prime Market (Domestic),Chemicals,化学,基础化工/特种化学品（具体品类待核验）,
6989,6989.T,"HOKURIKU ELECTRIC INDUSTRY CO.,LTD.",北陸電気工業,北陸電気工業,,Standard Market(Domestic),Electric Appliances,电气设备,电子设备/电气设备（具体产品待核验）,
6993,6993.T,"Daikokuya Holdings Co.,Ltd.",大黒屋ホールディングス,大黒屋控股,,Standard Market(Domestic),Retail Trade,零售业,零售与消费品渠道,
6994,6994.T,SHIZUKI ELECTRIC COMPANY INC.,指月電機製作所,指月電機制作所,,Standard Market(Domestic),Electric Appliances,电气设备,电子设备/电气设备（具体产品待核验）,
6995,6995.T,"TOKAI RIKA CO.,LTD.",東海理化電機製作所,東海理化電機制作所,,Prime Market (Domestic),Transportation Equipment,运输用设备,工业机械与自动化设备（具体产品待核验）,
6996,6996.T,NICHICON CORPORATION,ニチコン,NICHICON 公司,,Prime Market (Domestic),Electric Appliances,电气设备,电子设备/电气设备（具体产品待核验）,
6997,6997.T,NIPPON CHEMI-CON CORPORATION,日本ケミコン,日本ケミコン,,Prime Market (Domestic),Electric Appliances,电气设备,电子设备/电气设备（具体产品待核验）,
6998,6998.T,"Nippon Tungsten Co.,Ltd.",日本タングステン,日本タングステン,,Standard Market(Domestic),Electric Appliances,电气设备,电子设备/电气设备（具体产品待核验）,
6999,6999.T,KOA CORPORATION,ＫＯＡ,KOA 公司,,Prime Market (Domestic),Electric Appliances,电气设备,电子设备/电气设备（具体产品待核验）,
7003,7003.T,"MITSUI E&S Co.,Ltd.",三井Ｅ＆Ｓ,三井Ｅ＆Ｓ,,Prime Market (Domestic),Machinery,机械,工业机械与自动化设备（具体产品待核验）,
7004,7004.T,Kanadevia Corporation,カナデビア,Kanadevia 公司,,Prime Market (Domestic),Machinery,机械,工业机械与自动化设备（具体产品待核验）,
7011,7011.T,"Mitsubishi Heavy Industries,Ltd.",三菱重工業,三菱重工业,,Prime Market (Domestic),Machinery,机械,工业机械与自动化设备（具体产品待核验）,
7012,7012.T,"Kawasaki Heavy Industries,Ltd.",川崎重工業,川崎重工業,,Prime Market (Domestic),Transportation Equipment,运输用设备,工业机械与自动化设备（具体产品待核验）,
7013,7013.T,IHI Corporation,ＩＨＩ,IHI 公司,,Prime Market (Domestic),Machinery,机械,工业机械与自动化设备（具体产品待核验）,
7014,7014.T,"Namura Shipbuilding Co.,Ltd.",名村造船所,名村造船所,,Standard Market(Domestic),Transportation Equipment,运输用设备,工业机械与自动化设备（具体产品待核验）,
7018,7018.T,Naikai Zosen Corporation,内海造船,内海造船,,Standard Market(Domestic),Transportation Equipment,运输用设备,工业机械与自动化设备（具体产品待核验）,
7021,7021.T,"NITCHITSU CO.,LTD.",ニッチツ,"NITCHITSU CO.,LTD.",,Standard Market(Domestic),Machinery,机械,工业机械与自动化设备（具体产品待核验）,
7022,7022.T,Sanoyas Holdings Corporation,サノヤスホールディングス,サノヤス控股,,Standard Market(Domestic),Machinery,机械,工业机械与自动化设备（具体产品待核验）,
7030,7030.T,SPRIX Inc.,スプリックス,SPRIX Inc.,,Standard Market(Domestic),Services,服务业,专业服务、消费服务与商业服务（具体业务待核验）,
7031,7031.T,Inbound Tech Inc.,インバウンドテック,Inbound Tech Inc.,,Growth Market(Domestic),Services,服务业,专业服务、消费服务与商业服务（具体业务待核验）,
7033,7033.T,"Management Solutions Co.,Ltd.",マネジメントソリューションズ,マネジメント解决方案,,Prime Market (Domestic),Services,服务业,专业服务、消费服务与商业服务（具体业务待核验）,
7034,7034.T,"Prored Partners CO.,LTD.",プロレド・パートナーズ,プロレド・合作伙伴,,Prime Market (Domestic),Services,服务业,专业服务、消费服务与商业服务（具体业务待核验）,
7035,7035.T,"and factory,inc",ａｎｄ ｆａｃｔｏｒｙ,"and factory,inc",,Standard Market(Domestic),Services,服务业,专业服务、消费服务与商业服务（具体业务待核验）,
7036,7036.T,eMnet Japan.co.ltd.,イーエムネットジャパン,eMnet Japan.co.ltd.,,Growth Market(Domestic),Services,服务业,专业服务、消费服务与商业服务（具体业务待核验）,
7037,7037.T,teno.Holdings Company Limited,テノ．ホールディングス,テノ．控股,,Standard Market(Domestic),Services,服务业,专业服务、消费服务与商业服务（具体业务待核验）,
7038,7038.T,Frontier Management Inc.,フロンティア・マネジメント,Frontier Management Inc.,,Prime Market (Domestic),Services,服务业,专业服务、消费服务与商业服务（具体业务待核验）,
7039,7039.T,BRIDGE International Group Corp.,ブリッジインターナショナルグループ,ブリッジインターナショナル集团,,Growth Market(Domestic),Services,服务业,专业服务、消费服务与商业服务（具体业务待核验）,
7040,7040.T,"SUN-LIFE HOLDING CO.,LTD.",サン・ライフホールディング,"SUN-LIFE HOLDING CO.,LTD.",,Standard Market(Domestic),Services,服务业,专业服务、消费服务与商业服务（具体业务待核验）,
7041,7041.T,"CRG HOLDINGS CO.,LTD.",ＣＲＧホールディングス,ＣＲＧ控股,,Growth Market(Domestic),Services,服务业,专业服务、消费服务与商业服务（具体业务待核验）,
7042,7042.T,"ACCESS GROUP HOLDINGS CO.,LTD.",アクセスグループ・ホールディングス,アクセス集团・控股,,Standard Market(Domestic),Services,服务业,专业服务、消费服务与商业服务（具体业务待核验）,
7043,7043.T,"Alue Co.,Ltd.",アルー,"Alue Co.,Ltd.",,Growth Market(Domestic),Services,服务业,专业服务、消费服务与商业服务（具体业务待核验）,
7044,7044.T,PIALA INC.,ピアラ,PIALA INC.,,Standard Market(Domestic),Services,服务业,专业服务、消费服务与商业服务（具体业务待核验）,
7046,7046.T,TDSE Inc.,ＴＤＳＥ,TDSE Inc.,,Growth Market(Domestic),Services,服务业,专业服务、消费服务与商业服务（具体业务待核验）,
7047,7047.T,PORT INC.,ポート,PORT INC.,,Growth Market(Domestic),Services,服务业,专业服务、消费服务与商业服务（具体业务待核验）,
7048,7048.T,VELTRA Corporation,ベルトラ,VELTRA 公司,,Growth Market(Domestic),Services,服务业,专业服务、消费服务与商业服务（具体业务待核验）,
7049,7049.T,"SHIKIGAKU.Co.,Ltd.",識学,識学,,Growth Market(Domestic),Services,服务业,专业服务、消费服务与商业服务（具体业务待核验）,
7050,7050.T,FRONTIER INTERNATIONAL INC.,フロンティアインターナショナル,FRONTIER INTERNATIONAL INC.,,Growth Market(Domestic),Services,服务业,专业服务、消费服务与商业服务（具体业务待核验）,
7057,7057.T,"New Constructor's Network Co.,Ltd.",エヌ・シー・エヌ,"New Constructor's Network Co.,Ltd.",,Standard Market(Domestic),Services,服务业,通信、网络设备与通信服务,
7058,7058.T,"Kyoei Security Service Co.,Ltd.",共栄セキュリティーサービス,共栄セキュリティー服务,,Standard Market(Domestic),Services,服务业,专业服务、消费服务与商业服务（具体业务待核验）,
7059,7059.T,"COPRO-HOLDINGS.Co.,Ltd.",コプロ・ホールディングス,コプロ・控股,,Prime Market (Domestic),Services,服务业,专业服务、消费服务与商业服务（具体业务待核验）,
7060,7060.T,geechs inc.,ギークス,geechs inc.,,Standard Market(Domestic),Services,服务业,专业服务、消费服务与商业服务（具体业务待核验）,
7061,7061.T,Japan Hospice Holdings Inc.,日本ホスピスホールディングス,日本ホスピス控股,,Growth Market(Domestic),Services,服务业,专业服务、消费服务与商业服务（具体业务待核验）,
7062,7062.T,"Fureasu Co.,Ltd.",フレアス,"Fureasu Co.,Ltd.",,Growth Market(Domestic),Services,服务业,专业服务、消费服务与商业服务（具体业务待核验）,
7063,7063.T,Birdman Inc.,Ｂｉｒｄｍａｎ,Birdman Inc.,,Growth Market(Domestic),Services,服务业,专业服务、消费服务与商业服务（具体业务待核验）,
7064,7064.T,"Howtelevision,Inc.",ハウテレビジョン,"Howtelevision,Inc.",,Standard Market(Domestic),Services,服务业,专业服务、消费服务与商业服务（具体业务待核验）,
7065,7065.T,UPR Corporation,ユーピーアール,UPR 公司,,Standard Market(Domestic),Services,服务业,专业服务、消费服务与商业服务（具体业务待核验）,
7066,7066.T,"Peers Co.,Ltd.",ピアズ,"Peers Co.,Ltd.",,Growth Market(Domestic),Services,服务业,专业服务、消费服务与商业服务（具体业务待核验）,
7067,7067.T,Branding Technology Inc.,ブランディングテクノロジー,ブランディング科技,,Growth Market(Domestic),Services,服务业,专业服务、消费服务与商业服务（具体业务待核验）,
7068,7068.T,Feedforce Group Inc.,フィードフォースグループ,フィードフォース集团,,Growth Market(Domestic),Services,服务业,专业服务、消费服务与商业服务（具体业务待核验）,
7069,7069.T,"CyberBuzz,Inc.",サイバー・バズ,"CyberBuzz,Inc.",,Growth Market(Domestic),Services,服务业,专业服务、消费服务与商业服务（具体业务待核验）,
7071,7071.T,"Amvis Holdings,Inc.",アンビスホールディングス,アンビス控股,,Prime Market (Domestic),Services,服务业,专业服务、消费服务与商业服务（具体业务待核验）,
7072,7072.T,"Intimate Merger,Inc.",インティメート・マージャー,"Intimate Merger,Inc.",,Growth Market(Domestic),Services,服务业,专业服务、消费服务与商业服务（具体业务待核验）,
7073,7073.T,"JAIC Co.,Ltd.",ジェイック,"JAIC Co.,Ltd.",,Growth Market(Domestic),Services,服务业,专业服务、消费服务与商业服务（具体业务待核验）,
7074,7074.T,Twenty-four seven Holdings Inc.,トゥエンティーフォーセブンホールディングス,トゥエンティーフォーセブン控股,,Growth Market(Domestic),Services,服务业,专业服务、消费服务与商业服务（具体业务待核验）,
7075,7075.T,"QLS Holdings Co.,Ltd",ＱＬＳホールディングス,ＱＬＳ控股,,Growth Market(Domestic),Services,服务业,专业服务、消费服务与商业服务（具体业务待核验）,
7077,7077.T,"ALiNK Internet,INC.",ＡＬｉＮＫインターネット,ＡＬｉＮＫ互联网,,Growth Market(Domestic),Services,服务业,专业服务、消费服务与商业服务（具体业务待核验）,
7078,7078.T,INCLUSIVE Holdings Inc.,ＩＮＣＬＵＳＩＶＥ Ｈｏｌｄｉｎｇｓ,INCLUSIVE 控股 Inc.,,Growth Market(Domestic),Services,服务业,专业服务、消费服务与商业服务（具体业务待核验）,
7079,7079.T,"WDB coco CO.,LTD.",ＷＤＢココ,"WDB coco CO.,LTD.",,Growth Market(Domestic),Services,服务业,专业服务、消费服务与商业服务（具体业务待核验）,
7080,7080.T,"Sportsfield Co.,Ltd.",スポーツフィールド,体育フィールド,,Growth Market(Domestic),Services,服务业,专业服务、消费服务与商业服务（具体业务待核验）,
7081,7081.T,"Koyou Rentia Co.,Ltd.",コーユーレンティア,"Koyou Rentia Co.,Ltd.",,Standard Market(Domestic),Services,服务业,专业服务、消费服务与商业服务（具体业务待核验）,
7083,7083.T,AHC GROUP INC.,ＡＨＣグループ,ＡＨＣ集团,,Growth Market(Domestic),Services,服务业,专业服务、消费服务与商业服务（具体业务待核验）,
7084,7084.T,Smile Holdings Inc.,Ｓｍｉｌｅ Ｈｏｌｄｉｎｇｓ,Smile 控股 Inc.,,Growth Market(Domestic),Services,服务业,专业服务、消费服务与商业服务（具体业务待核验）,
7085,7085.T,"CURVES HOLDINGS Co.,Ltd.",カーブスホールディングス,カーブス控股,,Prime Market (Domestic),Services,服务业,专业服务、消费服务与商业服务（具体业务待核验）,
7087,7087.T,"WILLTEC Co.,Ltd.",ウイルテック,"WILLTEC Co.,Ltd.",,Standard Market(Domestic),Services,服务业,专业服务、消费服务与商业服务（具体业务待核验）,
7089,7089.T,"for Startups,Inc.",フォースタートアップス,"for Startups,Inc.",,Growth Market(Domestic),Services,服务业,专业服务、消费服务与商业服务（具体业务待核验）,
7090,7090.T,Ligua Inc.,リグア,Ligua Inc.,,Growth Market(Domestic),Services,服务业,专业服务、消费服务与商业服务（具体业务待核验）,
7091,7091.T,"Living Platform,Ltd.",リビングプラットフォーム,"Living Platform,Ltd.",,Growth Market(Domestic),Services,服务业,专业服务、消费服务与商业服务（具体业务待核验）,
7093,7093.T,"adish Co.,Ltd.",アディッシュ,"adish Co.,Ltd.",,Growth Market(Domestic),Services,服务业,专业服务、消费服务与商业服务（具体业务待核验）,
7094,7094.T,NexTone Inc.,ＮｅｘＴｏｎｅ,NexTone Inc.,,Growth Market(Domestic),Services,服务业,专业服务、消费服务与商业服务（具体业务待核验）,
7095,7095.T,"Macbee Planet,Inc.",Ｍａｃｂｅｅ Ｐｌａｎｅｔ,"Macbee Planet,Inc.",,Prime Market (Domestic),Services,服务业,专业服务、消费服务与商业服务（具体业务待核验）,
7096,7096.T,StemCell Institute,ステムセル研究所,ステムセル研究所,,Growth Market(Domestic),Services,服务业,专业服务、消费服务与商业服务（具体业务待核验）,
7097,7097.T,"SAKURASAKU PLUS,Co.,Ltd.",さくらさくプラス,"SAKURASAKU PLUS,Co.,Ltd.",,Growth Market(Domestic),Services,服务业,专业服务、消费服务与商业服务（具体业务待核验）,
7102,7102.T,"NIPPON SHARYO,LTD.",日本車輌製造,日本車輌製造,,Prime Market (Domestic),Transportation Equipment,运输用设备,工业机械与自动化设备（具体产品待核验）,
7110,7110.T,Kurashicom Inc.,クラシコム,Kurashicom Inc.,,Growth Market(Domestic),Retail Trade,零售业,零售与消费品渠道,
7111,7111.T,"INEST,Inc.",ＩＮＥＳＴ,"INEST,Inc.",,Standard Market(Domestic),Wholesale Trade,批发业,批发贸易/综合商社,
7112,7112.T,"CUBE CO.,LTD.",キューブ,"CUBE CO.,LTD.",,Growth Market(Domestic),Retail Trade,零售业,零售与消费品渠道,
7114,7114.T,"Foodison,Inc.",フーディソン,"Foodison,Inc.",,Growth Market(Domestic),Wholesale Trade,批发业,批发贸易/综合商社,
7115,7115.T,AlphaPurchase Corporation,アルファパーチェス,AlphaPurchase 公司,,Standard Market(Domestic),Wholesale Trade,批发业,批发贸易/综合商社,
7119,7119.T,"halmek holdings Co.,Ltd.",ハルメクホールディングス,ハルメク控股,,Growth Market(Domestic),Retail Trade,零售业,零售与消费品渠道,
7120,7120.T,SHINKO Inc.,ＳＨＩＮＫＯ,SHINKO Inc.,,Standard Market(Domestic),Wholesale Trade,批发业,批发贸易/综合商社,
7122,7122.T,"THE KINKI SHARYO CO.,LTD.",近畿車輛,近畿車輛,,Standard Market(Domestic),Transportation Equipment,运输用设备,工业机械与自动化设备（具体产品待核验）,
7126,7126.T,"Global Style Co.,Ltd.",グローバルスタイル,"Global Style Co.,Ltd.",,Standard Market(Domestic),Retail Trade,零售业,零售与消费品渠道,
7127,7127.T,"Ikka Holdings Co.,Ltd.",一家ホールディングス,一家控股,,Standard Market(Domestic),Retail Trade,零售业,零售与消费品渠道,
7128,7128.T,UNISOL Holdings Corporation,ユニソルホールディングス,ユニソル控股,,Prime Market (Domestic),Wholesale Trade,批发业,批发贸易/综合商社,
7129,7129.T,Miahelsa Holdings Corporation,ミアヘルサホールディングス,ミアヘルサ控股,,Standard Market(Domestic),Retail Trade,零售业,零售与消费品渠道,
7130,7130.T,"YAMAE GROUP HOLDINGS CO.,LTD.",ヤマエグループホールディングス,ヤマエ集团控股,,Prime Market (Domestic),Wholesale Trade,批发业,批发贸易/综合商社,
7131,7131.T,NOMURA CORPORATION,のむら産業,のむら工业,,Standard Market(Domestic),Wholesale Trade,批发业,批发贸易/综合商社,
7133,7133.T,"HYUGA PRIMARY CARE Co.,Ltd.",ＨＹＵＧＡ ＰＲＩＭＡＲＹ ＣＡＲＥ,"HYUGA PRIMARY CARE Co.,Ltd.",,Growth Market(Domestic),Retail Trade,零售业,零售与消费品渠道,
7134,7134.T,"UP GARAGE GROUP Co.,Ltd.",アップガレージグループ,アップガレージ集团,,Standard Market(Domestic),Retail Trade,零售业,零售与消费品渠道,
7135,7135.T,"JAPAN CRAFT HOLDINGS CO.,LTD.",ジャパンクラフトホールディングス,ジャパンクラフト控股,,Standard Market(Domestic),Retail Trade,零售业,零售与消费品渠道,
7138,7138.T,"TORICO Co.,Ltd.",ＴＯＲＩＣＯ,"TORICO Co.,Ltd.",,Growth Market(Domestic),Retail Trade,零售业,零售与消费品渠道,
7140,7140.T,Petgo Corporation,ペットゴー,Petgo 公司,,Growth Market(Domestic),Retail Trade,零售业,零售与消费品渠道,
7148,7148.T,"Financial Partners Group Co.,Ltd.",ＦＰＧ,"金融 Partners 集团 Co.,Ltd.",,Prime Market (Domestic),Securities and Commodities Futures,证券商品期货,证券经纪与投资银行服务,
7150,7150.T,"THE SHIMANE BANK,LTD.",島根銀行,島根銀行,,Standard Market(Domestic),Banks,银行业,银行与综合金融服务,
7157,7157.T,LIFENET INSURANCE COMPANY,ライフネット生命保険,ライフネット生命保険,,Prime Market (Domestic),Insurance,保险业,保险服务,
7161,7161.T,"Jimoto Holdings,Inc.",じもとホールディングス,じもと控股,,Standard Market(Domestic),Banks,银行业,银行与综合金融服务,
7162,7162.T,"ASTMAX Co.,Ltd.",アストマックス,"ASTMAX Co.,Ltd.",,Standard Market(Domestic),Electric Power and Gas,电力燃气,电子设备/电气设备（具体产品待核验）,
7164,7164.T,"ZENKOKU HOSHO Co.,Ltd.",全国保証,全国保証,,Prime Market (Domestic),Other Financing Business,其他金融,融资租赁、消费金融与其他金融服务,
7167,7167.T,"Mebuki Financial Group,Inc.",めぶきフィナンシャルグループ,めぶき金融集团,,Prime Market (Domestic),Banks,银行业,银行与综合金融服务,
7172,7172.T,"Japan Investment Adviser Co.,Ltd.",ジャパンインベストメントアドバイザー,ジャパン投资アドバイザー,,Prime Market (Domestic),Securities and Commodities Futures,证券商品期货,证券经纪与投资银行服务,
7173,7173.T,"Tokyo Kiraboshi Financial Group,Inc.",東京きらぼしフィナンシャルグループ,東京きらぼし金融集团,,Prime Market (Domestic),Banks,银行业,银行与综合金融服务,
7175,7175.T,"The Imamura Securities Co.,Ltd.",今村証券,今村証券,,Standard Market(Domestic),Securities and Commodities Futures,证券商品期货,证券经纪与投资银行服务,
7177,7177.T,"GMO Financial Holdings,Inc.",ＧＭＯフィナンシャルホールディングス,ＧＭＯ金融控股,,Standard Market(Domestic),Securities and Commodities Futures,证券商品期货,证券经纪与投资银行服务,
7180,7180.T,"Kyushu Financial Group,Inc.",九州フィナンシャルグループ,九州金融集团,,Prime Market (Domestic),Banks,银行业,银行与综合金融服务,
7181,7181.T,"JAPAN POST INSURANCE Co.,Ltd.",かんぽ生命保険,かんぽ生命保険,,Prime Market (Domestic),Insurance,保险业,保险服务,
7182,7182.T,"JAPAN POST BANK Co.,Ltd.",ゆうちょ銀行,ゆうちょ銀行,,Prime Market (Domestic),Banks,银行业,银行与综合金融服务,
7183,7183.T,"Anshin Guarantor Service Co.,Ltd.",あんしん保証,あんしん保証,,Standard Market(Domestic),Other Financing Business,其他金融,融资租赁、消费金融与其他金融服务,
7184,7184.T,"THE FIRST BANK OF TOYAMA,LTD.",富山第一銀行,富山第一銀行,,Prime Market (Domestic),Banks,银行业,银行与综合金融服务,
7185,7185.T,Hirose Tusyo Inc.,ヒロセ通商,ヒロセ通商,,Standard Market(Domestic),Securities and Commodities Futures,证券商品期货,证券经纪与投资银行服务,
7186,7186.T,"Yokohama Financial Group,Inc.",横浜フィナンシャルグループ,横浜金融集团,,Prime Market (Domestic),Banks,银行业,银行与综合金融服务,
7187,7187.T,"J-LEASE CO.,LTD.",ジェイリース,ジェイ租赁,,Prime Market (Domestic),Other Financing Business,其他金融,融资租赁、消费金融与其他金融服务,
7189,7189.T,"Nishi-Nippon Financial Holdings,Inc.",西日本フィナンシャルホールディングス,西日本金融控股,,Prime Market (Domestic),Banks,银行业,银行与综合金融服务,
7191,7191.T,Entrust Inc.,イントラスト,Entrust Inc.,,Standard Market(Domestic),Other Financing Business,其他金融,融资租赁、消费金融与其他金融服务,
7192,7192.T,Mortgage Service Japan Limited,日本モーゲージサービス,日本モーゲージ服务,,Standard Market(Domestic),Other Financing Business,其他金融,融资租赁、消费金融与其他金融服务,
7196,7196.T,Casa Inc.,Ｃａｓａ,Casa Inc.,,Standard Market(Domestic),Other Financing Business,其他金融,融资租赁、消费金融与其他金融服务,
7198,7198.T,SBI ARUHI Corporation,ＳＢＩアルヒ,SBI ARUHI 公司,,Prime Market (Domestic),Other Financing Business,其他金融,融资租赁、消费金融与其他金融服务,
7199,7199.T,"Premium Group Co.,Ltd.",プレミアグループ,プレミア集团,,Prime Market (Domestic),Other Financing Business,其他金融,融资租赁、消费金融与其他金融服务,
7201,7201.T,"NISSAN MOTOR CO.,LTD.",日産自動車,日产汽车,,Prime Market (Domestic),Transportation Equipment,运输用设备,汽车整车与零部件,
7202,7202.T,ISUZU MOTORS LIMITED,いすゞ自動車,いすゞ自動車,,Prime Market (Domestic),Transportation Equipment,运输用设备,汽车整车与零部件,
7203,7203.T,TOYOTA MOTOR CORPORATION,トヨタ自動車,丰田汽车,,Prime Market (Domestic),Transportation Equipment,运输用设备,汽车整车（乘用车、混合动力与电动车）,
7208,7208.T,KANEMITSU CORPORATION,カネミツ,KANEMITSU 公司,,Standard Market(Domestic),Transportation Equipment,运输用设备,工业机械与自动化设备（具体产品待核验）,
7211,7211.T,MITSUBISHI MOTORS CORPORATION,三菱自動車工業,三菱自動車工業,,Prime Market (Domestic),Transportation Equipment,运输用设备,汽车整车与零部件,4766.47
7212,7212.T,F-TECH INC.,エフテック,F-TECH INC.,,Standard Market(Domestic),Transportation Equipment,运输用设备,工业机械与自动化设备（具体产品待核验）,
7213,7213.T,LECIP HOLDINGS CORPORATION,レシップホールディングス,レシップ控股,,Standard Market(Domestic),Transportation Equipment,运输用设备,工业机械与自动化设备（具体产品待核验）,
7214,7214.T,GMB CORPORATION,ＧＭＢ,GMB 公司,,Standard Market(Domestic),Transportation Equipment,运输用设备,工业机械与自动化设备（具体产品待核验）,
7215,7215.T,"FALTEC Co.,Ltd.",ファルテック,"FALTEC Co.,Ltd.",,Standard Market(Domestic),Transportation Equipment,运输用设备,工业机械与自动化设备（具体产品待核验）,
7217,7217.T,"TEIN,INC.",テイン,"TEIN,INC.",,Standard Market(Domestic),Transportation Equipment,运输用设备,工业机械与自动化设备（具体产品待核验）,
7218,7218.T,"TANAKA SEIMITSU KOGYO CO.,LTD.",田中精密工業,田中精密工業,,Standard Market(Domestic),Transportation Equipment,运输用设备,工业机械与自动化设备（具体产品待核验）,
7219,7219.T,"HKS CO.,LTD.",エッチ・ケー・エス,"HKS CO.,LTD.",,Standard Market(Domestic),Transportation Equipment,运输用设备,工业机械与自动化设备（具体产品待核验）,
7220,7220.T,"MUSASHI SEIMITSU INDUSTRY CO.,LTD.",武蔵精密工業,武蔵精密工業,,Prime Market (Domestic),Transportation Equipment,运输用设备,工业机械与自动化设备（具体产品待核验）,
7222,7222.T,"NISSAN SHATAI CO.,LTD.",日産車体,日産車体,,Standard Market(Domestic),Transportation Equipment,运输用设备,工业机械与自动化设备（具体产品待核验）,
7224,7224.T,"ShinMaywa Industries,LTD.",新明和工業,新明和工業,,Prime Market (Domestic),Transportation Equipment,运输用设备,工业机械与自动化设备（具体产品待核验）,
7226,7226.T,"KYOKUTO KAIHATSU KOGYO CO.,LTD.",極東開発工業,極東開発工業,,Prime Market (Domestic),Transportation Equipment,运输用设备,工业机械与自动化设备（具体产品待核验）,
7228,7228.T,DAYTONA CORPORATION,デイトナ,DAYTONA 公司,,Standard Market(Domestic),Transportation Equipment,运输用设备,工业机械与自动化设备（具体产品待核验）,
7231,7231.T,"TOPY INDUSTRIES,LIMITED",トピー工業,トピー工業,,Prime Market (Domestic),Transportation Equipment,运输用设备,工业机械与自动化设备（具体产品待核验）,
7235,7235.T,"TOKYO RADIATOR MFG.CO.,LTD.",東京ラヂエーター製造,東京ラヂエーター製造,,Standard Market(Domestic),Transportation Equipment,运输用设备,工业机械与自动化设备（具体产品待核验）,
7236,7236.T,"T.RAD Co., Ltd.",ティラド,"T.RAD Co., Ltd.",,Prime Market (Domestic),Transportation Equipment,运输用设备,工业机械与自动化设备（具体产品待核验）,
7238,7238.T,"AKEBONO BRAKE INDUSTRY CO.,LTD.",曙ブレーキ工業,曙ブレーキ工業,,Prime Market (Domestic),Transportation Equipment,运输用设备,工业机械与自动化设备（具体产品待核验）,
7239,7239.T,"TACHI-S CO.,LTD.",タチエス,"TACHI-S CO.,LTD.",,Prime Market (Domestic),Transportation Equipment,运输用设备,工业机械与自动化设备（具体产品待核验）,
7241,7241.T,"FUTABA INDUSTRIAL CO.,LTD.",フタバ産業,フタバ工业,,Prime Market (Domestic),Transportation Equipment,运输用设备,工业机械与自动化设备（具体产品待核验）,
7242,7242.T,KYB Corporation,カヤバ,KYB 公司,,Prime Market (Domestic),Transportation Equipment,运输用设备,工业机械与自动化设备（具体产品待核验）,
7244,7244.T,"ICHIKOH INDUSTRIES,LTD.",市光工業,市光工業,,Prime Market (Domestic),Electric Appliances,电气设备,电子设备/电气设备（具体产品待核验）,
7245,7245.T,"DAIDO METAL CO.,LTD.",大同メタル工業,大同メタル工業,,Prime Market (Domestic),Transportation Equipment,运输用设备,工业机械与自动化设备（具体产品待核验）,
7246,7246.T,"PRESS KOGYO CO.,LTD.",プレス工業,プレス工業,,Prime Market (Domestic),Transportation Equipment,运输用设备,工业机械与自动化设备（具体产品待核验）,
7247,7247.T,MIKUNI CORPORATION,ミクニ,MIKUNI 公司,,Standard Market(Domestic),Transportation Equipment,运输用设备,工业机械与自动化设备（具体产品待核验）,
7254,7254.T,UNIVANCE CORPORATION,ユニバンス,UNIVANCE 公司,,Standard Market(Domestic),Transportation Equipment,运输用设备,工业机械与自动化设备（具体产品待核验）,
7255,7255.T,SAKURAI LTD.,桜井製作所,桜井制作所,,Standard Market(Domestic),Transportation Equipment,运输用设备,工业机械与自动化设备（具体产品待核验）,
7256,7256.T,"KASAI KOGYO CO.,LTD.",河西工業,河西工業,,Standard Market(Domestic),Transportation Equipment,运输用设备,工业机械与自动化设备（具体产品待核验）,
7259,7259.T,AISIN CORPORATION,アイシン,AISIN 公司,,Prime Market (Domestic),Transportation Equipment,运输用设备,工业机械与自动化设备（具体产品待核验）,
7261,7261.T,Mazda Motor Corporation,マツダ,Mazda 汽车 公司,,Prime Market (Domestic),Transportation Equipment,运输用设备,汽车整车与零部件,4845.77
7264,7264.T,MURO CORPORATION,ムロコーポレーション,ムロ公司,,Standard Market(Domestic),Transportation Equipment,运输用设备,工业机械与自动化设备（具体产品待核验）,
7265,7265.T,"EIKEN INDUSTRIES CO.,LTD",エイケン工業,エイケン工業,,Standard Market(Domestic),Transportation Equipment,运输用设备,工业机械与自动化设备（具体产品待核验）,
7266,7266.T,"Imasen Electric Industrial Co.,Ltd.",今仙電機製作所,今仙電機制作所,,Standard Market(Domestic),Transportation Equipment,运输用设备,工业机械与自动化设备（具体产品待核验）,
7267,7267.T,"HONDA MOTOR CO.,LTD.",本田技研工業,本田,,Prime Market (Domestic),Transportation Equipment,运输用设备,汽车整车（乘用车与摩托车）,
7269,7269.T,SUZUKI MOTOR CORPORATION,スズキ,铃木,,Prime Market (Domestic),Transportation Equipment,运输用设备,汽车整车（乘用车与摩托车）,
7270,7270.T,SUBARU CORPORATION,ＳＵＢＡＲＵ,斯巴鲁,,Prime Market (Domestic),Transportation Equipment,运输用设备,汽车整车（乘用车）,1316.47
7271,7271.T,YASUNAGA CORPORATION,安永,安永,,Standard Market(Domestic),Transportation Equipment,运输用设备,工业机械与自动化设备（具体产品待核验）,
7272,7272.T,"Yamaha Motor Co.,Ltd.",ヤマハ発動機,ヤマハ発動機,,Prime Market (Domestic),Transportation Equipment,运输用设备,汽车整车与零部件,
7273,7273.T,"IKUYO CO.,LTD.",イクヨ,"IKUYO CO.,LTD.",,Standard Market(Domestic),Transportation Equipment,运输用设备,工业机械与自动化设备（具体产品待核验）,
7276,7276.T,"KOITO MANUFACTURING CO.,LTD.",小糸製作所,小糸制作所,,Prime Market (Domestic),Electric Appliances,电气设备,电子设备/电气设备（具体产品待核验）,
7277,7277.T,"TBK Co.,Ltd.",ＴＢＫ,"TBK Co.,Ltd.",,Standard Market(Domestic),Transportation Equipment,运输用设备,工业机械与自动化设备（具体产品待核验）,
7278,7278.T,EXEDY Corporation,エクセディ,EXEDY 公司,,Prime Market (Domestic),Transportation Equipment,运输用设备,工业机械与自动化设备（具体产品待核验）,
7279,7279.T,HI-LEX CORPORATION,ハイレックスコーポレーション,ハイレックス公司,,Standard Market(Domestic),Transportation Equipment,运输用设备,工业机械与自动化设备（具体产品待核验）,
7280,7280.T,MITSUBA Corporation,ミツバ,MITSUBA 公司,,Prime Market (Domestic),Electric Appliances,电气设备,电子设备/电气设备（具体产品待核验）,
7282,7282.T,"TOYODA GOSEI CO.,LTD.",豊田合成,豊田合成,,Prime Market (Domestic),Transportation Equipment,运输用设备,工业机械与自动化设备（具体产品待核验）,
7283,7283.T,"AISAN INDUSTRY CO.,LTD.",愛三工業,愛三工業,,Prime Market (Domestic),Transportation Equipment,运输用设备,工业机械与自动化设备（具体产品待核验）,
7284,7284.T,"MEIWA INDUSTRY CO.,LTD.",盟和産業,盟和工业,,Standard Market(Domestic),Transportation Equipment,运输用设备,工业机械与自动化设备（具体产品待核验）,
7287,7287.T,"NIPPON SEIKI CO.,LTD.",日本精機,日本精機,,Standard Market(Domestic),Transportation Equipment,运输用设备,工业机械与自动化设备（具体产品待核验）,
7291,7291.T,"NIHON PLAST CO.,LTD.",日本プラスト,日本プラスト,,Standard Market(Domestic),Transportation Equipment,运输用设备,工业机械与自动化设备（具体产品待核验）,
7292,7292.T,MURAKAMI CORPORATION,村上開明堂,村上開明堂,,Standard Market(Domestic),Transportation Equipment,运输用设备,工业机械与自动化设备（具体产品待核验）,
7294,7294.T,YOROZU CORPORATION,ヨロズ,YOROZU 公司,,Prime Market (Domestic),Transportation Equipment,运输用设备,工业机械与自动化设备（具体产品待核验）,
7296,7296.T,"F.C.C.CO.,LTD.",エフ・シー・シー,"F.C.C.CO.,LTD.",,Prime Market (Domestic),Transportation Equipment,运输用设备,工业机械与自动化设备（具体产品待核验）,
7297,7297.T,"CAR MATE MFG. CO.,LTD.",カーメイト,"CAR MATE MFG. CO.,LTD.",,Standard Market(Domestic),Transportation Equipment,运输用设备,工业机械与自动化设备（具体产品待核验）,
7299,7299.T,FUJI OOZX Inc.,フジオーゼックス,FUJI OOZX Inc.,,Standard Market(Domestic),Transportation Equipment,运输用设备,工业机械与自动化设备（具体产品待核验）,
7305,7305.T,"ARAYA INDUSTRIAL CO.,LTD.",新家工業,新家工業,,Standard Market(Domestic),Iron and Steel,钢铁,工业机械与自动化设备（具体产品待核验）,
7309,7309.T,SHIMANO INC.,シマノ,SHIMANO INC.,,Prime Market (Domestic),Transportation Equipment,运输用设备,工业机械与自动化设备（具体产品待核验）,131.93
7313,7313.T,"TS TECH CO.,LTD.",テイ・エス テック,"TS TECH CO.,LTD.",,Prime Market (Domestic),Transportation Equipment,运输用设备,工业机械与自动化设备（具体产品待核验）,
7314,7314.T,"ODAWARA AUTO-MACHINE MFG.CO.,LTD.",小田原機器,小田原機器,,Standard Market(Domestic),Transportation Equipment,运输用设备,工业机械与自动化设备（具体产品待核验）,
7318,7318.T,"SERENDIP HOLDINGS Co.,Ltd.",セレンディップ・ホールディングス,セレンディップ・控股,,Growth Market(Domestic),Transportation Equipment,运输用设备,工业机械与自动化设备（具体产品待核验）,
7320,7320.T,Solvvy Inc.,Ｓｏｌｖｖｙ,Solvvy Inc.,,Growth Market(Domestic),Other Financing Business,其他金融,融资租赁、消费金融与其他金融服务,
7322,7322.T,"San ju San Financial Group,Inc.",三十三フィナンシャルグループ,三十三金融集团,,Prime Market (Domestic),Banks,银行业,银行与综合金融服务,
7325,7325.T,IRRC Corporation,アイリックコーポレーション,アイリック公司,,Growth Market(Domestic),Insurance,保险业,保险服务,
7326,7326.T,"SBI Insurance Group Co.,Ltd.",ＳＢＩインシュアランスグループ,ＳＢＩインシュアランス集团,,Growth Market(Domestic),Insurance,保险业,保险服务,
7327,7327.T,"Daishi Hokuetsu Financial Group,Inc.",第四北越フィナンシャルグループ,第四北越金融集团,,Prime Market (Domestic),Banks,银行业,银行与综合金融服务,
7337,7337.T,"Hirogin Holdings,Inc.",ひろぎんホールディングス,ひろぎん控股,,Prime Market (Domestic),Banks,银行业,银行与综合金融服务,
7343,7343.T,"Broad-Minded Co.,Ltd.",ブロードマインド,"Broad-Minded Co.,Ltd.",,Growth Market(Domestic),Insurance,保险业,保险服务,
7345,7345.T,Ai Partners Financial Inc.,アイ・パートナーズフィナンシャル,アイ・合作伙伴金融,,Growth Market(Domestic),Other Financing Business,其他金融,融资租赁、消费金融与其他金融服务,
7347,7347.T,"Mercuria Holdings Co.,Ltd.",マーキュリアホールディングス,マーキュリア控股,,Prime Market (Domestic),Securities and Commodities Futures,证券商品期货,证券经纪与投资银行服务,
7350,7350.T,"Okinawa Financial Group,Inc.",おきなわフィナンシャルグループ,おきなわ金融集团,,Prime Market (Domestic),Banks,银行业,银行与综合金融服务,520.53
7351,7351.T,Goodpatch Inc.,グッドパッチ,Goodpatch Inc.,,Growth Market(Domestic),Services,服务业,专业服务、消费服务与商业服务（具体业务待核验）,
7352,7352.T,TWOSTONE&Sons Inc.,ＴＷＯＳＴＯＮＥ＆Ｓｏｎｓ,TWOSTONE&Sons Inc.,,Growth Market(Domestic),Services,服务业,专业服务、消费服务与商业服务（具体业务待核验）,
7353,7353.T,"KIYO Learning Co.,Ltd.",ＫＩＹＯラーニング,"KIYO Learning Co.,Ltd.",,Growth Market(Domestic),Services,服务业,专业服务、消费服务与商业服务（具体业务待核验）,
7354,7354.T,Direct Marketing MiX Inc.,ダイレクトマーケティングミックス,Direct Marketing MiX Inc.,,Standard Market(Domestic),Services,服务业,广告、营销与媒体服务,
7356,7356.T,Retty Inc.,Ｒｅｔｔｙ,Retty Inc.,,Growth Market(Domestic),Services,服务业,专业服务、消费服务与商业服务（具体业务待核验）,
7357,7357.T,"GEOCODE CO.,Ltd.",ジオコード,"GEOCODE CO.,Ltd.",,Standard Market(Domestic),Services,服务业,专业服务、消费服务与商业服务（具体业务待核验）,
7358,7358.T,Poppins Corporation,ポピンズ,Poppins 公司,,Standard Market(Domestic),Services,服务业,专业服务、消费服务与商业服务（具体业务待核验）,
7359,7359.T,"Tokyo Communications Group,Inc.",東京通信グループ,東京通信集团,,Growth Market(Domestic),Services,服务业,通信、网络设备与通信服务,
7360,7360.T,"ONDECK Co.,Ltd.",オンデック,"ONDECK Co.,Ltd.",,Growth Market(Domestic),Services,服务业,专业服务、消费服务与商业服务（具体业务待核验）,
7361,7361.T,"Human Creation Holdings,Inc.",ヒューマンクリエイションホールディングス,ヒューマンクリエイション控股,,Growth Market(Domestic),Services,服务业,专业服务、消费服务与商业服务（具体业务待核验）,
7362,7362.T,Terminalcare Support Institute Inc.,Ｔ．Ｓ．Ｉ,Terminalcare Support Institute Inc.,,Growth Market(Domestic),Services,服务业,专业服务、消费服务与商业服务（具体业务待核验）,
7363,7363.T,baby calendar Inc.,ベビーカレンダー,baby calendar Inc.,,Growth Market(Domestic),Services,服务业,专业服务、消费服务与商业服务（具体业务待核验）,
7366,7366.T,LITALICO Inc.,ＬＩＴＡＬＩＣＯ,LITALICO Inc.,,Prime Market (Domestic),Services,服务业,专业服务、消费服务与商业服务（具体业务待核验）,
7367,7367.T,"CELM,Inc.",セルム,"CELM,Inc.",,Standard Market(Domestic),Services,服务业,专业服务、消费服务与商业服务（具体业务待核验）,
7368,7368.T,"HYOJITO Co.,Ltd.",表示灯,表示灯,,Standard Market(Domestic),Services,服务业,专业服务、消费服务与商业服务（具体业务待核验）,
7369,7369.T,"Meiho Holdings,Inc.",メイホーホールディングス,メイホー控股,,Growth Market(Domestic),Services,服务业,专业服务、消费服务与商业服务（具体业务待核验）,
7370,7370.T,"Enjin Co.,Ltd.",Ｅｎｊｉｎ,"Enjin Co.,Ltd.",,Growth Market(Domestic),Services,服务业,专业服务、消费服务与商业服务（具体业务待核验）,
7371,7371.T,Zenken Corporation,Ｚｅｎｋｅｎ,Zenken 公司,,Growth Market(Domestic),Services,服务业,专业服务、消费服务与商业服务（具体业务待核验）,
7372,7372.T,Decollte Holdings Corporation,デコルテ・ホールディングス,デコルテ・控股,,Growth Market(Domestic),Services,服务业,专业服务、消费服务与商业服务（具体业务待核验）,
7373,7373.T,"Aidma Holdings,Inc.",アイドマ・ホールディングス,アイドマ・控股,,Growth Market(Domestic),Services,服务业,专业服务、消费服务与商业服务（具体业务待核验）,
7374,7374.T,Interworks Confidence Inc.,コンフィデンス・インターワークス,Interworks Confidence Inc.,,Growth Market(Domestic),Services,服务业,专业服务、消费服务与商业服务（具体业务待核验）,
7375,7375.T,"REFINVERSE Group,Inc.",リファインバースグループ,リファインバース集团,,Growth Market(Domestic),Services,服务业,专业服务、消费服务与商业服务（具体业务待核验）,
7376,7376.T,"BCC Co.,Ltd.",ＢＣＣ,"BCC Co.,Ltd.",,Growth Market(Domestic),Services,服务业,专业服务、消费服务与商业服务（具体业务待核验）,
7377,7377.T,"DN HOLDINGS CO.,LTD.",ＤＮホールディングス,ＤＮ控股,,Standard Market(Domestic),Services,服务业,专业服务、消费服务与商业服务（具体业务待核验）,
7378,7378.T,ASIRO Inc.,アシロ,ASIRO Inc.,,Growth Market(Domestic),Services,服务业,专业服务、消费服务与商业服务（具体业务待核验）,
7380,7380.T,"Juroku Financial Group,Inc.",十六フィナンシャルグループ,十六金融集团,,Prime Market (Domestic),Banks,银行业,银行与综合金融服务,
7381,7381.T,"CCI Group,Inc.",ＣＣＩグループ,ＣＣＩ集团,,Prime Market (Domestic),Banks,银行业,银行与综合金融服务,
7383,7383.T,"Net Protections Holdings,Inc.",ネットプロテクションズホールディングス,ネットプロテクションズ控股,,Prime Market (Domestic),Other Financing Business,其他金融,融资租赁、消费金融与其他金融服务,
7384,7384.T,"Procrea Holdings,Inc.",プロクレアホールディングス,プロクレア控股,,Prime Market (Domestic),Banks,银行业,银行与综合金融服务,469.96
7388,7388.T,FP Partner Inc.,ＦＰパートナー,FP Partner Inc.,,Prime Market (Domestic),Insurance,保险业,保险服务,
7389,7389.T,"Aichi Financial Group,Inc.",あいちフィナンシャルグループ,あいち金融集团,,Prime Market (Domestic),Banks,银行业,银行与综合金融服务,
7399,7399.T,"NANSIN CO.,LTD.",ナンシン,"NANSIN CO.,LTD.",,Standard Market(Domestic),Transportation Equipment,运输用设备,工业机械与自动化设备（具体产品待核验）,
7409,7409.T,"AeroEdge Co.,Ltd",ＡｅｒｏＥｄｇｅ,"AeroEdge Co.,Ltd",,Growth Market(Domestic),Transportation Equipment,运输用设备,工业机械与自动化设备（具体产品待核验）,
7412,7412.T,ATOM CORPORATION,アトム,ATOM 公司,,Standard Market(Domestic),Retail Trade,零售业,零售与消费品渠道,
7413,7413.T,"Sokensha Co.,Ltd.",創健社,創健社,,Standard Market(Domestic),Wholesale Trade,批发业,批发贸易/综合商社,
7414,7414.T,"ONOKEN CO.,LTD.",小野建,小野建,,Prime Market (Domestic),Wholesale Trade,批发业,批发贸易/综合商社,
7416,7416.T,Haruyama Holdings Inc.,はるやまホールディングス,はるやま控股,,Standard Market(Domestic),Retail Trade,零售业,零售与消费品渠道,
7417,7417.T,NANYO CORPORATION,南陽,南陽,,Standard Market(Domestic),Wholesale Trade,批发业,批发贸易/综合商社,
7419,7419.T,"Nojima Co.,Ltd.",ノジマ,"Nojima Co.,Ltd.",,Prime Market (Domestic),Retail Trade,零售业,零售与消费品渠道,
7421,7421.T,"KAPPA・CREATE CO.,LTD.",カッパ・クリエイト,"KAPPA・CREATE CO.,LTD.",,Prime Market (Domestic),Retail Trade,零售业,零售与消费品渠道,
7422,7422.T,"TOHO LAMAC CO.,LTD.",東邦レマック,東邦レマック,,Standard Market(Domestic),Wholesale Trade,批发业,批发贸易/综合商社,
7425,7425.T,"HATSUHO SHOUJI CO.,LTD.",初穂商事,初穂商事,,Standard Market(Domestic),Wholesale Trade,批发业,批发贸易/综合商社,
7427,7427.T,"ECHO TRADING CO.,LTD.",エコートレーディング,エコー贸易,,Standard Market(Domestic),Wholesale Trade,批发业,批发贸易/综合商社,
7433,7433.T,"Hakuto Co.,Ltd.",伯東,伯東,,Prime Market (Domestic),Wholesale Trade,批发业,批发贸易/综合商社,
7434,7434.T,OTAKE CORPORATION,オータケ,OTAKE 公司,,Standard Market(Domestic),Wholesale Trade,批发业,批发贸易/综合商社,
7435,7435.T,"NADEX CO.,LTD.",ナ・デックス,"NADEX CO.,LTD.",,Standard Market(Domestic),Wholesale Trade,批发业,批发贸易/综合商社,
7438,7438.T,KONDOTEC INC.,コンドーテック,KONDOTEC INC.,,Prime Market (Domestic),Wholesale Trade,批发业,批发贸易/综合商社,
7442,7442.T,"NAKAYAMAFUKU CO.,LTD.",中山福,中山福,,Standard Market(Domestic),Wholesale Trade,批发业,批发贸易/综合商社,
7443,7443.T,"YOKOHAMA GYORUI CO.,LTD.",横浜魚類,横浜魚類,,Standard Market(Domestic),Wholesale Trade,批发业,批发贸易/综合商社,
7444,7444.T,"Harima-Kyowa Co.,LTD.",ハリマ共和物産,ハリマ共和物産,,Standard Market(Domestic),Wholesale Trade,批发业,批发贸易/综合商社,
7446,7446.T,"TOHOKU CHEMICAL Co.,LTD.",東北化学薬品,東北化学薬品,,Standard Market(Domestic),Wholesale Trade,批发业,批发贸易/综合商社,
7447,7447.T,"NAGAILEBEN Co.,Ltd.",ナガイレーベン,"NAGAILEBEN Co.,Ltd.",,Prime Market (Domestic),Wholesale Trade,批发业,批发贸易/综合商社,
7453,7453.T,"RYOHIN KEIKAKU CO.,LTD.",良品計画,良品計画,,Prime Market (Domestic),Retail Trade,零售业,零售与消费品渠道,
7456,7456.T,"MATSUDA SANGYO Co.,Ltd.",松田産業,松田工业,,Prime Market (Domestic),Wholesale Trade,批发业,批发贸易/综合商社,
7458,7458.T,"DAIICHIKOSHO CO.,LTD.",第一興商,第一興商,,Prime Market (Domestic),Wholesale Trade,批发业,批发贸易/综合商社,
7459,7459.T,MEDIPAL HOLDINGS CORPORATION,メディパルホールディングス,メディパル控股,,Prime Market (Domestic),Wholesale Trade,批发业,批发贸易/综合商社,12029.28
7460,7460.T,"YAGI & CO.,LTD.",ヤギ,"YAGI & CO.,LTD.",,Standard Market(Domestic),Wholesale Trade,批发业,批发贸易/综合商社,
7461,7461.T,"KIMURA CO.,LTD.",キムラ,"KIMURA CO.,LTD.",,Standard Market(Domestic),Wholesale Trade,批发业,批发贸易/综合商社,
7462,7462.T,CAPITA Inc.,ＣＡＰＩＴＡ,CAPITA Inc.,,Standard Market(Domestic),Retail Trade,零售业,零售与消费品渠道,
7463,7463.T,"ADVAN GROUP CO.,LTD.",アドヴァングループ,アドヴァン集团,,Standard Market(Domestic),Retail Trade,零售业,零售与消费品渠道,
7464,7464.T,"SAFTEC CO.,LTD.",セフテック,"SAFTEC CO.,LTD.",,Standard Market(Domestic),Wholesale Trade,批发业,批发贸易/综合商社,
7466,7466.T,SPK CORPORATION,ＳＰＫ,SPK 公司,,Prime Market (Domestic),Wholesale Trade,批发业,批发贸易/综合商社,
7472,7472.T,"TOBA,INC.",鳥羽洋行,鳥羽洋行,,Standard Market(Domestic),Wholesale Trade,批发业,批发贸易/综合商社,
7475,7475.T,"ALBIS Co.,Ltd.",アルビス,"ALBIS Co.,Ltd.",,Prime Market (Domestic),Retail Trade,零售业,零售与消费品渠道,
7476,7476.T,AS ONE CORPORATION,アズワン,AS ONE 公司,,Prime Market (Domestic),Wholesale Trade,批发业,批发贸易/综合商社,
7477,7477.T,MURAKI CORPORATION,ムラキ,MURAKI 公司,,Standard Market(Domestic),Wholesale Trade,批发业,批发贸易/综合商社,
7480,7480.T,SUZUDEN CORPORATION,スズデン,SUZUDEN 公司,,Standard Market(Domestic),Wholesale Trade,批发业,批发贸易/综合商社,
7481,7481.T,"OIE SANGYO CO.,LTD.",尾家産業,尾家工业,,Standard Market(Domestic),Wholesale Trade,批发业,批发贸易/综合商社,
7482,7482.T,"SHIMOJIMA Co.,Ltd.",シモジマ,"SHIMOJIMA Co.,Ltd.",,Prime Market (Domestic),Wholesale Trade,批发业,批发贸易/综合商社,
7483,7483.T,"DOSHISHA CO.,LTD.",ドウシシャ,"DOSHISHA CO.,LTD.",,Prime Market (Domestic),Wholesale Trade,批发业,批发贸易/综合商社,
7486,7486.T,"SANRIN CO.,LTD.",サンリン,"SANRIN CO.,LTD.",,Standard Market(Domestic),Wholesale Trade,批发业,批发贸易/综合商社,
7487,7487.T,OZU CORPORATION,小津産業,小津工业,,Standard Market(Domestic),Wholesale Trade,批发业,批发贸易/综合商社,
7490,7490.T,"NISSIN SHOJI CO.,LTD.",日新商事,日新商事,,Standard Market(Domestic),Wholesale Trade,批发业,批发贸易/综合商社,
7494,7494.T,"KONAKA CO.,LTD.",コナカ,"KONAKA CO.,LTD.",,Standard Market(Domestic),Retail Trade,零售业,零售与消费品渠道,
7500,7500.T,"NISHIKAWA KEISOKU Co.,Ltd.",西川計測,西川計測,,Standard Market(Domestic),Wholesale Trade,批发业,批发贸易/综合商社,
7501,7501.T,TIEMCO LTD.,ティムコ,TIEMCO LTD.,,Standard Market(Domestic),Wholesale Trade,批发业,批发贸易/综合商社,
7502,7502.T,"PLAZA HOLDINGS CO.,LTD.",プラザホールディングス,プラザ控股,,Standard Market(Domestic),Services,服务业,专业服务、消费服务与商业服务（具体业务待核验）,
7504,7504.T,KOHSOKU CORPORATION,高速,高速,,Prime Market (Domestic),Wholesale Trade,批发业,批发贸易/综合商社,
7505,7505.T,"FUSO DENTSU CO.,LTD.",扶桑電通,扶桑電通,,Standard Market(Domestic),Wholesale Trade,批发业,批发贸易/综合商社,
7506,7506.T,"HOUSE OF ROSE Co.,Ltd.",ハウス オブ ローゼ,"HOUSE OF ROSE Co.,Ltd.",,Standard Market(Domestic),Retail Trade,零售业,零售与消费品渠道,
7508,7508.T,G-7 HOLDINGS Inc.,Ｇ‐７ホールディングス,Ｇ‐７控股,,Prime Market (Domestic),Retail Trade,零售业,零售与消费品渠道,
7509,7509.T,I.A GROUP CORPORATION,アイエーグループ,アイエー集团,,Standard Market(Domestic),Retail Trade,零售业,零售与消费品渠道,
7510,7510.T,TAKEBISHI CORPORATION,たけびし,TAKEBISHI 公司,,Prime Market (Domestic),Wholesale Trade,批发业,批发贸易/综合商社,
7512,7512.T,Aeon Hokkaido Corporation,イオン北海道,イオン北海道,,Standard Market(Domestic),Retail Trade,零售业,零售与消费品渠道,
7513,7513.T,"Kojima Co.,Ltd.",コジマ,"Kojima Co.,Ltd.",,Prime Market (Domestic),Retail Trade,零售业,零售与消费品渠道,
7514,7514.T,"HIMARAYA Co.,Ltd.",ヒマラヤ,"HIMARAYA Co.,Ltd.",,Standard Market(Domestic),Retail Trade,零售业,零售与消费品渠道,
7515,7515.T,Maruyoshi Center Inc.,マルヨシセンター,マルヨシ中心,,Standard Market(Domestic),Retail Trade,零售业,零售与消费品渠道,
7516,7516.T,"KOHNAN SHOJI CO.,LTD.",コーナン商事,コーナン商事,,Prime Market (Domestic),Retail Trade,零售业,零售与消费品渠道,
7520,7520.T,"Eco's Co.,Ltd.",エコス,"Eco's Co.,Ltd.",,Prime Market (Domestic),Retail Trade,零售业,零售与消费品渠道,
7521,7521.T,"MUSASHI CO.,LTD.",ムサシ,"MUSASHI CO.,LTD.",,Standard Market(Domestic),Wholesale Trade,批发业,批发贸易/综合商社,
7522,7522.T,"WATAMI CO.,LTD.",ワタミ,"WATAMI CO.,LTD.",,Prime Market (Domestic),Retail Trade,零售业,零售与消费品渠道,
7523,7523.T,"ART VIVANT CO.,LTD.",アールビバン,"ART VIVANT CO.,LTD.",,Standard Market(Domestic),Retail Trade,零售业,零售与消费品渠道,
7524,7524.T,MARCHE CORPORATION,マルシェ,MARCHE 公司,,Standard Market(Domestic),Retail Trade,零售业,零售与消费品渠道,
7525,7525.T,RIX CORPORATION,リックス,RIX 公司,,Prime Market (Domestic),Wholesale Trade,批发业,批发贸易/综合商社,
7527,7527.T,SystemSoft Corporation,システムソフト,系统ソフト,,Standard Market(Domestic),Information & Communication,信息通信,通信、网络设备与通信服务,
7531,7531.T,SEIWA CHUO HOLDINGS CORPORATION,清和中央ホールディングス,清和中央控股,,Standard Market(Domestic),Wholesale Trade,批发业,批发贸易/综合商社,
7532,7532.T,Pan Pacific International Holdings Corporation,パン・パシフィック・インターナショナルホールディングス,パン・パシフィック・インターナショナル控股,,Prime Market (Domestic),Retail Trade,零售业,零售与消费品渠道,
7537,7537.T,MARUBUN CORPORATION,丸文,丸文,,Prime Market (Domestic),Wholesale Trade,批发业,批发贸易/综合商社,
7538,7538.T,"DAISUI CO.,LTD.",大水,大水,,Standard Market(Domestic),Wholesale Trade,批发业,批发贸易/综合商社,
7539,7539.T,"AINAVO HOLDINGS Co.,Ltd.",アイナボホールディングス,アイナボ控股,,Standard Market(Domestic),Wholesale Trade,批发业,批发贸易/综合商社,
7544,7544.T,"Three F Co.,Ltd.",スリーエフ,"Three F Co.,Ltd.",,Standard Market(Domestic),Retail Trade,零售业,零售与消费品渠道,
7545,7545.T,"NISHIMATSUYA CHAIN Co.,Ltd.",西松屋チェーン,西松屋チェーン,,Prime Market (Domestic),Retail Trade,零售业,零售与消费品渠道,
7550,7550.T,"ZENSHO HOLDINGS CO.,LTD.",ゼンショーホールディングス,ゼンショー控股,,Prime Market (Domestic),Retail Trade,零售业,零售与消费品渠道,
7551,7551.T,"WEDS CO.,LTD.",ウェッズ,"WEDS CO.,LTD.",,Standard Market(Domestic),Transportation Equipment,运输用设备,工业机械与自动化设备（具体产品待核验）,
7552,7552.T,HAPPINET CORPORATION,ハピネット,HAPPINET 公司,,Prime Market (Domestic),Wholesale Trade,批发业,批发贸易/综合商社,
7554,7554.T,KOURAKUEN CORPORATION,幸楽苑,幸楽苑,,Prime Market (Domestic),Retail Trade,零售业,零售与消费品渠道,
7555,7555.T,"Ota Floriculture Auction Co.,Ltd.",大田花き,大田花き,,Standard Market(Domestic),Wholesale Trade,批发业,批发贸易/综合商社,
7561,7561.T,HURXLEY HOLDINGS CORPORATION,ハークスレイホールディングス,ハークスレイ控股,,Standard Market(Domestic),Retail Trade,零售业,零售与消费品渠道,
7562,7562.T,"ANRAKUTEI Co.,Ltd",安楽亭,安楽亭,,Standard Market(Domestic),Retail Trade,零售业,零售与消费品渠道,
7564,7564.T,"WORKMAN CO.,LTD.",ワークマン,"WORKMAN CO.,LTD.",,Standard Market(Domestic),Retail Trade,零售业,零售与消费品渠道,
7565,7565.T,MANSEI CORPORATION,萬世電機,萬世電機,,Standard Market(Domestic),Wholesale Trade,批发业,批发贸易/综合商社,
7567,7567.T,SAKAE ELECTRONICS CORPORATION,栄電子,栄電子,,Standard Market(Domestic),Wholesale Trade,批发业,批发贸易/综合商社,
7570,7570.T,"HASHIMOTO SOGYO HOLDINGS CO.,LTD.",橋本総業ホールディングス,橋本総業控股,,Standard Market(Domestic),Wholesale Trade,批发业,批发贸易/综合商社,
7571,7571.T,YAMANO HOLDINGS CORPORATION,ヤマノホールディングス,ヤマノ控股,,Standard Market(Domestic),Retail Trade,零售业,零售与消费品渠道,
7575,7575.T,"Japan Lifeline Co.,Ltd.",日本ライフライン,日本ライフライン,,Prime Market (Domestic),Wholesale Trade,批发业,批发贸易/综合商社,
7578,7578.T,"NICHIRYOKU CO.,LTD.",ニチリョク,"NICHIRYOKU CO.,LTD.",,Standard Market(Domestic),Retail Trade,零售业,零售与消费品渠道,
7581,7581.T,"SAIZERIYA CO.,LTD.",サイゼリヤ,"SAIZERIYA CO.,LTD.",,Prime Market (Domestic),Retail Trade,零售业,零售与消费品渠道,11876.7
7585,7585.T,KAN-NANMARU CORPORATION,かんなん丸,かんなん丸,,Standard Market(Domestic),Retail Trade,零售业,零售与消费品渠道,
7590,7590.T,"TAKASHO CO.,LTD.",タカショー,"TAKASHO CO.,LTD.",,Standard Market(Domestic),Wholesale Trade,批发业,批发贸易/综合商社,
7593,7593.T,"VT HOLDINGS CO.,LTD.",ＶＴホールディングス,ＶＴ控股,,Prime Market (Domestic),Retail Trade,零售业,零售与消费品渠道,
7595,7595.T,ARGO GRAPHICS Inc.,アルゴグラフィックス,ARGO GRAPHICS Inc.,,Prime Market (Domestic),Information & Communication,信息通信,通信、网络设备与通信服务,
7596,7596.T,"UORIKI CO.,LTD.",魚力,魚力,,Prime Market (Domestic),Retail Trade,零售业,零售与消费品渠道,
7599,7599.T,IDOM Inc.,ＩＤＯＭ,IDOM Inc.,,Prime Market (Domestic),Wholesale Trade,批发业,批发贸易/综合商社,
7600,7600.T,"Japan Medical Dynamic Marketing,INC.",日本エム・ディ・エム,日本エム・ディ・エム,,Prime Market (Domestic),Precision Instruments,精密仪器,广告、营销与媒体服务,
7601,7601.T,"POPLAR CO.,Ltd.",ポプラ,"POPLAR CO.,Ltd.",,Standard Market(Domestic),Retail Trade,零售业,零售与消费品渠道,
7602,7602.T,"Ledax Co.,Ltd.",レダックス,"Ledax Co.,Ltd.",,Standard Market(Domestic),Wholesale Trade,批发业,批发贸易/综合商社,
7603,7603.T,"Gyet Co.,Ltd.",ジーイエット,"Gyet Co.,Ltd.",,Standard Market(Domestic),Retail Trade,零售业,零售与消费品渠道,
7604,7604.T,"UMENOHANA GROUP CO.,LTD.",梅の花グループ,梅の花集团,,Standard Market(Domestic),Retail Trade,零售业,零售与消费品渠道,
7606,7606.T,UNITED ARROWS LTD.,ユナイテッドアローズ,UNITED ARROWS LTD.,,Prime Market (Domestic),Retail Trade,零售业,零售与消费品渠道,
7607,7607.T,"Shinwa Co.,Ltd.",進和,進和,,Prime Market (Domestic),Wholesale Trade,批发业,批发贸易/综合商社,
7608,7608.T,"SK JAPAN CO.,LTD.",エスケイジャパン,"SK JAPAN CO.,LTD.",,Standard Market(Domestic),Wholesale Trade,批发业,批发贸易/综合商社,
7609,7609.T,"Daitron Co.,Ltd.",ダイトロン,"Daitron Co.,Ltd.",,Prime Market (Domestic),Wholesale Trade,批发业,批发贸易/综合商社,
7610,7610.T,"TAY TWO CO.,LTD.",テイツー,"TAY TWO CO.,LTD.",,Standard Market(Domestic),Retail Trade,零售业,零售与消费品渠道,
7611,7611.T,HIDAY HIDAKA Corp.,ハイデイ日高,ハイデイ日高,,Prime Market (Domestic),Retail Trade,零售业,零售与消费品渠道,
7613,7613.T,SIIX CORPORATION,シークス,SIIX 公司,,Prime Market (Domestic),Wholesale Trade,批发业,批发贸易/综合商社,
7614,7614.T,"OM2Network Co.,Ltd.",オーエムツーネットワーク,オーエムツー网络,,Standard Market(Domestic),Retail Trade,零售业,零售与消费品渠道,
7615,7615.T,"KYOTO KIMONO YUZEN HOLDINGS Co.,Ltd.",京都きもの友禅ホールディングス,京都きもの友禅控股,,Standard Market(Domestic),Retail Trade,零售业,零售与消费品渠道,
7616,7616.T,"COLOWIDE CO.,LTD.",コロワイド,"COLOWIDE CO.,LTD.",,Prime Market (Domestic),Retail Trade,零售业,零售与消费品渠道,
7619,7619.T,"TANAKA CO.,LTD.",田中商事,田中商事,,Standard Market(Domestic),Wholesale Trade,批发业,批发贸易/综合商社,
7621,7621.T,"UKAI CO.,LTD.",うかい,"UKAI CO.,LTD.",,Standard Market(Domestic),Retail Trade,零售业,零售与消费品渠道,
7624,7624.T,"Naito & Co.,Ltd.",ＮａＩＴＯ,"Naito & Co.,Ltd.",,Standard Market(Domestic),Wholesale Trade,批发业,批发贸易/综合商社,
7625,7625.T,"GLOBAL-DINING,INC.",グローバルダイニング,"GLOBAL-DINING,INC.",,Standard Market(Domestic),Retail Trade,零售业,零售与消费品渠道,
7628,7628.T,OHASHI TECHNICA INC.,オーハシテクニカ,OHASHI TECHNICA INC.,,Prime Market (Domestic),Wholesale Trade,批发业,批发贸易/综合商社,
7630,7630.T,"ICHIBANYA CO.,LTD.",壱番屋,壱番屋,,Prime Market (Domestic),Retail Trade,零售业,零售与消费品渠道,1320.72
7634,7634.T,"HOSHIIRYO-SANKI CO.,LTD.",星医療酸器,星医療酸器,,Standard Market(Domestic),Wholesale Trade,批发业,批发贸易/综合商社,
7636,7636.T,"HANDSMAN CO.,LTD",ハンズマン,"HANDSMAN CO.,LTD",,Standard Market(Domestic),Retail Trade,零售业,零售与消费品渠道,
7637,7637.T,"Hakudo Co.,Ltd.",白銅,白銅,,Prime Market (Domestic),Wholesale Trade,批发业,批发贸易/综合商社,
7638,7638.T,"NEW ART HOLDINGS Co.,Ltd.",ＮＥＷ ＡＲＴ ＨＯＬＤＩＮＧＳ,"NEW ART 控股 Co.,Ltd.",,Standard Market(Domestic),Retail Trade,零售业,零售与消费品渠道,
7640,7640.T,"TOP CULTURE Co.,Ltd.",トップカルチャー,"TOP CULTURE Co.,Ltd.",,Standard Market(Domestic),Retail Trade,零售业,零售与消费品渠道,
7643,7643.T,"DAIICHI CO.,LTD.",ダイイチ,"DAIICHI CO.,LTD.",,Standard Market(Domestic),Retail Trade,零售业,零售与消费品渠道,
7646,7646.T,"PLANT Co.,Ltd.",ＰＬＡＮＴ,"PLANT Co.,Ltd.",,Standard Market(Domestic),Retail Trade,零售业,零售与消费品渠道,
7649,7649.T,"SUGI HOLDINGS Co.,LTD.",スギホールディングス,スギ控股,,Prime Market (Domestic),Retail Trade,零售业,零售与消费品渠道,
7670,7670.T,O-WELL CORPORATION,オーウエル,O-WELL 公司,,Standard Market(Domestic),Wholesale Trade,批发业,批发贸易/综合商社,
7673,7673.T,"DAIKO TSUSAN CO.,LTD.",ダイコー通産,ダイコー通産,,Standard Market(Domestic),Wholesale Trade,批发业,批发贸易/综合商社,
7674,7674.T,"NATTY SWANKY holdings Co.,Ltd.",ＮＡＴＴＹ ＳＷＡＮＫＹホールディングス,ＮＡＴＴＹ ＳＷＡＮＫＹ控股,,Growth Market(Domestic),Retail Trade,零售业,零售与消费品渠道,
7677,7677.T,"Yashima & Co.,Ltd.",ヤシマキザイ,"Yashima & Co.,Ltd.",,Standard Market(Domestic),Wholesale Trade,批发业,批发贸易/综合商社,
7678,7678.T,"ASAKUMA CO.,LTD.",あさくま,"ASAKUMA CO.,LTD.",,Standard Market(Domestic),Retail Trade,零售业,零售与消费品渠道,
7679,7679.T,"YAKUODO HOLDINGS Co.,Ltd.",薬王堂ホールディングス,薬王堂控股,,Prime Market (Domestic),Retail Trade,零售业,零售与消费品渠道,
7681,7681.T,"LEOCLAN Co.,Ltd.",レオクラン,"LEOCLAN Co.,Ltd.",,Standard Market(Domestic),Wholesale Trade,批发业,批发贸易/综合商社,
7682,7682.T,"HAMAYUU CO.,LTD.",浜木綿,浜木綿,,Standard Market(Domestic),Retail Trade,零售业,零售与消费品渠道,
7683,7683.T,"WA,Inc.",ダブルエー,"WA,Inc.",,Prime Market (Domestic),Retail Trade,零售业,零售与消费品渠道,
7685,7685.T,"BuySell Technologies Co.,Ltd.",ＢｕｙＳｅｌｌ Ｔｅｃｈｎｏｌｏｇｉｅｓ,"BuySell 科技 Co.,Ltd.",,Growth Market(Domestic),Wholesale Trade,批发业,批发贸易/综合商社,
7686,7686.T,"HitoMile Co.,Ltd.",ひとまいる,"HitoMile Co.,Ltd.",,Standard Market(Domestic),Retail Trade,零售业,零售与消费品渠道,
7687,7687.T,"MICREED Co.,Ltd.",ミクリード,"MICREED Co.,Ltd.",,Growth Market(Domestic),Wholesale Trade,批发业,批发贸易/综合商社,
7689,7689.T,Copa Corporation Inc.,コパ・コーポレーション,コパ・公司,,Growth Market(Domestic),Wholesale Trade,批发业,批发贸易/综合商社,
7692,7692.T,EARTH INFINITY CO.LTD.,アースインフィニティ,EARTH INFINITY CO.LTD.,,Standard Market(Domestic),Electric Power and Gas,电力燃气,电子设备/电气设备（具体产品待核验）,
7694,7694.T,itsumo.inc.,いつも,itsumo.inc.,,Growth Market(Domestic),Retail Trade,零售业,零售与消费品渠道,
7695,7695.T,"Koukandekirukun,Inc.",交換できるくん,交換できるくん,,Growth Market(Domestic),Retail Trade,零售业,零售与消费品渠道,
7698,7698.T,Iceco Inc.,アイスコ,Iceco Inc.,,Standard Market(Domestic),Wholesale Trade,批发业,批发贸易/综合商社,
7699,7699.T,OMNI-PLUS SYSTEM LIMITED,オムニ・プラス・システム・リミテッド ＪＤＲ,オムニ・プラス・系统・リミテッド ＪＤＲ,,Growth Market (Foreign),Wholesale Trade,批发业,批发贸易/综合商社,
7701,7701.T,Shimadzu Corporation,島津製作所,島津制作所,,Prime Market (Domestic),Precision Instruments,精密仪器,精密仪器与光学设备,
7702,7702.T,"JMS CO.,LTD.",ＪＭＳ,"JMS CO.,LTD.",,Standard Market(Domestic),Precision Instruments,精密仪器,精密仪器与光学设备,
7707,7707.T,"Precision System Science Co.,Ltd.",プレシジョン・システム・サイエンス,プレシジョン・系统・サイエンス,,Growth Market(Domestic),Precision Instruments,精密仪器,精密仪器与光学设备,
7709,7709.T,KUBOTEK CORPORATION,クボテック,KUBOTEK 公司,,Standard Market(Domestic),Precision Instruments,精密仪器,精密仪器与光学设备,
7711,7711.T,"SUKEGAWA ELECTRIC CO.,LTD.",助川電気工業,助川電気工業,,Standard Market(Domestic),Precision Instruments,精密仪器,电子设备/电气设备（具体产品待核验）,
7713,7713.T,"SIGMA KOKI CO.,LTD.",シグマ光機,シグマ光機,,Standard Market(Domestic),Precision Instruments,精密仪器,精密仪器与光学设备,
7715,7715.T,"NAGANO KEIKI CO.,LTD.",長野計器,長野計器,,Prime Market (Domestic),Precision Instruments,精密仪器,精密仪器与光学设备,
7716,7716.T,NAKANISHI INC.,ナカニシ,NAKANISHI INC.,,Standard Market(Domestic),Precision Instruments,精密仪器,精密仪器与光学设备,
7717,7717.T,"V Technology Co.,Ltd.",ブイ・テクノロジー,ブイ・科技,,Prime Market (Domestic),Precision Instruments,精密仪器,精密仪器与光学设备,
7719,7719.T,TOKYO KOKI CO.LTD.,東京衡機,東京衡機,,Standard Market(Domestic),Precision Instruments,精密仪器,精密仪器与光学设备,
7721,7721.T,TOKYO KEIKI INC.,東京計器,東京計器,,Prime Market (Domestic),Precision Instruments,精密仪器,精密仪器与光学设备,
7722,7722.T,"KOKUSAI CO.,LTD.",国際計測器,国際計測器,,Standard Market(Domestic),Precision Instruments,精密仪器,精密仪器与光学设备,
7723,7723.T,"Aichi Tokei Denki Co.,Ltd.",愛知時計電機,愛知時計電機,,Prime Market (Domestic),Precision Instruments,精密仪器,精密仪器与光学设备,
7725,7725.T,INTER ACTION Corporation,インターアクション,INTER ACTION 公司,,Prime Market (Domestic),Precision Instruments,精密仪器,精密仪器与光学设备,
7726,7726.T,KURODA PRECISION INDUSTRIES LTD.,黒田精工,黒田精工,,Standard Market(Domestic),Machinery,机械,工业机械与自动化设备（具体产品待核验）,
7727,7727.T,OVAL Corporation,オーバル,OVAL 公司,,Standard Market(Domestic),Precision Instruments,精密仪器,精密仪器与光学设备,
7729,7729.T,"TOKYO SEIMITSU CO.,LTD.",東京精密,東京精密,,Prime Market (Domestic),Precision Instruments,精密仪器,精密仪器与光学设备,20.72
7730,7730.T,"MANI,INC.",マニー,"MANI,INC.",,Prime Market (Domestic),Precision Instruments,精密仪器,精密仪器与光学设备,
7731,7731.T,NIKON CORPORATION,ニコン,NIKON 公司,,Prime Market (Domestic),Precision Instruments,精密仪器,精密仪器与光学设备,
7733,7733.T,OLYMPUS CORPORATION,オリンパス,OLYMPUS 公司,,Prime Market (Domestic),Precision Instruments,精密仪器,精密仪器与光学设备,
7734,7734.T,"RIKEN KEIKI CO.,LTD.",理研計器,理研計器,,Prime Market (Domestic),Precision Instruments,精密仪器,精密仪器与光学设备,
7735,7735.T,"SCREEN Holdings Co.,Ltd.",ＳＣＲＥＥＮホールディングス,SCREEN控股,,Prime Market (Domestic),Electric Appliances,电气设备,半导体设备（涂胶显影、清洗与晶圆制造设备）,
7740,7740.T,"Tamron Co.,Ltd.",タムロン,"Tamron Co.,Ltd.",,Prime Market (Domestic),Precision Instruments,精密仪器,精密仪器与光学设备,
7741,7741.T,HOYA CORPORATION,ＨＯＹＡ,HOYA,,Prime Market (Domestic),Precision Instruments,精密仪器,精密仪器与光学设备,
7743,7743.T,"SEED CO.,LTD.",シード,"SEED CO.,LTD.",,Standard Market(Domestic),Precision Instruments,精密仪器,精密仪器与光学设备,
7744,7744.T,"Noritsu Koki Co.,Ltd.",ノーリツ鋼機,ノーリツ鋼機,,Prime Market (Domestic),Precision Instruments,精密仪器,精密仪器与光学设备,
7745,7745.T,"A&D HOLON Holdings Company,Limited",Ａ＆Ｄホロンホールディングス,Ａ＆Ｄホロン控股,,Prime Market (Domestic),Precision Instruments,精密仪器,精密仪器与光学设备,
7746,7746.T,"OKAMOTO GLASS CO.,LTD.",岡本硝子,岡本硝子,,Standard Market(Domestic),Precision Instruments,精密仪器,精密仪器与光学设备,
7747,7747.T,"ASAHI INTECC CO.,LTD.",朝日インテック,朝日インテック,,Prime Market (Domestic),Precision Instruments,精密仪器,精密仪器与光学设备,
7749,7749.T,"MEDIKIT CO.,LTD.",メディキット,"MEDIKIT CO.,LTD.",,Standard Market(Domestic),Precision Instruments,精密仪器,精密仪器与光学设备,
7751,7751.T,CANON INC.,キヤノン,佳能,,Prime Market (Domestic),Electric Appliances,电气设备,电子设备/电气设备（具体产品待核验）,
7752,7752.T,"RICOH COMPANY,LTD.",リコー,"RICOH COMPANY,LTD.",,Prime Market (Domestic),Electric Appliances,电气设备,电子设备/电气设备（具体产品待核验）,
7760,7760.T,IMV CORPORATION,ＩＭＶ,IMV 公司,,Standard Market(Domestic),Precision Instruments,精密仪器,精密仪器与光学设备,
7762,7762.T,"Citizen Watch Co.,Ltd.",シチズン時計,シチズン時計,,Prime Market (Domestic),Precision Instruments,精密仪器,精密仪器与光学设备,
7769,7769.T,"RHYTHM CO.,LTD.",リズム,"RHYTHM CO.,LTD.",,Prime Market (Domestic),Precision Instruments,精密仪器,精密仪器与光学设备,
7771,7771.T,"Nihon Seimitsu Co.,Ltd.",日本精密,日本精密,,Standard Market(Domestic),Precision Instruments,精密仪器,精密仪器与光学设备,
7774,7774.T,"Japan Tissue Engineering Co.,Ltd.",ジャパン・ティッシュエンジニアリング,ジャパン・ティッシュ工程,,Growth Market(Domestic),Precision Instruments,精密仪器,精密仪器与光学设备,
7775,7775.T,"DAIKEN MEDICAL CO.,LTD.",大研医器,大研医器,,Standard Market(Domestic),Precision Instruments,精密仪器,医疗服务与医疗器械,
7776,7776.T,CellSeed Inc.,セルシード,CellSeed Inc.,,Growth Market(Domestic),Precision Instruments,精密仪器,精密仪器与光学设备,
7777,7777.T,"3-D Matrix,Ltd.",スリー・ディー・マトリックス,"3-D Matrix,Ltd.",,Growth Market(Domestic),Precision Instruments,精密仪器,精密仪器与光学设备,
7779,7779.T,"CYBERDYNE,INC.",ＣＹＢＥＲＤＹＮＥ,"CYBERDYNE,INC.",,Growth Market(Domestic),Precision Instruments,精密仪器,精密仪器与光学设备,
7780,7780.T,"Menicon Co.,Ltd.",メニコン,"Menicon Co.,Ltd.",,Prime Market (Domestic),Precision Instruments,精密仪器,精密仪器与光学设备,
7781,7781.T,"HIRAYAMA HOLDINGS Co.,Ltd.",平山ホールディングス,平山控股,,Standard Market(Domestic),Precision Instruments,精密仪器,精密仪器与光学设备,
7782,7782.T,"Sincere Co.,LTD.",シンシア,"Sincere Co.,LTD.",,Standard Market(Domestic),Precision Instruments,精密仪器,精密仪器与光学设备,
7791,7791.T,"DREAMBED CO.,LTD.",ドリームベッド,"DREAMBED CO.,LTD.",,Standard Market(Domestic),Other Products,其他制品,其他制造业（公司级产品待核验）,
7792,7792.T,"Colan Totte.Co.,Ltd.",コラントッテ,"Colan Totte.Co.,Ltd.",,Growth Market(Domestic),Other Products,其他制品,其他制造业（公司级产品待核验）,
7793,7793.T,IMAGE MAGIC Inc.,イメージ・マジック,IMAGE MAGIC Inc.,,Growth Market(Domestic),Other Products,其他制品,其他制造业（公司级产品待核验）,
7794,7794.T,EDP Corporation,イーディーピー,EDP 公司,,Growth Market(Domestic),Other Products,其他制品,其他制造业（公司级产品待核验）,
7795,7795.T,"KYORITSU CO.,LTD.",ＫＹＯＲＩＴＳＵ,"KYORITSU CO.,LTD.",,Standard Market(Domestic),Other Products,其他制品,其他制造业（公司级产品待核验）,
7800,7800.T,"Amifa Co.,Ltd.",アミファ,"Amifa Co.,Ltd.",,Standard Market(Domestic),Other Products,其他制品,其他制造业（公司级产品待核验）,
7803,7803.T,Bushiroad Inc.,ブシロード,Bushiroad Inc.,,Growth Market(Domestic),Other Products,其他制品,其他制造业（公司级产品待核验）,
7804,7804.T,"B&P Co.,Ltd.",ビーアンドピー,"B&P Co.,Ltd.",,Standard Market(Domestic),Other Products,其他制品,其他制造业（公司级产品待核验）,
7805,7805.T,PRINTNET INC.,プリントネット,PRINTNET INC.,,Standard Market(Domestic),Other Products,其他制品,其他制造业（公司级产品待核验）,
7806,7806.T,"MTG Co.,Ltd.",ＭＴＧ,"MTG Co.,Ltd.",,Growth Market(Domestic),Other Products,其他制品,其他制造业（公司级产品待核验）,
7807,7807.T,"KOWA CO.,LTD.",幸和製作所,幸和制作所,,Standard Market(Domestic),Other Products,其他制品,其他制造业（公司级产品待核验）,
7808,7808.T,"C.S. LUMBER CO.,INC",シー・エス・ランバー,"C.S. LUMBER CO.,INC",,Standard Market(Domestic),Other Products,其他制品,其他制造业（公司级产品待核验）,
7809,7809.T,"KOTOBUKIYA CO.,LTD.",壽屋,壽屋,,Standard Market(Domestic),Other Products,其他制品,其他制造业（公司级产品待核验）,
7810,7810.T,"Crossfor Co.,Ltd.",クロスフォー,"Crossfor Co.,Ltd.",,Standard Market(Domestic),Other Products,其他制品,其他制造业（公司级产品待核验）,
7811,7811.T,"NAKAMOTO PACKS CO.,LTD.",中本パックス,中本パックス,,Standard Market(Domestic),Other Products,其他制品,其他制造业（公司级产品待核验）,
7812,7812.T,CRESTEC Inc.,クレステック,CRESTEC Inc.,,Standard Market(Domestic),Other Products,其他制品,其他制造业（公司级产品待核验）,
7813,7813.T,"PLATZ Co.,Ltd.",プラッツ,"PLATZ Co.,Ltd.",,Standard Market(Domestic),Other Products,其他制品,其他制造业（公司级产品待核验）,
7814,7814.T,"JAPAN Creative Platform Group Co.,Ltd.",日本創発グループ,日本創発集团,,Standard Market(Domestic),Other Products,其他制品,其他制造业（公司级产品待核验）,
7815,7815.T,"TOKYO BOARD INDUSTRIES CO.,LTD.",東京ボード工業,東京ボード工業,,Standard Market(Domestic),Other Products,其他制品,其他制造业（公司级产品待核验）,
7818,7818.T,"TRANSACTION CO.,Ltd.",トランザクション,"TRANSACTION CO.,Ltd.",,Prime Market (Domestic),Other Products,其他制品,其他制造业（公司级产品待核验）,
7819,7819.T,SHOBIDO Corporation,粧美堂,粧美堂,,Standard Market(Domestic),Other Products,其他制品,其他制造业（公司级产品待核验）,
7820,7820.T,"NIHON FLUSH CO.,LTD.",ニホンフラッシュ,"NIHON FLUSH CO.,LTD.",,Prime Market (Domestic),Other Products,其他制品,其他制造业（公司级产品待核验）,
7821,7821.T,"MAEDA KOSEN CO.,LTD.",前田工繊,前田工繊,,Prime Market (Domestic),Other Products,其他制品,其他制造业（公司级产品待核验）,
7822,7822.T,"Eidai Co.,Ltd.",永大産業,永大工业,,Standard Market(Domestic),Other Products,其他制品,其他制造业（公司级产品待核验）,
7823,7823.T,ARTNATURE INC.,アートネイチャー,ARTNATURE INC.,,Standard Market(Domestic),Other Products,其他制品,其他制造业（公司级产品待核验）,
7826,7826.T,"FURUYA METAL CO.,LTD.",フルヤ金属,フルヤ金属,,Prime Market (Domestic),Other Products,其他制品,其他制造业（公司级产品待核验）,
7827,7827.T,ORVIS CORPORATION,オービス,ORVIS 公司,,Standard Market(Domestic),Other Products,其他制品,其他制造业（公司级产品待核验）,
7831,7831.T,Wellco Holdings Corporation,ウイルコホールディングス,ウイルコ控股,,Standard Market(Domestic),Other Products,其他制品,其他制造业（公司级产品待核验）,
7832,7832.T,Bandai Namco Holdings Inc.,バンダイナムコホールディングス,バンダイナムコ控股,,Prime Market (Domestic),Other Products,其他制品,其他制造业（公司级产品待核验）,520.53
7833,7833.T,IFIS JAPAN LTD.,アイフィスジャパン,IFIS JAPAN LTD.,,Standard Market(Domestic),Other Products,其他制品,其他制造业（公司级产品待核验）,
7836,7836.T,"AVIX,Inc.",アビックス,"AVIX,Inc.",,Standard Market(Domestic),Other Products,其他制品,其他制造业（公司级产品待核验）,
7837,7837.T,"R.C.CORE CO.,LTD.",アールシーコア,"R.C.CORE CO.,LTD.",,Standard Market(Domestic),Other Products,其他制品,其他制造业（公司级产品待核验）,
7839,7839.T,"SHOEI CO.,LTD.",ＳＨＯＥＩ,"SHOEI CO.,LTD.",,Prime Market (Domestic),Other Products,其他制品,其他制造业（公司级产品待核验）,
7840,7840.T,"FRANCE BED HOLDINGS CO.,LTD.",フランスベッドホールディングス,フランスベッド控股,,Prime Market (Domestic),Other Products,其他制品,其他制造业（公司级产品待核验）,
7841,7841.T,"ENDO MANUFACTURING CO.,LTD.",遠藤製作所,遠藤制作所,,Standard Market(Domestic),Other Products,其他制品,其他制造业（公司级产品待核验）,
7844,7844.T,Marvelous Inc.,マーベラス,Marvelous Inc.,,Prime Market (Domestic),Information & Communication,信息通信,通信、网络设备与通信服务,
7846,7846.T,PILOT CORPORATION,パイロットコーポレーション,パイロット公司,,Prime Market (Domestic),Other Products,其他制品,其他制造业（公司级产品待核验）,
7847,7847.T,GRAPHITE DESIGN INC.,グラファイトデザイン,GRAPHITE DESIGN INC.,,Standard Market(Domestic),Other Products,其他制品,其他制造业（公司级产品待核验）,
7849,7849.T,Starts Publishing Corporation,スターツ出版,スターツ出版,,Standard Market(Domestic),Information & Communication,信息通信,通信、网络设备与通信服务,
7850,7850.T,"SOUGOU SHOUKEN CO.,LTD.",総合商研,総合商研,,Standard Market(Domestic),Other Products,其他制品,其他制造业（公司级产品待核验）,
7851,7851.T,"KAWASE COMPUTER SUPPLIES CO.,LTD.",カワセコンピュータサプライ,"KAWASE COMPUTER SUPPLIES CO.,LTD.",,Standard Market(Domestic),Other Products,其他制品,其他制造业（公司级产品待核验）,
7856,7856.T,HAGIHARA INDUSTRIES INC.,萩原工業,萩原工業,,Prime Market (Domestic),Other Products,其他制品,其他制造业（公司级产品待核验）,
7857,7857.T,"SEKI CO.,LTD.",セキ,"SEKI CO.,LTD.",,Standard Market(Domestic),Other Products,其他制品,其他制造业（公司级产品待核验）,
7859,7859.T,ALMEDIO INC.,アルメディオ,ALMEDIO INC.,,Standard Market(Domestic),Other Products,其他制品,其他制造业（公司级产品待核验）,
7860,7860.T,Avex Inc.,エイベックス,Avex Inc.,,Prime Market (Domestic),Information & Communication,信息通信,通信、网络设备与通信服务,
7863,7863.T,"HIRAGA CO.,LTD.",平賀,平賀,,Standard Market(Domestic),Other Products,其他制品,其他制造业（公司级产品待核验）,
7864,7864.T,"FUJI SEAL INTERNATIONAL,INC.",フジシールインターナショナル,"FUJI SEAL INTERNATIONAL,INC.",,Prime Market (Domestic),Other Products,其他制品,其他制造业（公司级产品待核验）,
7865,7865.T,"People Co.,Ltd.",ピープル,"People Co.,Ltd.",,Standard Market(Domestic),Other Products,其他制品,其他制造业（公司级产品待核验）,
7867,7867.T,"TOMY COMPANY,LTD.",タカラトミー,"TOMY COMPANY,LTD.",,Prime Market (Domestic),Other Products,其他制品,其他制造业（公司级产品待核验）,
7868,7868.T,"KOSAIDO Holdings Co.,Ltd.",広済堂ホールディングス,広済堂控股,,Prime Market (Domestic),Other Products,其他制品,其他制造业（公司级产品待核验）,
7871,7871.T,"FUKUVI CHEMICAL INDUSTRY CO.,LTD.",フクビ化学工業,フクビ化学工業,,Standard Market(Domestic),Chemicals,化学,基础化工/特种化学品（具体品类待核验）,
7872,7872.T,"ESTELLE HOLDINGS CO.,LTD.",エステールホールディングス,エステール控股,,Standard Market(Domestic),Other Products,其他制品,其他制造业（公司级产品待核验）,
7874,7874.T,"LEC,INC.",レック,"LEC,INC.",,Prime Market (Domestic),Chemicals,化学,基础化工/特种化学品（具体品类待核验）,
7875,7875.T,"TAKEDA iP HOLDINGS CO.,LTD.",竹田ｉＰホールディングス,竹田ｉＰ控股,,Standard Market(Domestic),Other Products,其他制品,其他制造业（公司级产品待核验）,
7877,7877.T,"EIDAI KAKO CO.,LTD.",永大化工,永大化工,,Standard Market(Domestic),Chemicals,化学,基础化工/特种化学品（具体品类待核验）,
7878,7878.T,"Kohsai Co.,Ltd.",光・彩,光・彩,,Standard Market(Domestic),Other Products,其他制品,其他制造业（公司级产品待核验）,
7879,7879.T,NODA CORPORATION,ノダ,NODA 公司,,Standard Market(Domestic),Other Products,其他制品,其他制造业（公司级产品待核验）,
7883,7883.T,"Sun Messe Co.,Ltd.",サンメッセ,"Sun Messe Co.,Ltd.",,Standard Market(Domestic),Other Products,其他制品,其他制造业（公司级产品待核验）,
7885,7885.T,"TAKANO Co.,Ltd.",タカノ,"TAKANO Co.,Ltd.",,Standard Market(Domestic),Other Products,其他制品,其他制造业（公司级产品待核验）,
7886,7886.T,"YAMATO Mobility & Mfg. Co.,Ltd.",ヤマト モビリティ ＆ Ｍｆｇ．,"YAMATO Mobility & Mfg. Co.,Ltd.",,Standard Market(Domestic),Chemicals,化学,基础化工/特种化学品（具体品类待核验）,
7887,7887.T,"NANKAI PLYWOOD CO.,LTD.",南海プライウッド,南海プライウッド,,Standard Market(Domestic),Other Products,其他制品,其他制造业（公司级产品待核验）,
7888,7888.T,SANKO GOSEI LTD.,三光合成,三光合成,,Prime Market (Domestic),Chemicals,化学,基础化工/特种化学品（具体品类待核验）,
7893,7893.T,PRONEXUS INC.,プロネクサス,PRONEXUS INC.,,Prime Market (Domestic),Other Products,其他制品,其他制造业（公司级产品待核验）,
7896,7896.T,"SEVEN INDUSTRIES CO.,LTD.",セブン工業,セブン工業,,Standard Market(Domestic),Other Products,其他制品,其他制造业（公司级产品待核验）,
7897,7897.T,"HOKUSHIN CO.,LTD.",ホクシン,"HOKUSHIN CO.,LTD.",,Standard Market(Domestic),Other Products,其他制品,其他制造业（公司级产品待核验）,
7898,7898.T,"WOOD ONE CO.,LTD.",ウッドワン,"WOOD ONE CO.,LTD.",,Standard Market(Domestic),Other Products,其他制品,其他制造业（公司级产品待核验）,
7901,7901.T,MATSUMOTO INC.,マツモト,MATSUMOTO INC.,,Standard Market(Domestic),Other Products,其他制品,其他制造业（公司级产品待核验）,
7902,7902.T,"SONOCOM CO.,LTD.",ソノコム,"SONOCOM CO.,LTD.",,Standard Market(Domestic),Other Products,其他制品,其他制造业（公司级产品待核验）,
7906,7906.T,"YONEX CO.,LTD.",ヨネックス,"YONEX CO.,LTD.",,Standard Market(Domestic),Other Products,其他制品,其他制造业（公司级产品待核验）,
7908,7908.T,"KIMOTO CO.,LTD.",きもと,"KIMOTO CO.,LTD.",,Standard Market(Domestic),Chemicals,化学,基础化工/特种化学品（具体品类待核验）,
7911,7911.T,TOPPAN Holdings Inc.,ＴＯＰＰＡＮホールディングス,ＴＯＰＰＡＮ控股,,Prime Market (Domestic),Other Products,其他制品,其他制造业（公司级产品待核验）,65.45
7912,7912.T,"Dai Nippon Printing Co.,Ltd.",大日本印刷,大日本印刷,,Prime Market (Domestic),Other Products,其他制品,其他制造业（公司级产品待核验）,
7914,7914.T,"Kyodo Printing Co.,Ltd.",共同印刷,共同印刷,,Prime Market (Domestic),Other Products,其他制品,其他制造业（公司级产品待核验）,
7915,7915.T,"Nissha Co.,Ltd.",ＮＩＳＳＨＡ,"Nissha Co.,Ltd.",,Prime Market (Domestic),Other Products,其他制品,其他制造业（公司级产品待核验）,
7916,7916.T,"MITSUMURA PRINTING CO.,LTD.",光村印刷,光村印刷,,Standard Market(Domestic),Other Products,其他制品,其他制造业（公司级产品待核验）,
7917,7917.T,ZACROS Corporation,ＺＡＣＲＯＳ,ZACROS 公司,,Prime Market (Domestic),Chemicals,化学,基础化工/特种化学品（具体品类待核验）,
7918,7918.T,"VIA Holdings,Inc.",ヴィア・ホールディングス,ヴィア・控股,,Standard Market(Domestic),Retail Trade,零售业,零售与消费品渠道,
7919,7919.T,"Nozaki Insatsu Shigyo Co.,Ltd.",野崎印刷紙業,野崎印刷紙業,,Standard Market(Domestic),Other Products,其他制品,其他制造业（公司级产品待核验）,
7921,7921.T,TAKARA & COMPANY LTD.,ＴＡＫＡＲＡ ＆ ＣＯＭＰＡＮＹ,TAKARA & COMPANY LTD.,,Prime Market (Domestic),Other Products,其他制品,其他制造业（公司级产品待核验）,
7927,7927.T,MUTO SEIKO CO.,ムトー精工,ムトー精工,,Standard Market(Domestic),Chemicals,化学,基础化工/特种化学品（具体品类待核验）,
7928,7928.T,"ASAHI KAGAKU KOGYO CO.,LTD.",旭化学工業,旭化学工業,,Standard Market(Domestic),Chemicals,化学,基础化工/特种化学品（具体品类待核验）,
7931,7931.T,"MIRAI INDUSTRY CO.,LTD.",未来工業,未来工業,,Prime Market (Domestic),Chemicals,化学,基础化工/特种化学品（具体品类待核验）,
7932,7932.T,"Nippi,Incorporated",ニッピ,"Nippi,Incorporated",,Standard Market(Domestic),Other Products,其他制品,其他制造业（公司级产品待核验）,
7936,7936.T,ASICS Corporation,アシックス,ASICS 公司,,Prime Market (Domestic),Other Products,其他制品,其他制造业（公司级产品待核验）,
7937,7937.T,"TSUTSUMI JEWELRY CO.,LTD.",ツツミ,"TSUTSUMI JEWELRY CO.,LTD.",,Standard Market(Domestic),Other Products,其他制品,其他制造业（公司级产品待核验）,
7938,7938.T,REGAL CORPORATION,リーガルコーポレーション,リーガル公司,,Standard Market(Domestic),Other Products,其他制品,其他制造业（公司级产品待核验）,
7939,7939.T,"KENSOH CO.,LTD.",研創,研創,,Standard Market(Domestic),Other Products,其他制品,其他制造业（公司级产品待核验）,
7942,7942.T,JSP Corporation,ＪＳＰ,JSP 公司,,Prime Market (Domestic),Chemicals,化学,基础化工/特种化学品（具体品类待核验）,
7943,7943.T,NICHIHA CORPORATION,ニチハ,NICHIHA 公司,,Prime Market (Domestic),Glass and Ceramics Products,玻璃土石制品,玻璃、陶瓷与建筑材料（具体产品待核验）,
7944,7944.T,Roland Corporation,ローランド,Roland 公司,,Prime Market (Domestic),Other Products,其他制品,其他制造业（公司级产品待核验）,
7946,7946.T,KOYOSHA INC.,光陽社,光陽社,,Standard Market(Domestic),Other Products,其他制品,其他制造业（公司级产品待核验）,
7947,7947.T,FP CORPORATION,エフピコ,FP 公司,,Prime Market (Domestic),Chemicals,化学,基础化工/特种化学品（具体品类待核验）,
7949,7949.T,"KOMATSU WALL INDUSTRY CO.,LTD.",小松ウオール工業,小松ウオール工業,,Prime Market (Domestic),Other Products,其他制品,其他制造业（公司级产品待核验）,
7951,7951.T,YAMAHA CORPORATION,ヤマハ,YAMAHA 公司,,Prime Market (Domestic),Other Products,其他制品,其他制造业（公司级产品待核验）,
7952,7952.T,"Kawai Musical Instruments Manufacturing Co.,Ltd.",河合楽器製作所,河合楽器制作所,,Prime Market (Domestic),Other Products,其他制品,其他制造业（公司级产品待核验）,
7953,7953.T,"KIKUSUI CHEMICAL INDUSTRIES CO.,LTD.",菊水化学工業,菊水化学工業,,Standard Market(Domestic),Other Products,其他制品,基础化工/特种化学品（具体品类待核验）,
7955,7955.T,Cleanup Corporation,クリナップ,Cleanup 公司,,Prime Market (Domestic),Other Products,其他制品,其他制造业（公司级产品待核验）,
7956,7956.T,PIGEON CORPORATION,ピジョン,PIGEON 公司,,Prime Market (Domestic),Other Products,其他制品,其他制造业（公司级产品待核验）,
7957,7957.T,"FUJICOPIAN CO.,LTD.",フジコピアン,"FUJICOPIAN CO.,LTD.",,Standard Market(Domestic),Other Products,其他制品,其他制造业（公司级产品待核验）,
7962,7962.T,"KING JIM CO.,LTD.",キングジム,"KING JIM CO.,LTD.",,Prime Market (Domestic),Other Products,其他制品,其他制造业（公司级产品待核验）,
7963,7963.T,KOKEN LTD.,興研,興研,,Standard Market(Domestic),Other Products,其他制品,其他制造业（公司级产品待核验）,
7965,7965.T,Zojirushi Corporation,象印マホービン,象印マホービン,,Prime Market (Domestic),Electric Appliances,电气设备,电子设备/电气设备（具体产品待核验）,
7966,7966.T,LINTEC Corporation,リンテック,LINTEC 公司,,Prime Market (Domestic),Other Products,其他制品,其他制造业（公司级产品待核验）,
7970,7970.T,"Shin-Etsu Polymer Co.,Ltd.",信越ポリマー,信越ポリマー,,Prime Market (Domestic),Chemicals,化学,基础化工/特种化学品（具体品类待核验）,
7971,7971.T,TOLI Corporation,東リ,東リ,,Standard Market(Domestic),Chemicals,化学,基础化工/特种化学品（具体品类待核验）,
7972,7972.T,ITOKI CORPORATION,イトーキ,ITOKI 公司,,Prime Market (Domestic),Other Products,其他制品,其他制造业（公司级产品待核验）,
7974,7974.T,"Nintendo Co.,Ltd.",任天堂,任天堂,,Prime Market (Domestic),Other Products,其他制品,游戏主机与数字娱乐内容,
7975,7975.T,"LIHIT LAB.,INC.",リヒトラブ,"LIHIT LAB.,INC.",,Standard Market(Domestic),Other Products,其他制品,其他制造业（公司级产品待核验）,
7976,7976.T,"MITSUBISHI PENCIL COMPANY,LIMITED",三菱鉛筆,三菱鉛筆,,Prime Market (Domestic),Other Products,其他制品,其他制造业（公司级产品待核验）,
7979,7979.T,SHOFU INC.,松風,松風,,Prime Market (Domestic),Precision Instruments,精密仪器,精密仪器与光学设备,
7980,7980.T,"SHIGEMATSU WORKS CO.,LTD.",重松製作所,重松制作所,,Standard Market(Domestic),Other Products,其他制品,其他制造业（公司级产品待核验）,
7981,7981.T,"TAKARA STANDARD CO.,LTD.",タカラスタンダード,"TAKARA STANDARD CO.,LTD.",,Prime Market (Domestic),Other Products,其他制品,其他制造业（公司级产品待核验）,
7983,7983.T,Miroku Corporation,ミロク,Miroku 公司,,Standard Market(Domestic),Other Products,其他制品,其他制造业（公司级产品待核验）,
7984,7984.T,"KOKUYO CO.,LTD.",コクヨ,"KOKUYO CO.,LTD.",,Prime Market (Domestic),Other Products,其他制品,其他制造业（公司级产品待核验）,
7985,7985.T,NEPON Inc.,ネポン,NEPON Inc.,,Standard Market(Domestic),Metal Products,金属制品,金属制品、零部件与加工（具体产品待核验）,
7986,7986.T,"NIHON ISK Company,Limited",日本アイ・エス・ケイ,日本アイ・エス・ケイ,,Standard Market(Domestic),Other Products,其他制品,其他制造业（公司级产品待核验）,
7987,7987.T,"NAKABAYASHI CO.,LTD.",ナカバヤシ,"NAKABAYASHI CO.,LTD.",,Standard Market(Domestic),Other Products,其他制品,其他制造业（公司级产品待核验）,
7988,7988.T,NIFCO INC.,ニフコ,NIFCO INC.,,Prime Market (Domestic),Chemicals,化学,基础化工/特种化学品（具体品类待核验）,
7989,7989.T,TACHIKAWA CORPORATION,立川ブラインド工業,立川ブラインド工業,,Prime Market (Domestic),Metal Products,金属制品,金属制品、零部件与加工（具体产品待核验）,
7990,7990.T,"GLOBERIDE,Inc.",グローブライド,"GLOBERIDE,Inc.",,Prime Market (Domestic),Other Products,其他制品,其他制造业（公司级产品待核验）,
7991,7991.T,"MAMIYA-OP CO.,LTD",マミヤ・オーピー,"MAMIYA-OP CO.,LTD",,Standard Market(Domestic),Machinery,机械,工业机械与自动化设备（具体产品待核验）,
7992,7992.T,"The Sailor Pen Co.,Ltd.",セーラー万年筆,セーラー万年筆,,Standard Market(Domestic),Other Products,其他制品,其他制造业（公司级产品待核验）,
7994,7994.T,OKAMURA CORPORATION,オカムラ,OKAMURA 公司,,Prime Market (Domestic),Other Products,其他制品,其他制造业（公司级产品待核验）,
7995,7995.T,"VALQUA,LTD.",バルカー,"VALQUA,LTD.",,Prime Market (Domestic),Chemicals,化学,基础化工/特种化学品（具体品类待核验）,
7997,7997.T,Kurogane Kosakusho Ltd.,くろがね工作所,くろがね工作所,,Standard Market(Domestic),Other Products,其他制品,其他制造业（公司级产品待核验）,
8001,8001.T,ITOCHU Corporation,伊藤忠商事,伊藤忠商事,,Prime Market (Domestic),Wholesale Trade,批发业,综合商社（能源、机械、食品与化学品贸易）,1038.84
8002,8002.T,Marubeni Corporation,丸紅,丸红,,Prime Market (Domestic),Wholesale Trade,批发业,批发贸易/综合商社,
8005,8005.T,Scroll Corporation,スクロール,Scroll 公司,,Prime Market (Domestic),Retail Trade,零售业,零售与消费品渠道,
8006,8006.T,"YUASA FUNASHOKU Co.,Ltd.",ユアサ・フナショク,"YUASA FUNASHOKU Co.,Ltd.",,Standard Market(Domestic),Wholesale Trade,批发业,批发贸易/综合商社,
8007,8007.T,"Takashima & Co.,Ltd.",高島,高島,,Prime Market (Domestic),Wholesale Trade,批发业,批发贸易/综合商社,
8008,8008.T,YONDOSHI HOLDINGS INC.,ヨンドシーホールディングス,ヨンドシー控股,,Prime Market (Domestic),Retail Trade,零售业,零售与消费品渠道,
8011,8011.T,SANYO SHOKAI LTD.,三陽商会,三陽商会,,Prime Market (Domestic),Textiles and Apparels,纤维制品,纺织、服装与生活消费品（具体品类待核验）,
8012,8012.T,"NAGASE & CO.,LTD.",長瀬産業,長瀬工业,,Prime Market (Domestic),Wholesale Trade,批发业,批发贸易/综合商社,
8013,8013.T,"NAIGAI CO.,LTD.",ナイガイ,"NAIGAI CO.,LTD.",,Standard Market(Domestic),Textiles and Apparels,纤维制品,纺织、服装与生活消费品（具体品类待核验）,
8014,8014.T,"CHORI CO.,LTD.",蝶理,蝶理,,Prime Market (Domestic),Wholesale Trade,批发业,批发贸易/综合商社,
8015,8015.T,TOYOTA TSUSHO CORPORATION,豊田通商,豊田通商,,Prime Market (Domestic),Wholesale Trade,批发业,批发贸易/综合商社,
8016,8016.T,"ONWARD HOLDINGS CO.,LTD.",オンワードホールディングス,オンワード控股,,Prime Market (Domestic),Textiles and Apparels,纤维制品,纺织、服装与生活消费品（具体品类待核验）,
8018,8018.T,"SANKYO SEIKO CO.,LTD.",三共生興,三共生興,,Standard Market(Domestic),Wholesale Trade,批发业,批发贸易/综合商社,
8020,8020.T,KANEMATSU CORPORATION,兼松,兼松,,Prime Market (Domestic),Wholesale Trade,批发业,批发贸易/综合商社,
8022,8022.T,Mizuno Corporation,美津濃,美津濃,,Prime Market (Domestic),Other Products,其他制品,其他制造业（公司级产品待核验）,
8023,8023.T,"DAIKO XTECH,LTD.",ＤＡＩＫＯ ＸＴＥＣＨ,"DAIKO XTECH,LTD.",,Standard Market(Domestic),Information & Communication,信息通信,通信、网络设备与通信服务,
8025,8025.T,"TSUKAMOTO CORPORATION CO.,LTD.",ツカモトコーポレーション,ツカモト公司,,Standard Market(Domestic),Wholesale Trade,批发业,批发贸易/综合商社,
8029,8029.T,LOOK HOLDINGS INCORPORATED,ルックホールディングス,ルック控股,,Standard Market(Domestic),Textiles and Apparels,纤维制品,纺织、服装与生活消费品（具体品类待核验）,
8030,8030.T,"Chuo Gyorui Co.,Ltd.",中央魚類,中央魚類,,Standard Market(Domestic),Wholesale Trade,批发业,批发贸易/综合商社,
8031,8031.T,"MITSUI & CO.,LTD.",三井物産,三井物产,,Prime Market (Domestic),Wholesale Trade,批发业,批发贸易/综合商社,12029.28
8032,8032.T,JAPAN PULP AND PAPER COMPANY LIMITED,日本紙パルプ商事,日本紙パルプ商事,,Prime Market (Domestic),Wholesale Trade,批发业,批发贸易/综合商社,
8035,8035.T,Tokyo Electron Limited,東京エレクトロン,东京电子,,Prime Market (Domestic),Electric Appliances,电气设备,半导体设备（晶圆制造与检测设备）,469.96
8037,8037.T,KAMEI CORPORATION,カメイ,KAMEI 公司,,Prime Market (Domestic),Wholesale Trade,批发业,批发贸易/综合商社,
8039,8039.T,"TSUKIJI UOICHIBA COMPANY,LIMITED",築地魚市場,築地魚市場,,Standard Market(Domestic),Wholesale Trade,批发业,批发贸易/综合商社,
8040,8040.T,"TOKYO SOIR CO.,LTD.",東京ソワール,東京ソワール,,Standard Market(Domestic),Textiles and Apparels,纤维制品,纺织、服装与生活消费品（具体品类待核验）,
8041,8041.T,OUG Holdings Inc.,ＯＵＧホールディングス,ＯＵＧ控股,,Standard Market(Domestic),Wholesale Trade,批发业,批发贸易/综合商社,
8043,8043.T,Starzen Company Limited,スターゼン,Starzen Company Limited,,Prime Market (Domestic),Wholesale Trade,批发业,批发贸易/综合商社,
8045,8045.T,"Yokohama Maruuo Co.,Ltd.",横浜丸魚,横浜丸魚,,Standard Market(Domestic),Wholesale Trade,批发业,批发贸易/综合商社,
8046,8046.T,"MARUFUJI SHEET PILING CO.,LTD.",丸藤シートパイル,丸藤シートパイル,,Standard Market(Domestic),Wholesale Trade,批发业,批发贸易/综合商社,
8050,8050.T,SEIKO GROUP CORPORATION,セイコーグループ,セイコー集团,,Prime Market (Domestic),Precision Instruments,精密仪器,精密仪器与光学设备,
8051,8051.T,YAMAZEN CORPORATION,山善,山善,,Prime Market (Domestic),Wholesale Trade,批发业,批发贸易/综合商社,
8052,8052.T,"TSUBAKIMOTO KOGYO CO.,LTD.",椿本興業,椿本興業,,Prime Market (Domestic),Wholesale Trade,批发业,批发贸易/综合商社,
8053,8053.T,"SUMITOMO CORPORATION (SUMITOMO SHOJI KAISHA,LTD.)",住友商事,住友商事,,Prime Market (Domestic),Wholesale Trade,批发业,批发贸易/综合商社,
8056,8056.T,BIPROGY Inc.,ＢＩＰＲＯＧＹ,BIPROGY Inc.,,Prime Market (Domestic),Information & Communication,信息通信,通信、网络设备与通信服务,4826.19
8057,8057.T,"UCHIDA YOKO CO.,LTD.",内田洋行,内田洋行,,Prime Market (Domestic),Wholesale Trade,批发业,批发贸易/综合商社,
8058,8058.T,Mitsubishi Corporation,三菱商事,三菱商事,,Prime Market (Domestic),Wholesale Trade,批发业,综合商社（能源、金属、机械与化学品贸易）,
8059,8059.T,"DAIICHI JITSUGYO CO.,LTD.",第一実業,第一実業,,Prime Market (Domestic),Wholesale Trade,批发业,批发贸易/综合商社,
8060,8060.T,Canon Marketing Japan Inc.,キヤノンマーケティングジャパン,Canon Marketing Japan Inc.,,Prime Market (Domestic),Wholesale Trade,批发业,广告、营销与媒体服务,
8061,8061.T,SEIKA CORPORATION,西華産業,西華工业,,Prime Market (Domestic),Wholesale Trade,批发业,批发贸易/综合商社,
8065,8065.T,SATO SHO-JI CORPORATION,佐藤商事,佐藤商事,,Prime Market (Domestic),Wholesale Trade,批发业,批发贸易/综合商社,
8066,8066.T,MITANI CORPORATION,三谷商事,三谷商事,,Standard Market(Domestic),Wholesale Trade,批发业,批发贸易/综合商社,
8070,8070.T,"TOKYO SANGYO CO.,LTD.",東京産業,東京工业,,Prime Market (Domestic),Wholesale Trade,批发业,批发贸易/综合商社,
8074,8074.T,"YUASA CO.,LTD.",ＹＵＡＳＡ,"YUASA CO.,LTD.",,Prime Market (Domestic),Wholesale Trade,批发业,批发贸易/综合商社,
8075,8075.T,Shinsho Corporation,神鋼商事,神鋼商事,,Prime Market (Domestic),Wholesale Trade,批发业,批发贸易/综合商社,
8076,8076.T,CANOX CORPORATION,カノークス,CANOX 公司,,Standard Market(Domestic),Wholesale Trade,批发业,批发贸易/综合商社,
8077,8077.T,TORQ Inc.,トルク,TORQ Inc.,,Standard Market(Domestic),Wholesale Trade,批发业,批发贸易/综合商社,
8078,8078.T,"HANWA CO.,LTD.",阪和興業,阪和興業,,Prime Market (Domestic),Wholesale Trade,批发业,批发贸易/综合商社,
8079,8079.T,SHOEI FOODS CORPORATION,正栄食品工業,正栄食品工業,,Prime Market (Domestic),Wholesale Trade,批发业,批发贸易/综合商社,
8081,8081.T,KANADEN CORPORATION,カナデン,KANADEN 公司,,Prime Market (Domestic),Wholesale Trade,批发业,批发贸易/综合商社,
8084,8084.T,RYODEN CORPORATION,ＲＹＯＤＥＮ,RYODEN 公司,,Prime Market (Domestic),Wholesale Trade,批发业,批发贸易/综合商社,
8085,8085.T,"NARASAKI SANGYO CO.,LTD.",ナラサキ産業,ナラサキ工业,,Standard Market(Domestic),Wholesale Trade,批发业,批发贸易/综合商社,
8086,8086.T,NIPRO CORPORATION,ニプロ,NIPRO 公司,,Prime Market (Domestic),Precision Instruments,精密仪器,精密仪器与光学设备,
8088,8088.T,IWATANI CORPORATION,岩谷産業,岩谷工业,,Prime Market (Domestic),Wholesale Trade,批发业,批发贸易/综合商社,
8089,8089.T,Nice Corporation,ナイス,Nice 公司,,Standard Market(Domestic),Wholesale Trade,批发业,批发贸易/综合商社,
8091,8091.T,"NICHIMO CO.,LTD.",ニチモウ,"NICHIMO CO.,LTD.",,Prime Market (Domestic),Wholesale Trade,批发业,批发贸易/综合商社,
8093,8093.T,"Kyokuto Boeki Kaisha,Limited",極東貿易,極東貿易,,Prime Market (Domestic),Wholesale Trade,批发业,批发贸易/综合商社,
8095,8095.T,"Astena Holdings Co.,Ltd.",アステナホールディングス,アステナ控股,,Prime Market (Domestic),Wholesale Trade,批发业,批发贸易/综合商社,
8097,8097.T,"SAN-AI OBBLI CO.,LTD.",三愛オブリ,三愛オブリ,,Prime Market (Domestic),Wholesale Trade,批发业,批发贸易/综合商社,
8098,8098.T,"Inabata & Co.,Ltd.",稲畑産業,稲畑工业,,Prime Market (Domestic),Wholesale Trade,批发业,批发贸易/综合商社,
8101,8101.T,GSI Creos Corporation,ＧＳＩクレオス,GSI Creos 公司,,Prime Market (Domestic),Wholesale Trade,批发业,批发贸易/综合商社,
8103,8103.T,Meiwa Corporation,明和産業,明和工业,,Prime Market (Domestic),Wholesale Trade,批发业,批发贸易/综合商社,
8104,8104.T,KUWAZAWA Holdings Corporation,クワザワホールディングス,クワザワ控股,,Standard Market(Domestic),Wholesale Trade,批发业,批发贸易/综合商社,
8105,8105.T,Bitcoin Japan Corporation,Ｂｉｔｃｏｉｎ Ｊａｐａｎ,Bitcoin Japan 公司,,Standard Market(Domestic),Wholesale Trade,批发业,批发贸易/综合商社,
8107,8107.T,KIMURATAN CORPORATION,キムラタン,KIMURATAN 公司,,Standard Market(Domestic),Textiles and Apparels,纤维制品,纺织、服装与生活消费品（具体品类待核验）,
8111,8111.T,Goldwin Inc.,ゴールドウイン,Goldwin Inc.,,Prime Market (Domestic),Textiles and Apparels,纤维制品,纺织、服装与生活消费品（具体品类待核验）,
8113,8113.T,UNICHARM CORPORATION,ユニ・チャーム,UNICHARM 公司,,Prime Market (Domestic),Chemicals,化学,基础化工/特种化学品（具体品类待核验）,
8115,8115.T,"MOONBAT Co.,Ltd.",ムーンバット,"MOONBAT Co.,Ltd.",,Standard Market(Domestic),Wholesale Trade,批发业,批发贸易/综合商社,
8117,8117.T,CENTRAL AUTOMOTIVE PRODUCTS LTD.,中央自動車工業,中央自動車工業,,Standard Market(Domestic),Wholesale Trade,批发业,批发贸易/综合商社,
8118,8118.T,"KING Co.,Ltd.",キング,"KING Co.,Ltd.",,Standard Market(Domestic),Textiles and Apparels,纤维制品,纺织、服装与生活消费品（具体品类待核验）,
8119,8119.T,SANYEI CORPORATION,三栄コーポレーション,三栄公司,,Standard Market(Domestic),Wholesale Trade,批发业,批发贸易/综合商社,
8123,8123.T,"T.KAWABE & CO.,LTD.",川辺,川辺,,Standard Market(Domestic),Wholesale Trade,批发业,批发贸易/综合商社,
8125,8125.T,"Wakita & Co.,LTD.",ワキタ,"Wakita & Co.,LTD.",,Prime Market (Domestic),Wholesale Trade,批发业,批发贸易/综合商社,
8127,8127.T,YAMATO INTERNATIONAL INC.,ヤマトインターナショナル,YAMATO INTERNATIONAL INC.,,Standard Market(Domestic),Textiles and Apparels,纤维制品,纺织、服装与生活消费品（具体品类待核验）,
8129,8129.T,"TOHO HOLDINGS CO.,LTD.",東邦ホールディングス,東邦控股,,Prime Market (Domestic),Wholesale Trade,批发业,批发贸易/综合商社,
8130,8130.T,Sangetsu Corporation,サンゲツ,Sangetsu 公司,,Prime Market (Domestic),Wholesale Trade,批发业,批发贸易/综合商社,
8131,8131.T,"Mitsuuroko Group Holdings Co.,Ltd.",ミツウロコグループホールディングス,ミツウロコ集团控股,,Standard Market(Domestic),Wholesale Trade,批发业,批发贸易/综合商社,
8132,8132.T,"SHINANEN HOLDINGS CO.,LTD.",シナネンホールディングス,シナネン控股,,Prime Market (Domestic),Wholesale Trade,批发业,批发贸易/综合商社,
8133,8133.T,"ITOCHU ENEX CO.,LTD.",伊藤忠エネクス,伊藤忠エネクス,,Prime Market (Domestic),Wholesale Trade,批发业,批发贸易/综合商社,
8135,8135.T,ZETT CORPORATION,ゼット,ZETT 公司,,Standard Market(Domestic),Wholesale Trade,批发业,批发贸易/综合商社,
8136,8136.T,"Sanrio Company,Ltd.",サンリオ,"Sanrio Company,Ltd.",,Prime Market (Domestic),Wholesale Trade,批发业,批发贸易/综合商社,
8137,8137.T,SUN-WA TECHNOS CORPORATION,サンワテクノス,SUN-WA TECHNOS 公司,,Prime Market (Domestic),Wholesale Trade,批发业,批发贸易/综合商社,
8138,8138.T,SANKYO KASEI CORPORATION,三京化成,三京化成,,Standard Market(Domestic),Wholesale Trade,批发业,批发贸易/综合商社,
8139,8139.T,NAGAHORI CORPORATION,ナガホリ,NAGAHORI 公司,,Standard Market(Domestic),Wholesale Trade,批发业,批发贸易/综合商社,
8141,8141.T,"Shinko Shoji Co.,Ltd.",新光商事,新光商事,,Prime Market (Domestic),Wholesale Trade,批发业,批发贸易/综合商社,
8142,8142.T,"TOHO Co.,Ltd.",トーホー,"TOHO Co.,Ltd.",,Prime Market (Domestic),Wholesale Trade,批发业,批发贸易/综合商社,
8143,8143.T,"LAPINE CO.,LTD.",ラピーヌ,"LAPINE CO.,LTD.",,Standard Market(Domestic),Textiles and Apparels,纤维制品,纺织、服装与生活消费品（具体品类待核验）,
8144,8144.T,"Denkyo Group Holdings Co.,Ltd.",デンキョーグループホールディングス,デンキョー集团控股,,Standard Market(Domestic),Wholesale Trade,批发业,批发贸易/综合商社,
8147,8147.T,TOMITA CO.LTD.,トミタ,TOMITA CO.LTD.,,Standard Market(Domestic),Wholesale Trade,批发业,批发贸易/综合商社,
8150,8150.T,"SANSHIN ELECTRONICS CO.,LTD.",三信電気,三信電気,,Prime Market (Domestic),Wholesale Trade,批发业,批发贸易/综合商社,
8151,8151.T,TOYO Corporation,東陽テクニカ,東陽テクニカ,,Prime Market (Domestic),Wholesale Trade,批发业,批发贸易/综合商社,
8152,8152.T,SOMAR CORPORATION,ソマール,SOMAR 公司,,Standard Market(Domestic),Wholesale Trade,批发业,批发贸易/综合商社,
8153,8153.T,"MOS FOOD SERVICES,INC.",モスフードサービス,モス食品服务,,Prime Market (Domestic),Wholesale Trade,批发业,餐饮服务,
8154,8154.T,"KAGA ELECTRONICS CO.,LTD.",加賀電子,加賀電子,,Prime Market (Domestic),Wholesale Trade,批发业,批发贸易/综合商社,
8157,8157.T,"TSUZUKI DENKI CO.,LTD.",都築電気,都築電気,,Prime Market (Domestic),Information & Communication,信息通信,通信、网络设备与通信服务,
8158,8158.T,"SODA NIKKA CO.,LTD.",ソーダニッカ,"SODA NIKKA CO.,LTD.",,Prime Market (Domestic),Wholesale Trade,批发业,批发贸易/综合商社,
8159,8159.T,"TACHIBANA ELETECH CO.,LTD.",立花エレテック,立花エレテック,,Prime Market (Domestic),Wholesale Trade,批发业,批发贸易/综合商社,
8160,8160.T,"KISOJI CO.,LTD.",木曽路,木曽路,,Prime Market (Domestic),Retail Trade,零售业,零售与消费品渠道,
8163,8163.T,"SRS HOLDINGS CO.,LTD.",ＳＲＳホールディングス,ＳＲＳ控股,,Prime Market (Domestic),Retail Trade,零售业,零售与消费品渠道,
8165,8165.T,"SENSHUKAI CO.,LTD.",千趣会,千趣会,,Standard Market(Domestic),Retail Trade,零售业,零售与消费品渠道,
8166,8166.T,"Taka-Q Co.,Ltd.",タカキュー,"Taka-Q Co.,Ltd.",,Standard Market(Domestic),Retail Trade,零售业,零售与消费品渠道,
8167,8167.T,"RETAIL PARTNERS CO.,LTD.",リテールパートナーズ,零售合作伙伴,,Prime Market (Domestic),Retail Trade,零售业,零售与消费品渠道,
8173,8173.T,Joshin Corporation,Ｊｏｓｈｉｎ,Joshin 公司,,Prime Market (Domestic),Retail Trade,零售业,零售与消费品渠道,
8174,8174.T,"NIPPON GAS CO.,LTD.",日本瓦斯,日本瓦斯,,Prime Market (Domestic),Retail Trade,零售业,零售与消费品渠道,
8179,8179.T,"ROYAL HOLDINGS Co., Ltd.",ロイヤルホールディングス,ロイヤル控股,,Prime Market (Domestic),Retail Trade,零售业,零售与消费品渠道,
8181,8181.T,"Totenko Co.,Ltd.",東天紅,東天紅,,Standard Market(Domestic),Retail Trade,零售业,零售与消费品渠道,
8185,8185.T,"CHIYODA CO.,LTD.",チヨダ,"CHIYODA CO.,LTD.",,Prime Market (Domestic),Retail Trade,零售业,零售与消费品渠道,
8194,8194.T,LIFE CORPORATION,ライフコーポレーション,ライフ公司,,Prime Market (Domestic),Retail Trade,零售业,零售与消费品渠道,
8198,8198.T,"Maxvalu Tokai Co.,Ltd.",マックスバリュ東海,マックスバリュ東海,,Standard Market(Domestic),Retail Trade,零售业,零售与消费品渠道,
8200,8200.T,"RINGER HUT CO.,LTD.",リンガーハット,"RINGER HUT CO.,LTD.",,Prime Market (Domestic),Retail Trade,零售业,零售与消费品渠道,
8202,8202.T,"Laox Holdings CO.,LTD.",ラオックスホールディングス,ラオックス控股,,Standard Market(Domestic),Retail Trade,零售业,零售与消费品渠道,
8203,8203.T,MrMax Holdings Ltd.,ＭｒＭａｘＨＤ,MrMax 控股 Ltd.,,Prime Market (Domestic),Retail Trade,零售业,零售与消费品渠道,
8207,8207.T,"TEN ALLIED Co.,Ltd.",テンアライド,"TEN ALLIED Co.,Ltd.",,Standard Market(Domestic),Retail Trade,零售业,零售与消费品渠道,
8214,8214.T,AOKI Holdings Inc.,ＡＯＫＩホールディングス,ＡＯＫＩ控股,,Prime Market (Domestic),Retail Trade,零售业,零售与消费品渠道,
8217,8217.T,"OKUWA CO.,LTD.",オークワ,"OKUWA CO.,LTD.",,Prime Market (Domestic),Retail Trade,零售业,零售与消费品渠道,
8218,8218.T,"KOMERI CO.,LTD.",コメリ,"KOMERI CO.,LTD.",,Prime Market (Domestic),Retail Trade,零售业,零售与消费品渠道,
8219,8219.T,"AOYAMA TRADING Co.,Ltd.",青山商事,青山商事,,Prime Market (Domestic),Retail Trade,零售业,零售与消费品渠道,
8225,8225.T,"Takachiho Co.,Ltd.",タカチホ,"Takachiho Co.,Ltd.",,Standard Market(Domestic),Wholesale Trade,批发业,批发贸易/综合商社,
8226,8226.T,RIKEI CORPORATION,理経,理経,,Standard Market(Domestic),Wholesale Trade,批发业,批发贸易/综合商社,
8227,8227.T,"SHIMAMURA Co.,Ltd.",しまむら,"SHIMAMURA Co.,Ltd.",,Prime Market (Domestic),Retail Trade,零售业,零售与消费品渠道,
8230,8230.T,"HASEGAWA CO.,LTD.",はせがわ,"HASEGAWA CO.,LTD.",,Standard Market(Domestic),Retail Trade,零售业,零售与消费品渠道,
8233,8233.T,"Takashimaya Company,Limited",高島屋,高島屋,,Prime Market (Domestic),Retail Trade,零售业,零售与消费品渠道,
8237,8237.T,"MATSUYA CO.,LTD.",松屋,松屋,,Prime Market (Domestic),Retail Trade,零售业,零售与消费品渠道,
8242,8242.T,H2O RETAILING CORPORATION,エイチ・ツー・オー リテイリング,H2O RETAILING 公司,,Prime Market (Domestic),Retail Trade,零售业,零售与消费品渠道,
8244,8244.T,"Kintetsu Department Store CO.,Ltd.",近鉄百貨店,近鉄百貨店,,Standard Market(Domestic),Retail Trade,零售业,零售与消费品渠道,
8247,8247.T,"Daiwa Co.,Ltd.",大和,大和,,Standard Market(Domestic),Retail Trade,零售业,零售与消费品渠道,
8252,8252.T,"MARUI GROUP CO.,LTD.",丸井グループ,丸井集团,,Prime Market (Domestic),Retail Trade,零售业,零售与消费品渠道,
8253,8253.T,"Credit Saison Co.,Ltd.",クレディセゾン,"Credit Saison Co.,Ltd.",,Prime Market (Domestic),Other Financing Business,其他金融,融资租赁、消费金融与其他金融服务,
8254,8254.T,"Saikaya Department Store Co.,Ltd.",さいか屋,さいか屋,,Standard Market(Domestic),Retail Trade,零售业,零售与消费品渠道,
8255,8255.T,Axial Retailing Inc.,アクシアル リテイリング,Axial Retailing Inc.,,Prime Market (Domestic),Retail Trade,零售业,零售与消费品渠道,
8260,8260.T,"IZUTSUYA CO.,LTD.",井筒屋,井筒屋,,Standard Market(Domestic),Retail Trade,零售业,零售与消费品渠道,
8267,8267.T,"AEON CO.,LTD.",イオン,"AEON CO.,LTD.",,Prime Market (Domestic),Retail Trade,零售业,零售与消费品渠道,
8273,8273.T,"IZUMI CO.,LTD.",イズミ,"IZUMI CO.,LTD.",,Prime Market (Domestic),Retail Trade,零售业,零售与消费品渠道,
8275,8275.T,FORVAL CORPORATION,フォーバル,FORVAL 公司,,Standard Market(Domestic),Wholesale Trade,批发业,批发贸易/综合商社,
8276,8276.T,"HEIWADO CO.,LTD.",平和堂,平和堂,,Prime Market (Domestic),Retail Trade,零售业,零售与消费品渠道,
8278,8278.T,"FUJI CO.,LTD.",フジ,"FUJI CO.,LTD.",,Prime Market (Domestic),Retail Trade,零售业,零售与消费品渠道,
8281,8281.T,"XEBIO holdings CO.,LTD.",ゼビオホールディングス,ゼビオ控股,,Prime Market (Domestic),Retail Trade,零售业,零售与消费品渠道,
8282,8282.T,K'S HOLDINGS CORPORATION,ケーズホールディングス,ケーズ控股,,Prime Market (Domestic),Retail Trade,零售业,零售与消费品渠道,
8285,8285.T,"MITANI SANGYO CO.,LTD.",三谷産業,三谷工业,,Standard Market(Domestic),Wholesale Trade,批发业,批发贸易/综合商社,
8291,8291.T,"NISSAN TOKYO SALES HOLDINGS CO.,LTD.",日産東京販売ホールディングス,日産東京販売控股,,Standard Market(Domestic),Retail Trade,零售业,零售与消费品渠道,
8303,8303.T,"SBI Shinsei Bank,Limited",ＳＢＩ新生銀行,ＳＢＩ新生銀行,,Prime Market (Domestic),Banks,银行业,银行与综合金融服务,
8304,8304.T,"Aozora Bank,Ltd.",あおぞら銀行,あおぞら銀行,,Prime Market (Domestic),Banks,银行业,银行与综合金融服务,
8306,8306.T,"Mitsubishi UFJ Financial Group,Inc.",三菱ＵＦＪフィナンシャル・グループ,三菱日联金融集团,,Prime Market (Domestic),Banks,银行业,银行（综合金融与商业银行）,
8308,8308.T,"Resona Holdings, Inc.",りそなホールディングス,りそな控股,,Prime Market (Domestic),Banks,银行业,银行与综合金融服务,39.29
8309,8309.T,"Sumitomo Mitsui Trust Group,Inc.",三井住友トラストグループ,三井住友トラスト集团,,Prime Market (Domestic),Banks,银行业,银行与综合金融服务,
8316,8316.T,"Sumitomo Mitsui Financial Group,Inc.",三井住友フィナンシャルグループ,三井住友金融集团,,Prime Market (Domestic),Banks,银行业,银行（综合金融与商业银行）,
8331,8331.T,"The Chiba Bank,Ltd.",千葉銀行,千葉銀行,,Prime Market (Domestic),Banks,银行业,银行与综合金融服务,
8334,8334.T,"The Gunma Bank,Ltd.",群馬銀行,群馬銀行,,Prime Market (Domestic),Banks,银行业,银行与综合金融服务,
8336,8336.T,"The Musashino Bank,Ltd.",武蔵野銀行,武蔵野銀行,,Prime Market (Domestic),Banks,银行业,银行与综合金融服务,
8337,8337.T,"The Chiba Kogyo Bank,Ltd.",千葉興業銀行,千葉興業銀行,,Prime Market (Domestic),Banks,银行业,银行与综合金融服务,
8338,8338.T,"Tsukuba Bank,Ltd.",筑波銀行,筑波銀行,,Prime Market (Domestic),Banks,银行业,银行与综合金融服务,
8341,8341.T,"The 77 Bank,Ltd.",七十七銀行,七十七銀行,,Prime Market (Domestic),Banks,银行业,银行与综合金融服务,
8343,8343.T,"THE AKITA BANK,LTD.",秋田銀行,秋田銀行,,Prime Market (Domestic),Banks,银行业,银行与综合金融服务,469.96
8344,8344.T,"The Yamagata Bank,Ltd.",山形銀行,山形銀行,,Prime Market (Domestic),Banks,银行业,银行与综合金融服务,469.96
8345,8345.T,"The Bank of Iwate,Ltd.",岩手銀行,岩手銀行,,Prime Market (Domestic),Banks,银行业,银行与综合金融服务,
8346,8346.T,"The Toho Bank,Ltd.",東邦銀行,東邦銀行,,Prime Market (Domestic),Banks,银行业,银行与综合金融服务,
8349,8349.T,"THE TOHOKU BANK,LTD.",東北銀行,東北銀行,,Standard Market(Domestic),Banks,银行业,银行与综合金融服务,
8354,8354.T,"Fukuoka Financial Group,Inc.",ふくおかフィナンシャルグループ,ふくおか金融集团,,Prime Market (Domestic),Banks,银行业,银行与综合金融服务,
8358,8358.T,Suruga Bank Ltd.,スルガ銀行,スルガ銀行,,Prime Market (Domestic),Banks,银行业,银行与综合金融服务,
8359,8359.T,"Hachijuni Nagano Bank,Ltd.",八十二長野銀行,八十二長野銀行,,Prime Market (Domestic),Banks,银行业,银行与综合金融服务,
8360,8360.T,"The Yamanashi Chuo Bank,Ltd.",山梨中央銀行,山梨中央銀行,,Prime Market (Domestic),Banks,银行业,银行与综合金融服务,
8361,8361.T,"The Ogaki Kyoritsu Bank,Ltd.",大垣共立銀行,大垣共立銀行,,Prime Market (Domestic),Banks,银行业,银行与综合金融服务,71.23
8362,8362.T,"The Fukui Bank,Ltd.",福井銀行,福井銀行,,Prime Market (Domestic),Banks,银行业,银行与综合金融服务,
8364,8364.T,"THE SHIMIZU BANK,LTD.",清水銀行,清水銀行,,Prime Market (Domestic),Banks,银行业,银行与综合金融服务,
8365,8365.T,"The Bank of Toyama,Ltd.",富山銀行,富山銀行,,Standard Market(Domestic),Banks,银行业,银行与综合金融服务,
8366,8366.T,"THE SHIGA BANK,LTD.",滋賀銀行,滋賀銀行,,Prime Market (Domestic),Banks,银行业,银行与综合金融服务,
8367,8367.T,"The Nanto Bank,Ltd.",南都銀行,南都銀行,,Prime Market (Domestic),Banks,银行业,银行与综合金融服务,
8368,8368.T,"The Hyakugo Bank,Ltd.",百五銀行,百五銀行,,Prime Market (Domestic),Banks,银行业,银行与综合金融服务,
8370,8370.T,"The Kiyo Bank,Ltd.",紀陽銀行,紀陽銀行,,Prime Market (Domestic),Banks,银行业,银行与综合金融服务,
8377,8377.T,"Hokuhoku Financial Group, Inc.",ほくほくフィナンシャルグループ,ほくほく金融集团,,Prime Market (Domestic),Banks,银行业,银行与综合金融服务,
8381,8381.T,"The San-in Godo Bank,Ltd.",山陰合同銀行,山陰合同銀行,,Prime Market (Domestic),Banks,银行业,银行与综合金融服务,
8383,8383.T,"THE TOTTORI BANK,LTD.",鳥取銀行,鳥取銀行,,Standard Market(Domestic),Banks,银行业,银行与综合金融服务,
8386,8386.T,"The Hyakujushi Bank,Ltd.",百十四銀行,百十四銀行,,Prime Market (Domestic),Banks,银行业,银行与综合金融服务,
8387,8387.T,"The Shikoku Bank, Ltd.",四国銀行,四国銀行,,Prime Market (Domestic),Banks,银行业,银行与综合金融服务,
8388,8388.T,"The Awa Bank,Ltd.",阿波銀行,阿波銀行,,Prime Market (Domestic),Banks,银行业,银行与综合金融服务,
8392,8392.T,"THE OITA BANK,LTD.",大分銀行,大分銀行,,Prime Market (Domestic),Banks,银行业,银行与综合金融服务,
8393,8393.T,"The Miyazaki Bank,Ltd.",宮崎銀行,宮崎銀行,,Prime Market (Domestic),Banks,银行业,银行与综合金融服务,
8395,8395.T,THE BANK OF SAGA LTD.,佐賀銀行,佐賀銀行,,Prime Market (Domestic),Banks,银行业,银行与综合金融服务,
8399,8399.T,"Bank of The Ryukyus,Limited",琉球銀行,琉球銀行,,Prime Market (Domestic),Banks,银行业,银行与综合金融服务,
8410,8410.T,"Seven Bank,Ltd.",セブン銀行,セブン銀行,,Prime Market (Domestic),Banks,银行业,银行与综合金融服务,
8411,8411.T,"Mizuho Financial Group,Inc.",みずほフィナンシャルグループ,瑞穗金融集团,,Prime Market (Domestic),Banks,银行业,银行（综合金融与商业银行）,
8416,8416.T,"THE BANK OF KOCHI,LTD.",高知銀行,高知銀行,,Standard Market(Domestic),Banks,银行业,银行与综合金融服务,
8418,8418.T,"Yamaguchi Financial Group,Inc.",山口フィナンシャルグループ,山口金融集团,,Prime Market (Domestic),Banks,银行业,银行与综合金融服务,
8424,8424.T,"Fuyo General Lease Co.,Ltd.",芙蓉総合リース,芙蓉総合租赁,,Prime Market (Domestic),Other Financing Business,其他金融,融资租赁、消费金融与其他金融服务,
8425,8425.T,"Mizuho Leasing Company,Limited",みずほリース,みずほ租赁,,Prime Market (Domestic),Other Financing Business,其他金融,融资租赁、消费金融与其他金融服务,4664.82
8439,8439.T,Tokyo Century Corporation,東京センチュリー,東京センチュリー,,Prime Market (Domestic),Other Financing Business,其他金融,融资租赁、消费金融与其他金融服务,
8473,8473.T,"SBI Holdings,Inc.",ＳＢＩホールディングス,ＳＢＩ控股,,Prime Market (Domestic),Securities and Commodities Futures,证券商品期货,证券经纪与投资银行服务,
8508,8508.T,"J Trust Co.,Ltd.",Ｊトラスト,"J Trust Co.,Ltd.",,Standard Market(Domestic),Other Financing Business,其他金融,融资租赁、消费金融与其他金融服务,
8511,8511.T,"Japan Securities Finance Co.,Ltd.",日本証券金融,日本証券金融,,Prime Market (Domestic),Other Financing Business,其他金融,证券经纪与投资银行服务,
8518,8518.T,"Japan Asia Investment Company,Limited",日本アジア投資,日本アジア投資,,Standard Market(Domestic),Securities and Commodities Futures,证券商品期货,证券经纪与投资银行服务,
8522,8522.T,"The Bank of Nagoya,Ltd.",名古屋銀行,名古屋銀行,,Prime Market (Domestic),Banks,银行业,银行与综合金融服务,
8524,8524.T,"North Pacific Bank,Ltd.",北洋銀行,北洋銀行,,Prime Market (Domestic),Banks,银行业,银行与综合金融服务,
8537,8537.T,"THE TAIKO BANK,LTD.",大光銀行,大光銀行,,Standard Market(Domestic),Banks,银行业,银行与综合金融服务,
8541,8541.T,"The Ehime Bank,Ltd.",愛媛銀行,愛媛銀行,,Prime Market (Domestic),Banks,银行业,银行与综合金融服务,
8542,8542.T,"TOMATO BANK,LTD.",トマト銀行,トマト銀行,,Standard Market(Domestic),Banks,银行业,银行与综合金融服务,
8544,8544.T,"The Keiyo Bank,Ltd.",京葉銀行,京葉銀行,,Prime Market (Domestic),Banks,银行业,银行与综合金融服务,
8550,8550.T,"THE TOCHIGI BANK,LTD.",栃木銀行,栃木銀行,,Prime Market (Domestic),Banks,银行业,银行与综合金融服务,
8551,8551.T,"The Kita-Nippon Bank,Ltd.",北日本銀行,北日本銀行,,Prime Market (Domestic),Banks,银行业,银行与综合金融服务,
8558,8558.T,"THE TOWA BANK,LTD.",東和銀行,東和銀行,,Prime Market (Domestic),Banks,银行业,银行与综合金融服务,
8562,8562.T,"THE FUKUSHIMA BANK,LTD.",福島銀行,福島銀行,,Standard Market(Domestic),Banks,银行业,银行与综合金融服务,
8563,8563.T,"THE DAITO BANK,LTD.",大東銀行,大東銀行,,Standard Market(Domestic),Banks,银行业,银行与综合金融服务,
8566,8566.T,"RICOH LEASING COMPANY,LTD.",リコーリース,リコー租赁,,Prime Market (Domestic),Other Financing Business,其他金融,融资租赁、消费金融与其他金融服务,
8570,8570.T,"AEON Financial Service Co.,Ltd.",イオンフィナンシャルサービス,イオン金融服务,,Prime Market (Domestic),Other Financing Business,其他金融,融资租赁、消费金融与其他金融服务,
8572,8572.T,"ACOM CO.,LTD.",アコム,"ACOM CO.,LTD.",,Standard Market(Domestic),Other Financing Business,其他金融,融资租赁、消费金融与其他金融服务,
8584,8584.T,"JACCS CO.,LTD.",ジャックス,"JACCS CO.,LTD.",,Prime Market (Domestic),Other Financing Business,其他金融,融资租赁、消费金融与其他金融服务,
8585,8585.T,Orient Corporation,オリエントコーポレーション,オリエント公司,,Prime Market (Domestic),Other Financing Business,其他金融,融资租赁、消费金融与其他金融服务,
8591,8591.T,ORIX CORPORATION,オリックス,欧力士,,Prime Market (Domestic),Other Financing Business,其他金融,融资租赁、消费金融与其他金融服务,
8593,8593.T,Mitsubishi HC Capital Inc.,三菱ＨＣキャピタル,三菱ＨＣ资本,,Prime Market (Domestic),Other Financing Business,其他金融,融资租赁、消费金融与其他金融服务,
8595,8595.T,"JAFCO Group Co.,Ltd.",ジャフコ グループ,ジャフコ 集团,,Prime Market (Domestic),Securities and Commodities Futures,证券商品期货,证券经纪与投资银行服务,
8596,8596.T,"KYUSHU LEASING SERVICE CO.,LTD.",九州リースサービス,九州租赁服务,,Standard Market(Domestic),Other Financing Business,其他金融,融资租赁、消费金融与其他金融服务,
8600,8600.T,"TOMONY Holdings,Inc.",トモニホールディングス,トモニ控股,,Prime Market (Domestic),Banks,银行业,银行与综合金融服务,
8601,8601.T,Daiwa Securities Group Inc.,大和証券グループ本社,大和証券集团本社,,Prime Market (Domestic),Securities and Commodities Futures,证券商品期货,证券经纪与投资银行服务,469.96
8604,8604.T,"Nomura Holdings, Inc.",野村ホールディングス,野村控股,,Prime Market (Domestic),Securities and Commodities Futures,证券商品期货,证券经纪与投资银行服务,
8609,8609.T,OKASAN SECURITIES GROUP INC.,岡三証券グループ,岡三証券集团,,Prime Market (Domestic),Securities and Commodities Futures,证券商品期货,证券经纪与投资银行服务,
8613,8613.T,"Marusan Securities Co.,Ltd.",丸三証券,丸三証券,,Prime Market (Domestic),Securities and Commodities Futures,证券商品期货,证券经纪与投资银行服务,
8614,8614.T,"TOYO SECURITIES CO.,LTD.",東洋証券,東洋証券,,Prime Market (Domestic),Securities and Commodities Futures,证券商品期货,证券经纪与投资银行服务,
8616,8616.T,"Tokai Tokyo Financial Holdings,Inc.",東海東京フィナンシャル・ホールディングス,東海東京金融・控股,,Prime Market (Domestic),Securities and Commodities Futures,证券商品期货,证券经纪与投资银行服务,
8617,8617.T,"The Kosei Securities Co.,Ltd.",光世証券,光世証券,,Standard Market(Domestic),Securities and Commodities Futures,证券商品期货,证券经纪与投资银行服务,
8622,8622.T,"Mito Securities Co.,Ltd.",水戸証券,水戸証券,,Prime Market (Domestic),Securities and Commodities Futures,证券商品期货,证券经纪与投资银行服务,
8624,8624.T,"Ichiyoshi Securities Co.,Ltd.",いちよし証券,いちよし証券,,Prime Market (Domestic),Securities and Commodities Futures,证券商品期货,证券经纪与投资银行服务,
8628,8628.T,"MATSUI SECURITIES CO.,LTD.",松井証券,松井証券,,Prime Market (Domestic),Securities and Commodities Futures,证券商品期货,证券经纪与投资银行服务,
8630,8630.T,"Sompo Holdings,Inc.",ＳＯＭＰＯホールディングス,ＳＯＭＰＯ控股,,Prime Market (Domestic),Insurance,保险业,保险服务,80.53
8697,8697.T,"Japan Exchange Group,Inc.",日本取引所グループ,日本取引所集团,,Prime Market (Domestic),Other Financing Business,其他金融,融资租赁、消费金融与其他金融服务,
8698,8698.T,"Monex Group,Inc.",マネックスグループ,マネックス集团,,Prime Market (Domestic),Securities and Commodities Futures,证券商品期货,证券经纪与投资银行服务,
8699,8699.T,"HS Holdings Co.,Ltd.",ＨＳホールディングス,ＨＳ控股,,Standard Market(Domestic),Securities and Commodities Futures,证券商品期货,证券经纪与投资银行服务,
8700,8700.T,"Maruhachi Securities Co.,Ltd.",丸八証券,丸八証券,,Standard Market(Domestic),Securities and Commodities Futures,证券商品期货,证券经纪与投资银行服务,
8704,8704.T,"TRADERS HOLDINGS CO.,LTD.",トレイダーズホールディングス,トレイダーズ控股,,Standard Market(Domestic),Securities and Commodities Futures,证券商品期货,证券经纪与投资银行服务,
8705,8705.T,"Nissan Securities Group Co.,Ltd.",日産証券グループ,日産証券集团,,Standard Market(Domestic),Securities and Commodities Futures,证券商品期货,证券经纪与投资银行服务,
8706,8706.T,"KYOKUTO SECURITIES CO.,LTD.",極東証券,極東証券,,Prime Market (Domestic),Securities and Commodities Futures,证券商品期货,证券经纪与投资银行服务,
8707,8707.T,"IwaiCosmo Holdings,Inc.",岩井コスモホールディングス,岩井コスモ控股,,Prime Market (Domestic),Securities and Commodities Futures,证券商品期货,证券经纪与投资银行服务,
8708,8708.T,"AIZAWA SECURITIES GROUP CO.,LTD.",アイザワ証券グループ,アイザワ証券集团,,Prime Market (Domestic),Securities and Commodities Futures,证券商品期货,证券经纪与投资银行服务,
8713,8713.T,FIDEA Holdings Co.Ltd.,フィデアホールディングス,フィデア控股,,Prime Market (Domestic),Banks,银行业,银行与综合金融服务,
8714,8714.T,"Senshu Ikeda Holdings,Inc.",池田泉州ホールディングス,池田泉州控股,,Prime Market (Domestic),Banks,银行业,银行与综合金融服务,
8715,8715.T,"Anicom Holdings,Inc.",アニコム ホールディングス,アニコム 控股,,Prime Market (Domestic),Insurance,保险业,保险服务,
8725,8725.T,"MS&AD Insurance Group Holdings,Inc.",ＭＳ＆ＡＤインシュアランスグループホールディングス,ＭＳ＆ＡＤインシュアランス集团控股,,Prime Market (Domestic),Insurance,保险业,保险服务,
8729,8729.T,Sony Financial Group Inc.,ソニーフィナンシャルグループ,ソニー金融集团,,Prime Market (Domestic),Insurance,保险业,银行与综合金融服务,
8737,8737.T,Akatsuki Corp.,あかつき本社,あかつき本社,,Standard Market(Domestic),Securities and Commodities Futures,证券商品期货,证券经纪与投资银行服务,
8739,8739.T,"SPARX Group Co.,Ltd.",スパークス・グループ,スパークス・集团,,Prime Market (Domestic),Securities and Commodities Futures,证券商品期货,证券经纪与投资银行服务,
8742,8742.T,"KOBAYASHI YOKO CO.,LTD.",小林洋行,小林洋行,,Standard Market(Domestic),Securities and Commodities Futures,证券商品期货,证券经纪与投资银行服务,
8746,8746.T,unbanked inc.,ｕｎｂａｎｋｅｄ,unbanked inc.,,Standard Market(Domestic),Securities and Commodities Futures,证券商品期货,银行与综合金融服务,
8747,8747.T,"YUTAKA TRUSTY SECURITIES CO.,LTD.",豊トラスティ証券,豊トラスティ証券,,Standard Market(Domestic),Securities and Commodities Futures,证券商品期货,证券经纪与投资银行服务,
8750,8750.T,"Daiichi Life Group,Inc.",第一ライフグループ,第一ライフ集团,,Prime Market (Domestic),Insurance,保险业,保险服务,133.45
8766,8766.T,"Tokio Marine Holdings,Inc.",東京海上ホールディングス,东京海上控股,,Prime Market (Domestic),Insurance,保险业,保险（财产险与海上保险）,80.53
8769,8769.T,"Advantage Risk Management Co.,Ltd.",アドバンテッジリスクマネジメント,"Advantage Risk Management Co.,Ltd.",,Standard Market(Domestic),Services,服务业,专业服务、消费服务与商业服务（具体业务待核验）,
8771,8771.T,"eGuarantee,Inc.",イー・ギャランティ,"eGuarantee,Inc.",,Prime Market (Domestic),Other Financing Business,其他金融,融资租赁、消费金融与其他金融服务,
8772,8772.T,"ASAX CO.,LTD.",アサックス,"ASAX CO.,LTD.",,Standard Market(Domestic),Other Financing Business,其他金融,融资租赁、消费金融与其他金融服务,
8783,8783.T,"abc Co.,Ltd.",ａｂｃ,"abc Co.,Ltd.",,Standard Market(Domestic),Other Financing Business,其他金融,融资租赁、消费金融与其他金融服务,
8789,8789.T,FinTech Global Incorporated,フィンテック グローバル,FinTech Global Incorporated,,Standard Market(Domestic),Other Financing Business,其他金融,融资租赁、消费金融与其他金融服务,
8793,8793.T,NEC Capital Solutions Limited,ＮＥＣキャピタルソリューション,ＮＥＣ资本ソリューション,,Prime Market (Domestic),Other Financing Business,其他金融,融资租赁、消费金融与其他金融服务,
8795,8795.T,"T&D Holdings, Inc.",Ｔ＆Ｄホールディングス,Ｔ＆Ｄ控股,,Prime Market (Domestic),Insurance,保险业,保险服务,65.45
8798,8798.T,"Advance Create Co.,Ltd.",アドバンスクリエイト,"Advance Create Co.,Ltd.",,Prime Market (Domestic),Insurance,保险业,保险服务,
8801,8801.T,"Mitsui Fudosan Co.,Ltd.",三井不動産,三井不动产,,Prime Market (Domestic),Real Estate,不动产业,房地产开发（办公、商业与住宅）,
8802,8802.T,"Mitsubishi Estate Company,Limited",三菱地所,三菱地所,,Prime Market (Domestic),Real Estate,不动产业,房地产开发与物业运营,
8803,8803.T,"HEIWA REAL ESTATE CO.,LTD.",平和不動産,平和不動産,,Prime Market (Domestic),Real Estate,不动产业,房地产开发与物业运营,
8804,8804.T,"Tokyo Tatemono Co.,Ltd.",東京建物,東京建物,,Prime Market (Domestic),Real Estate,不动产业,房地产开发与物业运营,
8818,8818.T,"Keihanshin Building Co.,Ltd.",京阪神ビルディング,京阪神ビルディング,,Prime Market (Domestic),Real Estate,不动产业,房地产开发与物业运营,
8830,8830.T,"Sumitomo Realty & Development Co.,Ltd.",住友不動産,住友不動産,,Prime Market (Domestic),Real Estate,不动产业,房地产开发与物业运营,
8835,8835.T,TAIHEIYO KOUHATSU INCORPORATED,太平洋興発,太平洋興発,,Standard Market(Domestic),Wholesale Trade,批发业,批发贸易/综合商社,
8836,8836.T,RISE Inc.,ＲＩＳＥ,RISE Inc.,,Standard Market(Domestic),Real Estate,不动产业,房地产开发与物业运营,
8841,8841.T,"TOC Co.,Ltd.",テーオーシー,"TOC Co.,Ltd.",,Standard Market(Domestic),Real Estate,不动产业,房地产开发与物业运营,
8844,8844.T,"COSMOS INITIA Co.,Ltd.",コスモスイニシア,"COSMOS INITIA Co.,Ltd.",,Standard Market(Domestic),Real Estate,不动产业,房地产开发与物业运营,
8848,8848.T,LEOPALACE21 CORPORATION,レオパレス２１,LEOPALACE21 公司,,Prime Market (Domestic),Real Estate,不动产业,房地产开发与物业运营,
8850,8850.T,STARTS CORPORATION INC.,スターツコーポレーション,スターツ公司,,Prime Market (Domestic),Real Estate,不动产业,房地产开发与物业运营,
8860,8860.T,FUJI CORPORATION LIMITED,フジ住宅,フジ住宅,,Prime Market (Domestic),Real Estate,不动产业,房地产开发与物业运营,
8864,8864.T,"AIRPORT FACILITIES Co.,LTD.",空港施設,空港施設,,Standard Market(Domestic),Real Estate,不动产业,房地产开发与物业运营,
8869,8869.T,Meiwa Estate Company Limited,明和地所,明和地所,,Standard Market(Domestic),Real Estate,不动产业,房地产开发与物业运营,
8871,8871.T,"GOLDCREST Co.,Ltd.",ゴールドクレスト,"GOLDCREST Co.,Ltd.",,Standard Market(Domestic),Real Estate,不动产业,房地产开发与物业运营,
8876,8876.T,"Relo Group,Inc.",リログループ,リロ集团,,Prime Market (Domestic),Services,服务业,专业服务、消费服务与商业服务（具体业务待核验）,
8877,8877.T,ESLEAD CORPORATION,エスリード,ESLEAD 公司,,Prime Market (Domestic),Real Estate,不动产业,房地产开发与物业运营,
8881,8881.T,"NISSHIN GROUP HOLDINGS Company,Limited",日神グループホールディングス,日神集团控股,,Prime Market (Domestic),Real Estate,不动产业,房地产开发与物业运营,
8887,8887.T,"SYLA Holdings Co.,Ltd.",シーラホールディングス,シーラ控股,,Standard Market(Domestic),Real Estate,不动产业,房地产开发与物业运营,
8891,8891.T,"AMG HOLDINGS CO.,LTD.",ＡＭＧホールディングス,ＡＭＧ控股,,Standard Market(Domestic),Real Estate,不动产业,房地产开发与物业运营,
8892,8892.T,ES-CON JAPAN Ltd.,エスコン,ES-CON JAPAN Ltd.,,Prime Market (Domestic),Real Estate,不动产业,房地产开发与物业运营,
8894,8894.T,"REVOLUTION CO.,LTD.",ＲＥＶＯＬＵＴＩＯＮ,"REVOLUTION CO.,LTD.",,Standard Market(Domestic),Real Estate,不动产业,房地产开发与物业运营,
8897,8897.T,"MIRARTH HOLDINGS,Inc.",ＭＩＲＡＲＴＨホールディングス,ＭＩＲＡＲＴＨ控股,,Prime Market (Domestic),Real Estate,不动产业,房地产开发与物业运营,
8898,8898.T,CENTURY21 REAL ESTATE OF JAPAN LTD.,センチュリー２１・ジャパン,CENTURY21 REAL ESTATE OF JAPAN LTD.,,Standard Market(Domestic),Real Estate,不动产业,房地产开发与物业运营,
8904,8904.T,"AVANTIA CO.,LTD.",ＡＶＡＮＴＩＡ,"AVANTIA CO.,LTD.",,Standard Market(Domestic),Real Estate,不动产业,房地产开发与物业运营,
8908,8908.T,"MAINICHI COMNET CO.,LTD.",毎日コムネット,毎日コムネット,,Standard Market(Domestic),Real Estate,不动产业,房地产开发与物业运营,
8912,8912.T,Area Quest Inc.,エリアクエスト,Area Quest Inc.,,Standard Market(Domestic),Real Estate,不动产业,房地产开发与物业运营,
8914,8914.T,"Arealink Co.,Ltd.",エリアリンク,"Arealink Co.,Ltd.",,Standard Market(Domestic),Real Estate,不动产业,房地产开发与物业运营,
8917,8917.T,"First Juken Co.,Ltd.",ファースト住建,ファースト住建,,Standard Market(Domestic),Real Estate,不动产业,房地产开发与物业运营,
8918,8918.T,"LAND Co.,Ltd.",ランド,"LAND Co.,Ltd.",,Standard Market(Domestic),Real Estate,不动产业,房地产开发与物业运营,
8919,8919.T,"KATITAS CO.,LTD",カチタス,"KATITAS CO.,LTD",,Prime Market (Domestic),Real Estate,不动产业,房地产开发与物业运营,
8920,8920.T,"TOSHO CO.,LTD.",東祥,東祥,,Standard Market(Domestic),Services,服务业,专业服务、消费服务与商业服务（具体业务待核验）,
8923,8923.T,TOSEI CORPORATION,トーセイ,TOSEI 公司,,Prime Market (Domestic),Real Estate,不动产业,房地产开发与物业运营,
8927,8927.T,"MEIHO ENTERPRISE CO.,LTD.",明豊エンタープライズ,明豊エンタープライズ,,Standard Market(Domestic),Real Estate,不动产业,房地产开发与物业运营,
8928,8928.T,ANABUKI KOSAN INC.,穴吹興産,穴吹興産,,Standard Market(Domestic),Real Estate,不动产业,房地产开发与物业运营,
8929,8929.T,"Aoyama Zaisan Networks Company,Limited",青山財産ネットワークス,青山財産网络ス,,Standard Market(Domestic),Real Estate,不动产业,房地产开发与物业运营,
8931,8931.T,WADAKOHSAN CORPORATION,和田興産,和田興産,,Standard Market(Domestic),Real Estate,不动产业,房地产开发与物业运营,
8934,8934.T,"Sun Frontier Fudousan Co.,Ltd.",サンフロンティア不動産,サンフロンティア不動産,,Prime Market (Domestic),Real Estate,不动产业,房地产开发与物业运营,
8935,8935.T,"FJ NEXT HOLDINGS CO.,LTD.",ＦＪネクストホールディングス,ＦＪネクスト控股,,Prime Market (Domestic),Real Estate,不动产业,房地产开发与物业运营,
8938,8938.T,"GLOME Holdings,Inc.",グローム・ホールディングス,グローム・控股,,Growth Market(Domestic),Real Estate,不动产业,房地产开发与物业运营,
8944,8944.T,"LAND BUSINESS CO.,LTD.",ランドビジネス,"LAND BUSINESS CO.,LTD.",,Standard Market(Domestic),Real Estate,不动产业,房地产开发与物业运营,
8945,8945.T,SUNNEXTA GROUP Inc.,サンネクスタグループ,サンネクスタ集团,,Standard Market(Domestic),Real Estate,不动产业,房地产开发与物业运营,
8946,8946.T,ASIAN STAR CO.,ＡＳＩＡＮ ＳＴＡＲ,ASIAN STAR CO.,,Standard Market(Domestic),Real Estate,不动产业,房地产开发与物业运营,
8995,8995.T,"Makoto Construction CO,Ltd",誠建設工業,誠建設工業,,Standard Market(Domestic),Real Estate,不动产业,房地产开发与物业运营,
8996,8996.T,"HouseFreedom Co.,Ltd.",ハウスフリーダム,"HouseFreedom Co.,Ltd.",,Standard Market(Domestic),Real Estate,不动产业,房地产开发与物业运营,
8999,8999.T,Grandy House Corporation,グランディハウス,Grandy House 公司,,Prime Market (Domestic),Real Estate,不动产业,房地产开发与物业运营,
9001,9001.T,"TOBU RAILWAY CO.,LTD.",東武鉄道,東武鉄道,,Prime Market (Domestic),Land Transportation,陆运,铁路、公路与城市交通服务,
9003,9003.T,"Sotetsu Holdings,Inc.",相鉄ホールディングス,相鉄控股,,Prime Market (Domestic),Land Transportation,陆运,铁路、公路与城市交通服务,
9005,9005.T,TOKYU CORPORATION,東急,東急,,Prime Market (Domestic),Land Transportation,陆运,铁路、公路与城市交通服务,
9006,9006.T,Keikyu Corporation,京浜急行電鉄,京浜急行电铁,,Prime Market (Domestic),Land Transportation,陆运,铁路、公路与城市交通服务,
9007,9007.T,"Odakyu Electric Railway Co.,Ltd.",小田急電鉄,小田急电铁,,Prime Market (Domestic),Land Transportation,陆运,电子设备/电气设备（具体产品待核验）,
9008,9008.T,Keio Corporation,京王電鉄,京王电铁,,Prime Market (Domestic),Land Transportation,陆运,铁路、公路与城市交通服务,
9009,9009.T,"Keisei Electric Railway Co.,Ltd.",京成電鉄,京成电铁,,Prime Market (Domestic),Land Transportation,陆运,电子设备/电气设备（具体产品待核验）,
9010,9010.T,"FUJI KYUKO CO.,LTD.",富士急行,富士急行,,Prime Market (Domestic),Land Transportation,陆运,铁路、公路与城市交通服务,
9012,9012.T,"Chichibu Railway Co.,Ltd.",秩父鉄道,秩父鉄道,,Standard Market(Domestic),Land Transportation,陆运,铁路、公路与城市交通服务,
9017,9017.T,"Niigata Kotsu Co.,Ltd.",新潟交通,新潟交通,,Standard Market(Domestic),Land Transportation,陆运,铁路、公路与城市交通服务,
9020,9020.T,East Japan Railway Company,東日本旅客鉄道,东日本旅客铁道,,Prime Market (Domestic),Land Transportation,陆运,铁路运输与城市交通（客运、商业地产）,
9021,9021.T,West Japan Railway Company,西日本旅客鉄道,西日本旅客铁道,,Prime Market (Domestic),Land Transportation,陆运,铁路、公路与城市交通服务,
9022,9022.T,Central Japan Railway Company,東海旅客鉄道,东海旅客铁道,,Prime Market (Domestic),Land Transportation,陆运,铁路、公路与城市交通服务,
9023,9023.T,"Tokyo Metro Co.,Ltd.",東京地下鉄,東京地下鉄,,Prime Market (Domestic),Land Transportation,陆运,铁路、公路与城市交通服务,
9024,9024.T,SEIBU HOLDINGS INC.,西武ホールディングス,西武控股,,Prime Market (Domestic),Land Transportation,陆运,铁路、公路与城市交通服务,
9025,9025.T,"Konoike Transport Co.,Ltd.",鴻池運輸,鴻池运输,,Prime Market (Domestic),Land Transportation,陆运,铁路、公路与城市交通服务,
9028,9028.T,"ZERO CO.,LTD.",ゼロ,"ZERO CO.,LTD.",,Standard Market(Domestic),Land Transportation,陆运,铁路、公路与城市交通服务,
9029,9029.T,"HIGASHI HOLDINGS CO.,LTD.",ヒガシホールディングス,ヒガシ控股,,Standard Market(Domestic),Land Transportation,陆运,铁路、公路与城市交通服务,
9031,9031.T,"Nishi-Nippon Railroad Co.,Ltd.",西日本鉄道,西日本鉄道,,Prime Market (Domestic),Land Transportation,陆运,铁路、公路与城市交通服务,
9033,9033.T,"Hiroshima Electric Railway Co.,Ltd.",広島電鉄,広島电铁,,Standard Market(Domestic),Land Transportation,陆运,电子设备/电气设备（具体产品待核验）,
9034,9034.T,"NANSO Transport Co.,Ltd.",南総通運,南総通運,,Standard Market(Domestic),Land Transportation,陆运,铁路、公路与城市交通服务,
9036,9036.T,"TOHBU NETWORK CO.,LTD.",東部ネットワーク,東部网络,,Standard Market(Domestic),Land Transportation,陆运,通信、网络设备与通信服务,
9037,9037.T,"HAMAKYOREX CO.,LTD.",ハマキョウレックス,"HAMAKYOREX CO.,LTD.",,Prime Market (Domestic),Land Transportation,陆运,铁路、公路与城市交通服务,
9039,9039.T,"Sakai Moving Service Co.,Ltd.",サカイ引越センター,サカイ引越中心,,Prime Market (Domestic),Land Transportation,陆运,铁路、公路与城市交通服务,
9041,9041.T,"Kintetsu Group Holdings Co.,Ltd.",近鉄グループホールディングス,近鉄集团控股,,Prime Market (Domestic),Land Transportation,陆运,铁路、公路与城市交通服务,
9042,9042.T,"Hankyu Hanshin Holdings,Inc.",阪急阪神ホールディングス,阪急阪神控股,,Prime Market (Domestic),Land Transportation,陆运,铁路、公路与城市交通服务,
9044,9044.T,"NANKAI Co.,Ltd.",ＮＡＮＫＡＩ,"NANKAI Co.,Ltd.",,Prime Market (Domestic),Land Transportation,陆运,铁路、公路与城市交通服务,
9045,9045.T,"Keihan Holdings Co.,Ltd.",京阪ホールディングス,京阪控股,,Prime Market (Domestic),Land Transportation,陆运,铁路、公路与城市交通服务,
9046,9046.T,"Kobe Electric Railway Co.,Ltd.",神戸電鉄,神戸电铁,,Standard Market(Domestic),Land Transportation,陆运,电子设备/电气设备（具体产品待核验）,
9048,9048.T,"Nagoya Railroad Co., Ltd.",名古屋鉄道,名古屋鉄道,,Prime Market (Domestic),Land Transportation,陆运,铁路、公路与城市交通服务,
9049,9049.T,"Keifuku Electric Railroad Co.,Ltd.",京福電気鉄道,京福電気鉄道,,Standard Market(Domestic),Land Transportation,陆运,电子设备/电气设备（具体产品待核验）,
9051,9051.T,"SENKON LOGISTICS CO.,LTD",センコン物流,センコン物流,,Standard Market(Domestic),Land Transportation,陆运,物流、仓储与配送服务,
9052,9052.T,"Sanyo Electric Railway Co.,Ltd.",山陽電気鉄道,山陽電気鉄道,,Prime Market (Domestic),Land Transportation,陆运,电子设备/电气设备（具体产品待核验）,
9057,9057.T,"ENSHU TRUCK CO.,LTD.",遠州トラック,遠州トラック,,Standard Market(Domestic),Land Transportation,陆运,铁路、公路与城市交通服务,
9059,9059.T,"Kanda Holdings Co.,Ltd.",カンダホールディングス,カンダ控股,,Standard Market(Domestic),Land Transportation,陆运,铁路、公路与城市交通服务,
9060,9060.T,JAPAN LOGISTIC SYSTEMS CORP.,日本ロジテム,日本ロジテム,,Standard Market(Domestic),Land Transportation,陆运,铁路、公路与城市交通服务,
9063,9063.T,"Okayamaken Freight Transportation CO.,LTD.",岡山県貨物運送,岡山県貨物運送,,Standard Market(Domestic),Land Transportation,陆运,铁路、公路与城市交通服务,
9064,9064.T,"YAMATO HOLDINGS CO.,LTD.",ヤマトホールディングス,ヤマト控股,,Prime Market (Domestic),Land Transportation,陆运,铁路、公路与城市交通服务,
9065,9065.T,SANKYU INC.,山九,山九,,Prime Market (Domestic),Land Transportation,陆运,铁路、公路与城市交通服务,
9068,9068.T,"Maruzen Showa Unyu Co.,Ltd.",丸全昭和運輸,丸全昭和运输,,Prime Market (Domestic),Land Transportation,陆运,铁路、公路与城市交通服务,
9069,9069.T,"SENKO Group Holdings Co.,Ltd.",センコーグループホールディングス,センコー集团控股,,Prime Market (Domestic),Land Transportation,陆运,铁路、公路与城市交通服务,
9072,9072.T,"NIKKON Holdings Co.,Ltd.",ニッコンホールディングス,ニッコン控股,,Prime Market (Domestic),Land Transportation,陆运,铁路、公路与城市交通服务,
9073,9073.T,"Kyogoku unyu shoji Co.,Ltd.",京極運輸商事,京極运输商事,,Standard Market(Domestic),Land Transportation,陆运,铁路、公路与城市交通服务,
9074,9074.T,"Japan Oil Transportation Co.,Ltd.",日本石油輸送,日本石油輸送,,Standard Market(Domestic),Land Transportation,陆运,铁路、公路与城市交通服务,
9075,9075.T,"FUKUYAMA TRANSPORTING CO.,LTD.",福山通運,福山通運,,Prime Market (Domestic),Land Transportation,陆运,铁路、公路与城市交通服务,
9076,9076.T,"SEINO HOLDINGS CO.,LTD.",セイノーホールディングス,セイノー控股,,Prime Market (Domestic),Land Transportation,陆运,铁路、公路与城市交通服务,
9081,9081.T,"Kanagawa Chuo Kotsu Co.,Ltd.",神奈川中央交通,神奈川中央交通,,Prime Market (Domestic),Land Transportation,陆运,铁路、公路与城市交通服务,
9082,9082.T,"Daiwa Motor Transportation Co.,Ltd.",大和自動車交通,大和自動車交通,,Standard Market(Domestic),Land Transportation,陆运,汽车整车与零部件,
9083,9083.T,"Shinki Bus Co.,Ltd.",神姫バス,神姫バス,,Standard Market(Domestic),Land Transportation,陆运,铁路、公路与城市交通服务,
9087,9087.T,TAKASE CORPORATION,タカセ,TAKASE 公司,,Standard Market(Domestic),Land Transportation,陆运,铁路、公路与城市交通服务,
9090,9090.T,AZ-COM MARUWA Holdings Inc.,ＡＺ－ＣＯＭ丸和ホールディングス,ＡＺ－ＣＯＭ丸和控股,,Prime Market (Domestic),Land Transportation,陆运,铁路、公路与城市交通服务,
9101,9101.T,Nippon Yusen Kabushiki Kaisha,日本郵船,日本郵船,,Prime Market (Domestic),Marine Transportation,海运,海运、港口与航运服务,
9104,9104.T,"Mitsui O.S.K.Lines,Ltd.",商船三井,商船三井,,Prime Market (Domestic),Marine Transportation,海运,海运、港口与航运服务,
9107,9107.T,"Kawasaki Kisen Kaisha,Ltd.",川崎汽船,川崎汽船,,Prime Market (Domestic),Marine Transportation,海运,海运、港口与航运服务,
9110,9110.T,"NS United Kaiun Kaisha,Ltd.",ＮＳユナイテッド海運,ＮＳユナイテッド海運,,Prime Market (Domestic),Marine Transportation,海运,海运、港口与航运服务,
9115,9115.T,"Meiji Shipping Group Co.,Ltd.",明海グループ,明海集团,,Standard Market(Domestic),Marine Transportation,海运,海运、港口与航运服务,
9119,9119.T,"IINO KAIUN KAISHA,LTD.",飯野海運,飯野海運,,Prime Market (Domestic),Marine Transportation,海运,海运、港口与航运服务,
9127,9127.T,"TAMAI STEAMSHIP CO.,LTD.",玉井商船,玉井商船,,Standard Market(Domestic),Marine Transportation,海运,海运、港口与航运服务,
9130,9130.T,"KYOEI TANKER CO.,LTD.",共栄タンカー,共栄タンカー,,Standard Market(Domestic),Marine Transportation,海运,海运、港口与航运服务,
9142,9142.T,Kyushu Railway Company,九州旅客鉄道,九州旅客鉄道,,Prime Market (Domestic),Land Transportation,陆运,铁路、公路与城市交通服务,4756.37
9143,9143.T,"SG HOLDINGS CO.,LTD.",ＳＧホールディングス,ＳＧ控股,,Prime Market (Domestic),Land Transportation,陆运,铁路、公路与城市交通服务,
9145,9145.T,"BEING HOLDINGS CO.,LTD.",ビーイングホールディングス,ビーイング控股,,Standard Market(Domestic),Land Transportation,陆运,铁路、公路与城市交通服务,
9147,9147.T,"NIPPON EXPRESS HOLDINGS,INC.",ＮＩＰＰＯＮ ＥＸＰＲＥＳＳホールディングス,ＮＩＰＰＯＮ ＥＸＰＲＥＳＳ控股,,Prime Market (Domestic),Land Transportation,陆运,铁路、公路与城市交通服务,
9158,9158.T,CUC Inc.,シーユーシー,CUC Inc.,,Growth Market(Domestic),Services,服务业,专业服务、消费服务与商业服务（具体业务待核验）,
9159,9159.T,W TOKYO Inc.,Ｗ ＴＯＫＹＯ,W TOKYO Inc.,,Growth Market(Domestic),Services,服务业,专业服务、消费服务与商业服务（具体业务待核验）,
9160,9160.T,"ON THE PAGE,Inc.",オンザページ,"ON THE PAGE,Inc.",,Standard Market(Domestic),Services,服务业,专业服务、消费服务与商业服务（具体业务待核验）,
9162,9162.T,"Bleach,Inc.",ブリーチ,"Bleach,Inc.",,Growth Market(Domestic),Services,服务业,专业服务、消费服务与商业服务（具体业务待核验）,
9163,9163.T,Nareru Group Inc.,ナレルグループ,ナレル集团,,Growth Market(Domestic),Services,服务业,专业服务、消费服务与商业服务（具体业务待核验）,
9165,9165.T,"Qualtec Co.,Ltd.",クオルテック,"Qualtec Co.,Ltd.",,Growth Market(Domestic),Services,服务业,专业服务、消费服务与商业服务（具体业务待核验）,
9166,9166.T,GENDA Inc.,ＧＥＮＤＡ,GENDA Inc.,,Growth Market(Domestic),Services,服务业,专业服务、消费服务与商业服务（具体业务待核验）,
9168,9168.T,"Rise Consulting Group,Inc.",ライズ・コンサルティング・グループ,ライズ・咨询・集团,,Growth Market(Domestic),Services,服务业,专业服务、消费服务与商业服务（具体业务待核验）,
9171,9171.T,"Kuribayashi Steamship Co.,Ltd.",栗林商船,栗林商船,,Standard Market(Domestic),Marine Transportation,海运,海运、港口与航运服务,
9173,9173.T,"Tokai Kisen Co.,Ltd.",東海汽船,東海汽船,,Standard Market(Domestic),Marine Transportation,海运,海运、港口与航运服务,
9193,9193.T,"Tokyo Kisen Co.,Ltd.",東京汽船,東京汽船,,Standard Market(Domestic),Warehousing and Harbor Transportation Service,仓储运输,物流、仓储与配送服务,
9201,9201.T,"Japan Airlines Co.,Ltd.",日本航空,日本航空,,Prime Market (Domestic),Air Transportation,空运,航空运输与机场服务,
9202,9202.T,ANA HOLDINGS INC.,ＡＮＡホールディングス,ＡＮＡ控股,,Prime Market (Domestic),Air Transportation,空运,航空运输与机场服务,
9204,9204.T,Skymark Airlines Inc.,スカイマーク,Skymark Airlines Inc.,,Growth Market(Domestic),Air Transportation,空运,航空运输与机场服务,
9206,9206.T,Star Flyer Inc.,スターフライヤー,Star Flyer Inc.,,Standard Market(Domestic),Air Transportation,空运,航空运输与机场服务,
9211,9211.T,f-code Inc.,エフ・コード,f-code Inc.,,Growth Market(Domestic),Services,服务业,专业服务、消费服务与商业服务（具体业务待核验）,
9212,9212.T,"Green Earth Institute Co.,Ltd.",Ｇｒｅｅｎ Ｅａｒｔｈ Ｉｎｓｔｉｔｕｔｅ,"Green Earth Institute Co.,Ltd.",,Standard Market(Domestic),Services,服务业,专业服务、消费服务与商业服务（具体业务待核验）,
9213,9213.T,SEYFERT LTD.,セイファート,SEYFERT LTD.,,Standard Market(Domestic),Services,服务业,专业服务、消费服务与商业服务（具体业务待核验）,
9214,9214.T,"Recovery International Co.,Ltd.",Ｒｅｃｏｖｅｒｙ Ｉｎｔｅｒｎａｔｉｏｎａｌ,"Recovery International Co.,Ltd.",,Growth Market(Domestic),Services,服务业,专业服务、消费服务与商业服务（具体业务待核验）,
9215,9215.T,"CaSy Co.,Ltd.",ＣａＳｙ,"CaSy Co.,Ltd.",,Growth Market(Domestic),Services,服务业,专业服务、消费服务与商业服务（具体业务待核验）,
9216,9216.T,"Bewith,Inc.",ビーウィズ,"Bewith,Inc.",,Prime Market (Domestic),Services,服务业,专业服务、消费服务与商业服务（具体业务待核验）,
9218,9218.T,"Mental Health Technologies Co.,Ltd.",メンタルヘルステクノロジーズ,メンタルヘルス科技,,Growth Market(Domestic),Services,服务业,专业服务、消费服务与商业服务（具体业务待核验）,
9219,9219.T,GiXo Ltd.,ギックス,GiXo Ltd.,,Growth Market(Domestic),Services,服务业,专业服务、消费服务与商业服务（具体业务待核验）,
9220,9220.T,"FB CARE SERVICE CO.,LTD.",エフビー介護サービス,エフビー介護服务,,Standard Market(Domestic),Services,服务业,专业服务、消费服务与商业服务（具体业务待核验）,
9221,9221.T,FULUHASHI EPO CORPORATION,フルハシＥＰＯ,FULUHASHI EPO 公司,,Standard Market(Domestic),Services,服务业,专业服务、消费服务与商业服务（具体业务待核验）,
9225,9225.T,Bridge Consulting Group Inc.,ブリッジコンサルティンググループ,ブリッジ咨询集团,,Growth Market(Domestic),Services,服务业,专业服务、消费服务与商业服务（具体业务待核验）,
9227,9227.T,"Microwave Chemical Co.,Ltd.",マイクロ波化学,マイクロ波化学,,Growth Market(Domestic),Services,服务业,基础化工/特种化学品（具体品类待核验）,
9229,9229.T,"SUNWELS Co.,Ltd.",サンウェルズ,"SUNWELS Co.,Ltd.",,Prime Market (Domestic),Services,服务业,专业服务、消费服务与商业服务（具体业务待核验）,
9233,9233.T,"Asia Air Survey Co.,Ltd.",アジア航測,アジア航測,,Standard Market(Domestic),Air Transportation,空运,航空运输与机场服务,
9235,9235.T,"Ureru Net Advertising Group Co.,Ltd.",売れるネット広告社グループ,売れるネット広告社集团,,Growth Market(Domestic),Services,服务业,广告、营销与媒体服务,
9236,9236.T,Japan M&A Solution Incorporated,ジャパンＭ＆Ａソリューション,Japan M&A Solution Incorporated,,Growth Market(Domestic),Services,服务业,专业服务、消费服务与商业服务（具体业务待核验）,
9237,9237.T,"Emimen Co.,Ltd.",笑美面,笑美面,,Growth Market(Domestic),Services,服务业,专业服务、消费服务与商业服务（具体业务待核验）,
9238,9238.T,"VALUE CREATION CO.,LTD.",バリュークリエーション,"VALUE CREATION CO.,LTD.",,Growth Market(Domestic),Services,服务业,专业服务、消费服务与商业服务（具体业务待核验）,
9240,9240.T,Delivery Consulting Inc.,デリバリーコンサルティング,デリバリー咨询,,Growth Market(Domestic),Services,服务业,物流、仓储与配送服务,
9241,9241.T,"Future Link Network Co.,Ltd.",フューチャーリンクネットワーク,フューチャーリンク网络,,Growth Market(Domestic),Services,服务业,通信、网络设备与通信服务,
9242,9242.T,"Media Research Institute,Inc.",メディア総研,媒体総研,,Growth Market(Domestic),Services,服务业,广告、营销与媒体服务,
9244,9244.T,DIGITALIFT Inc.,デジタリフト,DIGITALIFT Inc.,,Growth Market(Domestic),Services,服务业,专业服务、消费服务与商业服务（具体业务待核验）,
9245,9245.T,Livero Inc.,リベロ,Livero Inc.,,Growth Market(Domestic),Services,服务业,专业服务、消费服务与商业服务（具体业务待核验）,
9246,9246.T,"ProjectHoldings,Inc.",プロジェクトホールディングス,プロジェクト控股,,Growth Market(Domestic),Services,服务业,专业服务、消费服务与商业服务（具体业务待核验）,
9247,9247.T,TRE HOLDINGS CORPORATION,ＴＲＥホールディングス,ＴＲＥ控股,,Prime Market (Domestic),Services,服务业,专业服务、消费服务与商业服务（具体业务待核验）,
9248,9248.T,"People, Dreams & Technologies Group Co.,Ltd.",人・夢・技術グループ,人・夢・技術集团,,Standard Market(Domestic),Services,服务业,专业服务、消费服务与商业服务（具体业务待核验）,
9249,9249.T,"Japan Ecosystem Co.,Ltd.",日本エコシステム,日本エコ系统,,Standard Market(Domestic),Services,服务业,专业服务、消费服务与商业服务（具体业务待核验）,
9250,9250.T,GRCS Inc.,ＧＲＣＳ,GRCS Inc.,,Growth Market(Domestic),Services,服务业,专业服务、消费服务与商业服务（具体业务待核验）,
9251,9251.T,"AB&Company Co.,Ltd.",ＡＢ＆Ｃｏｍｐａｎｙ,"AB&Company Co.,Ltd.",,Growth Market(Domestic),Services,服务业,专业服务、消费服务与商业服务（具体业务待核验）,
9252,9252.T,"Last One Mile Co.,Ltd.",ラストワンマイル,"Last One Mile Co.,Ltd.",,Growth Market(Domestic),Services,服务业,专业服务、消费服务与商业服务（具体业务待核验）,
9253,9253.T,Slogan Inc.,スローガン,Slogan Inc.,,Growth Market(Domestic),Services,服务业,专业服务、消费服务与商业服务（具体业务待核验）,
9254,9254.T,"Lovable Marketing Group,inc.",ラバブルマーケティンググループ,ラバブルマーケティング集团,,Growth Market(Domestic),Services,服务业,广告、营销与媒体服务,
9256,9256.T,"Succeed co.,ltd.",サクシード,"Succeed co.,ltd.",,Growth Market(Domestic),Services,服务业,专业服务、消费服务与商业服务（具体业务待核验）,
9257,9257.T,YCP Holdings (Global) Limited,ＹＣＰホールディングス（グローバル）リミテッド ＪＤＲ,ＹＣＰ控股（グローバル）リミテッド ＪＤＲ,,Growth Market (Foreign),Services,服务业,专业服务、消费服务与商业服务（具体业务待核验）,
9258,9258.T,"CS-C.Co.,Ltd.",ＣＳ－Ｃ,"CS-C.Co.,Ltd.",,Growth Market(Domestic),Services,服务业,专业服务、消费服务与商业服务（具体业务待核验）,
9259,9259.T,"TAKAYOSHI Holdings,INC.",タカヨシホールディングス,タカヨシ控股,,Growth Market(Domestic),Services,服务业,专业服务、消费服务与商业服务（具体业务待核验）,
9262,9262.T,"SILVER LIFE CO.,LTD.",シルバーライフ,"SILVER LIFE CO.,LTD.",,Standard Market(Domestic),Retail Trade,零售业,零售与消费品渠道,
9264,9264.T,"Puequ CO.,LTD.",ポエック,"Puequ CO.,LTD.",,Standard Market(Domestic),Wholesale Trade,批发业,批发贸易/综合商社,
9265,9265.T,"YAMASHITA HEALTH CARE HOLDINGS,INC.",ヤマシタヘルスケアホールディングス,ヤマシタヘルスケア控股,,Standard Market(Domestic),Wholesale Trade,批发业,批发贸易/综合商社,
9267,9267.T,"Genky DrugStores Co.,Ltd.",Ｇｅｎｋｙ ＤｒｕｇＳｔｏｒｅｓ,"Genky DrugStores Co.,Ltd.",,Prime Market (Domestic),Retail Trade,零售业,零售与消费品渠道,
9268,9268.T,OPTIMUS GROUP COMPANY LIMITED,オプティマスグループ,オプティマス集团,,Standard Market(Domestic),Wholesale Trade,批发业,批发贸易/综合商社,
9270,9270.T,Valuence Holdings Inc.,バリュエンスホールディングス,バリュエンス控股,,Growth Market(Domestic),Wholesale Trade,批发业,批发贸易/综合商社,
9271,9271.T,"Wagokoro co.,ltd.",和心,和心,,Growth Market(Domestic),Retail Trade,零售业,零售与消费品渠道,
9272,9272.T,"Boutiques,Inc.",ブティックス,"Boutiques,Inc.",,Growth Market(Domestic),Services,服务业,专业服务、消费服务与商业服务（具体业务待核验）,
9273,9273.T,"KOA SHOJI HOLDINGS CO.,LTD.",コーア商事ホールディングス,コーア商事控股,,Prime Market (Domestic),Wholesale Trade,批发业,批发贸易/综合商社,
9274,9274.T,"KPP GROUP HOLDINGS CO.,LTD.",ＫＰＰグループホールディングス,ＫＰＰ集团控股,,Prime Market (Domestic),Wholesale Trade,批发业,批发贸易/综合商社,
9278,9278.T,BOOKOFF GROUP HOLDINGS LIMITED,ブックオフグループホールディングス,ブックオフ集团控股,,Prime Market (Domestic),Retail Trade,零售业,零售与消费品渠道,
9279,9279.T,GIFT HOLDINGS INC.,ギフトホールディングス,ギフト控股,,Prime Market (Domestic),Retail Trade,零售业,零售与消费品渠道,
9301,9301.T,Mitsubishi Logistics Corporation,三菱倉庫,三菱倉庫,,Prime Market (Domestic),Warehousing and Harbor Transportation Service,仓储运输,物流、仓储与配送服务,
9302,9302.T,"MITSUI-SOKO HOLDINGS Co.,Ltd.",三井倉庫ホールディングス,三井倉庫控股,,Prime Market (Domestic),Warehousing and Harbor Transportation Service,仓储运输,物流、仓储与配送服务,
9303,9303.T,"The Sumitomo Warehouse Co.,Ltd.",住友倉庫,住友倉庫,,Prime Market (Domestic),Warehousing and Harbor Transportation Service,仓储运输,物流、仓储与配送服务,
9304,9304.T,Shibusawa Logistics Corporation,澁澤倉庫,澁澤倉庫,,Prime Market (Domestic),Warehousing and Harbor Transportation Service,仓储运输,物流、仓储与配送服务,
9305,9305.T,Yamatane Corporation,ヤマタネ,Yamatane 公司,,Prime Market (Domestic),Wholesale Trade,批发业,批发贸易/综合商社,
9306,9306.T,"Toyo Logistics Co.,Ltd.",東陽倉庫,東陽倉庫,,Standard Market(Domestic),Warehousing and Harbor Transportation Service,仓储运输,物流、仓储与配送服务,
9307,9307.T,"Sugimura Warehouse Co.,Ltd.",杉村倉庫,杉村倉庫,,Standard Market(Domestic),Warehousing and Harbor Transportation Service,仓储运输,物流、仓储与配送服务,
9308,9308.T,"Inui Global Logistics Co.,Ltd.",乾汽船,乾汽船,,Standard Market(Domestic),Marine Transportation,海运,物流、仓储与配送服务,
9310,9310.T,Japan Transcity Corporation,日本トランスシティ,日本トランスシティ,,Prime Market (Domestic),Warehousing and Harbor Transportation Service,仓储运输,物流、仓储与配送服务,
9311,9311.T,ASAGAMI CORPORATION,アサガミ,ASAGAMI 公司,,Standard Market(Domestic),Warehousing and Harbor Transportation Service,仓储运输,物流、仓储与配送服务,
9312,9312.T,"THE KEIHIN CO.,LTD.",ケイヒン,"THE KEIHIN CO.,LTD.",,Standard Market(Domestic),Warehousing and Harbor Transportation Service,仓储运输,物流、仓储与配送服务,
9313,9313.T,Maruhachi Warehouse Company Limited,丸八倉庫,丸八倉庫,,Standard Market(Domestic),Warehousing and Harbor Transportation Service,仓储运输,物流、仓储与配送服务,
9319,9319.T,"Chuo Warehouse Co.,Ltd.",中央倉庫,中央倉庫,,Prime Market (Domestic),Warehousing and Harbor Transportation Service,仓储运输,物流、仓储与配送服务,
9322,9322.T,"KAWANISHI WAREHOUSE CO.,LTD.",川西倉庫,川西倉庫,,Standard Market(Domestic),Warehousing and Harbor Transportation Service,仓储运输,物流、仓储与配送服务,
9324,9324.T,Yasuda Logistics Corporation,安田倉庫,安田倉庫,,Prime Market (Domestic),Warehousing and Harbor Transportation Service,仓储运输,物流、仓储与配送服务,
9325,9325.T,PHYZ Holdings Inc.,ファイズホールディングス,ファイズ控股,,Standard Market(Domestic),Warehousing and Harbor Transportation Service,仓储运输,物流、仓储与配送服务,
9326,9326.T,"KANTSU HD CO.,LTD.",関通ホールディングス,関通控股,,Growth Market(Domestic),Warehousing and Harbor Transportation Service,仓储运输,物流、仓储与配送服务,
9327,9327.T,"e-LogiT co.,ltd.",イー・ロジット,"e-LogiT co.,ltd.",,Standard Market(Domestic),Warehousing and Harbor Transportation Service,仓储运输,物流、仓储与配送服务,
9330,9330.T,AGEHA Inc.,揚羽,揚羽,,Growth Market(Domestic),Services,服务业,专业服务、消费服务与商业服务（具体业务待核验）,
9331,9331.T,Caster Co.Ltd.,キャスター,Caster Co.Ltd.,,Growth Market(Domestic),Services,服务业,专业服务、消费服务与商业服务（具体业务待核验）,
9332,9332.T,"NISSO HOLDINGS Co.,Ltd.",ＮＩＳＳＯホールディングス,ＮＩＳＳＯ控股,,Prime Market (Domestic),Services,服务业,专业服务、消费服务与商业服务（具体业务待核验）,
9336,9336.T,"Daiei Kankyo Co.,Ltd.",大栄環境,大栄環境,,Prime Market (Domestic),Services,服务业,专业服务、消费服务与商业服务（具体业务待核验）,
9337,9337.T,toridori Inc.,トリドリ,toridori Inc.,,Growth Market(Domestic),Services,服务业,专业服务、消费服务与商业服务（具体业务待核验）,
9339,9339.T,"COACH A Co.,Ltd.",コーチ・エィ,"COACH A Co.,Ltd.",,Standard Market(Domestic),Services,服务业,专业服务、消费服务与商业服务（具体业务待核验）,
9340,9340.T,"ASO INTERNATIONAL,INC.",アソインターナショナル,"ASO INTERNATIONAL,INC.",,Standard Market(Domestic),Services,服务业,专业服务、消费服务与商业服务（具体业务待核验）,
9341,9341.T,"GENOVA,Inc.",ＧＥＮＯＶＡ,"GENOVA,Inc.",,Prime Market (Domestic),Services,服务业,专业服务、消费服务与商业服务（具体业务待核验）,
9342,9342.T,Sumasapo Inc.,スマサポ,Sumasapo Inc.,,Growth Market(Domestic),Services,服务业,专业服务、消费服务与商业服务（具体业务待核验）,
9343,9343.T,ibis inc.,アイビス,ibis inc.,,Growth Market(Domestic),Services,服务业,专业服务、消费服务与商业服务（具体业务待核验）,
9344,9344.T,Axis Consulting Corporation,アクシスコンサルティング,アクシス咨询,,Growth Market(Domestic),Services,服务业,专业服务、消费服务与商业服务（具体业务待核验）,
9345,9345.T,"Bizmates,Inc.",ビズメイツ,"Bizmates,Inc.",,Growth Market(Domestic),Services,服务业,专业服务、消费服务与商业服务（具体业务待核验）,
9346,9346.T,"Cocorport,Inc.",ココルポート,"Cocorport,Inc.",,Growth Market(Domestic),Services,服务业,专业服务、消费服务与商业服务（具体业务待核验）,
9347,9347.T,"NIPPON KANZAI Holdings Co.,Ltd.",日本管財ホールディングス,日本管財控股,,Prime Market (Domestic),Services,服务业,专业服务、消费服务与商业服务（具体业务待核验）,
9348,9348.T,"ispace,inc.",ｉｓｐａｃｅ,"ispace,inc.",,Growth Market(Domestic),Services,服务业,专业服务、消费服务与商业服务（具体业务待核验）,
9351,9351.T,"TOYO WHARF & WAREHOUSE CO.,LTD.",東洋埠頭,東洋埠頭,,Standard Market(Domestic),Warehousing and Harbor Transportation Service,仓储运输,物流、仓储与配送服务,
9353,9353.T,"SAKURAJIMA FUTO KAISHA,LTD.",櫻島埠頭,櫻島埠頭,,Standard Market(Domestic),Warehousing and Harbor Transportation Service,仓储运输,物流、仓储与配送服务,
9355,9355.T,RINKO CORPORATION,リンコーコーポレーション,リンコー公司,,Standard Market(Domestic),Warehousing and Harbor Transportation Service,仓储运输,物流、仓储与配送服务,
9360,9360.T,SUZUYO SHINWART CORPORATION,鈴与シンワート,鈴与シンワート,,Standard Market(Domestic),Information & Communication,信息通信,通信、网络设备与通信服务,
9361,9361.T,"FUSHIKI KAIRIKU UNSO CO.,LTD.",伏木海陸運送,伏木海陸運送,,Standard Market(Domestic),Warehousing and Harbor Transportation Service,仓储运输,物流、仓储与配送服务,
9362,9362.T,"HYOKI KAIUN KAISHA,LTD.",兵機海運,兵機海運,,Standard Market(Domestic),Warehousing and Harbor Transportation Service,仓储运输,物流、仓储与配送服务,
9363,9363.T,"DAIUN CO.,LTD.",大運,大運,,Standard Market(Domestic),Warehousing and Harbor Transportation Service,仓储运输,物流、仓储与配送服务,
9364,9364.T,"Kamigumi Co.,Ltd.",上組,上組,,Prime Market (Domestic),Warehousing and Harbor Transportation Service,仓储运输,物流、仓储与配送服务,
9365,9365.T,TRADIA CORPORATION,トレーディア,TRADIA 公司,,Standard Market(Domestic),Warehousing and Harbor Transportation Service,仓储运输,物流、仓储与配送服务,
9366,9366.T,SANRITSU CORPORATION,サンリツ,SANRITSU 公司,,Standard Market(Domestic),Warehousing and Harbor Transportation Service,仓储运输,物流、仓储与配送服务,
9367,9367.T,"DAITO KOUN CO.,LTD.",大東港運,大東港運,,Standard Market(Domestic),Warehousing and Harbor Transportation Service,仓储运输,物流、仓储与配送服务,
9368,9368.T,"KIMURA UNITY CO.,LTD.",キムラユニティー,"KIMURA UNITY CO.,LTD.",,Standard Market(Domestic),Warehousing and Harbor Transportation Service,仓储运输,物流、仓储与配送服务,
9369,9369.T,K.R.S.Corporation,キユーソー流通システム,キユーソー流通系统,,Standard Market(Domestic),Warehousing and Harbor Transportation Service,仓储运输,物流、仓储与配送服务,
9376,9376.T,"EURASIA TRAVEL Co.,Ltd.",ユーラシア旅行社,ユーラシア旅行社,,Standard Market(Domestic),Services,服务业,酒店、旅游与休闲服务,
9380,9380.T,"Azuma Shipping Co.,Ltd.",東海運,東海運,,Standard Market(Domestic),Warehousing and Harbor Transportation Service,仓储运输,物流、仓储与配送服务,
9381,9381.T,AIT CORPORATION,エーアイテイー,AIT 公司,,Prime Market (Domestic),Warehousing and Harbor Transportation Service,仓储运输,物流、仓储与配送服务,
9385,9385.T,SHOEI CORPORATION,ショーエイコーポレーション,ショーエイ公司,,Standard Market(Domestic),Chemicals,化学,基础化工/特种化学品（具体品类待核验）,
9399,9399.T,Beat Holdings Limited,ビート・ホールディングス・リミテッド,ビート・控股・リミテッド,,Standard Market(Foreign),Information & Communication,信息通信,通信、网络设备与通信服务,
9401,9401.T,"TBS HOLDINGS,INC.",ＴＢＳホールディングス,ＴＢＳ控股,,Prime Market (Domestic),Information & Communication,信息通信,通信、网络设备与通信服务,
9404,9404.T,"Nippon Television Holdings,Inc.",日本テレビホールディングス,日本テレビ控股,,Prime Market (Domestic),Information & Communication,信息通信,通信、网络设备与通信服务,
9405,9405.T,ASAHI BROADCASTING GROUP HOLDINGS CORPORATION,朝日放送グループホールディングス,朝日放送集团控股,,Prime Market (Domestic),Information & Communication,信息通信,通信、网络设备与通信服务,
9408,9408.T,"BSN MEDIA HOLDINGS,INC.",ＢＳＮメディアホールディングス,ＢＳＮ媒体控股,,Standard Market(Domestic),Information & Communication,信息通信,广告、营销与媒体服务,
9409,9409.T,TV Asahi Holdings Corporation,テレビ朝日ホールディングス,テレビ朝日控股,,Prime Market (Domestic),Information & Communication,信息通信,通信、网络设备与通信服务,
9412,9412.T,SKY Perfect JSAT Corporation,スカパーＪＳＡＴ,SKY Perfect JSAT 公司,,Prime Market (Domestic),Information & Communication,信息通信,通信、网络设备与通信服务,1070.54
9413,9413.T,TV TOKYO Holdings Corporation,テレビ東京ホールディングス,テレビ東京控股,,Prime Market (Domestic),Information & Communication,信息通信,通信、网络设备与通信服务,
9414,9414.T,Nippon BS Broadcasting Corporation,日本ＢＳ放送,日本ＢＳ放送,,Standard Market(Domestic),Information & Communication,信息通信,通信、网络设备与通信服务,
9416,9416.T,VISION INC.,ビジョン,VISION INC.,,Prime Market (Domestic),Information & Communication,信息通信,通信、网络设备与通信服务,
9417,9417.T,"Smartvalue Co.,Ltd.",スマートバリュー,"Smartvalue Co.,Ltd.",,Standard Market(Domestic),Information & Communication,信息通信,通信、网络设备与通信服务,
9418,9418.T,"U-NEXT HOLDINGS Co.,Ltd.",Ｕ－ＮＥＸＴ ＨＯＬＤＩＮＧＳ,"U-NEXT 控股 Co.,Ltd.",,Prime Market (Domestic),Information & Communication,信息通信,通信、网络设备与通信服务,
9419,9419.T,"WirelessGate,Inc.",ワイヤレスゲート,"WirelessGate,Inc.",,Standard Market(Domestic),Information & Communication,信息通信,通信、网络设备与通信服务,
9421,9421.T,NJ Holdings Inc.,エヌジェイホールディングス,エヌジェイ控股,,Standard Market(Domestic),Information & Communication,信息通信,通信、网络设备与通信服务,
9423,9423.T,Forval RealStraight Inc.,フォーバル・リアルストレート,Forval RealStraight Inc.,,Standard Market(Domestic),Information & Communication,信息通信,通信、网络设备与通信服务,
9424,9424.T,Japan Communications Inc.,日本通信,日本通信,,Prime Market (Domestic),Information & Communication,信息通信,通信、网络设备与通信服务,
9425,9425.T,ReYuu Japan Inc.,ＲｅＹｕｕ Ｊａｐａｎ,ReYuu Japan Inc.,,Standard Market(Domestic),Information & Communication,信息通信,通信、网络设备与通信服务,
9428,9428.T,CROPS CORPORATION,クロップス,CROPS 公司,,Standard Market(Domestic),Information & Communication,信息通信,通信、网络设备与通信服务,
9432,9432.T,"NTT,Inc.",ＮＴＴ,日本电信电话,,Prime Market (Domestic),Information & Communication,信息通信,通信服务（固定/移动通信与数据基础设施）,
9433,9433.T,KDDI CORPORATION,ＫＤＤＩ,KDDI,,Prime Market (Domestic),Information & Communication,信息通信,通信服务（移动通信、宽带与金融服务）,
9434,9434.T,SoftBank Corp.,ソフトバンク,软银,,Prime Market (Domestic),Information & Communication,信息通信,银行与综合金融服务,520.53
9435,9435.T,"HIKARI TSUSHIN,INC.",光通信,光通信,,Prime Market (Domestic),Information & Communication,信息通信,通信、网络设备与通信服务,
9436,9436.T,OKINAWA CELLULAR TELEPHONE COMPANY,沖縄セルラー電話,沖縄セルラー電話,,Standard Market(Domestic),Information & Communication,信息通信,通信、网络设备与通信服务,
9438,9438.T,MTI Ltd.,エムティーアイ,MTI Ltd.,,Prime Market (Domestic),Information & Communication,信息通信,通信、网络设备与通信服务,
9439,9439.T,M・H・GROUP LTD.,エム・エイチ・グループ,エム・エイチ・集团,,Standard Market(Domestic),Services,服务业,专业服务、消费服务与商业服务（具体业务待核验）,
9441,9441.T,"Bell-Park Co.,Ltd.",ベルパーク,"Bell-Park Co.,Ltd.",,Standard Market(Domestic),Information & Communication,信息通信,通信、网络设备与通信服务,
9444,9444.T,"TOSHIN HOLDINGS CO.,LTD",トーシンホールディングス,トーシン控股,,Standard Market(Domestic),Information & Communication,信息通信,通信、网络设备与通信服务,
9445,9445.T,"FORVAL TELECOM,INC.",フォーバルテレコム,フォーバル电信,,Standard Market(Domestic),Information & Communication,信息通信,通信、网络设备与通信服务,
9446,9446.T,"SAKAI Holdings CO.,LTD",サカイホールディングス,サカイ控股,,Standard Market(Domestic),Information & Communication,信息通信,通信、网络设备与通信服务,
9449,9449.T,"GMO internet group,Inc.",ＧＭＯインターネットグループ,ＧＭＯ互联网集团,,Prime Market (Domestic),Information & Communication,信息通信,通信、网络设备与通信服务,
9450,9450.T,Fibergate Inc.,ファイバーゲート,Fibergate Inc.,,Standard Market(Domestic),Information & Communication,信息通信,通信、网络设备与通信服务,
9466,9466.T,Aidma Marketing Communication Corporation,アイドママーケティングコミュニケーション,アイドママーケティング通信,,Standard Market(Domestic),Information & Communication,信息通信,广告、营销与媒体服务,
9467,9467.T,"AlphaPolis Co.,Ltd.",アルファポリス,"AlphaPolis Co.,Ltd.",,Growth Market(Domestic),Information & Communication,信息通信,通信、网络设备与通信服务,
9468,9468.T,KADOKAWA CORPORATION,ＫＡＤＯＫＡＷＡ,KADOKAWA 公司,,Prime Market (Domestic),Information & Communication,信息通信,通信、网络设备与通信服务,
9470,9470.T,"GAKKEN HOLDINGS CO.,LTD.",学研ホールディングス,学研控股,,Prime Market (Domestic),Information & Communication,信息通信,通信、网络设备与通信服务,
9474,9474.T,"ZENRIN CO.,LTD.",ゼンリン,"ZENRIN CO.,LTD.",,Prime Market (Domestic),Information & Communication,信息通信,通信、网络设备与通信服务,
9475,9475.T,"Shobunsha Holdings,Inc.",昭文社ホールディングス,昭文社控股,,Standard Market(Domestic),Information & Communication,信息通信,通信、网络设备与通信服务,
9476,9476.T,"CHUOKEIZAI-SHA HOLDINGS,INC.",中央経済社ホールディングス,中央経済社控股,,Standard Market(Domestic),Information & Communication,信息通信,通信、网络设备与通信服务,
9478,9478.T,"SE Holdings and Incubations Co.,Ltd.",ＳＥホールディングス・アンド・インキュベーションズ,ＳＥ控股・アンド・インキュベーションズ,,Standard Market(Domestic),Information & Communication,信息通信,通信、网络设备与通信服务,
9501,9501.T,"Tokyo Electric Power Company Holdings,Incorporated",東京電力ホールディングス,東京電力控股,,Prime Market (Domestic),Electric Power and Gas,电力燃气,电子设备/电气设备（具体产品待核验）,
9502,9502.T,"Chubu Electric Power Company,Incorporated",中部電力,中部電力,,Prime Market (Domestic),Electric Power and Gas,电力燃气,电子设备/电气设备（具体产品待核验）,12029.28
9503,9503.T,"The Kansai Electric Power Company,Incorporated",関西電力,関西電力,,Prime Market (Domestic),Electric Power and Gas,电力燃气,电子设备/电气设备（具体产品待核验）,11700.17
9504,9504.T,"The Chugoku Electric Power Company,Incorporated",中国電力,中国電力,,Prime Market (Domestic),Electric Power and Gas,电力燃气,电子设备/电气设备（具体产品待核验）,
9505,9505.T,Hokuriku Electric Power Company,北陸電力,北陸電力,,Prime Market (Domestic),Electric Power and Gas,电力燃气,电子设备/电气设备（具体产品待核验）,
9506,9506.T,"Tohoku Electric Power Company,Incorporated",東北電力,東北電力,,Prime Market (Domestic),Electric Power and Gas,电力燃气,电子设备/电气设备（具体产品待核验）,
9507,9507.T,"Shikoku Electric Power Company,Incorporated",四国電力,四国電力,,Prime Market (Domestic),Electric Power and Gas,电力燃气,电子设备/电气设备（具体产品待核验）,
9509,9509.T,"Hokkaido Electric Power Company,Incorporated",北海道電力,北海道電力,,Prime Market (Domestic),Electric Power and Gas,电力燃气,电子设备/电气设备（具体产品待核验）,
9511,9511.T,"The Okinawa Electric Power Company,Incorporated",沖縄電力,沖縄電力,,Prime Market (Domestic),Electric Power and Gas,电力燃气,电子设备/电气设备（具体产品待核验）,
9513,9513.T,"Electric Power Development Co.,Ltd.",電源開発,電源開発,,Prime Market (Domestic),Electric Power and Gas,电力燃气,房地产开发与物业运营,
9514,9514.T,EF-ON INC.,エフオン,EF-ON INC.,,Standard Market(Domestic),Electric Power and Gas,电力燃气,电子设备/电气设备（具体产品待核验）,
9517,9517.T,"eREX Co.,Ltd.",イーレックス,"eREX Co.,Ltd.",,Prime Market (Domestic),Electric Power and Gas,电力燃气,电子设备/电气设备（具体产品待核验）,
9519,9519.T,"RENOVA,Inc.",レノバ,"RENOVA,Inc.",,Prime Market (Domestic),Electric Power and Gas,电力燃气,电子设备/电气设备（具体产品待核验）,
9531,9531.T,"TOKYO GAS CO.,LTD.",東京瓦斯,東京瓦斯,,Prime Market (Domestic),Electric Power and Gas,电力燃气,电子设备/电气设备（具体产品待核验）,
9532,9532.T,"OSAKA GAS CO.,LTD.",大阪瓦斯,大阪瓦斯,,Prime Market (Domestic),Electric Power and Gas,电力燃气,电子设备/电气设备（具体产品待核验）,
9533,9533.T,"TOHO GAS CO.,LTD.",東邦瓦斯,東邦瓦斯,,Prime Market (Domestic),Electric Power and Gas,电力燃气,电子设备/电气设备（具体产品待核验）,
9534,9534.T,"HOKKAIDO GAS CO.,LTD.",北海道瓦斯,北海道瓦斯,,Prime Market (Domestic),Electric Power and Gas,电力燃气,电子设备/电气设备（具体产品待核验）,
9535,9535.T,"HIROSHIMA GAS CO.,LTD.",広島ガス,広島ガス,,Prime Market (Domestic),Electric Power and Gas,电力燃气,电子设备/电气设备（具体产品待核验）,
9536,9536.T,"SAIBU GAS HOLDINGS CO.,LTD.",西部ガスホールディングス,西部ガス控股,,Prime Market (Domestic),Electric Power and Gas,电力燃气,电子设备/电气设备（具体产品待核验）,
9537,9537.T,"HOKURIKU GAS CO.,LTD.",北陸瓦斯,北陸瓦斯,,Standard Market(Domestic),Electric Power and Gas,电力燃气,电子设备/电气设备（具体产品待核验）,
9539,9539.T,"KEIYO GAS CO.,LTD.",京葉瓦斯,京葉瓦斯,,Standard Market(Domestic),Electric Power and Gas,电力燃气,电子设备/电气设备（具体产品待核验）,
9543,9543.T,"SHIZUOKA GAS CO.,LTD.",静岡ガス,静岡ガス,,Prime Market (Domestic),Electric Power and Gas,电力燃气,电子设备/电气设备（具体产品待核验）,4664.82
9551,9551.T,"METAWATER Co.,Ltd.",メタウォーター,"METAWATER Co.,Ltd.",,Prime Market (Domestic),Electric Power and Gas,电力燃气,电子设备/电气设备（具体产品待核验）,
9552,9552.T,"Quants Research Institute Holdings,Inc.",クオンツ総研ホールディングス,クオンツ総研控股,,Prime Market (Domestic),Services,服务业,专业服务、消费服务与商业服务（具体业务待核验）,
9553,9553.T,"MicroAd,Inc.",マイクロアド,"MicroAd,Inc.",,Growth Market(Domestic),Services,服务业,专业服务、消费服务与商业服务（具体业务待核验）,
9554,9554.T,"AViC Co.,Ltd.",ＡＶｉＣ,"AViC Co.,Ltd.",,Growth Market(Domestic),Services,服务业,专业服务、消费服务与商业服务（具体业务待核验）,
9556,9556.T,INTLOOP Inc.,ＩＮＴＬＯＯＰ,INTLOOP Inc.,,Growth Market(Domestic),Services,服务业,专业服务、消费服务与商业服务（具体业务待核验）,
9557,9557.T,"airCloset,Inc.",エアークローゼット,"airCloset,Inc.",,Growth Market(Domestic),Services,服务业,专业服务、消费服务与商业服务（具体业务待核验）,
9558,9558.T,"Japaniace Co.,Ltd.",ジャパニアス,"Japaniace Co.,Ltd.",,Growth Market(Domestic),Services,服务业,专业服务、消费服务与商业服务（具体业务待核验）,
9560,9560.T,PROGRIT Inc.,プログリット,PROGRIT Inc.,,Growth Market(Domestic),Services,服务业,专业服务、消费服务与商业服务（具体业务待核验）,
9561,9561.T,GLAD CUBE Inc.,グラッドキューブ,GLAD CUBE Inc.,,Growth Market(Domestic),Services,服务业,专业服务、消费服务与商业服务（具体业务待核验）,
9562,9562.T,Business Coach Inc.,ビジネスコーチ,Business Coach Inc.,,Growth Market(Domestic),Services,服务业,专业服务、消费服务与商业服务（具体业务待核验）,
9563,9563.T,Atlas Technologies Corporation,Ａｔｌａｓ Ｔｅｃｈｎｏｌｏｇｉｅｓ,Atlas 科技 公司,,Growth Market(Domestic),Services,服务业,专业服务、消费服务与商业服务（具体业务待核验）,
9564,9564.T,FCE Inc.,ＦＣＥ,FCE Inc.,,Standard Market(Domestic),Services,服务业,专业服务、消费服务与商业服务（具体业务待核验）,
9565,9565.T,GLOE Inc.,ＧＬＯＥ,GLOE Inc.,,Growth Market(Domestic),Services,服务业,专业服务、消费服务与商业服务（具体业务待核验）,
9601,9601.T,"Shochiku Co.,Ltd.",松竹,松竹,,Prime Market (Domestic),Information & Communication,信息通信,通信、网络设备与通信服务,
9602,9602.T,"TOHO CO.,LTD",東宝,东宝,,Prime Market (Domestic),Information & Communication,信息通信,通信、网络设备与通信服务,
9603,9603.T,"H.I.S.Co.,Ltd.",エイチ・アイ・エス,"H.I.S.Co.,Ltd.",,Prime Market (Domestic),Services,服务业,专业服务、消费服务与商业服务（具体业务待核验）,
9605,9605.T,"TOEI COMPANY,LTD.",東映,東映,,Prime Market (Domestic),Information & Communication,信息通信,通信、网络设备与通信服务,
9610,9610.T,WILSON LEARNING WORLDWIDE INC.,ウィルソン・ラーニング ワールドワイド,WILSON LEARNING WORLDWIDE INC.,,Standard Market(Domestic),Services,服务业,专业服务、消费服务与商业服务（具体业务待核验）,
9612,9612.T,"LUCKLAND CO.,LTD.",ラックランド,"LUCKLAND CO.,LTD.",,Prime Market (Domestic),Services,服务业,专业服务、消费服务与商业服务（具体业务待核验）,
9616,9616.T,"KYORITSU MAINTENANCE CO.,LTD.",共立メンテナンス,共立メンテナンス,,Prime Market (Domestic),Services,服务业,专业服务、消费服务与商业服务（具体业务待核验）,
9619,9619.T,"ICHINEN HOLDINGS CO.,LTD.",イチネンホールディングス,イチネン控股,,Prime Market (Domestic),Services,服务业,专业服务、消费服务与商业服务（具体业务待核验）,
9621,9621.T,"CTI Engineering Co.,Ltd.",建設技術研究所,建設技術研究所,,Prime Market (Domestic),Services,服务业,专业服务、消费服务与商业服务（具体业务待核验）,
9622,9622.T,"SPACE CO.,LTD.",スペース,"SPACE CO.,LTD.",,Prime Market (Domestic),Services,服务业,专业服务、消费服务与商业服务（具体业务待核验）,
9625,9625.T,"CERESPO CO.,LTD.",セレスポ,"CERESPO CO.,LTD.",,Standard Market(Domestic),Services,服务业,专业服务、消费服务与商业服务（具体业务待核验）,
9627,9627.T,AIN HOLDINGS INC.,アインホールディングス,アイン控股,,Prime Market (Domestic),Retail Trade,零售业,零售与消费品渠道,
9628,9628.T,"SAN HOLDINGS,INC.",燦ホールディングス,燦控股,,Prime Market (Domestic),Services,服务业,专业服务、消费服务与商业服务（具体业务待核验）,
9629,9629.T,PCA CORPORATION,ピー・シー・エー,PCA 公司,,Prime Market (Domestic),Information & Communication,信息通信,通信、网络设备与通信服务,
9632,9632.T,"Subaru Enterprise Co.,Ltd.",スバル興業,スバル興業,,Standard Market(Domestic),Services,服务业,专业服务、消费服务与商业服务（具体业务待核验）,
9633,9633.T,"TOKYO THEATRES COMPANY,INCORPORATED",東京テアトル,東京テアトル,,Standard Market(Domestic),Real Estate,不动产业,房地产开发与物业运营,
9635,9635.T,"Musashino Kogyo Co.,Ltd.",武蔵野興業,武蔵野興業,,Standard Market(Domestic),Services,服务业,专业服务、消费服务与商业服务（具体业务待核验）,
9636,9636.T,Kin-Ei Corp.,きんえい,Kin-Ei Corp.,,Standard Market(Domestic),Services,服务业,专业服务、消费服务与商业服务（具体业务待核验）,
9639,9639.T,"SANKYO FRONTIER CO.,LTD.",三協フロンテア,三協フロンテア,,Standard Market(Domestic),Services,服务业,专业服务、消费服务与商业服务（具体业务待核验）,
9640,9640.T,"Saison Technology Co.,Ltd.",セゾンテクノロジー,セゾン科技,,Standard Market(Domestic),Information & Communication,信息通信,通信、网络设备与通信服务,
9644,9644.T,"TANABE CONSULTING GROUP CO.,LTD.",タナベコンサルティンググループ,タナベ咨询集团,,Prime Market (Domestic),Services,服务业,专业服务、消费服务与商业服务（具体业务待核验）,
9647,9647.T,"KYOWA ENGINEERING CONSULTANTS CO.,LTD.",協和コンサルタンツ,協和コンサルタンツ,,Standard Market(Domestic),Services,服务业,专业服务、消费服务与商业服务（具体业务待核验）,
9651,9651.T,"Japan Process Development Co.,Ltd.",日本プロセス,日本プロセス,,Standard Market(Domestic),Information & Communication,信息通信,房地产开发与物业运营,
9656,9656.T,GREENLAND RESORT COMPANY LIMITED,グリーンランドリゾート,グリーンランド度假,,Standard Market(Domestic),Services,服务业,酒店、旅游与休闲服务,
9658,9658.T,BUSINESS BRAIN SHOWA・OTA INC.,ビジネスブレイン太田昭和,ビジネスブレイン太田昭和,,Prime Market (Domestic),Information & Communication,信息通信,通信、网络设备与通信服务,
9661,9661.T,"Kabuki-Za Co.,Ltd.",歌舞伎座,歌舞伎座,,Standard Market(Domestic),Services,服务业,专业服务、消费服务与商业服务（具体业务待核验）,
9663,9663.T,"NAGAWA CO.,Ltd",ナガワ,"NAGAWA CO.,Ltd",,Prime Market (Domestic),Services,服务业,专业服务、消费服务与商业服务（具体业务待核验）,
9672,9672.T,"TOKYOTOKEIBA CO.,LTD.",東京都競馬,東京都競馬,,Prime Market (Domestic),Services,服务业,专业服务、消费服务与商业服务（具体业务待核验）,
9678,9678.T,"KANAMOTO CO.,LTD.",カナモト,"KANAMOTO CO.,LTD.",,Prime Market (Domestic),Services,服务业,专业服务、消费服务与商业服务（具体业务待核验）,
9679,9679.T,"HORAI Co.,Ltd.",ホウライ,"HORAI Co.,Ltd.",,Standard Market(Domestic),Services,服务业,专业服务、消费服务与商业服务（具体业务待核验）,
9682,9682.T,DTS CORPORATION,ＤＴＳ,DTS 公司,,Prime Market (Domestic),Information & Communication,信息通信,通信、网络设备与通信服务,
9684,9684.T,"SQUARE ENIX HOLDINGS CO.,LTD.",スクウェア・エニックス・ホールディングス,スクウェア・エニックス・控股,,Prime Market (Domestic),Information & Communication,信息通信,通信、网络设备与通信服务,
9685,9685.T,"KYCOM HOLDINGS CO.,LTD.",ＫＹＣＯＭホールディングス,ＫＹＣＯＭ控股,,Standard Market(Domestic),Information & Communication,信息通信,通信、网络设备与通信服务,
9686,9686.T,"TOYO TEC CO.,LTD.",東洋テック,東洋テック,,Standard Market(Domestic),Services,服务业,专业服务、消费服务与商业服务（具体业务待核验）,
9687,9687.T,"KSK CO.,LTD",ＫＳＫ,"KSK CO.,LTD",,Standard Market(Domestic),Information & Communication,信息通信,通信、网络设备与通信服务,
9691,9691.T,"RYOMO SYSTEMS CO.,LTD.",両毛システムズ,両毛系统,,Standard Market(Domestic),Information & Communication,信息通信,通信、网络设备与通信服务,
9692,9692.T,COMPUTER ENGINEERING & CONSULTING LTD.,シーイーシー,COMPUTER 工程 & CONSULTING LTD.,,Prime Market (Domestic),Information & Communication,信息通信,通信、网络设备与通信服务,
9697,9697.T,"CAPCOM CO.,LTD.",カプコン,"CAPCOM CO.,LTD.",,Prime Market (Domestic),Information & Communication,信息通信,通信、网络设备与通信服务,417.46
9698,9698.T,"CREO CO.,LTD.",クレオ,"CREO CO.,LTD.",,Standard Market(Domestic),Information & Communication,信息通信,通信、网络设备与通信服务,
9699,9699.T,"NISHIO HOLDINGS CO.,LTD.",ニシオホールディングス,ニシオ控股,,Prime Market (Domestic),Services,服务业,专业服务、消费服务与商业服务（具体业务待核验）,
9701,9701.T,"Tokyo Kaikan Co.,Ltd.",東京會舘,東京會舘,,Standard Market(Domestic),Services,服务业,专业服务、消费服务与商业服务（具体业务待核验）,
9702,9702.T,ISB CORPORATION,アイ・エス・ビー,ISB 公司,,Prime Market (Domestic),Information & Communication,信息通信,通信、网络设备与通信服务,
9704,9704.T,"Agora Hospitality Group Co.,Ltd.",アゴーラ ホスピタリティー グループ,アゴーラ ホスピタリティー 集团,,Standard Market(Domestic),Services,服务业,医疗服务与医疗器械,
9706,9706.T,"Japan Airport Terminal Co.,ltd.",日本空港ビルデング,日本空港ビルデング,,Prime Market (Domestic),Real Estate,不动产业,房地产开发与物业运营,
9708,9708.T,"Imperial Hotel,Ltd.",帝国ホテル,帝国酒店,,Standard Market(Domestic),Services,服务业,酒店、旅游与休闲服务,
9709,9709.T,"NCS&A CO.,LTD.",ＮＣＳ＆Ａ,"NCS&A CO.,LTD.",,Standard Market(Domestic),Information & Communication,信息通信,通信、网络设备与通信服务,
9713,9713.T,"THE ROYAL HOTEL,LIMITED",ロイヤルホテル,ロイヤル酒店,,Standard Market(Domestic),Services,服务业,酒店、旅游与休闲服务,
9715,9715.T,transcosmos inc.,トランス・コスモス,transcosmos inc.,,Prime Market (Domestic),Services,服务业,专业服务、消费服务与商业服务（具体业务待核验）,
9716,9716.T,"NOMURA Co.,Ltd.",乃村工藝社,乃村工藝社,,Prime Market (Domestic),Services,服务业,专业服务、消费服务与商业服务（具体业务待核验）,
9720,9720.T,"HOTEL NEWGRAND CO.,LTD.",ホテル、ニューグランド,酒店、ニューグランド,,Standard Market(Domestic),Services,服务业,酒店、旅游与休闲服务,
9722,9722.T,FUJITA KANKO INC.,藤田観光,藤田観光,,Prime Market (Domestic),Services,服务业,专业服务、消费服务与商业服务（具体业务待核验）,
9723,9723.T,"THE KYOTO HOTEL,LTD.",京都ホテル,京都酒店,,Standard Market(Domestic),Services,服务业,酒店、旅游与休闲服务,
9726,9726.T,"KNT-CT Holdings Co.,Ltd.",ＫＮＴ－ＣＴホールディングス,ＫＮＴ－ＣＴ控股,,Standard Market(Domestic),Services,服务业,专业服务、消费服务与商业服务（具体业务待核验）,
9729,9729.T,TOKAI Corp.,トーカイ,TOKAI Corp.,,Prime Market (Domestic),Services,服务业,专业服务、消费服务与商业服务（具体业务待核验）,
9731,9731.T,"Hakuyosha Company,Ltd.",白洋舎,白洋舎,,Standard Market(Domestic),Services,服务业,专业服务、消费服务与商业服务（具体业务待核验）,
9733,9733.T,Nagase Brothers Inc.,ナガセ,Nagase Brothers Inc.,,Standard Market(Domestic),Services,服务业,专业服务、消费服务与商业服务（具体业务待核验）,
9735,9735.T,"SECOM CO.,LTD.",セコム,"SECOM CO.,LTD.",,Prime Market (Domestic),Services,服务业,专业服务、消费服务与商业服务（具体业务待核验）,
9739,9739.T,NSW Inc.,ＮＳＷ,NSW Inc.,,Prime Market (Domestic),Information & Communication,信息通信,通信、网络设备与通信服务,
9740,9740.T,"CENTRAL SECURITY PATROLS CO.,LTD.",セントラル警備保障,セントラル警備保障,,Prime Market (Domestic),Services,服务业,专业服务、消费服务与商业服务（具体业务待核验）,
9742,9742.T,INES Corporation,アイネス,INES 公司,,Prime Market (Domestic),Information & Communication,信息通信,通信、网络设备与通信服务,
9743,9743.T,"TANSEISHA CO.,LTD.",丹青社,丹青社,,Prime Market (Domestic),Services,服务业,专业服务、消费服务与商业服务（具体业务待核验）,
9744,9744.T,MEITEC Group Holdings Inc.,メイテックグループホールディングス,メイテック集团控股,,Prime Market (Domestic),Services,服务业,专业服务、消费服务与商业服务（具体业务待核验）,
9746,9746.T,TKC Corporation,ＴＫＣ,TKC 公司,,Prime Market (Domestic),Information & Communication,信息通信,通信、网络设备与通信服务,
9753,9753.T,IX Knowledge Incorporated,アイエックス・ナレッジ,IX Knowledge Incorporated,,Standard Market(Domestic),Information & Communication,信息通信,通信、网络设备与通信服务,
9755,9755.T,OYO Corporation,応用地質,応用地質,,Prime Market (Domestic),Services,服务业,专业服务、消费服务与商业服务（具体业务待核验）,
9757,9757.T,Funai Soken Holdings Incorporated,船井総研ホールディングス,船井総研控股,,Prime Market (Domestic),Services,服务业,专业服务、消费服务与商业服务（具体业务待核验）,
9759,9759.T,"NSD CO.,LTD.",ＮＳＤ,"NSD CO.,LTD.",,Prime Market (Domestic),Information & Communication,信息通信,通信、网络设备与通信服务,
9760,9760.T,"SHINGAKUKAI HOLDINGS CO.,LTD.",進学会ホールディングス,進学会控股,,Standard Market(Domestic),Services,服务业,专业服务、消费服务与商业服务（具体业务待核验）,
9761,9761.T,"TOKAI LEASE CO.,LTD.",東海リース,東海租赁,,Standard Market(Domestic),Services,服务业,专业服务、消费服务与商业服务（具体业务待核验）,
9763,9763.T,"Maruken Lease Co.,Ltd.",丸建リース,丸建租赁,,Standard Market(Domestic),Wholesale Trade,批发业,批发贸易/综合商社,
9765,9765.T,"OHBA CO.,LTD.",オオバ,"OHBA CO.,LTD.",,Prime Market (Domestic),Services,服务业,专业服务、消费服务与商业服务（具体业务待核验）,
9766,9766.T,KONAMI GROUP CORPORATION,コナミグループ,コナミ集团,,Prime Market (Domestic),Information & Communication,信息通信,通信、网络设备与通信服务,1044.91
9767,9767.T,"NIKKEN KOGAKU CO.,LTD.",日建工学,日建工学,,Standard Market(Domestic),Services,服务业,专业服务、消费服务与商业服务（具体业务待核验）,
9768,9768.T,"IDEA Consultants,Inc.",いであ,"IDEA Consultants,Inc.",,Standard Market(Domestic),Services,服务业,专业服务、消费服务与商业服务（具体业务待核验）,
9769,9769.T,"GAKKYUSHA CO.,LTD.",学究社,学究社,,Prime Market (Domestic),Services,服务业,专业服务、消费服务与商业服务（具体业务待核验）,
9778,9778.T,"SUBARU CO.,LTD.",昴,昴,,Standard Market(Domestic),Services,服务业,专业服务、消费服务与商业服务（具体业务待核验）,
9780,9780.T,HARIMA B.STEM CORPORATION,ハリマビステム,HARIMA B.STEM 公司,,Standard Market(Domestic),Services,服务业,专业服务、消费服务与商业服务（具体业务待核验）,
9782,9782.T,DMS INC.,ディーエムエス,DMS INC.,,Standard Market(Domestic),Services,服务业,专业服务、消费服务与商业服务（具体业务待核验）,
9788,9788.T,"NAC CO.,LTD.",ナック,"NAC CO.,LTD.",,Prime Market (Domestic),Services,服务业,专业服务、消费服务与商业服务（具体业务待核验）,
9790,9790.T,"Fukui Computer Holdings,Inc.",福井コンピュータホールディングス,福井コンピュータ控股,,Prime Market (Domestic),Information & Communication,信息通信,通信、网络设备与通信服务,
9791,9791.T,BIKEN TECHNO CORPORATION,ビケンテクノ,BIKEN TECHNO 公司,,Standard Market(Domestic),Services,服务业,专业服务、消费服务与商业服务（具体业务待核验）,
9793,9793.T,"Daiseki Co.,Ltd.",ダイセキ,"Daiseki Co.,Ltd.",,Prime Market (Domestic),Services,服务业,专业服务、消费服务与商业服务（具体业务待核验）,
9795,9795.T,"STEP CO.,LTD.",ステップ,"STEP CO.,LTD.",,Prime Market (Domestic),Services,服务业,专业服务、消费服务与商业服务（具体业务待核验）,
9799,9799.T,"ASAHI INTELLIGENCE SERVICE CO.,LTD.",旭情報サービス,旭情報服务,,Standard Market(Domestic),Information & Communication,信息通信,通信、网络设备与通信服务,
9812,9812.T,"T.O. Holdings CO.,LTD.",テーオーホールディングス,テーオー控股,,Standard Market(Domestic),Retail Trade,零售业,零售与消费品渠道,
9816,9816.T,Striders Corporation,ストライダーズ,Striders 公司,,Standard Market(Domestic),Real Estate,不动产业,房地产开发与物业运营,
9818,9818.T,"DAIMARU ENAWIN Co.,Ltd.",大丸エナウィン,大丸エナウィン,,Standard Market(Domestic),Wholesale Trade,批发业,批发贸易/综合商社,
9820,9820.T,MT GENEX CORPORATION,エムティジェネックス,MT GENEX 公司,,Standard Market(Domestic),Real Estate,不动产业,房地产开发与物业运营,
9823,9823.T,Mammy Mart Holdings Corporation,マミーマートホールディングス,マミーマート控股,,Standard Market(Domestic),Retail Trade,零售业,零售与消费品渠道,
9824,9824.T,"SENSHU ELECTRIC CO.,LTD.",泉州電業,泉州電業,,Prime Market (Domestic),Wholesale Trade,批发业,批发贸易/综合商社,
9827,9827.T,"Lilycolor Co.,Ltd.",リリカラ,"Lilycolor Co.,Ltd.",,Standard Market(Domestic),Wholesale Trade,批发业,批发贸易/综合商社,
9828,9828.T,Genki Global Dining Concepts Corporation,Ｇｅｎｋｉ Ｇｌｏｂａｌ Ｄｉｎｉｎｇ Ｃｏｎｃｅｐｔｓ,Genki Global Dining Concepts 公司,,Standard Market(Domestic),Retail Trade,零售业,零售与消费品渠道,
9830,9830.T,TRUSCO NAKAYAMA CORPORATION,トラスコ中山,トラスコ中山,,Prime Market (Domestic),Wholesale Trade,批发业,批发贸易/综合商社,
9831,9831.T,"YAMADA HOLDINGS CO.,LTD.",ヤマダホールディングス,ヤマダ控股,,Prime Market (Domestic),Retail Trade,零售业,零售与消费品渠道,
9832,9832.T,"AUTOBACS SEVEN CO.,LTD.",オートバックスセブン,"AUTOBACS SEVEN CO.,LTD.",,Prime Market (Domestic),Wholesale Trade,批发业,批发贸易/综合商社,
9835,9835.T,"JUNTENDO CO.,LTD.",ジュンテンドー,"JUNTENDO CO.,LTD.",,Standard Market(Domestic),Retail Trade,零售业,零售与消费品渠道,
9837,9837.T,"MORITO CO.,LTD.",モリト,"MORITO CO.,LTD.",,Prime Market (Domestic),Wholesale Trade,批发业,批发贸易/综合商社,
9842,9842.T,ARCLANDS CORPORATION,アークランズ,ARCLANDS 公司,,Prime Market (Domestic),Retail Trade,零售业,零售与消费品渠道,
9843,9843.T,"Nitori Holdings Co.,Ltd.",ニトリホールディングス,ニトリ控股,,Prime Market (Domestic),Retail Trade,零售业,零售与消费品渠道,
9845,9845.T,PARKER CORPORATION,パーカーコーポレーション,パーカー公司,,Standard Market(Domestic),Chemicals,化学,基础化工/特种化学品（具体品类待核验）,
9846,9846.T,"TENMAYA STORE CO.,LTD.",天満屋ストア,天満屋ストア,,Standard Market(Domestic),Retail Trade,零售业,零售与消费品渠道,
9849,9849.T,KYODO PAPER HOLDINGS,共同紙販ホールディングス,共同紙販控股,,Standard Market(Domestic),Wholesale Trade,批发业,批发贸易/综合商社,
9850,9850.T,"GOURMET KINEYA CO.,LTD.",グルメ杵屋,グルメ杵屋,,Prime Market (Domestic),Retail Trade,零售业,零售与消费品渠道,
9853,9853.T,"GINZA RENOIR CO.,LTD.",銀座ルノアール,銀座ルノアール,,Standard Market(Domestic),Retail Trade,零售业,零售与消费品渠道,
9854,9854.T,"AIGAN CO.,LTD.",愛眼,愛眼,,Standard Market(Domestic),Retail Trade,零售业,零售与消费品渠道,
9856,9856.T,"KU HOLDINGS CO.,LTD.",ケーユーホールディングス,ケーユー控股,,Standard Market(Domestic),Retail Trade,零售业,零售与消费品渠道,
9857,9857.T,EIWA CORPORATION,英和,英和,,Standard Market(Domestic),Wholesale Trade,批发业,批发贸易/综合商社,
9861,9861.T,"YOSHINOYA HOLDINGS CO.,LTD.",吉野家ホールディングス,吉野家控股,,Prime Market (Domestic),Retail Trade,零售业,零售与消费品渠道,
9867,9867.T,Solekia Limited,ソレキア,Solekia Limited,,Standard Market(Domestic),Wholesale Trade,批发业,批发贸易/综合商社,
9869,9869.T,"KATO SANGYO CO.,LTD.",加藤産業,加藤工业,,Prime Market (Domestic),Wholesale Trade,批发业,批发贸易/综合商社,
9872,9872.T,"KITAKEI CO.,LTD.",北恵,北恵,,Standard Market(Domestic),Wholesale Trade,批发业,批发贸易/综合商社,
9876,9876.T,"COX CO.,LTD.",コックス,"COX CO.,LTD.",,Standard Market(Domestic),Retail Trade,零售业,零售与消费品渠道,
9878,9878.T,"SEKIDO CO.,LTD.",セキド,"SEKIDO CO.,LTD.",,Standard Market(Domestic),Retail Trade,零售业,零售与消费品渠道,
9880,9880.T,INNOTECH CORPORATION,イノテック,INNOTECH 公司,,Prime Market (Domestic),Electric Appliances,电气设备,电子设备/电气设备（具体产品待核验）,
9882,9882.T,YELLOW HAT LTD.,イエローハット,YELLOW HAT LTD.,,Prime Market (Domestic),Wholesale Trade,批发业,批发贸易/综合商社,
9885,9885.T,"CHARLE CO.,LTD.",シャルレ,"CHARLE CO.,LTD.",,Standard Market(Domestic),Wholesale Trade,批发业,批发贸易/综合商社,
9887,9887.T,"MATSUYA FOODS HOLDINGS CO.,LTD.",松屋フーズホールディングス,松屋フーズ控股,,Prime Market (Domestic),Retail Trade,零售业,零售与消费品渠道,
9888,9888.T,"UEX,LTD.",ＵＥＸ,"UEX,LTD.",,Standard Market(Domestic),Wholesale Trade,批发业,批发贸易/综合商社,
9889,9889.T,JBCC Holdings Inc.,ＪＢＣＣホールディングス,ＪＢＣＣ控股,,Prime Market (Domestic),Information & Communication,信息通信,通信、网络设备与通信服务,
9890,9890.T,"MAKIYA CO.,LTD.",マキヤ,"MAKIYA CO.,LTD.",,Standard Market(Domestic),Retail Trade,零售业,零售与消费品渠道,
9895,9895.T,CONSEC CORPORATION,コンセック,CONSEC 公司,,Standard Market(Domestic),Wholesale Trade,批发业,批发贸易/综合商社,
9896,9896.T,"JK Holdings Co.,Ltd.",ＪＫホールディングス,ＪＫ控股,,Standard Market(Domestic),Wholesale Trade,批发业,批发贸易/综合商社,
9900,9900.T,Sagami Holdings Corporation,サガミホールディングス,サガミ控股,,Prime Market (Domestic),Retail Trade,零售业,零售与消费品渠道,
9902,9902.T,NICHIDEN Corporation,日伝,日伝,,Prime Market (Domestic),Wholesale Trade,批发业,批发贸易/综合商社,
9903,9903.T,"KANSEKI CO.,LTD",カンセキ,"KANSEKI CO.,LTD",,Standard Market(Domestic),Retail Trade,零售业,零售与消费品渠道,
9904,9904.T,"Verite Co.,Ltd.",ベリテ,"Verite Co.,Ltd.",,Standard Market(Domestic),Retail Trade,零售业,零售与消费品渠道,
9906,9906.T,Fujii Sangyo Corporation,藤井産業,藤井工业,,Standard Market(Domestic),Wholesale Trade,批发业,批发贸易/综合商社,
9908,9908.T,"NIHON DENKEI CO.,LTD",日本電計,日本電計,,Standard Market(Domestic),Wholesale Trade,批发业,批发贸易/综合商社,
9913,9913.T,NIPPO LTD.,日邦産業,日邦工业,,Standard Market(Domestic),Wholesale Trade,批发业,批发贸易/综合商社,
9928,9928.T,"MIROKU JYOHO SERVICE CO.,LTD.",ミロク情報サービス,ミロク情報服务,,Prime Market (Domestic),Information & Communication,信息通信,通信、网络设备与通信服务,
9929,9929.T,"HEIWA PAPER CO.,LTD.",平和紙業,平和紙業,,Standard Market(Domestic),Wholesale Trade,批发业,批发贸易/综合商社,
9930,9930.T,"KITAZAWA SANGYO CO.,LTD.",北沢産業,北沢工业,,Standard Market(Domestic),Wholesale Trade,批发业,批发贸易/综合商社,
9932,9932.T,"SUGIMOTO & CO.,LTD.",杉本商事,杉本商事,,Prime Market (Domestic),Wholesale Trade,批发业,批发贸易/综合商社,
9934,9934.T,"INABA DENKISANGYO CO.,LTD.",因幡電機産業,因幡電機工业,,Prime Market (Domestic),Wholesale Trade,批发业,批发贸易/综合商社,
9936,9936.T,OHSHO FOOD SERVICE CORP.,王将フードサービス,王将食品服务,,Prime Market (Domestic),Retail Trade,零售业,餐饮服务,
9941,9941.T,"TAIYO BUSSAN KAISHA,LTD.",太洋物産,太洋物産,,Standard Market(Domestic),Wholesale Trade,批发业,批发贸易/综合商社,
9946,9946.T,"MINISTOP CO.,LTD.",ミニストップ,"MINISTOP CO.,LTD.",,Prime Market (Domestic),Retail Trade,零售业,零售与消费品渠道,
9948,9948.T,"ARCS COMPANY,LIMITED",アークス,"ARCS COMPANY,LIMITED",,Prime Market (Domestic),Retail Trade,零售业,零售与消费品渠道,
9950,9950.T,"HACHI-BAN CO.,LTD.",ハチバン,"HACHI-BAN CO.,LTD.",,Standard Market(Domestic),Retail Trade,零售业,零售与消费品渠道,
9955,9955.T,"THE YONKYU CO.,LTD.",ヨンキュウ,"THE YONKYU CO.,LTD.",,Standard Market(Domestic),Wholesale Trade,批发业,批发贸易/综合商社,
9956,9956.T,"VALOR HOLDINGS CO.,LTD.",バローホールディングス,バロー控股,,Prime Market (Domestic),Retail Trade,零售业,零售与消费品渠道,
9959,9959.T,"ASEED HOLDINGS CO.,LTD.",アシードホールディングス,アシード控股,,Standard Market(Domestic),Retail Trade,零售业,零售与消费品渠道,
9960,9960.T,TOTECH CORPORATION,東テク,東テク,,Prime Market (Domestic),Wholesale Trade,批发业,批发贸易/综合商社,
9962,9962.T,MISUMI Group Inc.,ミスミグループ本社,ミスミ集团本社,,Prime Market (Domestic),Wholesale Trade,批发业,批发贸易/综合商社,
9969,9969.T,"SHOKUBUN CO.,LTD.",ショクブン,"SHOKUBUN CO.,LTD.",,Standard Market(Domestic),Retail Trade,零售业,零售与消费品渠道,
9972,9972.T,"ALTECH CO.,LTD.",アルテック,"ALTECH CO.,LTD.",,Standard Market(Domestic),Wholesale Trade,批发业,批发贸易/综合商社,
9973,9973.T,"KOZO Holdings Co.,Ltd.",ＫＯＺＯホールディングス,ＫＯＺＯ控股,,Standard Market(Domestic),Retail Trade,零售业,零售与消费品渠道,
9974,9974.T,"Belc CO.,LTD.",ベルク,"Belc CO.,LTD.",,Prime Market (Domestic),Retail Trade,零售业,零售与消费品渠道,
9976,9976.T,"SEKICHU CO.,LTD.",セキチュー,"SEKICHU CO.,LTD.",,Standard Market(Domestic),Retail Trade,零售业,零售与消费品渠道,
9978,9978.T,"BUNKYODO GROUP HOLDINGS CO.,LTD.",文教堂グループホールディングス,文教堂集团控股,,Standard Market(Domestic),Retail Trade,零售业,零售与消费品渠道,
9979,9979.T,DAISYO CORPORATION,大庄,大庄,,Standard Market(Domestic),Retail Trade,零售业,零售与消费品渠道,
9980,9980.T,MRK HOLDINGS INC.,ＭＲＫホールディングス,ＭＲＫ控股,,Standard Market(Domestic),Retail Trade,零售业,零售与消费品渠道,
9982,9982.T,"Takihyo Co.,Ltd.",タキヒヨー,"Takihyo Co.,Ltd.",,Standard Market(Domestic),Wholesale Trade,批发业,批发贸易/综合商社,
9983,9983.T,"FAST RETAILING CO.,LTD.",ファーストリテイリング,迅销,,Prime Market (Domestic),Retail Trade,零售业,服装零售（快时尚与全球门店运营）,
9984,9984.T,SoftBank Group Corp.,ソフトバンクグループ,软银集团,,Prime Market (Domestic),Information & Communication,信息通信,通信与互联网投资（移动通信、互联网与科技投资）,
9986,9986.T,"ZAOH COMPANY,LTD.",蔵王産業,蔵王工业,,Standard Market(Domestic),Wholesale Trade,批发业,批发贸易/综合商社,
9987,9987.T,"SUZUKEN CO.,LTD.",スズケン,"SUZUKEN CO.,LTD.",,Prime Market (Domestic),Wholesale Trade,批发业,批发贸易/综合商社,
9989,9989.T,"SUNDRUG CO.,LTD.",サンドラッグ,"SUNDRUG CO.,LTD.",,Prime Market (Domestic),Retail Trade,零售业,零售与消费品渠道,
9990,9990.T,SAC'S BAR HOLDINGS INC.,サックスバー ホールディングス,サックスバー 控股,,Prime Market (Domestic),Retail Trade,零售业,零售与消费品渠道,
9991,9991.T,GECOSS CORPORATION,ジェコス,GECOSS 公司,,Prime Market (Domestic),Wholesale Trade,批发业,批发贸易/综合商社,
9993,9993.T,"YAMAZAWA CO.,LTD.",ヤマザワ,"YAMAZAWA CO.,LTD.",,Standard Market(Domestic),Retail Trade,零售业,零售与消费品渠道,
9994,9994.T,YAMAYA CORPORATION,やまや,YAMAYA 公司,,Standard Market(Domestic),Retail Trade,零售业,零售与消费品渠道,
9996,9996.T,"Satoh&Co.,Ltd.",サトー商会,サトー商会,,Standard Market(Domestic),Wholesale Trade,批发业,批发贸易/综合商社,
9997,9997.T,"BELLUNA CO.,LTD.",ベルーナ,"BELLUNA CO.,LTD.",,Prime Market (Domestic),Retail Trade,零售业,零售与消费品渠道,
3670,3670.T,"Kyoritsu Computer & Communication Co.,Ltd.",協立情報通信,協立情報通信,,Standard Market(Domestic),Information & Communication,信息通信,通信、网络设备与通信服务,
